ISO-10303-21;
HEADER;
FILE_DESCRIPTION(('FreeCAD Model'),'2;1');
FILE_NAME('Open CASCADE Shape Model','2026-08-26T22:04:35',(''),(''),
  'Open CASCADE STEP processor 7.8','FreeCAD','Unknown');
FILE_SCHEMA(('AUTOMOTIVE_DESIGN { 1 0 10303 214 1 1 1 1 }'));
ENDSEC;
DATA;
#1 = APPLICATION_PROTOCOL_DEFINITION('international standard',
  'automotive_design',2000,#2);
#2 = APPLICATION_CONTEXT(
  'core data for automotive mechanical design processes');
#3 = SHAPE_DEFINITION_REPRESENTATION(#4,#10);
#4 = PRODUCT_DEFINITION_SHAPE('','',#5);
#5 = PRODUCT_DEFINITION('design','',#6,#9);
#6 = PRODUCT_DEFINITION_FORMATION('','',#7);
#7 = PRODUCT('Body','Body','',(#8));
#8 = PRODUCT_CONTEXT('',#2,'mechanical');
#9 = PRODUCT_DEFINITION_CONTEXT('part definition',#2,'design');
#10 = ADVANCED_BREP_SHAPE_REPRESENTATION('',(#11,#15),#8219);
#11 = AXIS2_PLACEMENT_3D('',#12,#13,#14);
#12 = CARTESIAN_POINT('',(0.,0.,0.));
#13 = DIRECTION('',(0.,0.,1.));
#14 = DIRECTION('',(1.,0.,-0.));
#15 = MANIFOLD_SOLID_BREP('',#16);
#16 = CLOSED_SHELL('',(#17,#1461,#1644,#1699,#1754,#1937,#2238,#2293,
    #2421,#2886,#2941,#2996,#3170,#3719,#3774,#3829,#3884,#3960,#4014,
    #4068,#4100,#4150,#4226,#4280,#4334,#4366,#4416,#4466,#4542,#4596,
    #4650,#4682,#4856,#5030,#5157,#5257,#5306,#5355,#5404,#5431,#5490,
    #5549,#5608,#5635,#5662,#5689,#5765,#5980,#6195,#6222,#6298,#6513,
    #6728,#6755,#6988,#7037,#7086,#7140,#7236,#7305,#7332,#7359,#7386,
    #7393,#7489,#7558,#7585,#7612,#7639,#7646,#7695,#7702,#7709,#7748,
    #7787,#7826,#7833,#7840,#7943,#7950,#7957,#8060,#8121,#8128,#8135,
    #8163,#8191));
#17 = ADVANCED_FACE('',(#18,#427,#509,#913),#71,.T.);
#18 = FACE_BOUND('',#19,.F.);
#19 = EDGE_LOOP('',(#20));
#20 = ORIENTED_EDGE('',*,*,#21,.F.);
#21 = EDGE_CURVE('',#22,#22,#24,.T.);
#22 = VERTEX_POINT('',#23);
#23 = CARTESIAN_POINT('',(2.496372752377,18.532623211008,15.));
#24 = SURFACE_CURVE('',#25,(#70,#331),.PCURVE_S1.);
#25 = B_SPLINE_CURVE_WITH_KNOTS('',7,(#26,#27,#28,#29,#30,#31,#32,#33,
    #34,#35,#36,#37,#38,#39,#40,#41,#42,#43,#44,#45,#46,#47,#48,#49,#50,
    #51,#52,#53,#54,#55,#56,#57,#58,#59,#60,#61,#62,#63,#64,#65,#66,#67,
    #68,#69),.UNSPECIFIED.,.T.,.F.,(8,6,6,6,6,6,6,8),(4.8E-16,
    1.936267109174,3.602108136634,5.178807693182,7.150905638535,
    8.892567059424,10.417604212491,12.575401448094),.UNSPECIFIED.);
#26 = CARTESIAN_POINT('',(2.496372752377,18.532623211008,15.));
#27 = CARTESIAN_POINT('',(2.496372752377,18.532623211008,15.298270366101
    ));
#28 = CARTESIAN_POINT('',(2.454965066504,18.5381983471,15.596822022361)
  );
#29 = CARTESIAN_POINT('',(2.37249929994,18.549316956314,15.89195937138)
  );
#30 = CARTESIAN_POINT('',(2.246033996961,18.565746219079,16.178708318144
    ));
#31 = CARTESIAN_POINT('',(2.077139104505,18.586108517845,16.452037499327
    ));
#32 = CARTESIAN_POINT('',(1.860488414408,18.609166901939,16.704394501555
    ));
#33 = CARTESIAN_POINT('',(1.361362329028,18.651819292208,17.117848738398
    ));
#34 = CARTESIAN_POINT('',(1.086760747674,18.671904649923,17.29111056085)
  );
#35 = CARTESIAN_POINT('',(0.771720056111,18.689897163328,17.427912085742
    ));
#36 = CARTESIAN_POINT('',(0.426982862597,18.701986600735,17.513946332612
    ));
#37 = CARTESIAN_POINT('',(6.806984532347E-02,18.705634303057,
    17.540764914335));
#38 = CARTESIAN_POINT('',(-0.287284061725,18.700785475182,
    17.507330124062));
#39 = CARTESIAN_POINT('',(-0.938080692249,18.679139640703,
    17.340201353146));
#40 = CARTESIAN_POINT('',(-1.229422481448,18.663183809619,17.21350748092
    ));
#41 = CARTESIAN_POINT('',(-1.488787103161,18.643838671045,
    17.051710432653));
#42 = CARTESIAN_POINT('',(-1.713901603802,18.623463044165,
    16.863192407035));
#43 = CARTESIAN_POINT('',(-1.904767539724,18.603922927576,16.65523095712
    ));
#44 = CARTESIAN_POINT('',(-2.062294697437,18.586364168511,
    16.434207536238));
#45 = CARTESIAN_POINT('',(-2.344975547682,18.553061981169,
    15.918735491025));
#46 = CARTESIAN_POINT('',(-2.453367076265,18.538720923482,
    15.617743206313));
#47 = CARTESIAN_POINT('',(-2.515934250108,18.529953505255,
    15.308364798904));
#48 = CARTESIAN_POINT('',(-2.534285935065,18.527349831131,
    14.995458671494));
#49 = CARTESIAN_POINT('',(-2.508794220082,18.531031178022,
    14.683263233434));
#50 = CARTESIAN_POINT('',(-2.438546043466,18.540697777439,
    14.376072166607));
#51 = CARTESIAN_POINT('',(-2.217602829225,18.568337086918,
    13.816469886326));
#52 = CARTESIAN_POINT('',(-2.076829577521,18.585269537858,13.56091278991
    ));
#53 = CARTESIAN_POINT('',(-1.897071560282,18.60547527219,13.317230210989
    ));
#54 = CARTESIAN_POINT('',(-1.6766839876,18.62783231755,13.092089493587)
  );
#55 = CARTESIAN_POINT('',(-1.414505395445,18.650302451036,
    12.893714528298));
#56 = CARTESIAN_POINT('',(-1.111302450405,18.67003174211,12.732496478868
    ));
#57 = CARTESIAN_POINT('',(-0.475574267125,18.696311436363,
    12.525873430285));
#58 = CARTESIAN_POINT('',(-0.154426349911,18.704084247319,
    12.469486465026));
#59 = CARTESIAN_POINT('',(0.177900244969,18.70517120337,12.46302816457)
  );
#60 = CARTESIAN_POINT('',(0.506247412879,18.698656854003,12.50887809918)
  );
#61 = CARTESIAN_POINT('',(0.815963690713,18.685808125294,12.602735221937
    ));
#62 = CARTESIAN_POINT('',(1.095440234551,18.669480219079,12.734462914492
    ));
#63 = CARTESIAN_POINT('',(1.68289580521,18.627317079607,13.107618789442)
  );
#64 = CARTESIAN_POINT('',(1.96185558969,18.599840778253,13.376257828884)
  );
#65 = CARTESIAN_POINT('',(2.17837403925,18.574484003882,13.676587168398)
  );
#66 = CARTESIAN_POINT('',(2.338922634144,18.553844540691,13.996096936642
    ));
#67 = CARTESIAN_POINT('',(2.443675447564,18.539717832242,14.327245141164
    ));
#68 = CARTESIAN_POINT('',(2.496372752377,18.532623211008,14.663422300222
    ));
#69 = CARTESIAN_POINT('',(2.496372752377,18.532623211008,15.));
#70 = PCURVE('',#71,#76);
#71 = CYLINDRICAL_SURFACE('',#72,18.7);
#72 = AXIS2_PLACEMENT_3D('',#73,#74,#75);
#73 = CARTESIAN_POINT('',(0.,0.,10.));
#74 = DIRECTION('',(-0.,-0.,-1.));
#75 = DIRECTION('',(1.,0.,0.));
#76 = DEFINITIONAL_REPRESENTATION('',(#77),#330);
#77 = B_SPLINE_CURVE_WITH_KNOTS('',11,(#78,#79,#80,#81,#82,#83,#84,#85,
    #86,#87,#88,#89,#90,#91,#92,#93,#94,#95,#96,#97,#98,#99,#100,#101,
    #102,#103,#104,#105,#106,#107,#108,#109,#110,#111,#112,#113,#114,
    #115,#116,#117,#118,#119,#120,#121,#122,#123,#124,#125,#126,#127,
    #128,#129,#130,#131,#132,#133,#134,#135,#136,#137,#138,#139,#140,
    #141,#142,#143,#144,#145,#146,#147,#148,#149,#150,#151,#152,#153,
    #154,#155,#156,#157,#158,#159,#160,#161,#162,#163,#164,#165,#166,
    #167,#168,#169,#170,#171,#172,#173,#174,#175,#176,#177,#178,#179,
    #180,#181,#182,#183,#184,#185,#186,#187,#188,#189,#190,#191,#192,
    #193,#194,#195,#196,#197,#198,#199,#200,#201,#202,#203,#204,#205,
    #206,#207,#208,#209,#210,#211,#212,#213,#214,#215,#216,#217,#218,
    #219,#220,#221,#222,#223,#224,#225,#226,#227,#228,#229,#230,#231,
    #232,#233,#234,#235,#236,#237,#238,#239,#240,#241,#242,#243,#244,
    #245,#246,#247,#248,#249,#250,#251,#252,#253,#254,#255,#256,#257,
    #258,#259,#260,#261,#262,#263,#264,#265,#266,#267,#268,#269,#270,
    #271,#272,#273,#274,#275,#276,#277,#278,#279,#280,#281,#282,#283,
    #284,#285,#286,#287,#288,#289,#290,#291,#292,#293,#294,#295,#296,
    #297,#298,#299,#300,#301,#302,#303,#304,#305,#306,#307,#308,#309,
    #310,#311,#312,#313,#314,#315,#316,#317,#318,#319,#320,#321,#322,
    #323,#324,#325,#326,#327,#328,#329),.UNSPECIFIED.,.F.,.F.,(12,10,10,
    10,10,10,10,10,10,10,10,10,10,10,10,10,10,10,10,10,10,10,10,10,10,12
    ),(4.8E-16,1.571925181012,1.768415828638,1.964906476265,
    2.357887771518,3.143850362023,3.536831657276,3.63507698109,
    3.733322304903,3.929812952529,4.715775543035,5.108756838288,
    5.501738133541,6.287700724047,7.073663314553,7.466644609806,
    7.859625905059,8.645588495564,8.842079143191,9.038569790817,
    9.43155108607,10.217513676576,10.414004324203,10.610494971829,
    11.003476267082,12.575401448094),.UNSPECIFIED.);
#78 = CARTESIAN_POINT('',(-1.436900735481,-5.));
#79 = CARTESIAN_POINT('',(-1.436900735481,-5.154092700002));
#80 = CARTESIAN_POINT('',(-1.437462985241,-5.308256190437));
#81 = CARTESIAN_POINT('',(-1.438585360948,-5.462071015934));
#82 = CARTESIAN_POINT('',(-1.440273699013,-5.615058850232));
#83 = CARTESIAN_POINT('',(-1.442535071869,-5.766702036518));
#84 = CARTESIAN_POINT('',(-1.445375548379,-5.916447170294));
#85 = CARTESIAN_POINT('',(-1.44880096548,-6.063697702694));
#86 = CARTESIAN_POINT('',(-1.452819238367,-6.207800544371));
#87 = CARTESIAN_POINT('',(-1.457442735724,-6.3480316475));
#88 = CARTESIAN_POINT('',(-1.462689247297,-6.483585545991));
#89 = CARTESIAN_POINT('',(-1.469316423341,-6.629822367605));
#90 = CARTESIAN_POINT('',(-1.470062839737,-6.645984061942));
#91 = CARTESIAN_POINT('',(-1.470819364037,-6.662057098768));
#92 = CARTESIAN_POINT('',(-1.471586040644,-6.678039661991));
#93 = CARTESIAN_POINT('',(-1.472362913952,-6.693929935468));
#94 = CARTESIAN_POINT('',(-1.473150028372,-6.709726103142));
#95 = CARTESIAN_POINT('',(-1.473947428294,-6.725426348847));
#96 = CARTESIAN_POINT('',(-1.474755158128,-6.741028856524));
#97 = CARTESIAN_POINT('',(-1.475573262269,-6.756531810031));
#98 = CARTESIAN_POINT('',(-1.476401785121,-6.771933393277));
#99 = CARTESIAN_POINT('',(-1.478079757046,-6.802530187018));
#100 = CARTESIAN_POINT('',(-1.478929034541,-6.817722926456));
#101 = CARTESIAN_POINT('',(-1.479790004324,-6.832826428617));
#102 = CARTESIAN_POINT('',(-1.480657932327,-6.8477737689));
#103 = CARTESIAN_POINT('',(-1.48154260918,-6.862696448689));
#104 = CARTESIAN_POINT('',(-1.482432651092,-6.877434474665));
#105 = CARTESIAN_POINT('',(-1.483332486774,-6.892048316591));
#106 = CARTESIAN_POINT('',(-1.484251783385,-6.906667797143));
#107 = CARTESIAN_POINT('',(-1.485170359911,-6.921008223803));
#108 = CARTESIAN_POINT('',(-1.486106742542,-6.935330565711));
#109 = CARTESIAN_POINT('',(-1.488950483401,-6.977951869922));
#110 = CARTESIAN_POINT('',(-1.49089556386,-7.005951425169));
#111 = CARTESIAN_POINT('',(-1.492889276016,-7.033485286417));
#112 = CARTESIAN_POINT('',(-1.494930888995,-7.060504006676));
#113 = CARTESIAN_POINT('',(-1.497019562584,-7.086959738488));
#114 = CARTESIAN_POINT('',(-1.499154347206,-7.1128062338));
#115 = CARTESIAN_POINT('',(-1.501334183958,-7.137998844125));
#116 = CARTESIAN_POINT('',(-1.503557904567,-7.162494520373));
#117 = CARTESIAN_POINT('',(-1.505824231431,-7.186251812997));
#118 = CARTESIAN_POINT('',(-1.508131777586,-7.209230871887));
#119 = CARTESIAN_POINT('',(-1.515173585017,-7.275718595534));
#120 = CARTESIAN_POINT('',(-1.520027103279,-7.316778725596));
#121 = CARTESIAN_POINT('',(-1.525027826666,-7.354270152269));
#122 = CARTESIAN_POINT('',(-1.530162519622,-7.38791789137));
#123 = CARTESIAN_POINT('',(-1.535416625328,-7.417477303915));
#124 = CARTESIAN_POINT('',(-1.540774405088,-7.442735740817));
#125 = CARTESIAN_POINT('',(-1.546219077789,-7.463514188066));
#126 = CARTESIAN_POINT('',(-1.551732959277,-7.479668911344));
#127 = CARTESIAN_POINT('',(-1.557297601816,-7.491093101183));
#128 = CARTESIAN_POINT('',(-1.562893933477,-7.49771851769));
#129 = CARTESIAN_POINT('',(-1.571306629626,-7.500416444493));
#130 = CARTESIAN_POINT('',(-1.574113910309,-7.500109257623));
#131 = CARTESIAN_POINT('',(-1.576921771392,-7.498591791305));
#132 = CARTESIAN_POINT('',(-1.579727727579,-7.495862946108));
#133 = CARTESIAN_POINT('',(-1.582529276496,-7.491924306712));
#134 = CARTESIAN_POINT('',(-1.585323898716,-7.486780142105));
#135 = CARTESIAN_POINT('',(-1.588109057724,-7.480437405297));
#136 = CARTESIAN_POINT('',(-1.590882199959,-7.472905733644));
#137 = CARTESIAN_POINT('',(-1.593640754773,-7.464197448554));
#138 = CARTESIAN_POINT('',(-1.596382134461,-7.454327555701));
#139 = CARTESIAN_POINT('',(-1.599784134193,-7.440560292204));
#140 = CARTESIAN_POINT('',(-1.600463137546,-7.43773609314));
#141 = CARTESIAN_POINT('',(-1.60114143878,-7.434838100711));
#142 = CARTESIAN_POINT('',(-1.601817880595,-7.431871597704));
#143 = CARTESIAN_POINT('',(-1.602492658304,-7.428835943132));
#144 = CARTESIAN_POINT('',(-1.60316654445,-7.425727805328));
#145 = CARTESIAN_POINT('',(-1.603839530461,-7.422547178037));
#146 = CARTESIAN_POINT('',(-1.604510664103,-7.419298367918));
#147 = CARTESIAN_POINT('',(-1.605179243931,-7.415985035529));
#148 = CARTESIAN_POINT('',(-1.605845913829,-7.412605263683));
#149 = CARTESIAN_POINT('',(-1.607175252463,-7.405713777542));
#150 = CARTESIAN_POINT('',(-1.607837889652,-7.402202296395));
#151 = CARTESIAN_POINT('',(-1.608498478561,-7.398625586917));
#152 = CARTESIAN_POINT('',(-1.60915700304,-7.394984158871));
#153 = CARTESIAN_POINT('',(-1.609813446932,-7.391278521982));
#154 = CARTESIAN_POINT('',(-1.610467794091,-7.387509186035));
#155 = CARTESIAN_POINT('',(-1.611120028359,-7.383676660738));
#156 = CARTESIAN_POINT('',(-1.611770133588,-7.379781455879));
#157 = CARTESIAN_POINT('',(-1.612418093623,-7.37582408118));
#158 = CARTESIAN_POINT('',(-1.613063892314,-7.371805046407));
#159 = CARTESIAN_POINT('',(-1.614994755894,-7.359564491092));
#160 = CARTESIAN_POINT('',(-1.616273296005,-7.351159454325));
#161 = CARTESIAN_POINT('',(-1.617543016418,-7.342513732544));
#162 = CARTESIAN_POINT('',(-1.618803804541,-7.333631265949));
#163 = CARTESIAN_POINT('',(-1.620055552605,-7.324515953358));
#164 = CARTESIAN_POINT('',(-1.621298157679,-7.315171652272));
#165 = CARTESIAN_POINT('',(-1.622531521646,-7.305602178788));
#166 = CARTESIAN_POINT('',(-1.623755551232,-7.295811307694));
#167 = CARTESIAN_POINT('',(-1.624970157978,-7.285802772383));
#168 = CARTESIAN_POINT('',(-1.626175258264,-7.275580264917));
#169 = CARTESIAN_POINT('',(-1.632152833395,-7.223416120276));
#170 = CARTESIAN_POINT('',(-1.636781496254,-7.178320017292));
#171 = CARTESIAN_POINT('',(-1.641251717939,-7.130092458166));
#172 = CARTESIAN_POINT('',(-1.64555951159,-7.07895761576));
#173 = CARTESIAN_POINT('',(-1.649701844225,-7.025130869217));
#174 = CARTESIAN_POINT('',(-1.653676533496,-6.968819168447));
#175 = CARTESIAN_POINT('',(-1.657482144517,-6.910221398676));
#176 = CARTESIAN_POINT('',(-1.661117886618,-6.849528744958));
#177 = CARTESIAN_POINT('',(-1.66458351016,-6.786925056685));
#178 = CARTESIAN_POINT('',(-1.667879203307,-6.722587212126));
#179 = CARTESIAN_POINT('',(-1.672568631583,-6.623734618339));
#180 = CARTESIAN_POINT('',(-1.674089421045,-6.590392675487));
#181 = CARTESIAN_POINT('',(-1.675567938155,-6.556680902994));
#182 = CARTESIAN_POINT('',(-1.677004281539,-6.522620075035));
#183 = CARTESIAN_POINT('',(-1.678398567522,-6.488230491398));
#184 = CARTESIAN_POINT('',(-1.679750930091,-6.453531977388));
#185 = CARTESIAN_POINT('',(-1.681061520949,-6.418543883963));
#186 = CARTESIAN_POINT('',(-1.682330509456,-6.383285087582));
#187 = CARTESIAN_POINT('',(-1.683558082679,-6.347773990341));
#188 = CARTESIAN_POINT('',(-1.684744445359,-6.312028519874));
#189 = CARTESIAN_POINT('',(-1.687035194494,-6.240103738947));
#190 = CARTESIAN_POINT('',(-1.68813984115,-6.203917574428));
#191 = CARTESIAN_POINT('',(-1.689202724212,-6.167551520973));
#192 = CARTESIAN_POINT('',(-1.690223292311,-6.131090367177));
#193 = CARTESIAN_POINT('',(-1.691218150206,-6.093967769767));
#194 = CARTESIAN_POINT('',(-1.692151877386,-6.057356327185));
#195 = CARTESIAN_POINT('',(-1.6930687009,-6.019871551024));
#196 = CARTESIAN_POINT('',(-1.693932322751,-5.982661802363));
#197 = CARTESIAN_POINT('',(-1.694764003662,-5.945085476551));
#198 = CARTESIAN_POINT('',(-1.695555659989,-5.907405661134));
#199 = CARTESIAN_POINT('',(-1.697817114968,-5.793898322843));
#200 = CARTESIAN_POINT('',(-1.69917246949,-5.717631262904));
#201 = CARTESIAN_POINT('',(-1.700376921116,-5.640841403286));
#202 = CARTESIAN_POINT('',(-1.701431680756,-5.563598865151));
#203 = CARTESIAN_POINT('',(-1.702337790503,-5.485971498419));
#204 = CARTESIAN_POINT('',(-1.703096123214,-5.408025191059));
#205 = CARTESIAN_POINT('',(-1.703707381972,-5.329824177955));
#206 = CARTESIAN_POINT('',(-1.704172099697,-5.251431350269));
#207 = CARTESIAN_POINT('',(-1.704490638608,-5.172908564327));
#208 = CARTESIAN_POINT('',(-1.704663189805,-5.094316950883));
#209 = CARTESIAN_POINT('',(-1.704716355736,-4.93711749739));
#210 = CARTESIAN_POINT('',(-1.704596970529,-4.858509658195));
#211 = CARTESIAN_POINT('',(-1.704331634023,-4.779954415246));
#212 = CARTESIAN_POINT('',(-1.703920191577,-4.701512062194));
#213 = CARTESIAN_POINT('',(-1.703362314616,-4.623242785148));
#214 = CARTESIAN_POINT('',(-1.702657498331,-4.545206970467));
#215 = CARTESIAN_POINT('',(-1.701805059212,-4.467465512134));
#216 = CARTESIAN_POINT('',(-1.700804132772,-4.390080119624));
#217 = CARTESIAN_POINT('',(-1.699653671092,-4.313113625292));
#218 = CARTESIAN_POINT('',(-1.698352440505,-4.236630292144));
#219 = CARTESIAN_POINT('',(-1.696172308531,-4.12272903597));
#220 = CARTESIAN_POINT('',(-1.695407305151,-4.084889503245));
#221 = CARTESIAN_POINT('',(-1.694605245167,-4.047243654252));
#222 = CARTESIAN_POINT('',(-1.693763240836,-4.009682899941));
#223 = CARTESIAN_POINT('',(-1.692881875864,-3.972262609866));
#224 = CARTESIAN_POINT('',(-1.69196174699,-3.935031941825));
#225 = CARTESIAN_POINT('',(-1.691002033865,-3.897972185792));
#226 = CARTESIAN_POINT('',(-1.690002171225,-3.861082222376));
#227 = CARTESIAN_POINT('',(-1.688962644042,-3.824412461233));
#228 = CARTESIAN_POINT('',(-1.687882828372,-3.787952920755));
#229 = CARTESIAN_POINT('',(-1.685642486307,-3.715500948539));
#230 = CARTESIAN_POINT('',(-1.684481949346,-3.679507389464));
#231 = CARTESIAN_POINT('',(-1.68328084596,-3.643761324561));
#232 = CARTESIAN_POINT('',(-1.68203898701,-3.608278306233));
#233 = CARTESIAN_POINT('',(-1.680756194709,-3.573074372114));
#234 = CARTESIAN_POINT('',(-1.67943230264,-3.538166045132));
#235 = CARTESIAN_POINT('',(-1.678067155724,-3.50357033342));
#236 = CARTESIAN_POINT('',(-1.676660610261,-3.469304730412));
#237 = CARTESIAN_POINT('',(-1.675212533889,-3.435387214761));
#238 = CARTESIAN_POINT('',(-1.673722805618,-3.401836250397));
#239 = CARTESIAN_POINT('',(-1.669128336182,-3.302339858682));
#240 = CARTESIAN_POINT('',(-1.665898318639,-3.237550894664));
#241 = CARTESIAN_POINT('',(-1.662500478749,-3.174456297007));
#242 = CARTESIAN_POINT('',(-1.65893426147,-3.11321636473));
#243 = CARTESIAN_POINT('',(-1.655199415919,-3.053999978337));
#244 = CARTESIAN_POINT('',(-1.651296070085,-2.996985284811));
#245 = CARTESIAN_POINT('',(-1.647224805626,-2.942360382677));
#246 = CARTESIAN_POINT('',(-1.642986732569,-2.89032400698));
#247 = CARTESIAN_POINT('',(-1.638583564106,-2.84108621435));
#248 = CARTESIAN_POINT('',(-1.63401769131,-2.794869067991));
#249 = CARTESIAN_POINT('',(-1.628110899554,-2.741166886407));
#250 = CARTESIAN_POINT('',(-1.626919570084,-2.730629929217));
#251 = CARTESIAN_POINT('',(-1.625718318586,-2.720300120046));
#252 = CARTESIAN_POINT('',(-1.624507197576,-2.710181182424));
#253 = CARTESIAN_POINT('',(-1.623286262967,-2.700276894488));
#254 = CARTESIAN_POINT('',(-1.622055574118,-2.69059108904));
#255 = CARTESIAN_POINT('',(-1.620815193769,-2.681127653464));
#256 = CARTESIAN_POINT('',(-1.619565188108,-2.671890529817));
#257 = CARTESIAN_POINT('',(-1.618305626716,-2.662883714751));
#258 = CARTESIAN_POINT('',(-1.617036582604,-2.654111259567));
#259 = CARTESIAN_POINT('',(-1.61447968178,-2.637043280803));
#260 = CARTESIAN_POINT('',(-1.613191451078,-2.628745820882));
#261 = CARTESIAN_POINT('',(-1.611896806559,-2.620706578595));
#262 = CARTESIAN_POINT('',(-1.610583667216,-2.612862797261));
#263 = CARTESIAN_POINT('',(-1.60927388929,-2.605342642989));
#264 = CARTESIAN_POINT('',(-1.607953521183,-2.598065590734));
#265 = CARTESIAN_POINT('',(-1.606619626466,-2.591018152347));
#266 = CARTESIAN_POINT('',(-1.605287287009,-2.584290862689));
#267 = CARTESIAN_POINT('',(-1.603942897737,-2.577804305646));
#268 = CARTESIAN_POINT('',(-1.60259401032,-2.571605280041));
#269 = CARTESIAN_POINT('',(-1.598528490345,-2.553841906901));
#270 = CARTESIAN_POINT('',(-1.595794094073,-2.543118248149));
#271 = CARTESIAN_POINT('',(-1.593038344771,-2.533538485588));
#272 = CARTESIAN_POINT('',(-1.590263944987,-2.52512468318));
#273 = CARTESIAN_POINT('',(-1.587473603243,-2.517895662693));
#274 = CARTESIAN_POINT('',(-1.584670034006,-2.51186700365));
#275 = CARTESIAN_POINT('',(-1.581855957728,-2.5070510434));
#276 = CARTESIAN_POINT('',(-1.579034100801,-2.503456877042));
#277 = CARTESIAN_POINT('',(-1.576207195597,-2.50109035749));
#278 = CARTESIAN_POINT('',(-1.57337798044,-2.499954095428));
#279 = CARTESIAN_POINT('',(-1.564891637985,-2.500234187149));
#280 = CARTESIAN_POINT('',(-1.559235712805,-2.505340083127));
#281 = CARTESIAN_POINT('',(-1.553603062893,-2.515362051661));
#282 = CARTESIAN_POINT('',(-1.548015077474,-2.530247453472));
#283 = CARTESIAN_POINT('',(-1.542492677596,-2.549895517429));
#284 = CARTESIAN_POINT('',(-1.537056097495,-2.57415875226));
#285 = CARTESIAN_POINT('',(-1.531724666033,-2.602844358428));
#286 = CARTESIAN_POINT('',(-1.526516588045,-2.635715639795));
#287 = CARTESIAN_POINT('',(-1.521448725776,-2.672493415507));
#288 = CARTESIAN_POINT('',(-1.516536380241,-2.712857431697));
#289 = CARTESIAN_POINT('',(-1.510607245745,-2.767345358705));
#290 = CARTESIAN_POINT('',(-1.509431982417,-2.778444597648));
#291 = CARTESIAN_POINT('',(-1.508267494995,-2.789739859483));
#292 = CARTESIAN_POINT('',(-1.507113988017,-2.801225364032));
#293 = CARTESIAN_POINT('',(-1.505971658234,-2.812895181601));
#294 = CARTESIAN_POINT('',(-1.504840694598,-2.82474323297));
#295 = CARTESIAN_POINT('',(-1.503721278274,-2.8367632894));
#296 = CARTESIAN_POINT('',(-1.502613582627,-2.848948972627));
#297 = CARTESIAN_POINT('',(-1.501517773237,-2.861293754869));
#298 = CARTESIAN_POINT('',(-1.500434007884,-2.873790958818));
#299 = CARTESIAN_POINT('',(-1.498290865236,-2.899076556476));
#300 = CARTESIAN_POINT('',(-1.497230850224,-2.911871846824));
#301 = CARTESIAN_POINT('',(-1.496181426931,-2.924827120108));
#302 = CARTESIAN_POINT('',(-1.495142780327,-2.937937170325));
#303 = CARTESIAN_POINT('',(-1.494115189595,-2.951195776813));
#304 = CARTESIAN_POINT('',(-1.493098655908,-2.964599824851));
#305 = CARTESIAN_POINT('',(-1.492092967384,-2.978148589279));
#306 = CARTESIAN_POINT('',(-1.49109795471,-2.991840905403));
#307 = CARTESIAN_POINT('',(-1.490113691577,-3.00567295252));
#308 = CARTESIAN_POINT('',(-1.489140393426,-3.019639374357));
#309 = CARTESIAN_POINT('',(-1.486252518752,-3.061942635978));
#310 = CARTESIAN_POINT('',(-1.484370266002,-3.090680141005));
#311 = CARTESIAN_POINT('',(-1.482530760421,-3.119932188196));
#312 = CARTESIAN_POINT('',(-1.480733752148,-3.149678582285));
#313 = CARTESIAN_POINT('',(-1.478978991354,-3.179899721248));
#314 = CARTESIAN_POINT('',(-1.477266228191,-3.210576596215));
#315 = CARTESIAN_POINT('',(-1.475595212857,-3.241690791577));
#316 = CARTESIAN_POINT('',(-1.473965695531,-3.273224484879));
#317 = CARTESIAN_POINT('',(-1.472377426425,-3.305160446907));
#318 = CARTESIAN_POINT('',(-1.470830155752,-3.337482041632));
#319 = CARTESIAN_POINT('',(-1.463297545689,-3.50093796466));
#320 = CARTESIAN_POINT('',(-1.457923552073,-3.637615074154));
#321 = CARTESIAN_POINT('',(-1.45318625387,-3.779171993908));
#322 = CARTESIAN_POINT('',(-1.449071550411,-3.92471298092));
#323 = CARTESIAN_POINT('',(-1.445567549356,-4.07346083123));
#324 = CARTESIAN_POINT('',(-1.442664335413,-4.224736431539));
#325 = CARTESIAN_POINT('',(-1.440353258615,-4.37793888059));
#326 = CARTESIAN_POINT('',(-1.438626403458,-4.532528920335));
#327 = CARTESIAN_POINT('',(-1.43747689961,-4.688018416208));
#328 = CARTESIAN_POINT('',(-1.436900735481,-4.843968626455));
#329 = CARTESIAN_POINT('',(-1.436900735481,-5.));
#330 = ( GEOMETRIC_REPRESENTATION_CONTEXT(2) 
PARAMETRIC_REPRESENTATION_CONTEXT() REPRESENTATION_CONTEXT('2D SPACE',''
  ) );
#331 = PCURVE('',#332,#421);
#332 = B_SPLINE_SURFACE_WITH_KNOTS('',1,7,(
    (#333,#334,#335,#336,#337,#338,#339,#340,#341,#342,#343,#344,#345
      ,#346,#347,#348,#349,#350,#351,#352,#353,#354,#355,#356,#357,#358
      ,#359,#360,#361,#362,#363,#364,#365,#366,#367,#368,#369,#370,#371
      ,#372,#373,#374,#375,#376)
    ,(#377,#378,#379,#380,#381,#382,#383,#384,#385,#386,#387,#388,#389
      ,#390,#391,#392,#393,#394,#395,#396,#397,#398,#399,#400,#401,#402
      ,#403,#404,#405,#406,#407,#408,#409,#410,#411,#412,#413,#414,#415
      ,#416,#417,#418,#419,#420
    )),.UNSPECIFIED.,.F.,.T.,.F.,(2,2),(8,6,6,6,6,6,6,8),(0.,
    12.575401448094),(4.8E-16,1.936267109174,3.602108136634,
    5.178807693182,7.150905638535,8.892567059424,10.417604212491,
    12.575401448094),.UNSPECIFIED.);
#333 = CARTESIAN_POINT('',(2.496372752377,18.532623211008,15.));
#334 = CARTESIAN_POINT('',(2.496372752377,18.532623211008,
    15.298270366101));
#335 = CARTESIAN_POINT('',(2.454965066504,18.5381983471,15.596822022361)
  );
#336 = CARTESIAN_POINT('',(2.37249929994,18.549316956314,15.89195937138)
  );
#337 = CARTESIAN_POINT('',(2.246033996961,18.565746219079,
    16.178708318144));
#338 = CARTESIAN_POINT('',(2.077139104505,18.586108517845,
    16.452037499327));
#339 = CARTESIAN_POINT('',(1.860488414408,18.609166901939,
    16.704394501555));
#340 = CARTESIAN_POINT('',(1.361362329028,18.651819292208,
    17.117848738398));
#341 = CARTESIAN_POINT('',(1.086760747674,18.671904649923,17.29111056085
    ));
#342 = CARTESIAN_POINT('',(0.771720056111,18.689897163328,
    17.427912085742));
#343 = CARTESIAN_POINT('',(0.426982862597,18.701986600735,
    17.513946332612));
#344 = CARTESIAN_POINT('',(6.806984532347E-02,18.705634303057,
    17.540764914335));
#345 = CARTESIAN_POINT('',(-0.287284061725,18.700785475182,
    17.507330124062));
#346 = CARTESIAN_POINT('',(-0.938080692249,18.679139640703,
    17.340201353146));
#347 = CARTESIAN_POINT('',(-1.229422481448,18.663183809619,
    17.21350748092));
#348 = CARTESIAN_POINT('',(-1.488787103161,18.643838671045,
    17.051710432653));
#349 = CARTESIAN_POINT('',(-1.713901603802,18.623463044165,
    16.863192407035));
#350 = CARTESIAN_POINT('',(-1.904767539724,18.603922927576,
    16.65523095712));
#351 = CARTESIAN_POINT('',(-2.062294697437,18.586364168511,
    16.434207536238));
#352 = CARTESIAN_POINT('',(-2.344975547682,18.553061981169,
    15.918735491025));
#353 = CARTESIAN_POINT('',(-2.453367076265,18.538720923482,
    15.617743206313));
#354 = CARTESIAN_POINT('',(-2.515934250108,18.529953505255,
    15.308364798904));
#355 = CARTESIAN_POINT('',(-2.534285935065,18.527349831131,
    14.995458671494));
#356 = CARTESIAN_POINT('',(-2.508794220082,18.531031178022,
    14.683263233434));
#357 = CARTESIAN_POINT('',(-2.438546043466,18.540697777439,
    14.376072166607));
#358 = CARTESIAN_POINT('',(-2.217602829225,18.568337086918,
    13.816469886326));
#359 = CARTESIAN_POINT('',(-2.076829577521,18.585269537858,
    13.56091278991));
#360 = CARTESIAN_POINT('',(-1.897071560282,18.60547527219,
    13.317230210989));
#361 = CARTESIAN_POINT('',(-1.6766839876,18.62783231755,13.092089493587)
  );
#362 = CARTESIAN_POINT('',(-1.414505395445,18.650302451036,
    12.893714528298));
#363 = CARTESIAN_POINT('',(-1.111302450405,18.67003174211,
    12.732496478868));
#364 = CARTESIAN_POINT('',(-0.475574267125,18.696311436363,
    12.525873430285));
#365 = CARTESIAN_POINT('',(-0.154426349911,18.704084247319,
    12.469486465026));
#366 = CARTESIAN_POINT('',(0.177900244969,18.70517120337,12.46302816457)
  );
#367 = CARTESIAN_POINT('',(0.506247412879,18.698656854003,12.50887809918
    ));
#368 = CARTESIAN_POINT('',(0.815963690713,18.685808125294,
    12.602735221937));
#369 = CARTESIAN_POINT('',(1.095440234551,18.669480219079,
    12.734462914492));
#370 = CARTESIAN_POINT('',(1.68289580521,18.627317079607,13.107618789442
    ));
#371 = CARTESIAN_POINT('',(1.96185558969,18.599840778253,13.376257828884
    ));
#372 = CARTESIAN_POINT('',(2.17837403925,18.574484003882,13.676587168398
    ));
#373 = CARTESIAN_POINT('',(2.338922634144,18.553844540691,
    13.996096936642));
#374 = CARTESIAN_POINT('',(2.443675447564,18.539717832242,
    14.327245141164));
#375 = CARTESIAN_POINT('',(2.496372752377,18.532623211008,
    14.663422300222));
#376 = CARTESIAN_POINT('',(2.496372752377,18.532623211008,15.));
#377 = CARTESIAN_POINT('',(2.,18.092740518815,15.));
#378 = CARTESIAN_POINT('',(2.,18.092740518815,15.244754259796));
#379 = CARTESIAN_POINT('',(1.96512204597,18.096398478243,15.489829557496
    ));
#380 = CARTESIAN_POINT('',(1.894738109826,18.103747364174,
    15.730799380491));
#381 = CARTESIAN_POINT('',(1.790122355628,18.114405629652,
    15.964211701473));
#382 = CARTESIAN_POINT('',(1.646605604337,18.127842851634,
    16.183766202798));
#383 = CARTESIAN_POINT('',(1.471630610155,18.142505396261,16.38276598154
    ));
#384 = CARTESIAN_POINT('',(1.067660326298,18.169815296709,
    16.708110576964));
#385 = CARTESIAN_POINT('',(0.849871406723,18.182463721984,16.84103027818
    ));
#386 = CARTESIAN_POINT('',(0.600101899252,18.193739342366,
    16.945444217267));
#387 = CARTESIAN_POINT('',(0.331434364482,18.201251257649,17.01092515058
    ));
#388 = CARTESIAN_POINT('',(5.436066844853E-02,18.203473523839,
    17.031079919856));
#389 = CARTESIAN_POINT('',(-0.224016255208,18.200480081635,
    17.005523238135));
#390 = CARTESIAN_POINT('',(-0.731809336631,18.186991095414,
    16.878624607416));
#391 = CARTESIAN_POINT('',(-0.963401691478,18.176905400787,
    16.781509951135));
#392 = CARTESIAN_POINT('',(-1.169387026123,18.164748159458,
    16.656670438963));
#393 = CARTESIAN_POINT('',(-1.350782262295,18.15178354181,
    16.509292313754));
#394 = CARTESIAN_POINT('',(-1.507687758111,18.13916522192,
    16.344628355039));
#395 = CARTESIAN_POINT('',(-1.637219285203,18.127829689111,
    16.168151312644));
#396 = CARTESIAN_POINT('',(-1.872130409316,18.106160971876,
    15.752082726029));
#397 = CARTESIAN_POINT('',(-1.963062826197,18.096786721945,
    15.507460476058));
#398 = CARTESIAN_POINT('',(-2.01664764542,18.090978923669,
    15.253737182898));
#399 = CARTESIAN_POINT('',(-2.03235827856,18.089253035378,
    14.996055296581));
#400 = CARTESIAN_POINT('',(-2.010216487597,18.091711809225,
    14.739398013394));
#401 = CARTESIAN_POINT('',(-1.950912420746,18.098058193184,
    14.488218369872));
#402 = CARTESIAN_POINT('',(-1.76597782824,18.116121197344,
    14.033385525713));
#403 = CARTESIAN_POINT('',(-1.649032407996,18.127125080378,13.8274559837
    ));
#404 = CARTESIAN_POINT('',(-1.500145507218,18.140243041146,
    13.632743132764));
#405 = CARTESIAN_POINT('',(-1.32058035085,18.154574950028,
    13.455254244103));
#406 = CARTESIAN_POINT('',(-1.110183126279,18.168804473352,
    13.301148605382));
#407 = CARTESIAN_POINT('',(-0.868735775373,18.181268573606,
    13.177107569229));
#408 = CARTESIAN_POINT('',(-0.370442794546,18.197704111746,
    13.019520567266));
#409 = CARTESIAN_POINT('',(-0.119047645655,18.202539027138,
    12.976722259799));
#410 = CARTESIAN_POINT('',(0.138020016392,18.203214813442,12.97191267852
    ));
#411 = CARTESIAN_POINT('',(0.39317987793,18.199172733837,13.006747625293
    ));
#412 = CARTESIAN_POINT('',(0.636405930658,18.191176928927,
    13.077897364781));
#413 = CARTESIAN_POINT('',(0.856433865385,18.180945739144,
    13.178215380891));
#414 = CARTESIAN_POINT('',(1.326630156607,18.154160027989,
    13.468689244662));
#415 = CARTESIAN_POINT('',(1.551051894638,18.136740860212,
    13.679096331833));
#416 = CARTESIAN_POINT('',(1.73310426749,18.120144166115,13.918312952332
    ));
#417 = CARTESIAN_POINT('',(1.866440072234,18.106715457247,
    14.177779746389));
#418 = CARTESIAN_POINT('',(1.955555552162,18.097399571546,
    14.447846324311));
#419 = CARTESIAN_POINT('',(2.,18.092740518815,14.723810551086));
#420 = CARTESIAN_POINT('',(2.,18.092740518815,15.));
#421 = DEFINITIONAL_REPRESENTATION('',(#422),#426);
#422 = LINE('',#423,#424);
#423 = CARTESIAN_POINT('',(0.,0.));
#424 = VECTOR('',#425,1.);
#425 = DIRECTION('',(0.,1.));
#426 = ( GEOMETRIC_REPRESENTATION_CONTEXT(2) 
PARAMETRIC_REPRESENTATION_CONTEXT() REPRESENTATION_CONTEXT('2D SPACE',''
  ) );
#427 = FACE_BOUND('',#428,.F.);
#428 = EDGE_LOOP('',(#429,#454,#481,#482));
#429 = ORIENTED_EDGE('',*,*,#430,.F.);
#430 = EDGE_CURVE('',#431,#433,#435,.T.);
#431 = VERTEX_POINT('',#432);
#432 = CARTESIAN_POINT('',(18.7,0.,11.));
#433 = VERTEX_POINT('',#434);
#434 = CARTESIAN_POINT('',(18.7,0.,19.));
#435 = SEAM_CURVE('',#436,(#440,#447),.PCURVE_S1.);
#436 = LINE('',#437,#438);
#437 = CARTESIAN_POINT('',(18.7,0.,10.));
#438 = VECTOR('',#439,1.);
#439 = DIRECTION('',(0.,0.,1.));
#440 = PCURVE('',#71,#441);
#441 = DEFINITIONAL_REPRESENTATION('',(#442),#446);
#442 = LINE('',#443,#444);
#443 = CARTESIAN_POINT('',(-6.28318530718,0.));
#444 = VECTOR('',#445,1.);
#445 = DIRECTION('',(-0.,-1.));
#446 = ( GEOMETRIC_REPRESENTATION_CONTEXT(2) 
PARAMETRIC_REPRESENTATION_CONTEXT() REPRESENTATION_CONTEXT('2D SPACE',''
  ) );
#447 = PCURVE('',#71,#448);
#448 = DEFINITIONAL_REPRESENTATION('',(#449),#453);
#449 = LINE('',#450,#451);
#450 = CARTESIAN_POINT('',(-0.,0.));
#451 = VECTOR('',#452,1.);
#452 = DIRECTION('',(-0.,-1.));
#453 = ( GEOMETRIC_REPRESENTATION_CONTEXT(2) 
PARAMETRIC_REPRESENTATION_CONTEXT() REPRESENTATION_CONTEXT('2D SPACE',''
  ) );
#454 = ORIENTED_EDGE('',*,*,#455,.F.);
#455 = EDGE_CURVE('',#431,#431,#456,.T.);
#456 = SURFACE_CURVE('',#457,(#462,#469),.PCURVE_S1.);
#457 = CIRCLE('',#458,18.7);
#458 = AXIS2_PLACEMENT_3D('',#459,#460,#461);
#459 = CARTESIAN_POINT('',(0.,0.,11.));
#460 = DIRECTION('',(0.,0.,1.));
#461 = DIRECTION('',(1.,0.,0.));
#462 = PCURVE('',#71,#463);
#463 = DEFINITIONAL_REPRESENTATION('',(#464),#468);
#464 = LINE('',#465,#466);
#465 = CARTESIAN_POINT('',(-0.,-1.));
#466 = VECTOR('',#467,1.);
#467 = DIRECTION('',(-1.,0.));
#468 = ( GEOMETRIC_REPRESENTATION_CONTEXT(2) 
PARAMETRIC_REPRESENTATION_CONTEXT() REPRESENTATION_CONTEXT('2D SPACE',''
  ) );
#469 = PCURVE('',#470,#475);
#470 = CONICAL_SURFACE('',#471,18.7,0.785398163397);
#471 = AXIS2_PLACEMENT_3D('',#472,#473,#474);
#472 = CARTESIAN_POINT('',(0.,0.,11.));
#473 = DIRECTION('',(0.,0.,1.));
#474 = DIRECTION('',(1.,0.,0.));
#475 = DEFINITIONAL_REPRESENTATION('',(#476),#480);
#476 = LINE('',#477,#478);
#477 = CARTESIAN_POINT('',(0.,-0.));
#478 = VECTOR('',#479,1.);
#479 = DIRECTION('',(1.,-0.));
#480 = ( GEOMETRIC_REPRESENTATION_CONTEXT(2) 
PARAMETRIC_REPRESENTATION_CONTEXT() REPRESENTATION_CONTEXT('2D SPACE',''
  ) );
#481 = ORIENTED_EDGE('',*,*,#430,.T.);
#482 = ORIENTED_EDGE('',*,*,#483,.T.);
#483 = EDGE_CURVE('',#433,#433,#484,.T.);
#484 = SURFACE_CURVE('',#485,(#490,#497),.PCURVE_S1.);
#485 = CIRCLE('',#486,18.7);
#486 = AXIS2_PLACEMENT_3D('',#487,#488,#489);
#487 = CARTESIAN_POINT('',(0.,0.,19.));
#488 = DIRECTION('',(0.,0.,1.));
#489 = DIRECTION('',(1.,0.,0.));
#490 = PCURVE('',#71,#491);
#491 = DEFINITIONAL_REPRESENTATION('',(#492),#496);
#492 = LINE('',#493,#494);
#493 = CARTESIAN_POINT('',(-0.,-9.));
#494 = VECTOR('',#495,1.);
#495 = DIRECTION('',(-1.,0.));
#496 = ( GEOMETRIC_REPRESENTATION_CONTEXT(2) 
PARAMETRIC_REPRESENTATION_CONTEXT() REPRESENTATION_CONTEXT('2D SPACE',''
  ) );
#497 = PCURVE('',#498,#503);
#498 = CONICAL_SURFACE('',#499,18.7,0.785398163397);
#499 = AXIS2_PLACEMENT_3D('',#500,#501,#502);
#500 = CARTESIAN_POINT('',(0.,0.,19.));
#501 = DIRECTION('',(-0.,-0.,-1.));
#502 = DIRECTION('',(1.,0.,0.));
#503 = DEFINITIONAL_REPRESENTATION('',(#504),#508);
#504 = LINE('',#505,#506);
#505 = CARTESIAN_POINT('',(-0.,0.));
#506 = VECTOR('',#507,1.);
#507 = DIRECTION('',(-1.,0.));
#508 = ( GEOMETRIC_REPRESENTATION_CONTEXT(2) 
PARAMETRIC_REPRESENTATION_CONTEXT() REPRESENTATION_CONTEXT('2D SPACE',''
  ) );
#509 = FACE_BOUND('',#510,.F.);
#510 = EDGE_LOOP('',(#511));
#511 = ORIENTED_EDGE('',*,*,#512,.F.);
#512 = EDGE_CURVE('',#513,#513,#515,.T.);
#513 = VERTEX_POINT('',#514);
#514 = CARTESIAN_POINT('',(-17.29790887568,-7.104389384631,15.));
#515 = SURFACE_CURVE('',#516,(#561,#817),.PCURVE_S1.);
#516 = B_SPLINE_CURVE_WITH_KNOTS('',7,(#517,#518,#519,#520,#521,#522,
    #523,#524,#525,#526,#527,#528,#529,#530,#531,#532,#533,#534,#535,
    #536,#537,#538,#539,#540,#541,#542,#543,#544,#545,#546,#547,#548,
    #549,#550,#551,#552,#553,#554,#555,#556,#557,#558,#559,#560),
  .UNSPECIFIED.,.T.,.F.,(8,6,6,6,6,6,6,8),(6.6E-16,1.936267114348,
    3.602108146265,5.178807706793,7.150905626065,8.892567050951,
    10.417604207518,12.57540144807),.UNSPECIFIED.);
#517 = CARTESIAN_POINT('',(-17.29790887568,-7.104389384631,15.));
#518 = CARTESIAN_POINT('',(-17.29790887568,-7.104389384631,
    15.298270366096));
#519 = CARTESIAN_POINT('',(-17.28203324223,-7.143037060553,
    15.59682202236));
#520 = CARTESIAN_POINT('',(-17.25042935698,-7.220013813948,
    15.89195937138));
#521 = CARTESIAN_POINT('',(-17.20142486441,-7.337750610408,
    16.178708318146));
#522 = CARTESIAN_POINT('',(-17.1346116862,-7.494199027229,16.45203749933
    ));
#523 = CARTESIAN_POINT('',(-17.04625548754,-7.693353220647,
    16.704394501555));
#524 = CARTESIAN_POINT('',(-16.83363049836,-8.14693528541,
    17.117848738398));
#525 = CARTESIAN_POINT('',(-16.71372413771,-8.39478990964,
    17.291110560851));
#526 = CARTESIAN_POINT('',(-16.57178576561,-8.676619408463,
    17.427912085742));
#527 = CARTESIAN_POINT('',(-16.40988692877,-8.981215294378,
    17.51394633261));
#528 = CARTESIAN_POINT('',(-16.23358942301,-9.293866936242,
    17.540764914336));
#529 = CARTESIAN_POINT('',(-16.05171326137,-9.599188033137,
    17.507330124065));
#530 = CARTESIAN_POINT('',(-15.70756910358,-10.1519715306,
    17.340201353155));
#531 = CARTESIAN_POINT('',(-15.54808005395,-10.39630300566,
    17.213507480956));
#532 = CARTESIAN_POINT('',(-15.40164436147,-10.61124678786,
    17.051710432719));
#533 = CARTESIAN_POINT('',(-15.27144130076,-10.79601385056,
    16.863192406575));
#534 = CARTESIAN_POINT('',(-15.15908609597,-10.95153854076,
    16.655230957656));
#535 = CARTESIAN_POINT('',(-15.06511618598,-11.07918168127,
    16.434207540192));
#536 = CARTESIAN_POINT('',(-14.89493521939,-11.30733938671,
    15.918735487716));
#537 = CARTESIAN_POINT('',(-14.8283197356,-11.39403867414,
    15.617743206661));
#538 = CARTESIAN_POINT('',(-14.78944334119,-11.44383972779,
    15.308364800152));
#539 = CARTESIAN_POINT('',(-14.77801265074,-11.45843091617,
    14.995458670643));
#540 = CARTESIAN_POINT('',(-14.79394664877,-11.43819511603,
    14.683263232477));
#541 = CARTESIAN_POINT('',(-14.83744225719,-11.38219171095,
    14.376072170275));
#542 = CARTESIAN_POINT('',(-14.9718502092,-11.20466892839,
    13.816469881773));
#543 = CARTESIAN_POINT('',(-15.05690076776,-11.09122194162,
    13.560912789147));
#544 = CARTESIAN_POINT('',(-15.1642784551,-10.94564980001,
    13.317230211473));
#545 = CARTESIAN_POINT('',(-15.29383401049,-10.76596708634,
    13.092089493547));
#546 = CARTESIAN_POINT('',(-15.44438301319,-10.55014883168,
    12.893714528248));
#547 = CARTESIAN_POINT('',(-15.61307055292,-10.29743202439,
    12.732496478868));
#548 = CARTESIAN_POINT('',(-15.95369352739,-9.760015114898,
    12.525873430285));
#549 = CARTESIAN_POINT('',(-16.12099893774,-9.485779265696,
    12.469486465026));
#550 = CARTESIAN_POINT('',(-16.28810356674,-9.198519470202,
    12.46302816457));
#551 = CARTESIAN_POINT('',(-16.44663555865,-8.910905306848,
    12.50887809918));
#552 = CARTESIAN_POINT('',(-16.5903663721,-8.636258777924,
    12.602735221937));
#553 = CARTESIAN_POINT('',(-16.71596426244,-8.386061038092,
    12.734462914492));
#554 = CARTESIAN_POINT('',(-16.97317769789,-7.856228020569,
    13.107618789443));
#555 = CARTESIAN_POINT('',(-17.08886241515,-7.6009036099,13.376257828883
    ));
#556 = CARTESIAN_POINT('',(-17.17516202917,-7.400714745004,
    13.676587168397));
#557 = CARTESIAN_POINT('',(-17.23756202717,-7.251355851692,
    13.996096936644));
#558 = CARTESIAN_POINT('',(-17.27770434549,-7.153573899926,
    14.327245141162));
#559 = CARTESIAN_POINT('',(-17.29790887568,-7.104389384631,
    14.663422300223));
#560 = CARTESIAN_POINT('',(-17.29790887568,-7.104389384631,15.));
#561 = PCURVE('',#71,#562);
#562 = DEFINITIONAL_REPRESENTATION('',(#563),#816);
#563 = B_SPLINE_CURVE_WITH_KNOTS('',11,(#564,#565,#566,#567,#568,#569,
    #570,#571,#572,#573,#574,#575,#576,#577,#578,#579,#580,#581,#582,
    #583,#584,#585,#586,#587,#588,#589,#590,#591,#592,#593,#594,#595,
    #596,#597,#598,#599,#600,#601,#602,#603,#604,#605,#606,#607,#608,
    #609,#610,#611,#612,#613,#614,#615,#616,#617,#618,#619,#620,#621,
    #622,#623,#624,#625,#626,#627,#628,#629,#630,#631,#632,#633,#634,
    #635,#636,#637,#638,#639,#640,#641,#642,#643,#644,#645,#646,#647,
    #648,#649,#650,#651,#652,#653,#654,#655,#656,#657,#658,#659,#660,
    #661,#662,#663,#664,#665,#666,#667,#668,#669,#670,#671,#672,#673,
    #674,#675,#676,#677,#678,#679,#680,#681,#682,#683,#684,#685,#686,
    #687,#688,#689,#690,#691,#692,#693,#694,#695,#696,#697,#698,#699,
    #700,#701,#702,#703,#704,#705,#706,#707,#708,#709,#710,#711,#712,
    #713,#714,#715,#716,#717,#718,#719,#720,#721,#722,#723,#724,#725,
    #726,#727,#728,#729,#730,#731,#732,#733,#734,#735,#736,#737,#738,
    #739,#740,#741,#742,#743,#744,#745,#746,#747,#748,#749,#750,#751,
    #752,#753,#754,#755,#756,#757,#758,#759,#760,#761,#762,#763,#764,
    #765,#766,#767,#768,#769,#770,#771,#772,#773,#774,#775,#776,#777,
    #778,#779,#780,#781,#782,#783,#784,#785,#786,#787,#788,#789,#790,
    #791,#792,#793,#794,#795,#796,#797,#798,#799,#800,#801,#802,#803,
    #804,#805,#806,#807,#808,#809,#810,#811,#812,#813,#814,#815),
  .UNSPECIFIED.,.F.,.F.,(12,10,10,10,10,10,10,10,10,10,10,10,10,10,10,10
    ,10,10,10,10,10,10,10,10,10,12),(6.6E-16,1.571925181009,
    1.768415828635,1.964906476261,2.357887771513,3.143850362018,
    3.53683165727,3.635076981083,3.733322304896,3.929812952522,
    4.715775543026,5.108756838279,5.501738133531,6.287700724035,
    7.07366331454,7.466644609792,7.859625905044,8.645588495548,
    8.842079143175,9.038569790801,9.431551086053,10.217513676557,
    10.414004324183,10.610494971809,11.003476267062,12.57540144807),
  .UNSPECIFIED.);
#564 = CARTESIAN_POINT('',(-3.531295837875,-5.));
#565 = CARTESIAN_POINT('',(-3.531295837875,-5.154092699588));
#566 = CARTESIAN_POINT('',(-3.531858087628,-5.308256189605));
#567 = CARTESIAN_POINT('',(-3.532980463338,-5.462071014708));
#568 = CARTESIAN_POINT('',(-3.534668801378,-5.615058848576));
#569 = CARTESIAN_POINT('',(-3.536930174245,-5.766702034512));
#570 = CARTESIAN_POINT('',(-3.539770650713,-5.916447167871));
#571 = CARTESIAN_POINT('',(-3.543196067818,-6.063697699954));
#572 = CARTESIAN_POINT('',(-3.547214340669,-6.207800541281));
#573 = CARTESIAN_POINT('',(-3.551837838008,-6.348031644131));
#574 = CARTESIAN_POINT('',(-3.557084349549,-6.483585542368));
#575 = CARTESIAN_POINT('',(-3.563711525556,-6.629822363758));
#576 = CARTESIAN_POINT('',(-3.564457941949,-6.64598405807));
#577 = CARTESIAN_POINT('',(-3.565214466244,-6.662057094876));
#578 = CARTESIAN_POINT('',(-3.565981142849,-6.678039658071));
#579 = CARTESIAN_POINT('',(-3.566758016148,-6.693929931534));
#580 = CARTESIAN_POINT('',(-3.567545130569,-6.709726099179));
#581 = CARTESIAN_POINT('',(-3.568342530482,-6.725426344871));
#582 = CARTESIAN_POINT('',(-3.569150260315,-6.741028852524));
#583 = CARTESIAN_POINT('',(-3.569968364449,-6.756531806016));
#584 = CARTESIAN_POINT('',(-3.570796887297,-6.771933389244));
#585 = CARTESIAN_POINT('',(-3.572474859212,-6.802530182953));
#586 = CARTESIAN_POINT('',(-3.573324136702,-6.817722922372));
#587 = CARTESIAN_POINT('',(-3.574185106482,-6.832826424535));
#588 = CARTESIAN_POINT('',(-3.575053034476,-6.847773764771));
#589 = CARTESIAN_POINT('',(-3.575937711329,-6.862696444583));
#590 = CARTESIAN_POINT('',(-3.576827753232,-6.87743447054));
#591 = CARTESIAN_POINT('',(-3.57772758891,-6.892048312432));
#592 = CARTESIAN_POINT('',(-3.578646885517,-6.906667793));
#593 = CARTESIAN_POINT('',(-3.579565462038,-6.921008219651));
#594 = CARTESIAN_POINT('',(-3.580501844663,-6.935330561542));
#595 = CARTESIAN_POINT('',(-3.583345585504,-6.977951865722));
#596 = CARTESIAN_POINT('',(-3.585290665951,-7.005951420959));
#597 = CARTESIAN_POINT('',(-3.587284378093,-7.033485282197));
#598 = CARTESIAN_POINT('',(-3.589325991064,-7.060504002472));
#599 = CARTESIAN_POINT('',(-3.591414664633,-7.086959734282));
#600 = CARTESIAN_POINT('',(-3.593549449253,-7.112806229637));
#601 = CARTESIAN_POINT('',(-3.595729285983,-7.137998839978));
#602 = CARTESIAN_POINT('',(-3.597953006587,-7.16249451628));
#603 = CARTESIAN_POINT('',(-3.600219333434,-7.186251808949));
#604 = CARTESIAN_POINT('',(-3.602526879578,-7.209230867904));
#605 = CARTESIAN_POINT('',(-3.60956868697,-7.275718591764));
#606 = CARTESIAN_POINT('',(-3.614422205209,-7.316778722014));
#607 = CARTESIAN_POINT('',(-3.619422928566,-7.354270148894));
#608 = CARTESIAN_POINT('',(-3.624557621506,-7.387917888289));
#609 = CARTESIAN_POINT('',(-3.629811727175,-7.417477301093));
#610 = CARTESIAN_POINT('',(-3.635169506925,-7.442735738385));
#611 = CARTESIAN_POINT('',(-3.640614179592,-7.463514185974));
#612 = CARTESIAN_POINT('',(-3.646128061067,-7.479668909696));
#613 = CARTESIAN_POINT('',(-3.651692703582,-7.491093099972));
#614 = CARTESIAN_POINT('',(-3.657289035227,-7.497718516968));
#615 = CARTESIAN_POINT('',(-3.665701731351,-7.500416444538));
#616 = CARTESIAN_POINT('',(-3.668509012027,-7.500109257933));
#617 = CARTESIAN_POINT('',(-3.6713168731,-7.498591791881));
#618 = CARTESIAN_POINT('',(-3.674122829285,-7.495862946963));
#619 = CARTESIAN_POINT('',(-3.67692437819,-7.491924307848));
#620 = CARTESIAN_POINT('',(-3.67971900041,-7.486780143527));
#621 = CARTESIAN_POINT('',(-3.682504159409,-7.480437407014));
#622 = CARTESIAN_POINT('',(-3.685277301642,-7.472905735654));
#623 = CARTESIAN_POINT('',(-3.68803585645,-7.464197450866));
#624 = CARTESIAN_POINT('',(-3.690777236136,-7.454327558314));
#625 = CARTESIAN_POINT('',(-3.694179235864,-7.440560295199));
#626 = CARTESIAN_POINT('',(-3.694858239217,-7.437736096208));
#627 = CARTESIAN_POINT('',(-3.695536540452,-7.434838103863));
#628 = CARTESIAN_POINT('',(-3.696212982263,-7.431871600921));
#629 = CARTESIAN_POINT('',(-3.696887759976,-7.428835946436));
#630 = CARTESIAN_POINT('',(-3.697561646118,-7.4257278087));
#631 = CARTESIAN_POINT('',(-3.69823463213,-7.422547181498));
#632 = CARTESIAN_POINT('',(-3.698905765771,-7.419298371447));
#633 = CARTESIAN_POINT('',(-3.699574345601,-7.415985039132));
#634 = CARTESIAN_POINT('',(-3.700241015498,-7.412605267361));
#635 = CARTESIAN_POINT('',(-3.701570354133,-7.405713781368));
#636 = CARTESIAN_POINT('',(-3.702232991321,-7.402202300292));
#637 = CARTESIAN_POINT('',(-3.702893580235,-7.3986255909));
#638 = CARTESIAN_POINT('',(-3.703552104706,-7.394984162905));
#639 = CARTESIAN_POINT('',(-3.704208548609,-7.391278526121));
#640 = CARTESIAN_POINT('',(-3.704862895757,-7.387509190213));
#641 = CARTESIAN_POINT('',(-3.705515130034,-7.383676665019));
#642 = CARTESIAN_POINT('',(-3.706165235258,-7.379781460214));
#643 = CARTESIAN_POINT('',(-3.706813195296,-7.375824085598));
#644 = CARTESIAN_POINT('',(-3.707458993987,-7.371805050895));
#645 = CARTESIAN_POINT('',(-3.709389857569,-7.359564495799));
#646 = CARTESIAN_POINT('',(-3.710668397681,-7.351159459176));
#647 = CARTESIAN_POINT('',(-3.711938118096,-7.342513737543));
#648 = CARTESIAN_POINT('',(-3.713198906219,-7.333631271085));
#649 = CARTESIAN_POINT('',(-3.714450654286,-7.324515958645));
#650 = CARTESIAN_POINT('',(-3.715693259361,-7.315171657694));
#651 = CARTESIAN_POINT('',(-3.71692662333,-7.305602184356));
#652 = CARTESIAN_POINT('',(-3.718150652918,-7.2958113134));
#653 = CARTESIAN_POINT('',(-3.719365259666,-7.28580277823));
#654 = CARTESIAN_POINT('',(-3.720570359954,-7.275580270902));
#655 = CARTESIAN_POINT('',(-3.726547935096,-7.223416126951));
#656 = CARTESIAN_POINT('',(-3.731176597966,-7.178320024513));
#657 = CARTESIAN_POINT('',(-3.735646819659,-7.130092465912));
#658 = CARTESIAN_POINT('',(-3.739954613327,-7.078957624038));
#659 = CARTESIAN_POINT('',(-3.744096945965,-7.025130878009));
#660 = CARTESIAN_POINT('',(-3.748071635256,-6.9688191778));
#661 = CARTESIAN_POINT('',(-3.751877246281,-6.910221408597));
#662 = CARTESIAN_POINT('',(-3.755512988399,-6.849528755503));
#663 = CARTESIAN_POINT('',(-3.75897861195,-6.786925067872));
#664 = CARTESIAN_POINT('',(-3.762274305111,-6.722587223968));
#665 = CARTESIAN_POINT('',(-3.766963733411,-6.623734631104));
#666 = CARTESIAN_POINT('',(-3.768484522881,-6.590392688551));
#667 = CARTESIAN_POINT('',(-3.769963039998,-6.556680916334));
#668 = CARTESIAN_POINT('',(-3.771399383398,-6.522620088645));
#669 = CARTESIAN_POINT('',(-3.772793669383,-6.488230505216));
#670 = CARTESIAN_POINT('',(-3.774146031975,-6.453531991406));
#671 = CARTESIAN_POINT('',(-3.775456622839,-6.418543898082));
#672 = CARTESIAN_POINT('',(-3.776725611367,-6.383285101749));
#673 = CARTESIAN_POINT('',(-3.777953184606,-6.347774004437));
#674 = CARTESIAN_POINT('',(-3.779139547307,-6.312028533778));
#675 = CARTESIAN_POINT('',(-3.781430296489,-6.240103752156));
#676 = CARTESIAN_POINT('',(-3.782534943167,-6.203917587217));
#677 = CARTESIAN_POINT('',(-3.783597826269,-6.167551532795));
#678 = CARTESIAN_POINT('',(-3.784618394397,-6.131090377631));
#679 = CARTESIAN_POINT('',(-3.785613252287,-6.093967782087));
#680 = CARTESIAN_POINT('',(-3.786546979532,-6.057356335981));
#681 = CARTESIAN_POINT('',(-3.787463803031,-6.019871561849));
#682 = CARTESIAN_POINT('',(-3.788327424919,-5.98266181152));
#683 = CARTESIAN_POINT('',(-3.789159105844,-5.945085485735));
#684 = CARTESIAN_POINT('',(-3.789950762189,-5.907405669892));
#685 = CARTESIAN_POINT('',(-3.792212217219,-5.793898330529));
#686 = CARTESIAN_POINT('',(-3.793567571771,-5.7176312699));
#687 = CARTESIAN_POINT('',(-3.794772023425,-5.640841409577));
#688 = CARTESIAN_POINT('',(-3.795826783088,-5.563598870682));
#689 = CARTESIAN_POINT('',(-3.796732892856,-5.485971503137));
#690 = CARTESIAN_POINT('',(-3.797491225584,-5.408025194895));
#691 = CARTESIAN_POINT('',(-3.798102484356,-5.329824180858));
#692 = CARTESIAN_POINT('',(-3.798567202092,-5.251431352203));
#693 = CARTESIAN_POINT('',(-3.798885741008,-5.172908565271));
#694 = CARTESIAN_POINT('',(-3.799058292207,-5.094316950842));
#695 = CARTESIAN_POINT('',(-3.799111458134,-4.937117495422));
#696 = CARTESIAN_POINT('',(-3.79899207292,-4.858509655282));
#697 = CARTESIAN_POINT('',(-3.798726736406,-4.779954411434));
#698 = CARTESIAN_POINT('',(-3.798315293944,-4.701512057523));
#699 = CARTESIAN_POINT('',(-3.79775741697,-4.623242779703));
#700 = CARTESIAN_POINT('',(-3.797052600663,-4.545206964281));
#701 = CARTESIAN_POINT('',(-3.796200161523,-4.467465505277));
#702 = CARTESIAN_POINT('',(-3.795199235057,-4.390080112083));
#703 = CARTESIAN_POINT('',(-3.794048773349,-4.313113617025));
#704 = CARTESIAN_POINT('',(-3.79274754273,-4.236630283003));
#705 = CARTESIAN_POINT('',(-3.7905674107,-4.12272902512));
#706 = CARTESIAN_POINT('',(-3.789802407302,-4.084889491914));
#707 = CARTESIAN_POINT('',(-3.789000347289,-4.047243641618));
#708 = CARTESIAN_POINT('',(-3.788158342944,-4.009682886886));
#709 = CARTESIAN_POINT('',(-3.78727697795,-3.972262596697));
#710 = CARTESIAN_POINT('',(-3.786356849063,-3.935031928296));
#711 = CARTESIAN_POINT('',(-3.785397135917,-3.897972172032));
#712 = CARTESIAN_POINT('',(-3.784397273266,-3.861082208724));
#713 = CARTESIAN_POINT('',(-3.783357746069,-3.824412447556));
#714 = CARTESIAN_POINT('',(-3.782277930387,-3.787952907186));
#715 = CARTESIAN_POINT('',(-3.780037588298,-3.71550093526));
#716 = CARTESIAN_POINT('',(-3.778877051326,-3.679507376376));
#717 = CARTESIAN_POINT('',(-3.777675947932,-3.643761311701));
#718 = CARTESIAN_POINT('',(-3.77643408897,-3.608278293621));
#719 = CARTESIAN_POINT('',(-3.775151296665,-3.573074359779));
#720 = CARTESIAN_POINT('',(-3.773827404584,-3.538166033071));
#721 = CARTESIAN_POINT('',(-3.772462257664,-3.503570321649));
#722 = CARTESIAN_POINT('',(-3.771055712191,-3.469304718925));
#723 = CARTESIAN_POINT('',(-3.769607635814,-3.43538720356));
#724 = CARTESIAN_POINT('',(-3.768117907536,-3.401836239476));
#725 = CARTESIAN_POINT('',(-3.763523438082,-3.30233984859));
#726 = CARTESIAN_POINT('',(-3.760293420526,-3.237550885101));
#727 = CARTESIAN_POINT('',(-3.756895580628,-3.17445628795));
#728 = CARTESIAN_POINT('',(-3.753329363332,-3.113216356143));
#729 = CARTESIAN_POINT('',(-3.749594517777,-3.053999970207));
#730 = CARTESIAN_POINT('',(-3.745691171925,-2.996985277112));
#731 = CARTESIAN_POINT('',(-3.74161990746,-2.942360375416));
#732 = CARTESIAN_POINT('',(-3.73738183439,-2.890324000155));
#733 = CARTESIAN_POINT('',(-3.732978665918,-2.841086207977));
#734 = CARTESIAN_POINT('',(-3.728412793113,-2.794869062082));
#735 = CARTESIAN_POINT('',(-3.722506001348,-2.741166881091));
#736 = CARTESIAN_POINT('',(-3.721314671876,-2.73062992402));
#737 = CARTESIAN_POINT('',(-3.720113420378,-2.720300114971));
#738 = CARTESIAN_POINT('',(-3.718902299363,-2.710181177466));
#739 = CARTESIAN_POINT('',(-3.717681364757,-2.700276889657));
#740 = CARTESIAN_POINT('',(-3.716450675902,-2.690591084324));
#741 = CARTESIAN_POINT('',(-3.715210295555,-2.681127648875));
#742 = CARTESIAN_POINT('',(-3.713960289891,-2.671890525348));
#743 = CARTESIAN_POINT('',(-3.712700728498,-2.662883710408));
#744 = CARTESIAN_POINT('',(-3.711431684385,-2.654111255347));
#745 = CARTESIAN_POINT('',(-3.708874783559,-2.637043276831));
#746 = CARTESIAN_POINT('',(-3.707586552856,-2.628745817036));
#747 = CARTESIAN_POINT('',(-3.706291908334,-2.620706574866));
#748 = CARTESIAN_POINT('',(-3.704978768991,-2.612862793665));
#749 = CARTESIAN_POINT('',(-3.703668991067,-2.605342639529));
#750 = CARTESIAN_POINT('',(-3.702348622957,-2.598065587394));
#751 = CARTESIAN_POINT('',(-3.701014728241,-2.591018149137));
#752 = CARTESIAN_POINT('',(-3.699682388785,-2.584290859611));
#753 = CARTESIAN_POINT('',(-3.698337999513,-2.577804302695));
#754 = CARTESIAN_POINT('',(-3.696989112097,-2.57160527722));
#755 = CARTESIAN_POINT('',(-3.692923592123,-2.553841904467));
#756 = CARTESIAN_POINT('',(-3.690189195852,-2.543118245973));
#757 = CARTESIAN_POINT('',(-3.687433446556,-2.533538483669));
#758 = CARTESIAN_POINT('',(-3.684659046769,-2.525124681516));
#759 = CARTESIAN_POINT('',(-3.681868705037,-2.517895661281));
#760 = CARTESIAN_POINT('',(-3.679065135796,-2.511867002488));
#761 = CARTESIAN_POINT('',(-3.676251059529,-2.507051042484));
#762 = CARTESIAN_POINT('',(-3.673429202603,-2.503456876367));
#763 = CARTESIAN_POINT('',(-3.670602297406,-2.501090357052));
#764 = CARTESIAN_POINT('',(-3.667773082255,-2.499954095221));
#765 = CARTESIAN_POINT('',(-3.659286739819,-2.500234187619));
#766 = CARTESIAN_POINT('',(-3.653630814655,-2.505340084027));
#767 = CARTESIAN_POINT('',(-3.647998164758,-2.51536205296));
#768 = CARTESIAN_POINT('',(-3.642410179361,-2.530247455149));
#769 = CARTESIAN_POINT('',(-3.636887779496,-2.549895519437));
#770 = CARTESIAN_POINT('',(-3.631451199422,-2.574158754586));
#771 = CARTESIAN_POINT('',(-3.626119767975,-2.602844361014));
#772 = CARTESIAN_POINT('',(-3.620911690014,-2.635715642622));
#773 = CARTESIAN_POINT('',(-3.615843827764,-2.672493418528));
#774 = CARTESIAN_POINT('',(-3.610931482252,-2.712857434877));
#775 = CARTESIAN_POINT('',(-3.605002347785,-2.767345362037));
#776 = CARTESIAN_POINT('',(-3.603827084463,-2.77844460101));
#777 = CARTESIAN_POINT('',(-3.602662597044,-2.789739862868));
#778 = CARTESIAN_POINT('',(-3.601509090075,-2.801225367445));
#779 = CARTESIAN_POINT('',(-3.600366760294,-2.81289518503));
#780 = CARTESIAN_POINT('',(-3.599235796668,-2.824743236423));
#781 = CARTESIAN_POINT('',(-3.598116380346,-2.836763292865));
#782 = CARTESIAN_POINT('',(-3.597008684707,-2.84894897611));
#783 = CARTESIAN_POINT('',(-3.595912875321,-2.861293758363));
#784 = CARTESIAN_POINT('',(-3.594829109975,-2.873790962323));
#785 = CARTESIAN_POINT('',(-3.592685967337,-2.899076559995));
#786 = CARTESIAN_POINT('',(-3.591625952331,-2.911871850359));
#787 = CARTESIAN_POINT('',(-3.590576529039,-2.924827123646));
#788 = CARTESIAN_POINT('',(-3.589537882449,-2.937937173878));
#789 = CARTESIAN_POINT('',(-3.588510291709,-2.951195780357));
#790 = CARTESIAN_POINT('',(-3.587493758042,-2.964599828415));
#791 = CARTESIAN_POINT('',(-3.586488069509,-2.978148592836));
#792 = CARTESIAN_POINT('',(-3.585493056849,-2.991840908969));
#793 = CARTESIAN_POINT('',(-3.584508793717,-3.005672956082));
#794 = CARTESIAN_POINT('',(-3.583535495572,-3.01963937792));
#795 = CARTESIAN_POINT('',(-3.580647620912,-3.061942639535));
#796 = CARTESIAN_POINT('',(-3.578765368171,-3.090680144556));
#797 = CARTESIAN_POINT('',(-3.576925862596,-3.119932191731));
#798 = CARTESIAN_POINT('',(-3.575128854338,-3.149678585809));
#799 = CARTESIAN_POINT('',(-3.573374093544,-3.179899724744));
#800 = CARTESIAN_POINT('',(-3.571661330398,-3.210576599694));
#801 = CARTESIAN_POINT('',(-3.569990315065,-3.241690795022));
#802 = CARTESIAN_POINT('',(-3.568360797751,-3.273224488296));
#803 = CARTESIAN_POINT('',(-3.566772528651,-3.305160450288));
#804 = CARTESIAN_POINT('',(-3.565225257986,-3.337482044975));
#805 = CARTESIAN_POINT('',(-3.557692647958,-3.500937967798));
#806 = CARTESIAN_POINT('',(-3.552318654368,-3.637615077077));
#807 = CARTESIAN_POINT('',(-3.547581356187,-3.779171996584));
#808 = CARTESIAN_POINT('',(-3.543466652748,-3.924712983305));
#809 = CARTESIAN_POINT('',(-3.539962651708,-4.073460833319));
#810 = CARTESIAN_POINT('',(-3.537059437781,-4.224736433293));
#811 = CARTESIAN_POINT('',(-3.53474836099,-4.377938882013));
#812 = CARTESIAN_POINT('',(-3.533021505845,-4.532528921404));
#813 = CARTESIAN_POINT('',(-3.531872002,-4.688018416925));
#814 = CARTESIAN_POINT('',(-3.531295837875,-4.843968626813));
#815 = CARTESIAN_POINT('',(-3.531295837875,-5.));
#816 = ( GEOMETRIC_REPRESENTATION_CONTEXT(2) 
PARAMETRIC_REPRESENTATION_CONTEXT() REPRESENTATION_CONTEXT('2D SPACE',''
  ) );
#817 = PCURVE('',#818,#907);
#818 = B_SPLINE_SURFACE_WITH_KNOTS('',1,7,(
    (#819,#820,#821,#822,#823,#824,#825,#826,#827,#828,#829,#830,#831
      ,#832,#833,#834,#835,#836,#837,#838,#839,#840,#841,#842,#843,#844
      ,#845,#846,#847,#848,#849,#850,#851,#852,#853,#854,#855,#856,#857
      ,#858,#859,#860,#861,#862)
    ,(#863,#864,#865,#866,#867,#868,#869,#870,#871,#872,#873,#874,#875
      ,#876,#877,#878,#879,#880,#881,#882,#883,#884,#885,#886,#887,#888
      ,#889,#890,#891,#892,#893,#894,#895,#896,#897,#898,#899,#900,#901
      ,#902,#903,#904,#905,#906
    )),.UNSPECIFIED.,.F.,.T.,.F.,(2,2),(8,6,6,6,6,6,6,8),(0.,
    12.57540144807),(6.6E-16,1.936267114348,3.602108146265,
    5.178807706793,7.150905626065,8.892567050951,10.417604207518,
    12.57540144807),.UNSPECIFIED.);
#819 = CARTESIAN_POINT('',(-17.29790887568,-7.104389384631,15.));
#820 = CARTESIAN_POINT('',(-17.29790887568,-7.104389384631,
    15.298270366096));
#821 = CARTESIAN_POINT('',(-17.28203324223,-7.143037060553,
    15.59682202236));
#822 = CARTESIAN_POINT('',(-17.25042935698,-7.220013813948,
    15.89195937138));
#823 = CARTESIAN_POINT('',(-17.20142486441,-7.337750610408,
    16.178708318146));
#824 = CARTESIAN_POINT('',(-17.1346116862,-7.494199027229,16.45203749933
    ));
#825 = CARTESIAN_POINT('',(-17.04625548754,-7.693353220647,
    16.704394501555));
#826 = CARTESIAN_POINT('',(-16.83363049836,-8.14693528541,
    17.117848738398));
#827 = CARTESIAN_POINT('',(-16.71372413771,-8.39478990964,
    17.291110560851));
#828 = CARTESIAN_POINT('',(-16.57178576561,-8.676619408463,
    17.427912085742));
#829 = CARTESIAN_POINT('',(-16.40988692877,-8.981215294378,
    17.51394633261));
#830 = CARTESIAN_POINT('',(-16.23358942301,-9.293866936242,
    17.540764914336));
#831 = CARTESIAN_POINT('',(-16.05171326137,-9.599188033137,
    17.507330124065));
#832 = CARTESIAN_POINT('',(-15.70756910358,-10.1519715306,
    17.340201353155));
#833 = CARTESIAN_POINT('',(-15.54808005395,-10.39630300566,
    17.213507480956));
#834 = CARTESIAN_POINT('',(-15.40164436147,-10.61124678786,
    17.051710432719));
#835 = CARTESIAN_POINT('',(-15.27144130076,-10.79601385056,
    16.863192406575));
#836 = CARTESIAN_POINT('',(-15.15908609597,-10.95153854076,
    16.655230957656));
#837 = CARTESIAN_POINT('',(-15.06511618598,-11.07918168127,
    16.434207540192));
#838 = CARTESIAN_POINT('',(-14.89493521939,-11.30733938671,
    15.918735487716));
#839 = CARTESIAN_POINT('',(-14.8283197356,-11.39403867414,
    15.617743206661));
#840 = CARTESIAN_POINT('',(-14.78944334119,-11.44383972779,
    15.308364800152));
#841 = CARTESIAN_POINT('',(-14.77801265074,-11.45843091617,
    14.995458670643));
#842 = CARTESIAN_POINT('',(-14.79394664877,-11.43819511603,
    14.683263232477));
#843 = CARTESIAN_POINT('',(-14.83744225719,-11.38219171095,
    14.376072170275));
#844 = CARTESIAN_POINT('',(-14.9718502092,-11.20466892839,
    13.816469881773));
#845 = CARTESIAN_POINT('',(-15.05690076776,-11.09122194162,
    13.560912789147));
#846 = CARTESIAN_POINT('',(-15.1642784551,-10.94564980001,
    13.317230211473));
#847 = CARTESIAN_POINT('',(-15.29383401049,-10.76596708634,
    13.092089493547));
#848 = CARTESIAN_POINT('',(-15.44438301319,-10.55014883168,
    12.893714528248));
#849 = CARTESIAN_POINT('',(-15.61307055292,-10.29743202439,
    12.732496478868));
#850 = CARTESIAN_POINT('',(-15.95369352739,-9.760015114898,
    12.525873430285));
#851 = CARTESIAN_POINT('',(-16.12099893774,-9.485779265696,
    12.469486465026));
#852 = CARTESIAN_POINT('',(-16.28810356674,-9.198519470202,
    12.46302816457));
#853 = CARTESIAN_POINT('',(-16.44663555865,-8.910905306848,
    12.50887809918));
#854 = CARTESIAN_POINT('',(-16.5903663721,-8.636258777924,
    12.602735221937));
#855 = CARTESIAN_POINT('',(-16.71596426244,-8.386061038092,
    12.734462914492));
#856 = CARTESIAN_POINT('',(-16.97317769789,-7.856228020569,
    13.107618789443));
#857 = CARTESIAN_POINT('',(-17.08886241515,-7.6009036099,13.376257828883
    ));
#858 = CARTESIAN_POINT('',(-17.17516202917,-7.400714745004,
    13.676587168397));
#859 = CARTESIAN_POINT('',(-17.23756202717,-7.251355851692,
    13.996096936644));
#860 = CARTESIAN_POINT('',(-17.27770434549,-7.153573899926,
    14.327245141162));
#861 = CARTESIAN_POINT('',(-17.29790887568,-7.104389384631,
    14.663422300223));
#862 = CARTESIAN_POINT('',(-17.29790887568,-7.104389384631,15.));
#863 = CARTESIAN_POINT('',(-16.66877291337,-7.314319451839,15.));
#864 = CARTESIAN_POINT('',(-16.66877291337,-7.314319451839,
    15.244754259792));
#865 = CARTESIAN_POINT('',(-16.65450182215,-7.346353625773,
    15.489829557494));
#866 = CARTESIAN_POINT('',(-16.62567417598,-7.410982345459,
    15.730799380491));
#867 = CARTESIAN_POINT('',(-16.58259662754,-7.50691137897,
    15.964211701475));
#868 = CARTESIAN_POINT('',(-16.52247522749,-7.637919142449,16.1837662028
    ));
#869 = CARTESIAN_POINT('',(-16.44768586653,-7.79678320475,
    16.382765981541));
#870 = CARTESIAN_POINT('',(-16.26935179217,-8.160286683168,
    16.708110576964));
#871 = CARTESIAN_POINT('',(-16.17141118998,-8.355221632821,
    16.841030278179));
#872 = CARTESIAN_POINT('',(-16.05629140994,-8.577166181569,
    16.94544421727));
#873 = CARTESIAN_POINT('',(-15.92846315202,-8.813595049497,
    17.01092515058));
#874 = CARTESIAN_POINT('',(-15.79185084298,-9.05465904208,
    17.031079919852));
#875 = CARTESIAN_POINT('',(-15.65006998417,-9.294243808675,
    17.005523238139));
#876 = CARTESIAN_POINT('',(-15.38449163872,-9.727261023937,
    16.878624607421));
#877 = CARTESIAN_POINT('',(-15.25996099352,-9.922783039258,
    16.781509950819));
#878 = CARTESIAN_POINT('',(-15.14643984641,-10.09509295116,
    16.656670439664));
#879 = CARTESIAN_POINT('',(-15.04451453992,-10.24570352523,
    16.509292313417));
#880 = CARTESIAN_POINT('',(-14.95513400658,-10.37527851039,
    16.344628354016));
#881 = CARTESIAN_POINT('',(-14.8805513846,-10.48178833568,
    16.168151315699));
#882 = CARTESIAN_POINT('',(-14.74433016192,-10.67439297979,
    15.752082725636));
#883 = CARTESIAN_POINT('',(-14.69074561374,-10.74845563923,
    15.507460473592));
#884 = CARTESIAN_POINT('',(-14.65892350525,-10.7919575523,15.25373718156
    ));
#885 = CARTESIAN_POINT('',(-14.64957352571,-10.80470041536,
    14.996055297936));
#886 = CARTESIAN_POINT('',(-14.66277377991,-10.7867544512,14.73939801577
    ));
#887 = CARTESIAN_POINT('',(-14.69792194399,-10.73856881376,
    14.488218370572));
#888 = CARTESIAN_POINT('',(-14.80603226163,-10.5874422592,14.03338552202
    ));
#889 = CARTESIAN_POINT('',(-14.87403461331,-10.49166649693,
    13.827455984856));
#890 = CARTESIAN_POINT('',(-14.95983855073,-10.36928563937,
    13.63274313315));
#891 = CARTESIAN_POINT('',(-15.0620329262,-10.22094360662,
    13.455254243278));
#892 = CARTESIAN_POINT('',(-15.17955466719,-10.04584902683,
    13.301148605756));
#893 = CARTESIAN_POINT('',(-15.31107257008,-9.842981537452,
    13.177107569229));
#894 = CARTESIAN_POINT('',(-15.57445265405,-9.419664926599,
    13.019520567266));
#895 = CARTESIAN_POINT('',(-15.70433738805,-9.204367798967,
    12.976722259799));
#896 = CARTESIAN_POINT('',(-15.83345646718,-8.982078566295,
    12.97191267852));
#897 = CARTESIAN_POINT('',(-15.95753585432,-8.759082604374,
    13.006747625293));
#898 = CARTESIAN_POINT('',(-16.07222431051,-8.544444761394,
    13.077897364781));
#899 = CARTESIAN_POINT('',(-16.17337780761,-8.348779385488,
    13.178215380891));
#900 = CARTESIAN_POINT('',(-16.38527884691,-7.928184596946,
    13.468689244662));
#901 = CARTESIAN_POINT('',(-16.48240427411,-7.725120086761,
    13.679096331833));
#902 = CARTESIAN_POINT('',(-16.55905730183,-7.559159760004,
    13.918312952331));
#903 = CARTESIAN_POINT('',(-16.61409560119,-7.436973211427,
    14.17777974639));
#904 = CARTESIAN_POINT('',(-16.65058554747,-7.355138999089,
    14.447846324311));
#905 = CARTESIAN_POINT('',(-16.66877291337,-7.314319451839,
    14.723810551086));
#906 = CARTESIAN_POINT('',(-16.66877291337,-7.314319451839,15.));
#907 = DEFINITIONAL_REPRESENTATION('',(#908),#912);
#908 = LINE('',#909,#910);
#909 = CARTESIAN_POINT('',(0.,0.));
#910 = VECTOR('',#911,1.);
#911 = DIRECTION('',(0.,1.));
#912 = ( GEOMETRIC_REPRESENTATION_CONTEXT(2) 
PARAMETRIC_REPRESENTATION_CONTEXT() REPRESENTATION_CONTEXT('2D SPACE',''
  ) );
#913 = FACE_BOUND('',#914,.F.);
#914 = EDGE_LOOP('',(#915));
#915 = ORIENTED_EDGE('',*,*,#916,.F.);
#916 = EDGE_CURVE('',#917,#917,#919,.T.);
#917 = VERTEX_POINT('',#918);
#918 = CARTESIAN_POINT('',(14.80153612331,-11.42823382637,15.));
#919 = SURFACE_CURVE('',#920,(#1053,#1189),.PCURVE_S1.);
#920 = B_SPLINE_CURVE_WITH_KNOTS('',14,(#921,#922,#923,#924,#925,#926,
    #927,#928,#929,#930,#931,#932,#933,#934,#935,#936,#937,#938,#939,
    #940,#941,#942,#943,#944,#945,#946,#947,#948,#949,#950,#951,#952,
    #953,#954,#955,#956,#957,#958,#959,#960,#961,#962,#963,#964,#965,
    #966,#967,#968,#969,#970,#971,#972,#973,#974,#975,#976,#977,#978,
    #979,#980,#981,#982,#983,#984,#985,#986,#987,#988,#989,#990,#991,
    #992,#993,#994,#995,#996,#997,#998,#999,#1000,#1001,#1002,#1003,
    #1004,#1005,#1006,#1007,#1008,#1009,#1010,#1011,#1012,#1013,#1014,
    #1015,#1016,#1017,#1018,#1019,#1020,#1021,#1022,#1023,#1024,#1025,
    #1026,#1027,#1028,#1029,#1030,#1031,#1032,#1033,#1034,#1035,#1036,
    #1037,#1038,#1039,#1040,#1041,#1042,#1043,#1044,#1045,#1046,#1047,
    #1048,#1049,#1050,#1051,#1052),.UNSPECIFIED.,.T.,.F.,(15,13,13,13,13
    ,13,13,13,13,13,15),(-1.8E-16,0.242033389294,0.484066778588,
    0.968133557175,1.936267114351,3.602108146265,5.178807706793,
    7.150905626063,8.892567050951,10.417604207518,12.57540144807),
  .UNSPECIFIED.);
#921 = CARTESIAN_POINT('',(14.80153612331,-11.42823382637,15.));
#922 = CARTESIAN_POINT('',(14.801536123311,-11.42823382637,
    15.018876435633));
#923 = CARTESIAN_POINT('',(14.801628035086,-11.42811478474,
    15.035796562099));
#924 = CARTESIAN_POINT('',(14.801811878238,-11.42787667615,
    15.061137928309));
#925 = CARTESIAN_POINT('',(14.802087668161,-11.42751947233,
    15.062258444436));
#926 = CARTESIAN_POINT('',(14.802455437566,-11.42704311478,
    15.114322197147));
#927 = CARTESIAN_POINT('',(14.802915185825,-11.42644757942,
    15.084764987722));
#928 = CARTESIAN_POINT('',(14.803466969696,-11.42573276022,
    15.156828447579));
#929 = CARTESIAN_POINT('',(14.804110774431,-11.42489863507,
    15.129776815975));
#930 = CARTESIAN_POINT('',(14.804846660042,-11.42394507704,
    15.178310633025));
#931 = CARTESIAN_POINT('',(14.805674627155,-11.42287202772,
    15.182277391434));
#932 = CARTESIAN_POINT('',(14.806594715683,-11.42167936958,
    15.206043395984));
#933 = CARTESIAN_POINT('',(14.807606946585,-11.42036700125,
    15.223479456837));
#934 = CARTESIAN_POINT('',(14.808711348575,-11.41893480302,
    15.242220793899));
#935 = CARTESIAN_POINT('',(14.811104548461,-11.4158304952,
    15.279416792887));
#936 = CARTESIAN_POINT('',(14.812393350828,-11.41415847398,
    15.298006847688));
#937 = CARTESIAN_POINT('',(14.813774381263,-11.41236641404,
    15.316588124049));
#938 = CARTESIAN_POINT('',(14.815247666246,-11.4104541446,
    15.335159788488));
#939 = CARTESIAN_POINT('',(14.816813230306,-11.40842149342,
    15.353721006907));
#940 = CARTESIAN_POINT('',(14.818471101552,-11.40626829094,
    15.37227094633));
#941 = CARTESIAN_POINT('',(14.820221302724,-11.40399436358,
    15.39080877211));
#942 = CARTESIAN_POINT('',(14.822063863283,-11.4015995428,
    15.409333651678));
#943 = CARTESIAN_POINT('',(14.823998805587,-11.39908365473,
    15.427844750287));
#944 = CARTESIAN_POINT('',(14.826026158361,-11.39644653027,
    15.446341235123));
#945 = CARTESIAN_POINT('',(14.828145945493,-11.39368799671,
    15.464822271917));
#946 = CARTESIAN_POINT('',(14.830358193964,-11.39080788363,
    15.483287027324));
#947 = CARTESIAN_POINT('',(14.832662929117,-11.38780601941,
    15.501734667513));
#948 = CARTESIAN_POINT('',(14.839854672737,-11.37843465999,
    15.557023741544));
#949 = CARTESIAN_POINT('',(14.845019506489,-11.37170028313,
    15.593812703491));
#950 = CARTESIAN_POINT('',(14.850554693403,-11.36447679149,
    15.630523351782));
#951 = CARTESIAN_POINT('',(14.856460247799,-11.35676187342,
    15.667147793288));
#952 = CARTESIAN_POINT('',(14.862736185823,-11.34855321901,
    15.703678135344));
#953 = CARTESIAN_POINT('',(14.869382520435,-11.33984851527,
    15.740106484469));
#954 = CARTESIAN_POINT('',(14.876399269134,-11.33064545368,
    15.776424948361));
#955 = CARTESIAN_POINT('',(14.883786444072,-11.32094172031,
    15.812625633304));
#956 = CARTESIAN_POINT('',(14.891544062644,-11.31073500673,15.848700647)
  );
#957 = CARTESIAN_POINT('',(14.899672137958,-11.30002299981,
    15.884642095957));
#958 = CARTESIAN_POINT('',(14.908170686037,-11.2888033898,
    15.920442087526));
#959 = CARTESIAN_POINT('',(14.917039721272,-11.27707386491,
    15.956092728565));
#960 = CARTESIAN_POINT('',(14.926279258787,-11.26483211436,
    15.991586126163));
#961 = CARTESIAN_POINT('',(14.955109422807,-11.22656325222,
    16.097570909663));
#962 = CARTESIAN_POINT('',(14.97581278535,-11.19898419812,
    16.167557394812));
#963 = CARTESIAN_POINT('',(14.997995063713,-11.16931908507,
    16.236806850958));
#964 = CARTESIAN_POINT('',(15.021654217025,-11.13754279977,
    16.305247986349));
#965 = CARTESIAN_POINT('',(15.046790056928,-11.10362506655,
    16.372805309458));
#966 = CARTESIAN_POINT('',(15.073403793334,-11.06753081239,
    16.439399225636));
#967 = CARTESIAN_POINT('',(15.101497598,-11.02922054287,16.504946139775)
  );
#968 = CARTESIAN_POINT('',(15.131074142297,-10.98865070243,
    16.56935855042));
#969 = CARTESIAN_POINT('',(15.162136166555,-10.94577405354,
    16.632545154119));
#970 = CARTESIAN_POINT('',(15.194686016506,-10.90054003658,
    16.694410939374));
#971 = CARTESIAN_POINT('',(15.22872520903,-10.85289514648,
    16.754857289589));
#972 = CARTESIAN_POINT('',(15.264253975605,-10.80278329693,
    16.813782079384));
#973 = CARTESIAN_POINT('',(15.30127082017,-10.75014619241,
    16.871079775064));
#974 = CARTESIAN_POINT('',(15.406020119254,-10.59990385145,
    17.022245135648));
#975 = CARTESIAN_POINT('',(15.4773910433,-10.49617718128,17.113707496154
    ));
#976 = CARTESIAN_POINT('',(15.553520223882,-10.3839034797,
    17.199248334193));
#977 = CARTESIAN_POINT('',(15.633872447527,-10.26344311398,
    17.27723450001));
#978 = CARTESIAN_POINT('',(15.717779575812,-10.13534692717,
    17.346197289291));
#979 = CARTESIAN_POINT('',(15.804475277487,-10.00034461984,
    17.404849527136));
#980 = CARTESIAN_POINT('',(15.893126831241,-9.85933161755,17.45210242473
    ));
#981 = CARTESIAN_POINT('',(15.982863982418,-9.713354412685,
    17.487082202193));
#982 = CARTESIAN_POINT('',(16.072804877748,-9.563594396829,
    17.509146487157));
#983 = CARTESIAN_POINT('',(16.162079048887,-9.411350164388,
    17.517900477329));
#984 = CARTESIAN_POINT('',(16.249847474829,-9.258018306901,
    17.51321287922));
#985 = CARTESIAN_POINT('',(16.335319696864,-9.105072681409,
    17.495231612364));
#986 = CARTESIAN_POINT('',(16.417768005679,-8.95404216497,
    17.464399286925));
#987 = CARTESIAN_POINT('',(16.571094242025,-8.666827498995,
    17.380834901469));
#988 = CARTESIAN_POINT('',(16.641667095497,-8.531559988172,
    17.329718251099));
#989 = CARTESIAN_POINT('',(16.708097109942,-8.40135425098,
    17.269111152484));
#990 = CARTESIAN_POINT('',(16.770314068702,-8.276746649086,
    17.199938378224));
#991 = CARTESIAN_POINT('',(16.828318151949,-8.158156823799,
    17.123065597038));
#992 = CARTESIAN_POINT('',(16.882162702211,-8.045903265966,
    17.039306686313));
#993 = CARTESIAN_POINT('',(16.931939271033,-7.940217643514,
    16.949429580899));
#994 = CARTESIAN_POINT('',(16.977764962784,-7.841257884874,
    16.854160656808));
#995 = CARTESIAN_POINT('',(17.019772052829,-7.749120020242,
    16.754187651181));
#996 = CARTESIAN_POINT('',(17.058099907962,-7.663848778933,
    16.650161117483));
#997 = CARTESIAN_POINT('',(17.092889179676,-7.585446944057,
    16.542694416424));
#998 = CARTESIAN_POINT('',(17.124278296939,-7.51388346387,
    16.432362242635));
#999 = CARTESIAN_POINT('',(17.152402237831,-7.449100320012,
    16.319697686751));
#1000 = CARTESIAN_POINT('',(17.208652180675,-7.318370373495,
    16.061961660514));
#1001 = CARTESIAN_POINT('',(17.235124353021,-7.255935335899,
    15.915380117996));
#1002 = CARTESIAN_POINT('',(17.257065482433,-7.203541564775,
    15.76603491825));
#1003 = CARTESIAN_POINT('',(17.274684074146,-7.16104153893,
    15.614472479833));
#1004 = CARTESIAN_POINT('',(17.288145080657,-7.12831328065,
    15.461201012067));
#1005 = CARTESIAN_POINT('',(17.297572521232,-7.105261746706,
    15.306697599717));
#1006 = CARTESIAN_POINT('',(17.303051400975,-7.09182001686,
    15.151415286694));
#1007 = CARTESIAN_POINT('',(17.304628939456,-7.087950286052,
    14.99579016022));
#1008 = CARTESIAN_POINT('',(17.302315095112,-7.093644651948,
    14.840248433631));
#1009 = CARTESIAN_POINT('',(17.296082401556,-7.108925707458,
    14.685213529797));
#1010 = CARTESIAN_POINT('',(17.285865099662,-7.133846928658,
    14.531113163312));
#1011 = CARTESIAN_POINT('',(17.271557579226,-7.168492866327,
    14.378386422936));
#1012 = CARTESIAN_POINT('',(17.253012120133,-7.212979135047,
    14.227490853272));
#1013 = CARTESIAN_POINT('',(17.209744488413,-7.315560181147,
    13.947689709021));
#1014 = CARTESIAN_POINT('',(17.185959239538,-7.371552039265,
    13.818058165282));
#1015 = CARTESIAN_POINT('',(17.158534245989,-7.435546523714,
    13.690494900538));
#1016 = CARTESIAN_POINT('',(17.127313903802,-7.507649390375,
    13.565538490414));
#1017 = CARTESIAN_POINT('',(17.092130059519,-7.587948105936,
    13.443784844036));
#1018 = CARTESIAN_POINT('',(17.052801650477,-7.676504927259,
    13.32588765808));
#1019 = CARTESIAN_POINT('',(17.009136868765,-7.773348357781,
    13.212560571357));
#1020 = CARTESIAN_POINT('',(16.960937863418,-7.878462983773,
    13.104581020089));
#1021 = CARTESIAN_POINT('',(16.908007960232,-7.991777686459,
    13.002795793779));
#1022 = CARTESIAN_POINT('',(16.850161424309,-8.113152234892,
    12.908128291667));
#1023 = CARTESIAN_POINT('',(16.787235738933,-8.24236225439,
    12.82158747989));
#1024 = CARTESIAN_POINT('',(16.719106424699,-8.379082575291,
    12.74427854916));
#1025 = CARTESIAN_POINT('',(16.645704380303,-8.522868958297,
    12.677415273143));
#1026 = CARTESIAN_POINT('',(16.498151775905,-8.804717260173,
    12.574103748852));
#1027 = CARTESIAN_POINT('',(16.42555828433,-8.94064644552,
    12.535121200716));
#1028 = CARTESIAN_POINT('',(16.349706733127,-9.0797226351,
    12.506334018493));
#1029 = CARTESIAN_POINT('',(16.271121690205,-9.220705206184,
    12.488428419221));
#1030 = CARTESIAN_POINT('',(16.190396074269,-9.362343332494,
    12.481837578705));
#1031 = CARTESIAN_POINT('',(16.108183290347,-9.503401643949,
    12.486750085584));
#1032 = CARTESIAN_POINT('',(16.025186273425,-9.642684246876,
    12.503118512909));
#1033 = CARTESIAN_POINT('',(15.942143431707,-9.77905710484,
    12.53066810632));
#1034 = CARTESIAN_POINT('',(15.859811499476,-9.91146877949,
    12.568905589857));
#1035 = CARTESIAN_POINT('',(15.778945289697,-10.03896953257,
    12.617128088453));
#1036 = CARTESIAN_POINT('',(15.700274354566,-10.16072878755,
    12.674432167814));
#1037 = CARTESIAN_POINT('',(15.624476548266,-10.27605095247,
    12.739722991269));
#1038 = CARTESIAN_POINT('',(15.552148495284,-10.38438960267,
    12.811723593785));
#1039 = CARTESIAN_POINT('',(15.387027427677,-10.6282245417,
    12.99830153126));
#1040 = CARTESIAN_POINT('',(15.297254816395,-10.75773192242,
    13.11915829477));
#1041 = CARTESIAN_POINT('',(15.214728227784,-10.87434994597,
    13.249793580612));
#1042 = CARTESIAN_POINT('',(15.13958697672,-10.97861766648,
    13.388649355211));
#1043 = CARTESIAN_POINT('',(15.071902469257,-11.07106261498,
    13.534361760004));
#1044 = CARTESIAN_POINT('',(15.011716985669,-11.15215576235,
    13.685744881085));
#1045 = CARTESIAN_POINT('',(14.959061681278,-11.22229521161,
    13.841769474343));
#1046 = CARTESIAN_POINT('',(14.913960109396,-11.28180960253,
    14.001539062795));
#1047 = CARTESIAN_POINT('',(14.876423578217,-11.33097218941,
    14.164265814848));
#1048 = CARTESIAN_POINT('',(14.84644464479,-11.37001658189,
    14.329248622581));
#1049 = CARTESIAN_POINT('',(14.823995058241,-11.39914510591,
    14.495855787532));
#1050 = CARTESIAN_POINT('',(14.809034455911,-11.41852077391,
    14.6635147327));
#1051 = CARTESIAN_POINT('',(14.801536123311,-11.42823382637,
    14.83171115011));
#1052 = CARTESIAN_POINT('',(14.80153612331,-11.42823382637,15.));
#1053 = PCURVE('',#71,#1054);
#1054 = DEFINITIONAL_REPRESENTATION('',(#1055),#1188);
#1055 = B_SPLINE_CURVE_WITH_KNOTS('',14,(#1056,#1057,#1058,#1059,#1060,
    #1061,#1062,#1063,#1064,#1065,#1066,#1067,#1068,#1069,#1070,#1071,
    #1072,#1073,#1074,#1075,#1076,#1077,#1078,#1079,#1080,#1081,#1082,
    #1083,#1084,#1085,#1086,#1087,#1088,#1089,#1090,#1091,#1092,#1093,
    #1094,#1095,#1096,#1097,#1098,#1099,#1100,#1101,#1102,#1103,#1104,
    #1105,#1106,#1107,#1108,#1109,#1110,#1111,#1112,#1113,#1114,#1115,
    #1116,#1117,#1118,#1119,#1120,#1121,#1122,#1123,#1124,#1125,#1126,
    #1127,#1128,#1129,#1130,#1131,#1132,#1133,#1134,#1135,#1136,#1137,
    #1138,#1139,#1140,#1141,#1142,#1143,#1144,#1145,#1146,#1147,#1148,
    #1149,#1150,#1151,#1152,#1153,#1154,#1155,#1156,#1157,#1158,#1159,
    #1160,#1161,#1162,#1163,#1164,#1165,#1166,#1167,#1168,#1169,#1170,
    #1171,#1172,#1173,#1174,#1175,#1176,#1177,#1178,#1179,#1180,#1181,
    #1182,#1183,#1184,#1185,#1186,#1187),.UNSPECIFIED.,.F.,.F.,(15,13,13
    ,13,13,13,13,13,13,13,15),(-1.8E-16,0.242033389294,0.484066778588,
    0.968133557175,1.936267114351,3.602108146265,5.178807706793,
    7.150905626063,8.892567050951,10.417604207518,12.57540144807),
  .UNSPECIFIED.);
#1056 = CARTESIAN_POINT('',(-5.625690940268,-5.));
#1057 = CARTESIAN_POINT('',(-5.625690940268,-5.018876435633));
#1058 = CARTESIAN_POINT('',(-5.625698982787,-5.035796562101));
#1059 = CARTESIAN_POINT('',(-5.625715069533,-5.061137928305));
#1060 = CARTESIAN_POINT('',(-5.625739202225,-5.062258444441));
#1061 = CARTESIAN_POINT('',(-5.625771384354,-5.114322197139));
#1062 = CARTESIAN_POINT('',(-5.625811617034,-5.08476498773));
#1063 = CARTESIAN_POINT('',(-5.625859906415,-5.156828447573));
#1064 = CARTESIAN_POINT('',(-5.625916253208,-5.129776815979));
#1065 = CARTESIAN_POINT('',(-5.625980664475,-5.178310633024));
#1066 = CARTESIAN_POINT('',(-5.62605314294,-5.182277391434));
#1067 = CARTESIAN_POINT('',(-5.626133694728,-5.206043395984));
#1068 = CARTESIAN_POINT('',(-5.626222324899,-5.223479456836));
#1069 = CARTESIAN_POINT('',(-5.626319039428,-5.2422207939));
#1070 = CARTESIAN_POINT('',(-5.626528649629,-5.279416792886));
#1071 = CARTESIAN_POINT('',(-5.626641541697,-5.298006847695));
#1072 = CARTESIAN_POINT('',(-5.626762528775,-5.316588124028));
#1073 = CARTESIAN_POINT('',(-5.626891619158,-5.335159788533));
#1074 = CARTESIAN_POINT('',(-5.627028820544,-5.353721006831));
#1075 = CARTESIAN_POINT('',(-5.62717414174,-5.372270946431));
#1076 = CARTESIAN_POINT('',(-5.627327589871,-5.390808772));
#1077 = CARTESIAN_POINT('',(-5.627489174191,-5.409333651776));
#1078 = CARTESIAN_POINT('',(-5.627658901677,-5.427844750216));
#1079 = CARTESIAN_POINT('',(-5.627836781376,-5.446341235163));
#1080 = CARTESIAN_POINT('',(-5.628022820735,-5.464822271899));
#1081 = CARTESIAN_POINT('',(-5.628217028245,-5.48328702733));
#1082 = CARTESIAN_POINT('',(-5.628419411831,-5.501734667512));
#1083 = CARTESIAN_POINT('',(-5.629051115337,-5.557023741545));
#1084 = CARTESIAN_POINT('',(-5.629504958468,-5.593812703486));
#1085 = CARTESIAN_POINT('',(-5.629991608359,-5.630523351793));
#1086 = CARTESIAN_POINT('',(-5.630511163894,-5.667147793266));
#1087 = CARTESIAN_POINT('',(-5.631063724884,-5.703678135376));
#1088 = CARTESIAN_POINT('',(-5.63164938947,-5.740106484431));
#1089 = CARTESIAN_POINT('',(-5.632268258274,-5.776424948395));
#1090 = CARTESIAN_POINT('',(-5.632920428838,-5.812625633279));
#1091 = CARTESIAN_POINT('',(-5.633606001927,-5.848700647013));
#1092 = CARTESIAN_POINT('',(-5.634325075452,-5.884642095951));
#1093 = CARTESIAN_POINT('',(-5.635077749459,-5.920442087528));
#1094 = CARTESIAN_POINT('',(-5.635864122657,-5.956092728564));
#1095 = CARTESIAN_POINT('',(-5.636684294442,-5.991586126163));
#1096 = CARTESIAN_POINT('',(-5.639246502913,-6.097570909662));
#1097 = CARTESIAN_POINT('',(-5.641090630001,-6.167557394815));
#1098 = CARTESIAN_POINT('',(-5.643071451351,-6.23680685095));
#1099 = CARTESIAN_POINT('',(-5.645189984285,-6.305247986365));
#1100 = CARTESIAN_POINT('',(-5.647447529802,-6.372805309433));
#1101 = CARTESIAN_POINT('',(-5.649845642957,-6.439399225667));
#1102 = CARTESIAN_POINT('',(-5.65238610698,-6.504946139743));
#1103 = CARTESIAN_POINT('',(-5.655070902022,-6.569358550448));
#1104 = CARTESIAN_POINT('',(-5.657902180347,-6.6325451541));
#1105 = CARTESIAN_POINT('',(-5.660882235001,-6.694410939385));
#1106 = CARTESIAN_POINT('',(-5.664013474077,-6.754857289584));
#1107 = CARTESIAN_POINT('',(-5.667298390903,-6.813782079386));
#1108 = CARTESIAN_POINT('',(-5.670739536745,-6.871079775064));
#1109 = CARTESIAN_POINT('',(-5.680533837485,-7.022245135649));
#1110 = CARTESIAN_POINT('',(-5.687266840659,-7.113707496154));
#1111 = CARTESIAN_POINT('',(-5.694520558766,-7.199248334192));
#1112 = CARTESIAN_POINT('',(-5.702263296348,-7.277234500014));
#1113 = CARTESIAN_POINT('',(-5.710451202751,-7.346197289281));
#1114 = CARTESIAN_POINT('',(-5.719029821357,-7.404849527155));
#1115 = CARTESIAN_POINT('',(-5.727935591628,-7.452102424704));
#1116 = CARTESIAN_POINT('',(-5.737097302133,-7.487082202219));
#1117 = CARTESIAN_POINT('',(-5.746437497541,-7.509146487137));
#1118 = CARTESIAN_POINT('',(-5.755873835632,-7.517900477341));
#1119 = CARTESIAN_POINT('',(-5.765320398644,-7.513212879214));
#1120 = CARTESIAN_POINT('',(-5.774688955016,-7.495231612366));
#1121 = CARTESIAN_POINT('',(-5.783890174534,-7.464399286925));
#1122 = CARTESIAN_POINT('',(-5.801300776321,-7.380834901469));
#1123 = CARTESIAN_POINT('',(-5.809459255714,-7.329718251101));
#1124 = CARTESIAN_POINT('',(-5.817275402813,-7.269111152476));
#1125 = CARTESIAN_POINT('',(-5.824722697603,-7.199938378242));
#1126 = CARTESIAN_POINT('',(-5.831781676321,-7.123065597008));
#1127 = CARTESIAN_POINT('',(-5.838438792941,-7.039306686354));
#1128 = CARTESIAN_POINT('',(-5.844685398209,-6.949429580852));
#1129 = CARTESIAN_POINT('',(-5.850516833381,-6.854160656851));
#1130 = CARTESIAN_POINT('',(-5.855931642016,-6.754187651149));
#1131 = CARTESIAN_POINT('',(-5.860930896548,-6.650161117502));
#1132 = CARTESIAN_POINT('',(-5.865517642288,-6.542694416416));
#1133 = CARTESIAN_POINT('',(-5.869696457094,-6.432362242638));
#1134 = CARTESIAN_POINT('',(-5.873473127658,-6.319697686751));
#1135 = CARTESIAN_POINT('',(-5.881083708727,-6.061961660513));
#1136 = CARTESIAN_POINT('',(-5.884710145164,-5.915380117999));
#1137 = CARTESIAN_POINT('',(-5.887747659163,-5.766034918239));
#1138 = CARTESIAN_POINT('',(-5.890207906999,-5.61447247986));
#1139 = CARTESIAN_POINT('',(-5.892100321943,-5.461201012019));
#1140 = CARTESIAN_POINT('',(-5.893432132313,-5.306697599787));
#1141 = CARTESIAN_POINT('',(-5.894208364523,-5.151415286611));
#1142 = CARTESIAN_POINT('',(-5.894431838223,-4.995790160298));
#1143 = CARTESIAN_POINT('',(-5.894103144003,-4.840248433571));
#1144 = CARTESIAN_POINT('',(-5.89322061463,-4.685213529834));
#1145 = CARTESIAN_POINT('',(-5.891780278956,-4.531113163296));
#1146 = CARTESIAN_POINT('',(-5.889775807746,-4.378386422942));
#1147 = CARTESIAN_POINT('',(-5.887198444674,-4.227490853271));
#1148 = CARTESIAN_POINT('',(-5.881244827024,-3.947689709021));
#1149 = CARTESIAN_POINT('',(-5.877991677192,-3.818058165284));
#1150 = CARTESIAN_POINT('',(-5.874268529575,-3.690494900532));
#1151 = CARTESIAN_POINT('',(-5.870066883514,-3.565538490431));
#1152 = CARTESIAN_POINT('',(-5.865378842359,-3.443784844006));
#1153 = CARTESIAN_POINT('',(-5.860197405442,-3.325887658126));
#1154 = CARTESIAN_POINT('',(-5.85451689373,-3.212560571303));
#1155 = CARTESIAN_POINT('',(-5.84833351117,-3.104581020141));
#1156 = CARTESIAN_POINT('',(-5.841646038966,-3.002795793738));
#1157 = CARTESIAN_POINT('',(-5.834456666043,-2.908128291693));
#1158 = CARTESIAN_POINT('',(-5.826771952374,-2.821587479878));
#1159 = CARTESIAN_POINT('',(-5.818603928109,-2.744278549164));
#1160 = CARTESIAN_POINT('',(-5.809971326266,-2.677415273143));
#1161 = CARTESIAN_POINT('',(-5.792958729324,-2.574103748852));
#1162 = CARTESIAN_POINT('',(-5.784718363765,-2.535121200717));
#1163 = CARTESIAN_POINT('',(-5.776247532159,-2.506334018491));
#1164 = CARTESIAN_POINT('',(-5.767617193733,-2.488428419228));
#1165 = CARTESIAN_POINT('',(-5.758900348714,-2.481837578692));
#1166 = CARTESIAN_POINT('',(-5.750170771738,-2.486750085603));
#1167 = CARTESIAN_POINT('',(-5.741501720294,-2.503118512887));
#1168 = CARTESIAN_POINT('',(-5.732964615671,-2.530668106342));
#1169 = CARTESIAN_POINT('',(-5.724627699375,-2.56890558984));
#1170 = CARTESIAN_POINT('',(-5.716554662111,-2.617128088464));
#1171 = CARTESIAN_POINT('',(-5.708803247723,-2.674432167808));
#1172 = CARTESIAN_POINT('',(-5.701423830426,-2.73972299127));
#1173 = CARTESIAN_POINT('',(-5.694457966312,-2.811723593785));
#1174 = CARTESIAN_POINT('',(-5.67871019349,-2.99830153126));
#1175 = CARTESIAN_POINT('',(-5.670283982097,-3.11915829477));
#1176 = CARTESIAN_POINT('',(-5.662644779947,-3.249793580613));
#1177 = CARTESIAN_POINT('',(-5.65577251576,-3.388649355209));
#1178 = CARTESIAN_POINT('',(-5.649645998752,-3.534361760006));
#1179 = CARTESIAN_POINT('',(-5.64424592254,-3.685744881084));
#1180 = CARTESIAN_POINT('',(-5.639556007428,-3.841769474344));
#1181 = CARTESIAN_POINT('',(-5.635562868865,-4.001539062794));
#1182 = CARTESIAN_POINT('',(-5.632255190741,-4.164265814849));
#1183 = CARTESIAN_POINT('',(-5.629622793984,-4.32924862258));
#1184 = CARTESIAN_POINT('',(-5.627656177804,-4.495855787533));
#1185 = CARTESIAN_POINT('',(-5.62634712348,-4.6635147327));
#1186 = CARTESIAN_POINT('',(-5.625690940267,-4.83171115011));
#1187 = CARTESIAN_POINT('',(-5.625690940268,-5.));
#1188 = ( GEOMETRIC_REPRESENTATION_CONTEXT(2) 
PARAMETRIC_REPRESENTATION_CONTEXT() REPRESENTATION_CONTEXT('2D SPACE',''
  ) );
#1189 = PCURVE('',#1190,#1455);
#1190 = B_SPLINE_SURFACE_WITH_KNOTS('',1,14,(
    (#1191,#1192,#1193,#1194,#1195,#1196,#1197,#1198,#1199,#1200,#1201
      ,#1202,#1203,#1204,#1205,#1206,#1207,#1208,#1209,#1210,#1211,#1212
      ,#1213,#1214,#1215,#1216,#1217,#1218,#1219,#1220,#1221,#1222,#1223
      ,#1224,#1225,#1226,#1227,#1228,#1229,#1230,#1231,#1232,#1233,#1234
      ,#1235,#1236,#1237,#1238,#1239,#1240,#1241,#1242,#1243,#1244,#1245
      ,#1246,#1247,#1248,#1249,#1250,#1251,#1252,#1253,#1254,#1255,#1256
      ,#1257,#1258,#1259,#1260,#1261,#1262,#1263,#1264,#1265,#1266,#1267
      ,#1268,#1269,#1270,#1271,#1272,#1273,#1274,#1275,#1276,#1277,#1278
      ,#1279,#1280,#1281,#1282,#1283,#1284,#1285,#1286,#1287,#1288,#1289
      ,#1290,#1291,#1292,#1293,#1294,#1295,#1296,#1297,#1298,#1299,#1300
      ,#1301,#1302,#1303,#1304,#1305,#1306,#1307,#1308,#1309,#1310,#1311
      ,#1312,#1313,#1314,#1315,#1316,#1317,#1318,#1319,#1320,#1321,#1322
      )
    ,(#1323,#1324,#1325,#1326,#1327,#1328,#1329,#1330,#1331,#1332,#1333
      ,#1334,#1335,#1336,#1337,#1338,#1339,#1340,#1341,#1342,#1343,#1344
      ,#1345,#1346,#1347,#1348,#1349,#1350,#1351,#1352,#1353,#1354,#1355
      ,#1356,#1357,#1358,#1359,#1360,#1361,#1362,#1363,#1364,#1365,#1366
      ,#1367,#1368,#1369,#1370,#1371,#1372,#1373,#1374,#1375,#1376,#1377
      ,#1378,#1379,#1380,#1381,#1382,#1383,#1384,#1385,#1386,#1387,#1388
      ,#1389,#1390,#1391,#1392,#1393,#1394,#1395,#1396,#1397,#1398,#1399
      ,#1400,#1401,#1402,#1403,#1404,#1405,#1406,#1407,#1408,#1409,#1410
      ,#1411,#1412,#1413,#1414,#1415,#1416,#1417,#1418,#1419,#1420,#1421
      ,#1422,#1423,#1424,#1425,#1426,#1427,#1428,#1429,#1430,#1431,#1432
      ,#1433,#1434,#1435,#1436,#1437,#1438,#1439,#1440,#1441,#1442,#1443
      ,#1444,#1445,#1446,#1447,#1448,#1449,#1450,#1451,#1452,#1453,#1454
      )),.UNSPECIFIED.,.F.,.T.,.F.,(2,2),(15,13,13,13,13,13,13,13,13,13,
    15),(0.,12.57540144807),(-1.8E-16,0.242033389294,0.484066778588,
    0.968133557175,1.936267114351,3.602108146265,5.178807706793,
    7.150905626063,8.892567050951,10.417604207518,12.57540144807),
  .UNSPECIFIED.);
#1191 = CARTESIAN_POINT('',(14.80153612331,-11.42823382637,15.));
#1192 = CARTESIAN_POINT('',(14.801536123311,-11.42823382637,
    15.018876435633));
#1193 = CARTESIAN_POINT('',(14.801628035086,-11.42811478474,
    15.035796562099));
#1194 = CARTESIAN_POINT('',(14.801811878238,-11.42787667615,
    15.061137928309));
#1195 = CARTESIAN_POINT('',(14.802087668161,-11.42751947233,
    15.062258444436));
#1196 = CARTESIAN_POINT('',(14.802455437566,-11.42704311478,
    15.114322197147));
#1197 = CARTESIAN_POINT('',(14.802915185825,-11.42644757942,
    15.084764987722));
#1198 = CARTESIAN_POINT('',(14.803466969696,-11.42573276022,
    15.156828447579));
#1199 = CARTESIAN_POINT('',(14.804110774431,-11.42489863507,
    15.129776815975));
#1200 = CARTESIAN_POINT('',(14.804846660042,-11.42394507704,
    15.178310633025));
#1201 = CARTESIAN_POINT('',(14.805674627155,-11.42287202772,
    15.182277391434));
#1202 = CARTESIAN_POINT('',(14.806594715683,-11.42167936958,
    15.206043395984));
#1203 = CARTESIAN_POINT('',(14.807606946585,-11.42036700125,
    15.223479456837));
#1204 = CARTESIAN_POINT('',(14.808711348575,-11.41893480302,
    15.242220793899));
#1205 = CARTESIAN_POINT('',(14.811104548461,-11.4158304952,
    15.279416792887));
#1206 = CARTESIAN_POINT('',(14.812393350828,-11.41415847398,
    15.298006847688));
#1207 = CARTESIAN_POINT('',(14.813774381263,-11.41236641404,
    15.316588124049));
#1208 = CARTESIAN_POINT('',(14.815247666246,-11.4104541446,
    15.335159788488));
#1209 = CARTESIAN_POINT('',(14.816813230306,-11.40842149342,
    15.353721006907));
#1210 = CARTESIAN_POINT('',(14.818471101552,-11.40626829094,
    15.37227094633));
#1211 = CARTESIAN_POINT('',(14.820221302724,-11.40399436358,
    15.39080877211));
#1212 = CARTESIAN_POINT('',(14.822063863283,-11.4015995428,
    15.409333651678));
#1213 = CARTESIAN_POINT('',(14.823998805587,-11.39908365473,
    15.427844750287));
#1214 = CARTESIAN_POINT('',(14.826026158361,-11.39644653027,
    15.446341235123));
#1215 = CARTESIAN_POINT('',(14.828145945493,-11.39368799671,
    15.464822271917));
#1216 = CARTESIAN_POINT('',(14.830358193964,-11.39080788363,
    15.483287027324));
#1217 = CARTESIAN_POINT('',(14.832662929117,-11.38780601941,
    15.501734667513));
#1218 = CARTESIAN_POINT('',(14.839854672737,-11.37843465999,
    15.557023741544));
#1219 = CARTESIAN_POINT('',(14.845019506489,-11.37170028313,
    15.593812703491));
#1220 = CARTESIAN_POINT('',(14.850554693403,-11.36447679149,
    15.630523351782));
#1221 = CARTESIAN_POINT('',(14.856460247799,-11.35676187342,
    15.667147793288));
#1222 = CARTESIAN_POINT('',(14.862736185823,-11.34855321901,
    15.703678135344));
#1223 = CARTESIAN_POINT('',(14.869382520435,-11.33984851527,
    15.740106484469));
#1224 = CARTESIAN_POINT('',(14.876399269134,-11.33064545368,
    15.776424948361));
#1225 = CARTESIAN_POINT('',(14.883786444072,-11.32094172031,
    15.812625633304));
#1226 = CARTESIAN_POINT('',(14.891544062644,-11.31073500673,15.848700647
    ));
#1227 = CARTESIAN_POINT('',(14.899672137958,-11.30002299981,
    15.884642095957));
#1228 = CARTESIAN_POINT('',(14.908170686037,-11.2888033898,
    15.920442087526));
#1229 = CARTESIAN_POINT('',(14.917039721272,-11.27707386491,
    15.956092728565));
#1230 = CARTESIAN_POINT('',(14.926279258787,-11.26483211436,
    15.991586126163));
#1231 = CARTESIAN_POINT('',(14.955109422807,-11.22656325222,
    16.097570909663));
#1232 = CARTESIAN_POINT('',(14.97581278535,-11.19898419812,
    16.167557394812));
#1233 = CARTESIAN_POINT('',(14.997995063713,-11.16931908507,
    16.236806850958));
#1234 = CARTESIAN_POINT('',(15.021654217025,-11.13754279977,
    16.305247986349));
#1235 = CARTESIAN_POINT('',(15.046790056928,-11.10362506655,
    16.372805309458));
#1236 = CARTESIAN_POINT('',(15.073403793334,-11.06753081239,
    16.439399225636));
#1237 = CARTESIAN_POINT('',(15.101497598,-11.02922054287,16.504946139775
    ));
#1238 = CARTESIAN_POINT('',(15.131074142297,-10.98865070243,
    16.56935855042));
#1239 = CARTESIAN_POINT('',(15.162136166555,-10.94577405354,
    16.632545154119));
#1240 = CARTESIAN_POINT('',(15.194686016506,-10.90054003658,
    16.694410939374));
#1241 = CARTESIAN_POINT('',(15.22872520903,-10.85289514648,
    16.754857289589));
#1242 = CARTESIAN_POINT('',(15.264253975605,-10.80278329693,
    16.813782079384));
#1243 = CARTESIAN_POINT('',(15.30127082017,-10.75014619241,
    16.871079775064));
#1244 = CARTESIAN_POINT('',(15.406020119254,-10.59990385145,
    17.022245135648));
#1245 = CARTESIAN_POINT('',(15.4773910433,-10.49617718128,
    17.113707496154));
#1246 = CARTESIAN_POINT('',(15.553520223882,-10.3839034797,
    17.199248334193));
#1247 = CARTESIAN_POINT('',(15.633872447527,-10.26344311398,
    17.27723450001));
#1248 = CARTESIAN_POINT('',(15.717779575812,-10.13534692717,
    17.346197289291));
#1249 = CARTESIAN_POINT('',(15.804475277487,-10.00034461984,
    17.404849527136));
#1250 = CARTESIAN_POINT('',(15.893126831241,-9.85933161755,
    17.45210242473));
#1251 = CARTESIAN_POINT('',(15.982863982418,-9.713354412685,
    17.487082202193));
#1252 = CARTESIAN_POINT('',(16.072804877748,-9.563594396829,
    17.509146487157));
#1253 = CARTESIAN_POINT('',(16.162079048887,-9.411350164388,
    17.517900477329));
#1254 = CARTESIAN_POINT('',(16.249847474829,-9.258018306901,
    17.51321287922));
#1255 = CARTESIAN_POINT('',(16.335319696864,-9.105072681409,
    17.495231612364));
#1256 = CARTESIAN_POINT('',(16.417768005679,-8.95404216497,
    17.464399286925));
#1257 = CARTESIAN_POINT('',(16.571094242025,-8.666827498995,
    17.380834901469));
#1258 = CARTESIAN_POINT('',(16.641667095497,-8.531559988172,
    17.329718251099));
#1259 = CARTESIAN_POINT('',(16.708097109942,-8.40135425098,
    17.269111152484));
#1260 = CARTESIAN_POINT('',(16.770314068702,-8.276746649086,
    17.199938378224));
#1261 = CARTESIAN_POINT('',(16.828318151949,-8.158156823799,
    17.123065597038));
#1262 = CARTESIAN_POINT('',(16.882162702211,-8.045903265966,
    17.039306686313));
#1263 = CARTESIAN_POINT('',(16.931939271033,-7.940217643514,
    16.949429580899));
#1264 = CARTESIAN_POINT('',(16.977764962784,-7.841257884874,
    16.854160656808));
#1265 = CARTESIAN_POINT('',(17.019772052829,-7.749120020242,
    16.754187651181));
#1266 = CARTESIAN_POINT('',(17.058099907962,-7.663848778933,
    16.650161117483));
#1267 = CARTESIAN_POINT('',(17.092889179676,-7.585446944057,
    16.542694416424));
#1268 = CARTESIAN_POINT('',(17.124278296939,-7.51388346387,
    16.432362242635));
#1269 = CARTESIAN_POINT('',(17.152402237831,-7.449100320012,
    16.319697686751));
#1270 = CARTESIAN_POINT('',(17.208652180675,-7.318370373495,
    16.061961660514));
#1271 = CARTESIAN_POINT('',(17.235124353021,-7.255935335899,
    15.915380117996));
#1272 = CARTESIAN_POINT('',(17.257065482433,-7.203541564775,
    15.76603491825));
#1273 = CARTESIAN_POINT('',(17.274684074146,-7.16104153893,
    15.614472479833));
#1274 = CARTESIAN_POINT('',(17.288145080657,-7.12831328065,
    15.461201012067));
#1275 = CARTESIAN_POINT('',(17.297572521232,-7.105261746706,
    15.306697599717));
#1276 = CARTESIAN_POINT('',(17.303051400975,-7.09182001686,
    15.151415286694));
#1277 = CARTESIAN_POINT('',(17.304628939456,-7.087950286052,
    14.99579016022));
#1278 = CARTESIAN_POINT('',(17.302315095112,-7.093644651948,
    14.840248433631));
#1279 = CARTESIAN_POINT('',(17.296082401556,-7.108925707458,
    14.685213529797));
#1280 = CARTESIAN_POINT('',(17.285865099662,-7.133846928658,
    14.531113163312));
#1281 = CARTESIAN_POINT('',(17.271557579226,-7.168492866327,
    14.378386422936));
#1282 = CARTESIAN_POINT('',(17.253012120133,-7.212979135047,
    14.227490853272));
#1283 = CARTESIAN_POINT('',(17.209744488413,-7.315560181147,
    13.947689709021));
#1284 = CARTESIAN_POINT('',(17.185959239538,-7.371552039265,
    13.818058165282));
#1285 = CARTESIAN_POINT('',(17.158534245989,-7.435546523714,
    13.690494900538));
#1286 = CARTESIAN_POINT('',(17.127313903802,-7.507649390375,
    13.565538490414));
#1287 = CARTESIAN_POINT('',(17.092130059519,-7.587948105936,
    13.443784844036));
#1288 = CARTESIAN_POINT('',(17.052801650477,-7.676504927259,
    13.32588765808));
#1289 = CARTESIAN_POINT('',(17.009136868765,-7.773348357781,
    13.212560571357));
#1290 = CARTESIAN_POINT('',(16.960937863418,-7.878462983773,
    13.104581020089));
#1291 = CARTESIAN_POINT('',(16.908007960232,-7.991777686459,
    13.002795793779));
#1292 = CARTESIAN_POINT('',(16.850161424309,-8.113152234892,
    12.908128291667));
#1293 = CARTESIAN_POINT('',(16.787235738933,-8.24236225439,
    12.82158747989));
#1294 = CARTESIAN_POINT('',(16.719106424699,-8.379082575291,
    12.74427854916));
#1295 = CARTESIAN_POINT('',(16.645704380303,-8.522868958297,
    12.677415273143));
#1296 = CARTESIAN_POINT('',(16.498151775905,-8.804717260173,
    12.574103748852));
#1297 = CARTESIAN_POINT('',(16.42555828433,-8.94064644552,
    12.535121200716));
#1298 = CARTESIAN_POINT('',(16.349706733127,-9.0797226351,
    12.506334018493));
#1299 = CARTESIAN_POINT('',(16.271121690205,-9.220705206184,
    12.488428419221));
#1300 = CARTESIAN_POINT('',(16.190396074269,-9.362343332494,
    12.481837578705));
#1301 = CARTESIAN_POINT('',(16.108183290347,-9.503401643949,
    12.486750085584));
#1302 = CARTESIAN_POINT('',(16.025186273425,-9.642684246876,
    12.503118512909));
#1303 = CARTESIAN_POINT('',(15.942143431707,-9.77905710484,
    12.53066810632));
#1304 = CARTESIAN_POINT('',(15.859811499476,-9.91146877949,
    12.568905589857));
#1305 = CARTESIAN_POINT('',(15.778945289697,-10.03896953257,
    12.617128088453));
#1306 = CARTESIAN_POINT('',(15.700274354566,-10.16072878755,
    12.674432167814));
#1307 = CARTESIAN_POINT('',(15.624476548266,-10.27605095247,
    12.739722991269));
#1308 = CARTESIAN_POINT('',(15.552148495284,-10.38438960267,
    12.811723593785));
#1309 = CARTESIAN_POINT('',(15.387027427677,-10.6282245417,
    12.99830153126));
#1310 = CARTESIAN_POINT('',(15.297254816395,-10.75773192242,
    13.11915829477));
#1311 = CARTESIAN_POINT('',(15.214728227784,-10.87434994597,
    13.249793580612));
#1312 = CARTESIAN_POINT('',(15.13958697672,-10.97861766648,
    13.388649355211));
#1313 = CARTESIAN_POINT('',(15.071902469257,-11.07106261498,
    13.534361760004));
#1314 = CARTESIAN_POINT('',(15.011716985669,-11.15215576235,
    13.685744881085));
#1315 = CARTESIAN_POINT('',(14.959061681278,-11.22229521161,
    13.841769474343));
#1316 = CARTESIAN_POINT('',(14.913960109396,-11.28180960253,
    14.001539062795));
#1317 = CARTESIAN_POINT('',(14.876423578217,-11.33097218941,
    14.164265814848));
#1318 = CARTESIAN_POINT('',(14.84644464479,-11.37001658189,
    14.329248622581));
#1319 = CARTESIAN_POINT('',(14.823995058241,-11.39914510591,
    14.495855787532));
#1320 = CARTESIAN_POINT('',(14.809034455911,-11.41852077391,
    14.6635147327));
#1321 = CARTESIAN_POINT('',(14.801536123311,-11.42823382637,
    14.83171115011));
#1322 = CARTESIAN_POINT('',(14.80153612331,-11.42823382637,15.));
#1323 = CARTESIAN_POINT('',(14.668772913374,-10.77842106697,15.));
#1324 = CARTESIAN_POINT('',(14.668772913373,-10.77842106697,
    15.015489654718));
#1325 = CARTESIAN_POINT('',(14.668847343976,-10.77831854566,
    15.029373552168));
#1326 = CARTESIAN_POINT('',(14.668996221035,-10.77811348158,
    15.050169639571));
#1327 = CARTESIAN_POINT('',(14.669219559355,-10.77780584963,
    15.051084447626));
#1328 = CARTESIAN_POINT('',(14.669517372281,-10.77739562066,
    15.093814066542));
#1329 = CARTESIAN_POINT('',(14.669889672422,-10.7768827625,
    15.069546876447));
#1330 = CARTESIAN_POINT('',(14.670336470269,-10.77626723837,
    15.128691272581));
#1331 = CARTESIAN_POINT('',(14.670857776187,-10.77554900932,
    15.106478996114));
#1332 = CARTESIAN_POINT('',(14.67145359771,-10.77472803131,
    15.146307738194));
#1333 = CARTESIAN_POINT('',(14.672123942464,-10.77380425845,
    15.149553657648));
#1334 = CARTESIAN_POINT('',(14.672868815308,-10.77277764019,
    15.169049805529));
#1335 = CARTESIAN_POINT('',(14.673688220497,-10.77164812354,
    15.183348643898));
#1336 = CARTESIAN_POINT('',(14.674582160196,-10.7704156518,
    15.198717168377));
#1337 = CARTESIAN_POINT('',(14.67651911009,-10.76774467874,15.2292151833
    ));
#1338 = CARTESIAN_POINT('',(14.677562141389,-10.76630620915,
    15.244455787154));
#1339 = CARTESIAN_POINT('',(14.678679719401,-10.76476468032,
    15.259687161954));
#1340 = CARTESIAN_POINT('',(14.679871835243,-10.76312001672,
    15.274908482673));
#1341 = CARTESIAN_POINT('',(14.681138478248,-10.76137214129,
    15.290118923308));
#1342 = CARTESIAN_POINT('',(14.682479641043,-10.75952097981,
    15.30531765965));
#1343 = CARTESIAN_POINT('',(14.683895311294,-10.75756645372,
    15.320503864786));
#1344 = CARTESIAN_POINT('',(14.68538548289,-10.75550848998,
    15.335676715213));
#1345 = CARTESIAN_POINT('',(14.686950143143,-10.75334700967,
    15.350835383793));
#1346 = CARTESIAN_POINT('',(14.688589285254,-10.75108193916,
    15.365979046674));
#1347 = CARTESIAN_POINT('',(14.690302897958,-10.74871320078,
    15.38110687749));
#1348 = CARTESIAN_POINT('',(14.692090972839,-10.74624071946,
    15.396218051491));
#1349 = CARTESIAN_POINT('',(14.693953499976,-10.74366441876,
    15.411311743068));
#1350 = CARTESIAN_POINT('',(14.699764410304,-10.73562383087,
    15.456537894795));
#1351 = CARTESIAN_POINT('',(14.703936607012,-10.72984797701,
    15.486616486344));
#1352 = CARTESIAN_POINT('',(14.708406620251,-10.72365579738,
    15.516615473017));
#1353 = CARTESIAN_POINT('',(14.713174009242,-10.71704642754,
    15.546527425797));
#1354 = CARTESIAN_POINT('',(14.718238335015,-10.71001900441,
    15.576344916577));
#1355 = CARTESIAN_POINT('',(14.723599155404,-10.7025726625,
    15.60606051562));
#1356 = CARTESIAN_POINT('',(14.729256032879,-10.69470653981,
    15.635666795597));
#1357 = CARTESIAN_POINT('',(14.735208524315,-10.68641977013,
    15.665156326207));
#1358 = CARTESIAN_POINT('',(14.741456192248,-10.67771149151,
    15.694521680238));
#1359 = CARTESIAN_POINT('',(14.747998594393,-10.66858083838,
    15.723755427766));
#1360 = CARTESIAN_POINT('',(14.75483529192,-10.65902694774,
    15.752850140873));
#1361 = CARTESIAN_POINT('',(14.761965843932,-10.64904895509,
    15.781798390403));
#1362 = CARTESIAN_POINT('',(14.76938981054,-10.63864599663,
    15.810592747825));
#1363 = CARTESIAN_POINT('',(14.792540633351,-10.60615963167,
    15.896491857431));
#1364 = CARTESIAN_POINT('',(14.809139130615,-10.58280543706,
    15.953108391006));
#1365 = CARTESIAN_POINT('',(14.826903256046,-10.55773592507,
    16.009009572676));
#1366 = CARTESIAN_POINT('',(14.845827727766,-10.53094045207,
    16.064127955267));
#1367 = CARTESIAN_POINT('',(14.865903026344,-10.50241319966,
    16.118395157103));
#1368 = CARTESIAN_POINT('',(14.887117444949,-10.47214993898,
    16.171742559275));
#1369 = CARTESIAN_POINT('',(14.90945915163,-10.44014480404,
    16.224102008153));
#1370 = CARTESIAN_POINT('',(14.932918234096,-10.406387052,
    16.275406510327));
#1371 = CARTESIAN_POINT('',(14.957488765712,-10.37085783926,
    16.325590936726));
#1372 = CARTESIAN_POINT('',(14.983170849687,-10.33352698135,
    16.374592717305));
#1373 = CARTESIAN_POINT('',(15.009972682358,-10.2943497269,
    16.422352543992));
#1374 = CARTESIAN_POINT('',(15.037912602221,-10.25326352124,
    16.46881506746));
#1375 = CARTESIAN_POINT('',(15.067021147988,-10.21018477648,
    16.513929597826));
#1376 = CARTESIAN_POINT('',(15.149517288862,-10.08726712583,
    16.632880690108));
#1377 = CARTESIAN_POINT('',(15.205268380497,-10.0033418059,
    16.704062867927));
#1378 = CARTESIAN_POINT('',(15.264529218176,-9.913078437526,
    16.770142943478));
#1379 = CARTESIAN_POINT('',(15.326955944178,-9.816735125523,
    16.830085350282));
#1380 = CARTESIAN_POINT('',(15.392032463695,-9.714837518781,
    16.882910016314));
#1381 = CARTESIAN_POINT('',(15.459154098029,-9.608067765153,
    16.927725483664));
#1382 = CARTESIAN_POINT('',(15.527690443154,-9.497184223686,
    16.963758482096));
#1383 = CARTESIAN_POINT('',(15.597027425765,-9.382971931827,
    16.990379952826));
#1384 = CARTESIAN_POINT('',(15.666588568696,-9.266223831832,
    17.007127528148));
#1385 = CARTESIAN_POINT('',(15.735835450915,-9.147752750522,
    17.013724459784));
#1386 = CARTESIAN_POINT('',(15.804247377463,-9.02843413895,
    17.010095003511));
#1387 = CARTESIAN_POINT('',(15.871280245953,-8.909279565914,
    16.996376253321));
#1388 = CARTESIAN_POINT('',(15.9363046194,-8.791540969968,
    16.972926430186));
#1389 = CARTESIAN_POINT('',(16.057411987384,-8.568287869226,
    16.909477114827));
#1390 = CARTESIAN_POINT('',(16.113827990814,-8.462385737369,
    16.87045315162));
#1391 = CARTESIAN_POINT('',(16.167397812063,-8.360065489807,
    16.823996654483));
#1392 = CARTESIAN_POINT('',(16.217940019824,-8.261907846037,
    16.770759183388));
#1393 = CARTESIAN_POINT('',(16.265401608602,-8.16825942328,
    16.711331843248));
#1394 = CARTESIAN_POINT('',(16.309806107368,-8.079323427972,
    16.646266568288));
#1395 = CARTESIAN_POINT('',(16.351213139695,-7.995229644189,
    16.576091786319));
#1396 = CARTESIAN_POINT('',(16.389689432258,-7.916083715935,
    16.501322459369));
#1397 = CARTESIAN_POINT('',(16.425291275165,-7.841995727068,
    16.422464505102));
#1398 = CARTESIAN_POINT('',(16.458058430994,-7.773088074976,
    16.340013594342));
#1399 = CARTESIAN_POINT('',(16.488019494759,-7.709482641369,
    16.254448328906));
#1400 = CARTESIAN_POINT('',(16.515208703647,-7.651267257746,
    16.166217796541));
#1401 = CARTESIAN_POINT('',(16.539694196856,-7.598441467001,
    16.075723505035));
#1402 = CARTESIAN_POINT('',(16.589039148532,-7.491304786286,
    15.867689210002));
#1403 = CARTESIAN_POINT('',(16.612423269449,-7.439991841036,
    15.748988275648));
#1404 = CARTESIAN_POINT('',(16.631953724114,-7.396757602397,
    15.627607145433));
#1405 = CARTESIAN_POINT('',(16.647753774305,-7.361534663817,
    15.503989241645));
#1406 = CARTESIAN_POINT('',(16.65990354595,-7.334302887764,
    15.378596733313));
#1407 = CARTESIAN_POINT('',(16.668453605303,-7.315065482791,
    15.251901567497));
#1408 = CARTESIAN_POINT('',(16.673434864764,-7.303831622322,
    15.124377949055));
#1409 = CARTESIAN_POINT('',(16.674864831735,-7.300605608463,
    14.996496275632));
#1410 = CARTESIAN_POINT('',(16.672750182451,-7.305382576386,
    14.868718518723));
#1411 = CARTESIAN_POINT('',(16.66708568161,-7.318150744417,
    14.741495061444));
#1412 = CARTESIAN_POINT('',(16.657849427186,-7.338900204761,
    14.615262982379));
#1413 = CARTESIAN_POINT('',(16.644994437965,-7.367638259143,
    14.49044579465));
#1414 = CARTESIAN_POINT('',(16.628436571016,-7.404411296293,
    14.367454633462));
#1415 = CARTESIAN_POINT('',(16.590024432707,-7.489006075675,
    14.140038209188));
#1416 = CARTESIAN_POINT('',(16.569029847147,-7.535009842871,
    14.035087638291));
#1417 = CARTESIAN_POINT('',(16.544937182189,-7.587468096693,
    13.932208495997));
#1418 = CARTESIAN_POINT('',(16.517666277803,-7.646405492623,
    13.831845843887));
#1419 = CARTESIAN_POINT('',(16.487152135722,-7.71178812678,
    13.734499362516));
#1420 = CARTESIAN_POINT('',(16.453329123842,-7.783552284389,
    13.640707779512));
#1421 = CARTESIAN_POINT('',(16.416121900885,-7.861621564485,
    13.551038855458));
#1422 = CARTESIAN_POINT('',(16.375443062285,-7.945912389038,
    13.466084928594));
#1423 = CARTESIAN_POINT('',(16.331197505748,-8.036327885276,
    13.386464016816));
#1424 = CARTESIAN_POINT('',(16.283293518614,-8.132740154473,
    13.312826478878));
#1425 = CARTESIAN_POINT('',(16.231660584537,-8.234960913647,
    13.245867232748));
#1426 = CARTESIAN_POINT('',(16.176273911933,-8.342700522116,
    13.186343533009));
#1427 = CARTESIAN_POINT('',(16.117185682167,-8.455515383872,
    13.135098305818));
#1428 = CARTESIAN_POINT('',(15.999729233738,-8.675391458373,
    13.056304804838));
#1429 = CARTESIAN_POINT('',(15.942162484459,-8.781463013479,
    13.02662137519));
#1430 = CARTESIAN_POINT('',(15.882382451466,-8.889804203356,
    13.004732845638));
#1431 = CARTESIAN_POINT('',(15.820835444634,-8.999441236394,
    12.991138806346));
#1432 = CARTESIAN_POINT('',(15.757941258479,-9.109511323901,
    12.986150400305));
#1433 = CARTESIAN_POINT('',(15.694127464697,-9.219210709233,
    12.989897756803));
#1434 = CARTESIAN_POINT('',(15.629851138389,-9.327760129459,
    13.002338804139));
#1435 = CARTESIAN_POINT('',(15.565608024942,-9.434387703129,
    13.023269460755));
#1436 = CARTESIAN_POINT('',(15.501929136473,-9.538329252112,
    13.052335205689));
#1437 = CARTESIAN_POINT('',(15.439364792702,-9.638846049126,
    13.089044027562));
#1438 = CARTESIAN_POINT('',(15.378456089443,-9.735259998474,
    13.132780752625));
#1439 = CARTESIAN_POINT('',(15.319693810745,-9.827006244228,
    13.182822751629));
#1440 = CARTESIAN_POINT('',(15.263464771831,-9.913703209628,
    13.238357025545));
#1441 = CARTESIAN_POINT('',(15.134317145868,-10.11060774832,
    13.38359395743));
#1442 = CARTESIAN_POINT('',(15.064196521147,-10.21557004111,
    13.477969978364));
#1443 = CARTESIAN_POINT('',(14.999417608528,-10.31097389717,
    13.580529908058));
#1444 = CARTESIAN_POINT('',(14.940031230269,-10.397207095,
    13.690276488696));
#1445 = CARTESIAN_POINT('',(14.886198471646,-10.47442714844,
    13.806270715054));
#1446 = CARTESIAN_POINT('',(14.838097021833,-10.54270863708,
    13.927613778663));
#1447 = CARTESIAN_POINT('',(14.795870493554,-10.60212439149,
    14.053445878757));
#1448 = CARTESIAN_POINT('',(14.759610695804,-10.65277596952,
    14.182955509229));
#1449 = CARTESIAN_POINT('',(14.729362811415,-10.69478885662,
    14.315392828792));
#1450 = CARTESIAN_POINT('',(14.705143461082,-10.72828782782,
    14.450080724518));
#1451 = CARTESIAN_POINT('',(14.686961601778,-10.75336790369,
    14.586417175289));
#1452 = CARTESIAN_POINT('',(14.674832239987,-10.77007633747,
    14.723862525427));
#1453 = CARTESIAN_POINT('',(14.668772913372,-10.77842106697,
    14.861905275543));
#1454 = CARTESIAN_POINT('',(14.668772913374,-10.77842106697,15.));
#1455 = DEFINITIONAL_REPRESENTATION('',(#1456),#1460);
#1456 = LINE('',#1457,#1458);
#1457 = CARTESIAN_POINT('',(0.,0.));
#1458 = VECTOR('',#1459,1.);
#1459 = DIRECTION('',(0.,1.));
#1460 = ( GEOMETRIC_REPRESENTATION_CONTEXT(2) 
PARAMETRIC_REPRESENTATION_CONTEXT() REPRESENTATION_CONTEXT('2D SPACE',''
  ) );
#1461 = ADVANCED_FACE('',(#1462),#332,.T.);
#1462 = FACE_BOUND('',#1463,.T.);
#1463 = EDGE_LOOP('',(#1464,#1486,#1642,#1643));
#1464 = ORIENTED_EDGE('',*,*,#1465,.T.);
#1465 = EDGE_CURVE('',#22,#1466,#1468,.T.);
#1466 = VERTEX_POINT('',#1467);
#1467 = CARTESIAN_POINT('',(2.,18.092740518815,15.));
#1468 = SEAM_CURVE('',#1469,(#1472,#1479),.PCURVE_S1.);
#1469 = B_SPLINE_CURVE_WITH_KNOTS('',1,(#1470,#1471),.UNSPECIFIED.,.F.,
  .F.,(2,2),(0.,12.575401448094),.PIECEWISE_BEZIER_KNOTS.);
#1470 = CARTESIAN_POINT('',(2.496372752377,18.532623211008,15.));
#1471 = CARTESIAN_POINT('',(2.,18.092740518815,15.));
#1472 = PCURVE('',#332,#1473);
#1473 = DEFINITIONAL_REPRESENTATION('',(#1474),#1478);
#1474 = LINE('',#1475,#1476);
#1475 = CARTESIAN_POINT('',(0.,4.8E-16));
#1476 = VECTOR('',#1477,1.);
#1477 = DIRECTION('',(1.,0.));
#1478 = ( GEOMETRIC_REPRESENTATION_CONTEXT(2) 
PARAMETRIC_REPRESENTATION_CONTEXT() REPRESENTATION_CONTEXT('2D SPACE',''
  ) );
#1479 = PCURVE('',#332,#1480);
#1480 = DEFINITIONAL_REPRESENTATION('',(#1481),#1485);
#1481 = LINE('',#1482,#1483);
#1482 = CARTESIAN_POINT('',(0.,12.575401448094));
#1483 = VECTOR('',#1484,1.);
#1484 = DIRECTION('',(1.,0.));
#1485 = ( GEOMETRIC_REPRESENTATION_CONTEXT(2) 
PARAMETRIC_REPRESENTATION_CONTEXT() REPRESENTATION_CONTEXT('2D SPACE',''
  ) );
#1486 = ORIENTED_EDGE('',*,*,#1487,.T.);
#1487 = EDGE_CURVE('',#1466,#1466,#1488,.T.);
#1488 = SURFACE_CURVE('',#1489,(#1534,#1541),.PCURVE_S1.);
#1489 = B_SPLINE_CURVE_WITH_KNOTS('',7,(#1490,#1491,#1492,#1493,#1494,
    #1495,#1496,#1497,#1498,#1499,#1500,#1501,#1502,#1503,#1504,#1505,
    #1506,#1507,#1508,#1509,#1510,#1511,#1512,#1513,#1514,#1515,#1516,
    #1517,#1518,#1519,#1520,#1521,#1522,#1523,#1524,#1525,#1526,#1527,
    #1528,#1529,#1530,#1531,#1532,#1533),.UNSPECIFIED.,.T.,.F.,(8,6,6,6,
    6,6,6,8),(4.8E-16,1.936267109174,3.602108136634,5.178807693182,
    7.150905638535,8.892567059424,10.417604212491,12.575401448094),
  .UNSPECIFIED.);
#1490 = CARTESIAN_POINT('',(2.,18.092740518815,15.));
#1491 = CARTESIAN_POINT('',(2.,18.092740518815,15.244754259796));
#1492 = CARTESIAN_POINT('',(1.96512204597,18.096398478243,
    15.489829557496));
#1493 = CARTESIAN_POINT('',(1.894738109826,18.103747364174,
    15.730799380491));
#1494 = CARTESIAN_POINT('',(1.790122355628,18.114405629652,
    15.964211701473));
#1495 = CARTESIAN_POINT('',(1.646605604337,18.127842851634,
    16.183766202798));
#1496 = CARTESIAN_POINT('',(1.471630610155,18.142505396261,
    16.38276598154));
#1497 = CARTESIAN_POINT('',(1.067660326298,18.169815296709,
    16.708110576964));
#1498 = CARTESIAN_POINT('',(0.849871406723,18.182463721984,
    16.84103027818));
#1499 = CARTESIAN_POINT('',(0.600101899252,18.193739342366,
    16.945444217267));
#1500 = CARTESIAN_POINT('',(0.331434364482,18.201251257649,
    17.01092515058));
#1501 = CARTESIAN_POINT('',(5.436066844853E-02,18.203473523839,
    17.031079919856));
#1502 = CARTESIAN_POINT('',(-0.224016255208,18.200480081635,
    17.005523238135));
#1503 = CARTESIAN_POINT('',(-0.731809336631,18.186991095414,
    16.878624607416));
#1504 = CARTESIAN_POINT('',(-0.963401691478,18.176905400787,
    16.781509951135));
#1505 = CARTESIAN_POINT('',(-1.169387026123,18.164748159458,
    16.656670438963));
#1506 = CARTESIAN_POINT('',(-1.350782262295,18.15178354181,
    16.509292313754));
#1507 = CARTESIAN_POINT('',(-1.507687758111,18.13916522192,
    16.344628355039));
#1508 = CARTESIAN_POINT('',(-1.637219285203,18.127829689111,
    16.168151312644));
#1509 = CARTESIAN_POINT('',(-1.872130409316,18.106160971876,
    15.752082726029));
#1510 = CARTESIAN_POINT('',(-1.963062826197,18.096786721945,
    15.507460476058));
#1511 = CARTESIAN_POINT('',(-2.01664764542,18.090978923669,
    15.253737182898));
#1512 = CARTESIAN_POINT('',(-2.03235827856,18.089253035378,
    14.996055296581));
#1513 = CARTESIAN_POINT('',(-2.010216487597,18.091711809225,
    14.739398013394));
#1514 = CARTESIAN_POINT('',(-1.950912420746,18.098058193184,
    14.488218369872));
#1515 = CARTESIAN_POINT('',(-1.76597782824,18.116121197344,
    14.033385525713));
#1516 = CARTESIAN_POINT('',(-1.649032407996,18.127125080378,
    13.8274559837));
#1517 = CARTESIAN_POINT('',(-1.500145507218,18.140243041146,
    13.632743132764));
#1518 = CARTESIAN_POINT('',(-1.32058035085,18.154574950028,
    13.455254244103));
#1519 = CARTESIAN_POINT('',(-1.110183126279,18.168804473352,
    13.301148605382));
#1520 = CARTESIAN_POINT('',(-0.868735775373,18.181268573606,
    13.177107569229));
#1521 = CARTESIAN_POINT('',(-0.370442794546,18.197704111746,
    13.019520567266));
#1522 = CARTESIAN_POINT('',(-0.119047645655,18.202539027138,
    12.976722259799));
#1523 = CARTESIAN_POINT('',(0.138020016392,18.203214813442,
    12.97191267852));
#1524 = CARTESIAN_POINT('',(0.39317987793,18.199172733837,
    13.006747625293));
#1525 = CARTESIAN_POINT('',(0.636405930658,18.191176928927,
    13.077897364781));
#1526 = CARTESIAN_POINT('',(0.856433865385,18.180945739144,
    13.178215380891));
#1527 = CARTESIAN_POINT('',(1.326630156607,18.154160027989,
    13.468689244662));
#1528 = CARTESIAN_POINT('',(1.551051894638,18.136740860212,
    13.679096331833));
#1529 = CARTESIAN_POINT('',(1.73310426749,18.120144166115,
    13.918312952332));
#1530 = CARTESIAN_POINT('',(1.866440072234,18.106715457247,
    14.177779746389));
#1531 = CARTESIAN_POINT('',(1.955555552162,18.097399571546,
    14.447846324311));
#1532 = CARTESIAN_POINT('',(2.,18.092740518815,14.723810551086));
#1533 = CARTESIAN_POINT('',(2.,18.092740518815,15.));
#1534 = PCURVE('',#332,#1535);
#1535 = DEFINITIONAL_REPRESENTATION('',(#1536),#1540);
#1536 = LINE('',#1537,#1538);
#1537 = CARTESIAN_POINT('',(12.575401448094,0.));
#1538 = VECTOR('',#1539,1.);
#1539 = DIRECTION('',(0.,1.));
#1540 = ( GEOMETRIC_REPRESENTATION_CONTEXT(2) 
PARAMETRIC_REPRESENTATION_CONTEXT() REPRESENTATION_CONTEXT('2D SPACE',''
  ) );
#1541 = PCURVE('',#1542,#1547);
#1542 = CYLINDRICAL_SURFACE('',#1543,2.);
#1543 = AXIS2_PLACEMENT_3D('',#1544,#1545,#1546);
#1544 = CARTESIAN_POINT('',(0.,19.,15.));
#1545 = DIRECTION('',(0.,1.,-2.2E-16));
#1546 = DIRECTION('',(1.,0.,0.));
#1547 = DEFINITIONAL_REPRESENTATION('',(#1548),#1641);
#1548 = B_SPLINE_CURVE_WITH_KNOTS('',11,(#1549,#1550,#1551,#1552,#1553,
    #1554,#1555,#1556,#1557,#1558,#1559,#1560,#1561,#1562,#1563,#1564,
    #1565,#1566,#1567,#1568,#1569,#1570,#1571,#1572,#1573,#1574,#1575,
    #1576,#1577,#1578,#1579,#1580,#1581,#1582,#1583,#1584,#1585,#1586,
    #1587,#1588,#1589,#1590,#1591,#1592,#1593,#1594,#1595,#1596,#1597,
    #1598,#1599,#1600,#1601,#1602,#1603,#1604,#1605,#1606,#1607,#1608,
    #1609,#1610,#1611,#1612,#1613,#1614,#1615,#1616,#1617,#1618,#1619,
    #1620,#1621,#1622,#1623,#1624,#1625,#1626,#1627,#1628,#1629,#1630,
    #1631,#1632,#1633,#1634,#1635,#1636,#1637,#1638,#1639,#1640),
  .UNSPECIFIED.,.F.,.F.,(12,10,10,10,10,10,10,10,10,12),(4.8E-16,
    1.571925181012,3.143850362023,4.715775543035,6.287700724047,
    7.859625905059,8.645588495564,9.43155108607,11.003476267082,
    12.575401448094),.UNSPECIFIED.);
#1549 = CARTESIAN_POINT('',(-6.E-17,-0.907259481185));
#1550 = CARTESIAN_POINT('',(-6.322258094576E-02,-0.907259481184));
#1551 = CARTESIAN_POINT('',(-0.126462403741,-0.906339580369));
#1552 = CARTESIAN_POINT('',(-0.18985645279,-0.904496047759));
#1553 = CARTESIAN_POINT('',(-0.253512754195,-0.9017417808));
#1554 = CARTESIAN_POINT('',(-0.317521089353,-0.898106976878));
#1555 = CARTESIAN_POINT('',(-0.38196370857,-0.893639804904));
#1556 = CARTESIAN_POINT('',(-0.446926044646,-0.888407076799));
#1557 = CARTESIAN_POINT('',(-0.512507426499,-0.882494919094));
#1558 = CARTESIAN_POINT('',(-0.57883179275,-0.876009444421));
#1559 = CARTESIAN_POINT('',(-0.646058405338,-0.869077423086));
#1560 = CARTESIAN_POINT('',(-0.782726720898,-0.854616486108));
#1561 = CARTESIAN_POINT('',(-0.8523904293,-0.847056586974));
#1562 = CARTESIAN_POINT('',(-0.922426226688,-0.83949213391));
#1563 = CARTESIAN_POINT('',(-0.996400582665,-0.831613901734));
#1564 = CARTESIAN_POINT('',(-1.072894819615,-0.82390093559));
#1565 = CARTESIAN_POINT('',(-1.150465046364,-0.816860061863));
#1566 = CARTESIAN_POINT('',(-1.229531958617,-0.810714495348));
#1567 = CARTESIAN_POINT('',(-1.310090432564,-0.805716426556));
#1568 = CARTESIAN_POINT('',(-1.390841272301,-0.802250761255));
#1569 = CARTESIAN_POINT('',(-1.472343268022,-0.800338834514));
#1570 = CARTESIAN_POINT('',(-1.635782493432,-0.799745032591));
#1571 = CARTESIAN_POINT('',(-1.717655075952,-0.801081550921));
#1572 = CARTESIAN_POINT('',(-1.79986239379,-0.803924091537));
#1573 = CARTESIAN_POINT('',(-1.881538048107,-0.808559972735));
#1574 = CARTESIAN_POINT('',(-1.960999218666,-0.814456553568));
#1575 = CARTESIAN_POINT('',(-2.038171850525,-0.82113072596));
#1576 = CARTESIAN_POINT('',(-2.114057705098,-0.828449760796));
#1577 = CARTESIAN_POINT('',(-2.188791745135,-0.836236316561));
#1578 = CARTESIAN_POINT('',(-2.26168079434,-0.844091606499));
#1579 = CARTESIAN_POINT('',(-2.333599303272,-0.851887472744));
#1580 = CARTESIAN_POINT('',(-2.474891429384,-0.866933396425));
#1581 = CARTESIAN_POINT('',(-2.544373422118,-0.874189659326));
#1582 = CARTESIAN_POINT('',(-2.61256633192,-0.880977527973));
#1583 = CARTESIAN_POINT('',(-2.679621799745,-0.887158137893));
#1584 = CARTESIAN_POINT('',(-2.745807314346,-0.892632503979));
#1585 = CARTESIAN_POINT('',(-2.811391818459,-0.89732486958));
#1586 = CARTESIAN_POINT('',(-2.876577726918,-0.901172356087));
#1587 = CARTESIAN_POINT('',(-2.941479356714,-0.904120913108));
#1588 = CARTESIAN_POINT('',(-3.006147768994,-0.906127569129));
#1589 = CARTESIAN_POINT('',(-3.070642022986,-0.907168982758));
#1590 = CARTESIAN_POINT('',(-3.19965166079,-0.907343606195));
#1591 = CARTESIAN_POINT('',(-3.264119784491,-0.906475983952));
#1592 = CARTESIAN_POINT('',(-3.328744164685,-0.904638745036));
#1593 = CARTESIAN_POINT('',(-3.393532754259,-0.901860648831));
#1594 = CARTESIAN_POINT('',(-3.458580768556,-0.898180138164));
#1595 = CARTESIAN_POINT('',(-3.524116302019,-0.89363743943));
#1596 = CARTESIAN_POINT('',(-3.590412871021,-0.888283092508));
#1597 = CARTESIAN_POINT('',(-3.657662452925,-0.882193481377));
#1598 = CARTESIAN_POINT('',(-3.725902592312,-0.875483936487));
#1599 = CARTESIAN_POINT('',(-3.795091144442,-0.86830997977));
#1600 = CARTESIAN_POINT('',(-3.90058776787,-0.857115935119));
#1601 = CARTESIAN_POINT('',(-3.936029269,-0.853302853337));
#1602 = CARTESIAN_POINT('',(-3.971763132529,-0.849436726488));
#1603 = CARTESIAN_POINT('',(-4.007805760846,-0.84554624307));
#1604 = CARTESIAN_POINT('',(-4.044173556383,-0.841660091584));
#1605 = CARTESIAN_POINT('',(-4.080882921506,-0.837806960523));
#1606 = CARTESIAN_POINT('',(-4.117950258663,-0.834015538392));
#1607 = CARTESIAN_POINT('',(-4.15539197022,-0.830314513684));
#1608 = CARTESIAN_POINT('',(-4.193224458608,-0.8267325749));
#1609 = CARTESIAN_POINT('',(-4.231464126217,-0.823298410537));
#1610 = CARTESIAN_POINT('',(-4.3087906247,-0.816783007651));
#1611 = CARTESIAN_POINT('',(-4.347868482562,-0.81371218928));
#1612 = CARTESIAN_POINT('',(-4.387363384865,-0.810857907384));
#1613 = CARTESIAN_POINT('',(-4.42734897861,-0.808259684914));
#1614 = CARTESIAN_POINT('',(-4.467807220493,-0.805959113546));
#1615 = CARTESIAN_POINT('',(-4.50861292805,-0.803994325483));
#1616 = CARTESIAN_POINT('',(-4.549602826882,-0.802396504441));
#1617 = CARTESIAN_POINT('',(-4.590666138248,-0.801188202528));
#1618 = CARTESIAN_POINT('',(-4.631793750293,-0.800383229541));
#1619 = CARTESIAN_POINT('',(-4.673023017202,-0.799987881386));
#1620 = CARTESIAN_POINT('',(-4.796599654787,-0.80003405981));
#1621 = CARTESIAN_POINT('',(-4.879084501073,-0.801727893735));
#1622 = CARTESIAN_POINT('',(-4.960034004566,-0.804889979946));
#1623 = CARTESIAN_POINT('',(-5.044367232486,-0.810186325495));
#1624 = CARTESIAN_POINT('',(-5.118268986073,-0.815383459659));
#1625 = CARTESIAN_POINT('',(-5.203928480735,-0.823483075428));
#1626 = CARTESIAN_POINT('',(-5.27510734885,-0.830437446411));
#1627 = CARTESIAN_POINT('',(-5.348876834745,-0.838178919604));
#1628 = CARTESIAN_POINT('',(-5.420610626955,-0.845961405577));
#1629 = CARTESIAN_POINT('',(-5.490906952102,-0.853583048346));
#1630 = CARTESIAN_POINT('',(-5.629394257897,-0.868276588161));
#1631 = CARTESIAN_POINT('',(-5.697548303114,-0.8753406349));
#1632 = CARTESIAN_POINT('',(-5.764764922979,-0.881959067181));
#1633 = CARTESIAN_POINT('',(-5.83117756445,-0.887995641859));
#1634 = CARTESIAN_POINT('',(-5.896906037608,-0.893338920079));
#1635 = CARTESIAN_POINT('',(-5.962061614344,-0.897900423457));
#1636 = CARTESIAN_POINT('',(-6.02675212677,-0.901612790195));
#1637 = CARTESIAN_POINT('',(-6.09108706595,-0.904427931285));
#1638 = CARTESIAN_POINT('',(-6.155182680328,-0.906315186621));
#1639 = CARTESIAN_POINT('',(-6.219167074389,-0.907259481185));
#1640 = CARTESIAN_POINT('',(-6.28318530718,-0.907259481185));
#1641 = ( GEOMETRIC_REPRESENTATION_CONTEXT(2) 
PARAMETRIC_REPRESENTATION_CONTEXT() REPRESENTATION_CONTEXT('2D SPACE',''
  ) );
#1642 = ORIENTED_EDGE('',*,*,#1465,.F.);
#1643 = ORIENTED_EDGE('',*,*,#21,.F.);
#1644 = ADVANCED_FACE('',(#1645),#470,.T.);
#1645 = FACE_BOUND('',#1646,.F.);
#1646 = EDGE_LOOP('',(#1647,#1670,#1671,#1672));
#1647 = ORIENTED_EDGE('',*,*,#1648,.F.);
#1648 = EDGE_CURVE('',#431,#1649,#1651,.T.);
#1649 = VERTEX_POINT('',#1650);
#1650 = CARTESIAN_POINT('',(17.7,0.,10.));
#1651 = SEAM_CURVE('',#1652,(#1656,#1663),.PCURVE_S1.);
#1652 = LINE('',#1653,#1654);
#1653 = CARTESIAN_POINT('',(18.7,0.,11.));
#1654 = VECTOR('',#1655,1.);
#1655 = DIRECTION('',(-0.707106781187,-0.,-0.707106781187));
#1656 = PCURVE('',#470,#1657);
#1657 = DEFINITIONAL_REPRESENTATION('',(#1658),#1662);
#1658 = LINE('',#1659,#1660);
#1659 = CARTESIAN_POINT('',(0.,-0.));
#1660 = VECTOR('',#1661,1.);
#1661 = DIRECTION('',(0.,-1.));
#1662 = ( GEOMETRIC_REPRESENTATION_CONTEXT(2) 
PARAMETRIC_REPRESENTATION_CONTEXT() REPRESENTATION_CONTEXT('2D SPACE',''
  ) );
#1663 = PCURVE('',#470,#1664);
#1664 = DEFINITIONAL_REPRESENTATION('',(#1665),#1669);
#1665 = LINE('',#1666,#1667);
#1666 = CARTESIAN_POINT('',(6.28318530718,-0.));
#1667 = VECTOR('',#1668,1.);
#1668 = DIRECTION('',(0.,-1.));
#1669 = ( GEOMETRIC_REPRESENTATION_CONTEXT(2) 
PARAMETRIC_REPRESENTATION_CONTEXT() REPRESENTATION_CONTEXT('2D SPACE',''
  ) );
#1670 = ORIENTED_EDGE('',*,*,#455,.T.);
#1671 = ORIENTED_EDGE('',*,*,#1648,.T.);
#1672 = ORIENTED_EDGE('',*,*,#1673,.F.);
#1673 = EDGE_CURVE('',#1649,#1649,#1674,.T.);
#1674 = SURFACE_CURVE('',#1675,(#1680,#1687),.PCURVE_S1.);
#1675 = CIRCLE('',#1676,17.7);
#1676 = AXIS2_PLACEMENT_3D('',#1677,#1678,#1679);
#1677 = CARTESIAN_POINT('',(0.,0.,10.));
#1678 = DIRECTION('',(0.,0.,1.));
#1679 = DIRECTION('',(1.,0.,0.));
#1680 = PCURVE('',#470,#1681);
#1681 = DEFINITIONAL_REPRESENTATION('',(#1682),#1686);
#1682 = LINE('',#1683,#1684);
#1683 = CARTESIAN_POINT('',(0.,-1.));
#1684 = VECTOR('',#1685,1.);
#1685 = DIRECTION('',(1.,-0.));
#1686 = ( GEOMETRIC_REPRESENTATION_CONTEXT(2) 
PARAMETRIC_REPRESENTATION_CONTEXT() REPRESENTATION_CONTEXT('2D SPACE',''
  ) );
#1687 = PCURVE('',#1688,#1693);
#1688 = PLANE('',#1689);
#1689 = AXIS2_PLACEMENT_3D('',#1690,#1691,#1692);
#1690 = CARTESIAN_POINT('',(-5.9E-16,1.58E-15,10.));
#1691 = DIRECTION('',(0.,0.,1.));
#1692 = DIRECTION('',(1.,0.,0.));
#1693 = DEFINITIONAL_REPRESENTATION('',(#1694),#1698);
#1694 = CIRCLE('',#1695,17.7);
#1695 = AXIS2_PLACEMENT_2D('',#1696,#1697);
#1696 = CARTESIAN_POINT('',(5.9E-16,-1.58E-15));
#1697 = DIRECTION('',(1.,0.));
#1698 = ( GEOMETRIC_REPRESENTATION_CONTEXT(2) 
PARAMETRIC_REPRESENTATION_CONTEXT() REPRESENTATION_CONTEXT('2D SPACE',''
  ) );
#1699 = ADVANCED_FACE('',(#1700),#498,.T.);
#1700 = FACE_BOUND('',#1701,.F.);
#1701 = EDGE_LOOP('',(#1702,#1725,#1752,#1753));
#1702 = ORIENTED_EDGE('',*,*,#1703,.F.);
#1703 = EDGE_CURVE('',#1704,#433,#1706,.T.);
#1704 = VERTEX_POINT('',#1705);
#1705 = CARTESIAN_POINT('',(17.7,0.,20.));
#1706 = SEAM_CURVE('',#1707,(#1711,#1718),.PCURVE_S1.);
#1707 = LINE('',#1708,#1709);
#1708 = CARTESIAN_POINT('',(18.7,0.,19.));
#1709 = VECTOR('',#1710,1.);
#1710 = DIRECTION('',(0.707106781187,0.,-0.707106781187));
#1711 = PCURVE('',#498,#1712);
#1712 = DEFINITIONAL_REPRESENTATION('',(#1713),#1717);
#1713 = LINE('',#1714,#1715);
#1714 = CARTESIAN_POINT('',(-0.,0.));
#1715 = VECTOR('',#1716,1.);
#1716 = DIRECTION('',(-0.,1.));
#1717 = ( GEOMETRIC_REPRESENTATION_CONTEXT(2) 
PARAMETRIC_REPRESENTATION_CONTEXT() REPRESENTATION_CONTEXT('2D SPACE',''
  ) );
#1718 = PCURVE('',#498,#1719);
#1719 = DEFINITIONAL_REPRESENTATION('',(#1720),#1724);
#1720 = LINE('',#1721,#1722);
#1721 = CARTESIAN_POINT('',(-6.28318530718,0.));
#1722 = VECTOR('',#1723,1.);
#1723 = DIRECTION('',(-0.,1.));
#1724 = ( GEOMETRIC_REPRESENTATION_CONTEXT(2) 
PARAMETRIC_REPRESENTATION_CONTEXT() REPRESENTATION_CONTEXT('2D SPACE',''
  ) );
#1725 = ORIENTED_EDGE('',*,*,#1726,.T.);
#1726 = EDGE_CURVE('',#1704,#1704,#1727,.T.);
#1727 = SURFACE_CURVE('',#1728,(#1733,#1740),.PCURVE_S1.);
#1728 = CIRCLE('',#1729,17.7);
#1729 = AXIS2_PLACEMENT_3D('',#1730,#1731,#1732);
#1730 = CARTESIAN_POINT('',(0.,0.,20.));
#1731 = DIRECTION('',(0.,0.,1.));
#1732 = DIRECTION('',(1.,0.,0.));
#1733 = PCURVE('',#498,#1734);
#1734 = DEFINITIONAL_REPRESENTATION('',(#1735),#1739);
#1735 = LINE('',#1736,#1737);
#1736 = CARTESIAN_POINT('',(-0.,-1.));
#1737 = VECTOR('',#1738,1.);
#1738 = DIRECTION('',(-1.,0.));
#1739 = ( GEOMETRIC_REPRESENTATION_CONTEXT(2) 
PARAMETRIC_REPRESENTATION_CONTEXT() REPRESENTATION_CONTEXT('2D SPACE',''
  ) );
#1740 = PCURVE('',#1741,#1746);
#1741 = PLANE('',#1742);
#1742 = AXIS2_PLACEMENT_3D('',#1743,#1744,#1745);
#1743 = CARTESIAN_POINT('',(-5.9E-16,1.58E-15,20.));
#1744 = DIRECTION('',(0.,0.,1.));
#1745 = DIRECTION('',(1.,0.,0.));
#1746 = DEFINITIONAL_REPRESENTATION('',(#1747),#1751);
#1747 = CIRCLE('',#1748,17.7);
#1748 = AXIS2_PLACEMENT_2D('',#1749,#1750);
#1749 = CARTESIAN_POINT('',(5.9E-16,-1.58E-15));
#1750 = DIRECTION('',(1.,0.));
#1751 = ( GEOMETRIC_REPRESENTATION_CONTEXT(2) 
PARAMETRIC_REPRESENTATION_CONTEXT() REPRESENTATION_CONTEXT('2D SPACE',''
  ) );
#1752 = ORIENTED_EDGE('',*,*,#1703,.T.);
#1753 = ORIENTED_EDGE('',*,*,#483,.F.);
#1754 = ADVANCED_FACE('',(#1755),#818,.T.);
#1755 = FACE_BOUND('',#1756,.T.);
#1756 = EDGE_LOOP('',(#1757,#1779,#1935,#1936));
#1757 = ORIENTED_EDGE('',*,*,#1758,.T.);
#1758 = EDGE_CURVE('',#513,#1759,#1761,.T.);
#1759 = VERTEX_POINT('',#1760);
#1760 = CARTESIAN_POINT('',(-16.66877291337,-7.314319451839,15.));
#1761 = SEAM_CURVE('',#1762,(#1765,#1772),.PCURVE_S1.);
#1762 = B_SPLINE_CURVE_WITH_KNOTS('',1,(#1763,#1764),.UNSPECIFIED.,.F.,
  .F.,(2,2),(0.,12.57540144807),.PIECEWISE_BEZIER_KNOTS.);
#1763 = CARTESIAN_POINT('',(-17.29790887568,-7.104389384631,15.));
#1764 = CARTESIAN_POINT('',(-16.66877291337,-7.314319451839,15.));
#1765 = PCURVE('',#818,#1766);
#1766 = DEFINITIONAL_REPRESENTATION('',(#1767),#1771);
#1767 = LINE('',#1768,#1769);
#1768 = CARTESIAN_POINT('',(0.,6.6E-16));
#1769 = VECTOR('',#1770,1.);
#1770 = DIRECTION('',(1.,0.));
#1771 = ( GEOMETRIC_REPRESENTATION_CONTEXT(2) 
PARAMETRIC_REPRESENTATION_CONTEXT() REPRESENTATION_CONTEXT('2D SPACE',''
  ) );
#1772 = PCURVE('',#818,#1773);
#1773 = DEFINITIONAL_REPRESENTATION('',(#1774),#1778);
#1774 = LINE('',#1775,#1776);
#1775 = CARTESIAN_POINT('',(0.,12.57540144807));
#1776 = VECTOR('',#1777,1.);
#1777 = DIRECTION('',(1.,0.));
#1778 = ( GEOMETRIC_REPRESENTATION_CONTEXT(2) 
PARAMETRIC_REPRESENTATION_CONTEXT() REPRESENTATION_CONTEXT('2D SPACE',''
  ) );
#1779 = ORIENTED_EDGE('',*,*,#1780,.T.);
#1780 = EDGE_CURVE('',#1759,#1759,#1781,.T.);
#1781 = SURFACE_CURVE('',#1782,(#1827,#1834),.PCURVE_S1.);
#1782 = B_SPLINE_CURVE_WITH_KNOTS('',7,(#1783,#1784,#1785,#1786,#1787,
    #1788,#1789,#1790,#1791,#1792,#1793,#1794,#1795,#1796,#1797,#1798,
    #1799,#1800,#1801,#1802,#1803,#1804,#1805,#1806,#1807,#1808,#1809,
    #1810,#1811,#1812,#1813,#1814,#1815,#1816,#1817,#1818,#1819,#1820,
    #1821,#1822,#1823,#1824,#1825,#1826),.UNSPECIFIED.,.T.,.F.,(8,6,6,6,
    6,6,6,8),(6.6E-16,1.936267114348,3.602108146265,5.178807706793,
    7.150905626065,8.892567050951,10.417604207518,12.57540144807),
  .UNSPECIFIED.);
#1783 = CARTESIAN_POINT('',(-16.66877291337,-7.314319451839,15.));
#1784 = CARTESIAN_POINT('',(-16.66877291337,-7.314319451839,
    15.244754259792));
#1785 = CARTESIAN_POINT('',(-16.65450182215,-7.346353625773,
    15.489829557494));
#1786 = CARTESIAN_POINT('',(-16.62567417598,-7.410982345459,
    15.730799380491));
#1787 = CARTESIAN_POINT('',(-16.58259662754,-7.50691137897,
    15.964211701475));
#1788 = CARTESIAN_POINT('',(-16.52247522749,-7.637919142449,
    16.1837662028));
#1789 = CARTESIAN_POINT('',(-16.44768586653,-7.79678320475,
    16.382765981541));
#1790 = CARTESIAN_POINT('',(-16.26935179217,-8.160286683168,
    16.708110576964));
#1791 = CARTESIAN_POINT('',(-16.17141118998,-8.355221632821,
    16.841030278179));
#1792 = CARTESIAN_POINT('',(-16.05629140994,-8.577166181569,
    16.94544421727));
#1793 = CARTESIAN_POINT('',(-15.92846315202,-8.813595049497,
    17.01092515058));
#1794 = CARTESIAN_POINT('',(-15.79185084298,-9.05465904208,
    17.031079919852));
#1795 = CARTESIAN_POINT('',(-15.65006998417,-9.294243808675,
    17.005523238139));
#1796 = CARTESIAN_POINT('',(-15.38449163872,-9.727261023937,
    16.878624607421));
#1797 = CARTESIAN_POINT('',(-15.25996099352,-9.922783039258,
    16.781509950819));
#1798 = CARTESIAN_POINT('',(-15.14643984641,-10.09509295116,
    16.656670439664));
#1799 = CARTESIAN_POINT('',(-15.04451453992,-10.24570352523,
    16.509292313417));
#1800 = CARTESIAN_POINT('',(-14.95513400658,-10.37527851039,
    16.344628354016));
#1801 = CARTESIAN_POINT('',(-14.8805513846,-10.48178833568,
    16.168151315699));
#1802 = CARTESIAN_POINT('',(-14.74433016192,-10.67439297979,
    15.752082725636));
#1803 = CARTESIAN_POINT('',(-14.69074561374,-10.74845563923,
    15.507460473592));
#1804 = CARTESIAN_POINT('',(-14.65892350525,-10.7919575523,
    15.25373718156));
#1805 = CARTESIAN_POINT('',(-14.64957352571,-10.80470041536,
    14.996055297936));
#1806 = CARTESIAN_POINT('',(-14.66277377991,-10.7867544512,
    14.73939801577));
#1807 = CARTESIAN_POINT('',(-14.69792194399,-10.73856881376,
    14.488218370572));
#1808 = CARTESIAN_POINT('',(-14.80603226163,-10.5874422592,
    14.03338552202));
#1809 = CARTESIAN_POINT('',(-14.87403461331,-10.49166649693,
    13.827455984856));
#1810 = CARTESIAN_POINT('',(-14.95983855073,-10.36928563937,
    13.63274313315));
#1811 = CARTESIAN_POINT('',(-15.0620329262,-10.22094360662,
    13.455254243278));
#1812 = CARTESIAN_POINT('',(-15.17955466719,-10.04584902683,
    13.301148605756));
#1813 = CARTESIAN_POINT('',(-15.31107257008,-9.842981537452,
    13.177107569229));
#1814 = CARTESIAN_POINT('',(-15.57445265405,-9.419664926599,
    13.019520567266));
#1815 = CARTESIAN_POINT('',(-15.70433738805,-9.204367798967,
    12.976722259799));
#1816 = CARTESIAN_POINT('',(-15.83345646718,-8.982078566295,
    12.97191267852));
#1817 = CARTESIAN_POINT('',(-15.95753585432,-8.759082604374,
    13.006747625293));
#1818 = CARTESIAN_POINT('',(-16.07222431051,-8.544444761394,
    13.077897364781));
#1819 = CARTESIAN_POINT('',(-16.17337780761,-8.348779385488,
    13.178215380891));
#1820 = CARTESIAN_POINT('',(-16.38527884691,-7.928184596946,
    13.468689244662));
#1821 = CARTESIAN_POINT('',(-16.48240427411,-7.725120086761,
    13.679096331833));
#1822 = CARTESIAN_POINT('',(-16.55905730183,-7.559159760004,
    13.918312952331));
#1823 = CARTESIAN_POINT('',(-16.61409560119,-7.436973211427,
    14.17777974639));
#1824 = CARTESIAN_POINT('',(-16.65058554747,-7.355138999089,
    14.447846324311));
#1825 = CARTESIAN_POINT('',(-16.66877291337,-7.314319451839,
    14.723810551086));
#1826 = CARTESIAN_POINT('',(-16.66877291337,-7.314319451839,15.));
#1827 = PCURVE('',#818,#1828);
#1828 = DEFINITIONAL_REPRESENTATION('',(#1829),#1833);
#1829 = LINE('',#1830,#1831);
#1830 = CARTESIAN_POINT('',(12.57540144807,0.));
#1831 = VECTOR('',#1832,1.);
#1832 = DIRECTION('',(0.,1.));
#1833 = ( GEOMETRIC_REPRESENTATION_CONTEXT(2) 
PARAMETRIC_REPRESENTATION_CONTEXT() REPRESENTATION_CONTEXT('2D SPACE',''
  ) );
#1834 = PCURVE('',#1835,#1840);
#1835 = CYLINDRICAL_SURFACE('',#1836,2.);
#1836 = AXIS2_PLACEMENT_3D('',#1837,#1838,#1839);
#1837 = CARTESIAN_POINT('',(-16.4544826719,-9.5,15.));
#1838 = DIRECTION('',(-0.866025403784,-0.5,-2.2E-16));
#1839 = DIRECTION('',(-0.5,0.866025403784,0.));
#1840 = DEFINITIONAL_REPRESENTATION('',(#1841),#1934);
#1841 = B_SPLINE_CURVE_WITH_KNOTS('',11,(#1842,#1843,#1844,#1845,#1846,
    #1847,#1848,#1849,#1850,#1851,#1852,#1853,#1854,#1855,#1856,#1857,
    #1858,#1859,#1860,#1861,#1862,#1863,#1864,#1865,#1866,#1867,#1868,
    #1869,#1870,#1871,#1872,#1873,#1874,#1875,#1876,#1877,#1878,#1879,
    #1880,#1881,#1882,#1883,#1884,#1885,#1886,#1887,#1888,#1889,#1890,
    #1891,#1892,#1893,#1894,#1895,#1896,#1897,#1898,#1899,#1900,#1901,
    #1902,#1903,#1904,#1905,#1906,#1907,#1908,#1909,#1910,#1911,#1912,
    #1913,#1914,#1915,#1916,#1917,#1918,#1919,#1920,#1921,#1922,#1923,
    #1924,#1925,#1926,#1927,#1928,#1929,#1930,#1931,#1932,#1933),
  .UNSPECIFIED.,.F.,.F.,(12,10,10,10,10,10,10,10,10,12),(6.6E-16,
    1.571925181009,3.143850362018,4.715775543026,6.287700724035,
    7.859625905044,8.645588495548,9.431551086053,11.003476267062,
    12.57540144807),.UNSPECIFIED.);
#1842 = CARTESIAN_POINT('',(-6.E-17,-0.907259481185));
#1843 = CARTESIAN_POINT('',(-6.322258077564E-02,-0.907259481185));
#1844 = CARTESIAN_POINT('',(-0.126462403401,-0.906339580374));
#1845 = CARTESIAN_POINT('',(-0.189856452281,-0.904496047776));
#1846 = CARTESIAN_POINT('',(-0.253512753512,-0.901741780827));
#1847 = CARTESIAN_POINT('',(-0.317521088498,-0.89810697693));
#1848 = CARTESIAN_POINT('',(-0.381963707534,-0.893639804972));
#1849 = CARTESIAN_POINT('',(-0.446926043431,-0.8884070769));
#1850 = CARTESIAN_POINT('',(-0.512507425096,-0.88249491922));
#1851 = CARTESIAN_POINT('',(-0.578831791155,-0.876009444577));
#1852 = CARTESIAN_POINT('',(-0.646058403542,-0.869077423271));
#1853 = CARTESIAN_POINT('',(-0.782726718675,-0.854616486348));
#1854 = CARTESIAN_POINT('',(-0.852390426858,-0.847056587239));
#1855 = CARTESIAN_POINT('',(-0.922426223989,-0.839492134198));
#1856 = CARTESIAN_POINT('',(-0.996400579655,-0.831613902047));
#1857 = CARTESIAN_POINT('',(-1.072894816316,-0.82390093591));
#1858 = CARTESIAN_POINT('',(-1.150465042816,-0.816860062172));
#1859 = CARTESIAN_POINT('',(-1.229531954798,-0.81071449563));
#1860 = CARTESIAN_POINT('',(-1.310090428469,-0.805716426799));
#1861 = CARTESIAN_POINT('',(-1.390841267973,-0.802250761432));
#1862 = CARTESIAN_POINT('',(-1.472343263443,-0.800338834616));
#1863 = CARTESIAN_POINT('',(-1.635782488387,-0.799745032523));
#1864 = CARTESIAN_POINT('',(-1.717655070737,-0.80108155076));
#1865 = CARTESIAN_POINT('',(-1.799862388183,-0.803924091269));
#1866 = CARTESIAN_POINT('',(-1.881538042542,-0.808559972369));
#1867 = CARTESIAN_POINT('',(-1.960999213115,-0.814456553114));
#1868 = CARTESIAN_POINT('',(-2.038171844775,-0.821130725447));
#1869 = CARTESIAN_POINT('',(-2.114057699194,-0.82844976022));
#1870 = CARTESIAN_POINT('',(-2.188791739288,-0.836236315944));
#1871 = CARTESIAN_POINT('',(-2.26168078838,-0.844091605856));
#1872 = CARTESIAN_POINT('',(-2.333599297099,-0.851887472078));
#1873 = CARTESIAN_POINT('',(-2.474891422659,-0.866933395738));
#1874 = CARTESIAN_POINT('',(-2.544373414541,-0.874189658581));
#1875 = CARTESIAN_POINT('',(-2.612566324577,-0.880977527291));
#1876 = CARTESIAN_POINT('',(-2.679621793747,-0.88715813739));
#1877 = CARTESIAN_POINT('',(-2.745807310086,-0.892632503685));
#1878 = CARTESIAN_POINT('',(-2.811391815667,-0.897324869453));
#1879 = CARTESIAN_POINT('',(-2.876577724953,-0.901172356038));
#1880 = CARTESIAN_POINT('',(-2.941479355143,-0.904120913074));
#1881 = CARTESIAN_POINT('',(-3.006147767835,-0.906127569095));
#1882 = CARTESIAN_POINT('',(-3.07064202262,-0.907168982753));
#1883 = CARTESIAN_POINT('',(-3.199651661671,-0.907343606196));
#1884 = CARTESIAN_POINT('',(-3.264119786374,-0.90647598394));
#1885 = CARTESIAN_POINT('',(-3.328744166689,-0.904638745024));
#1886 = CARTESIAN_POINT('',(-3.39353275698,-0.901860648736));
#1887 = CARTESIAN_POINT('',(-3.458580773142,-0.898180137877));
#1888 = CARTESIAN_POINT('',(-3.524116308727,-0.893637438942));
#1889 = CARTESIAN_POINT('',(-3.590412878586,-0.888283091909));
#1890 = CARTESIAN_POINT('',(-3.657662459657,-0.8821934808));
#1891 = CARTESIAN_POINT('',(-3.725902597773,-0.875483935961));
#1892 = CARTESIAN_POINT('',(-3.795091150092,-0.868309979195));
#1893 = CARTESIAN_POINT('',(-3.900587773234,-0.857115934548));
#1894 = CARTESIAN_POINT('',(-3.936029274284,-0.853302852769));
#1895 = CARTESIAN_POINT('',(-3.971763137748,-0.849436725927));
#1896 = CARTESIAN_POINT('',(-4.007805766002,-0.845546242517));
#1897 = CARTESIAN_POINT('',(-4.044173561498,-0.841660091044));
#1898 = CARTESIAN_POINT('',(-4.080882926571,-0.837806959996));
#1899 = CARTESIAN_POINT('',(-4.117950263695,-0.834015537883));
#1900 = CARTESIAN_POINT('',(-4.155391975212,-0.830314513194));
#1901 = CARTESIAN_POINT('',(-4.193224463566,-0.826732574433));
#1902 = CARTESIAN_POINT('',(-4.231464131137,-0.823298410096));
#1903 = CARTESIAN_POINT('',(-4.308790629535,-0.816783007269));
#1904 = CARTESIAN_POINT('',(-4.347868487353,-0.813712188928));
#1905 = CARTESIAN_POINT('',(-4.38736338963,-0.810857907067));
#1906 = CARTESIAN_POINT('',(-4.427348983329,-0.808259684633));
#1907 = CARTESIAN_POINT('',(-4.467807225171,-0.805959113307));
#1908 = CARTESIAN_POINT('',(-4.50861293264,-0.803994325282));
#1909 = CARTESIAN_POINT('',(-4.549602831404,-0.802396504284));
#1910 = CARTESIAN_POINT('',(-4.59066614268,-0.801188202411));
#1911 = CARTESIAN_POINT('',(-4.631793754645,-0.800383229465));
#1912 = CARTESIAN_POINT('',(-4.673023021459,-0.79998788135));
#1913 = CARTESIAN_POINT('',(-4.796599658758,-0.800034059887));
#1914 = CARTESIAN_POINT('',(-4.879084504836,-0.801727893879));
#1915 = CARTESIAN_POINT('',(-4.960034008103,-0.804889980143));
#1916 = CARTESIAN_POINT('',(-5.044367235863,-0.810186325746));
#1917 = CARTESIAN_POINT('',(-5.118268988988,-0.815383459895));
#1918 = CARTESIAN_POINT('',(-5.203928483813,-0.823483075742));
#1919 = CARTESIAN_POINT('',(-5.275107351187,-0.830437446639));
#1920 = CARTESIAN_POINT('',(-5.348876837151,-0.838178919863));
#1921 = CARTESIAN_POINT('',(-5.42061062907,-0.845961405806));
#1922 = CARTESIAN_POINT('',(-5.490906954035,-0.853583048555));
#1923 = CARTESIAN_POINT('',(-5.629394259462,-0.868276588323));
#1924 = CARTESIAN_POINT('',(-5.697548304501,-0.875340635037));
#1925 = CARTESIAN_POINT('',(-5.764764924201,-0.881959067292));
#1926 = CARTESIAN_POINT('',(-5.831177565503,-0.887995641944));
#1927 = CARTESIAN_POINT('',(-5.896906038509,-0.893338920143));
#1928 = CARTESIAN_POINT('',(-5.962061615084,-0.897900423498));
#1929 = CARTESIAN_POINT('',(-6.026752127362,-0.901612790222));
#1930 = CARTESIAN_POINT('',(-6.09108706639,-0.904427931298));
#1931 = CARTESIAN_POINT('',(-6.155182680621,-0.906315186626));
#1932 = CARTESIAN_POINT('',(-6.219167074536,-0.907259481185));
#1933 = CARTESIAN_POINT('',(-6.28318530718,-0.907259481185));
#1934 = ( GEOMETRIC_REPRESENTATION_CONTEXT(2) 
PARAMETRIC_REPRESENTATION_CONTEXT() REPRESENTATION_CONTEXT('2D SPACE',''
  ) );
#1935 = ORIENTED_EDGE('',*,*,#1758,.F.);
#1936 = ORIENTED_EDGE('',*,*,#512,.F.);
#1937 = ADVANCED_FACE('',(#1938),#1190,.T.);
#1938 = FACE_BOUND('',#1939,.T.);
#1939 = EDGE_LOOP('',(#1940,#1962,#2236,#2237));
#1940 = ORIENTED_EDGE('',*,*,#1941,.T.);
#1941 = EDGE_CURVE('',#917,#1942,#1944,.T.);
#1942 = VERTEX_POINT('',#1943);
#1943 = CARTESIAN_POINT('',(14.668772913374,-10.77842106697,15.));
#1944 = SEAM_CURVE('',#1945,(#1948,#1955),.PCURVE_S1.);
#1945 = B_SPLINE_CURVE_WITH_KNOTS('',1,(#1946,#1947),.UNSPECIFIED.,.F.,
  .F.,(2,2),(0.,12.57540144807),.PIECEWISE_BEZIER_KNOTS.);
#1946 = CARTESIAN_POINT('',(14.80153612331,-11.42823382637,15.));
#1947 = CARTESIAN_POINT('',(14.668772913374,-10.77842106697,15.));
#1948 = PCURVE('',#1190,#1949);
#1949 = DEFINITIONAL_REPRESENTATION('',(#1950),#1954);
#1950 = LINE('',#1951,#1952);
#1951 = CARTESIAN_POINT('',(0.,-1.8E-16));
#1952 = VECTOR('',#1953,1.);
#1953 = DIRECTION('',(1.,0.));
#1954 = ( GEOMETRIC_REPRESENTATION_CONTEXT(2) 
PARAMETRIC_REPRESENTATION_CONTEXT() REPRESENTATION_CONTEXT('2D SPACE',''
  ) );
#1955 = PCURVE('',#1190,#1956);
#1956 = DEFINITIONAL_REPRESENTATION('',(#1957),#1961);
#1957 = LINE('',#1958,#1959);
#1958 = CARTESIAN_POINT('',(0.,12.57540144807));
#1959 = VECTOR('',#1960,1.);
#1960 = DIRECTION('',(1.,0.));
#1961 = ( GEOMETRIC_REPRESENTATION_CONTEXT(2) 
PARAMETRIC_REPRESENTATION_CONTEXT() REPRESENTATION_CONTEXT('2D SPACE',''
  ) );
#1962 = ORIENTED_EDGE('',*,*,#1963,.T.);
#1963 = EDGE_CURVE('',#1942,#1942,#1964,.T.);
#1964 = SURFACE_CURVE('',#1965,(#2098,#2105),.PCURVE_S1.);
#1965 = B_SPLINE_CURVE_WITH_KNOTS('',14,(#1966,#1967,#1968,#1969,#1970,
    #1971,#1972,#1973,#1974,#1975,#1976,#1977,#1978,#1979,#1980,#1981,
    #1982,#1983,#1984,#1985,#1986,#1987,#1988,#1989,#1990,#1991,#1992,
    #1993,#1994,#1995,#1996,#1997,#1998,#1999,#2000,#2001,#2002,#2003,
    #2004,#2005,#2006,#2007,#2008,#2009,#2010,#2011,#2012,#2013,#2014,
    #2015,#2016,#2017,#2018,#2019,#2020,#2021,#2022,#2023,#2024,#2025,
    #2026,#2027,#2028,#2029,#2030,#2031,#2032,#2033,#2034,#2035,#2036,
    #2037,#2038,#2039,#2040,#2041,#2042,#2043,#2044,#2045,#2046,#2047,
    #2048,#2049,#2050,#2051,#2052,#2053,#2054,#2055,#2056,#2057,#2058,
    #2059,#2060,#2061,#2062,#2063,#2064,#2065,#2066,#2067,#2068,#2069,
    #2070,#2071,#2072,#2073,#2074,#2075,#2076,#2077,#2078,#2079,#2080,
    #2081,#2082,#2083,#2084,#2085,#2086,#2087,#2088,#2089,#2090,#2091,
    #2092,#2093,#2094,#2095,#2096,#2097),.UNSPECIFIED.,.T.,.F.,(15,13,13
    ,13,13,13,13,13,13,13,15),(-1.8E-16,0.242033389294,0.484066778588,
    0.968133557175,1.936267114351,3.602108146265,5.178807706793,
    7.150905626063,8.892567050951,10.417604207518,12.57540144807),
  .UNSPECIFIED.);
#1966 = CARTESIAN_POINT('',(14.668772913374,-10.77842106697,15.));
#1967 = CARTESIAN_POINT('',(14.668772913373,-10.77842106697,
    15.015489654718));
#1968 = CARTESIAN_POINT('',(14.668847343976,-10.77831854566,
    15.029373552168));
#1969 = CARTESIAN_POINT('',(14.668996221035,-10.77811348158,
    15.050169639571));
#1970 = CARTESIAN_POINT('',(14.669219559355,-10.77780584963,
    15.051084447626));
#1971 = CARTESIAN_POINT('',(14.669517372281,-10.77739562066,
    15.093814066542));
#1972 = CARTESIAN_POINT('',(14.669889672422,-10.7768827625,
    15.069546876447));
#1973 = CARTESIAN_POINT('',(14.670336470269,-10.77626723837,
    15.128691272581));
#1974 = CARTESIAN_POINT('',(14.670857776187,-10.77554900932,
    15.106478996114));
#1975 = CARTESIAN_POINT('',(14.67145359771,-10.77472803131,
    15.146307738194));
#1976 = CARTESIAN_POINT('',(14.672123942464,-10.77380425845,
    15.149553657648));
#1977 = CARTESIAN_POINT('',(14.672868815308,-10.77277764019,
    15.169049805529));
#1978 = CARTESIAN_POINT('',(14.673688220497,-10.77164812354,
    15.183348643898));
#1979 = CARTESIAN_POINT('',(14.674582160196,-10.7704156518,
    15.198717168377));
#1980 = CARTESIAN_POINT('',(14.67651911009,-10.76774467874,15.2292151833
    ));
#1981 = CARTESIAN_POINT('',(14.677562141389,-10.76630620915,
    15.244455787154));
#1982 = CARTESIAN_POINT('',(14.678679719401,-10.76476468032,
    15.259687161954));
#1983 = CARTESIAN_POINT('',(14.679871835243,-10.76312001672,
    15.274908482673));
#1984 = CARTESIAN_POINT('',(14.681138478248,-10.76137214129,
    15.290118923308));
#1985 = CARTESIAN_POINT('',(14.682479641043,-10.75952097981,
    15.30531765965));
#1986 = CARTESIAN_POINT('',(14.683895311294,-10.75756645372,
    15.320503864786));
#1987 = CARTESIAN_POINT('',(14.68538548289,-10.75550848998,
    15.335676715213));
#1988 = CARTESIAN_POINT('',(14.686950143143,-10.75334700967,
    15.350835383793));
#1989 = CARTESIAN_POINT('',(14.688589285254,-10.75108193916,
    15.365979046674));
#1990 = CARTESIAN_POINT('',(14.690302897958,-10.74871320078,
    15.38110687749));
#1991 = CARTESIAN_POINT('',(14.692090972839,-10.74624071946,
    15.396218051491));
#1992 = CARTESIAN_POINT('',(14.693953499976,-10.74366441876,
    15.411311743068));
#1993 = CARTESIAN_POINT('',(14.699764410304,-10.73562383087,
    15.456537894795));
#1994 = CARTESIAN_POINT('',(14.703936607012,-10.72984797701,
    15.486616486344));
#1995 = CARTESIAN_POINT('',(14.708406620251,-10.72365579738,
    15.516615473017));
#1996 = CARTESIAN_POINT('',(14.713174009242,-10.71704642754,
    15.546527425797));
#1997 = CARTESIAN_POINT('',(14.718238335015,-10.71001900441,
    15.576344916577));
#1998 = CARTESIAN_POINT('',(14.723599155404,-10.7025726625,
    15.60606051562));
#1999 = CARTESIAN_POINT('',(14.729256032879,-10.69470653981,
    15.635666795597));
#2000 = CARTESIAN_POINT('',(14.735208524315,-10.68641977013,
    15.665156326207));
#2001 = CARTESIAN_POINT('',(14.741456192248,-10.67771149151,
    15.694521680238));
#2002 = CARTESIAN_POINT('',(14.747998594393,-10.66858083838,
    15.723755427766));
#2003 = CARTESIAN_POINT('',(14.75483529192,-10.65902694774,
    15.752850140873));
#2004 = CARTESIAN_POINT('',(14.761965843932,-10.64904895509,
    15.781798390403));
#2005 = CARTESIAN_POINT('',(14.76938981054,-10.63864599663,
    15.810592747825));
#2006 = CARTESIAN_POINT('',(14.792540633351,-10.60615963167,
    15.896491857431));
#2007 = CARTESIAN_POINT('',(14.809139130615,-10.58280543706,
    15.953108391006));
#2008 = CARTESIAN_POINT('',(14.826903256046,-10.55773592507,
    16.009009572676));
#2009 = CARTESIAN_POINT('',(14.845827727766,-10.53094045207,
    16.064127955267));
#2010 = CARTESIAN_POINT('',(14.865903026344,-10.50241319966,
    16.118395157103));
#2011 = CARTESIAN_POINT('',(14.887117444949,-10.47214993898,
    16.171742559275));
#2012 = CARTESIAN_POINT('',(14.90945915163,-10.44014480404,
    16.224102008153));
#2013 = CARTESIAN_POINT('',(14.932918234096,-10.406387052,
    16.275406510327));
#2014 = CARTESIAN_POINT('',(14.957488765712,-10.37085783926,
    16.325590936726));
#2015 = CARTESIAN_POINT('',(14.983170849687,-10.33352698135,
    16.374592717305));
#2016 = CARTESIAN_POINT('',(15.009972682358,-10.2943497269,
    16.422352543992));
#2017 = CARTESIAN_POINT('',(15.037912602221,-10.25326352124,
    16.46881506746));
#2018 = CARTESIAN_POINT('',(15.067021147988,-10.21018477648,
    16.513929597826));
#2019 = CARTESIAN_POINT('',(15.149517288862,-10.08726712583,
    16.632880690108));
#2020 = CARTESIAN_POINT('',(15.205268380497,-10.0033418059,
    16.704062867927));
#2021 = CARTESIAN_POINT('',(15.264529218176,-9.913078437526,
    16.770142943478));
#2022 = CARTESIAN_POINT('',(15.326955944178,-9.816735125523,
    16.830085350282));
#2023 = CARTESIAN_POINT('',(15.392032463695,-9.714837518781,
    16.882910016314));
#2024 = CARTESIAN_POINT('',(15.459154098029,-9.608067765153,
    16.927725483664));
#2025 = CARTESIAN_POINT('',(15.527690443154,-9.497184223686,
    16.963758482096));
#2026 = CARTESIAN_POINT('',(15.597027425765,-9.382971931827,
    16.990379952826));
#2027 = CARTESIAN_POINT('',(15.666588568696,-9.266223831832,
    17.007127528148));
#2028 = CARTESIAN_POINT('',(15.735835450915,-9.147752750522,
    17.013724459784));
#2029 = CARTESIAN_POINT('',(15.804247377463,-9.02843413895,
    17.010095003511));
#2030 = CARTESIAN_POINT('',(15.871280245953,-8.909279565914,
    16.996376253321));
#2031 = CARTESIAN_POINT('',(15.9363046194,-8.791540969968,
    16.972926430186));
#2032 = CARTESIAN_POINT('',(16.057411987384,-8.568287869226,
    16.909477114827));
#2033 = CARTESIAN_POINT('',(16.113827990814,-8.462385737369,
    16.87045315162));
#2034 = CARTESIAN_POINT('',(16.167397812063,-8.360065489807,
    16.823996654483));
#2035 = CARTESIAN_POINT('',(16.217940019824,-8.261907846037,
    16.770759183388));
#2036 = CARTESIAN_POINT('',(16.265401608602,-8.16825942328,
    16.711331843248));
#2037 = CARTESIAN_POINT('',(16.309806107368,-8.079323427972,
    16.646266568288));
#2038 = CARTESIAN_POINT('',(16.351213139695,-7.995229644189,
    16.576091786319));
#2039 = CARTESIAN_POINT('',(16.389689432258,-7.916083715935,
    16.501322459369));
#2040 = CARTESIAN_POINT('',(16.425291275165,-7.841995727068,
    16.422464505102));
#2041 = CARTESIAN_POINT('',(16.458058430994,-7.773088074976,
    16.340013594342));
#2042 = CARTESIAN_POINT('',(16.488019494759,-7.709482641369,
    16.254448328906));
#2043 = CARTESIAN_POINT('',(16.515208703647,-7.651267257746,
    16.166217796541));
#2044 = CARTESIAN_POINT('',(16.539694196856,-7.598441467001,
    16.075723505035));
#2045 = CARTESIAN_POINT('',(16.589039148532,-7.491304786286,
    15.867689210002));
#2046 = CARTESIAN_POINT('',(16.612423269449,-7.439991841036,
    15.748988275648));
#2047 = CARTESIAN_POINT('',(16.631953724114,-7.396757602397,
    15.627607145433));
#2048 = CARTESIAN_POINT('',(16.647753774305,-7.361534663817,
    15.503989241645));
#2049 = CARTESIAN_POINT('',(16.65990354595,-7.334302887764,
    15.378596733313));
#2050 = CARTESIAN_POINT('',(16.668453605303,-7.315065482791,
    15.251901567497));
#2051 = CARTESIAN_POINT('',(16.673434864764,-7.303831622322,
    15.124377949055));
#2052 = CARTESIAN_POINT('',(16.674864831735,-7.300605608463,
    14.996496275632));
#2053 = CARTESIAN_POINT('',(16.672750182451,-7.305382576386,
    14.868718518723));
#2054 = CARTESIAN_POINT('',(16.66708568161,-7.318150744417,
    14.741495061444));
#2055 = CARTESIAN_POINT('',(16.657849427186,-7.338900204761,
    14.615262982379));
#2056 = CARTESIAN_POINT('',(16.644994437965,-7.367638259143,
    14.49044579465));
#2057 = CARTESIAN_POINT('',(16.628436571016,-7.404411296293,
    14.367454633462));
#2058 = CARTESIAN_POINT('',(16.590024432707,-7.489006075675,
    14.140038209188));
#2059 = CARTESIAN_POINT('',(16.569029847147,-7.535009842871,
    14.035087638291));
#2060 = CARTESIAN_POINT('',(16.544937182189,-7.587468096693,
    13.932208495997));
#2061 = CARTESIAN_POINT('',(16.517666277803,-7.646405492623,
    13.831845843887));
#2062 = CARTESIAN_POINT('',(16.487152135722,-7.71178812678,
    13.734499362516));
#2063 = CARTESIAN_POINT('',(16.453329123842,-7.783552284389,
    13.640707779512));
#2064 = CARTESIAN_POINT('',(16.416121900885,-7.861621564485,
    13.551038855458));
#2065 = CARTESIAN_POINT('',(16.375443062285,-7.945912389038,
    13.466084928594));
#2066 = CARTESIAN_POINT('',(16.331197505748,-8.036327885276,
    13.386464016816));
#2067 = CARTESIAN_POINT('',(16.283293518614,-8.132740154473,
    13.312826478878));
#2068 = CARTESIAN_POINT('',(16.231660584537,-8.234960913647,
    13.245867232748));
#2069 = CARTESIAN_POINT('',(16.176273911933,-8.342700522116,
    13.186343533009));
#2070 = CARTESIAN_POINT('',(16.117185682167,-8.455515383872,
    13.135098305818));
#2071 = CARTESIAN_POINT('',(15.999729233738,-8.675391458373,
    13.056304804838));
#2072 = CARTESIAN_POINT('',(15.942162484459,-8.781463013479,
    13.02662137519));
#2073 = CARTESIAN_POINT('',(15.882382451466,-8.889804203356,
    13.004732845638));
#2074 = CARTESIAN_POINT('',(15.820835444634,-8.999441236394,
    12.991138806346));
#2075 = CARTESIAN_POINT('',(15.757941258479,-9.109511323901,
    12.986150400305));
#2076 = CARTESIAN_POINT('',(15.694127464697,-9.219210709233,
    12.989897756803));
#2077 = CARTESIAN_POINT('',(15.629851138389,-9.327760129459,
    13.002338804139));
#2078 = CARTESIAN_POINT('',(15.565608024942,-9.434387703129,
    13.023269460755));
#2079 = CARTESIAN_POINT('',(15.501929136473,-9.538329252112,
    13.052335205689));
#2080 = CARTESIAN_POINT('',(15.439364792702,-9.638846049126,
    13.089044027562));
#2081 = CARTESIAN_POINT('',(15.378456089443,-9.735259998474,
    13.132780752625));
#2082 = CARTESIAN_POINT('',(15.319693810745,-9.827006244228,
    13.182822751629));
#2083 = CARTESIAN_POINT('',(15.263464771831,-9.913703209628,
    13.238357025545));
#2084 = CARTESIAN_POINT('',(15.134317145868,-10.11060774832,
    13.38359395743));
#2085 = CARTESIAN_POINT('',(15.064196521147,-10.21557004111,
    13.477969978364));
#2086 = CARTESIAN_POINT('',(14.999417608528,-10.31097389717,
    13.580529908058));
#2087 = CARTESIAN_POINT('',(14.940031230269,-10.397207095,
    13.690276488696));
#2088 = CARTESIAN_POINT('',(14.886198471646,-10.47442714844,
    13.806270715054));
#2089 = CARTESIAN_POINT('',(14.838097021833,-10.54270863708,
    13.927613778663));
#2090 = CARTESIAN_POINT('',(14.795870493554,-10.60212439149,
    14.053445878757));
#2091 = CARTESIAN_POINT('',(14.759610695804,-10.65277596952,
    14.182955509229));
#2092 = CARTESIAN_POINT('',(14.729362811415,-10.69478885662,
    14.315392828792));
#2093 = CARTESIAN_POINT('',(14.705143461082,-10.72828782782,
    14.450080724518));
#2094 = CARTESIAN_POINT('',(14.686961601778,-10.75336790369,
    14.586417175289));
#2095 = CARTESIAN_POINT('',(14.674832239987,-10.77007633747,
    14.723862525427));
#2096 = CARTESIAN_POINT('',(14.668772913372,-10.77842106697,
    14.861905275543));
#2097 = CARTESIAN_POINT('',(14.668772913374,-10.77842106697,15.));
#2098 = PCURVE('',#1190,#2099);
#2099 = DEFINITIONAL_REPRESENTATION('',(#2100),#2104);
#2100 = LINE('',#2101,#2102);
#2101 = CARTESIAN_POINT('',(12.57540144807,0.));
#2102 = VECTOR('',#2103,1.);
#2103 = DIRECTION('',(0.,1.));
#2104 = ( GEOMETRIC_REPRESENTATION_CONTEXT(2) 
PARAMETRIC_REPRESENTATION_CONTEXT() REPRESENTATION_CONTEXT('2D SPACE',''
  ) );
#2105 = PCURVE('',#2106,#2111);
#2106 = CYLINDRICAL_SURFACE('',#2107,2.);
#2107 = AXIS2_PLACEMENT_3D('',#2108,#2109,#2110);
#2108 = CARTESIAN_POINT('',(16.454482671904,-9.5,15.));
#2109 = DIRECTION('',(0.866025403784,-0.5,-2.2E-16));
#2110 = DIRECTION('',(-0.5,-0.866025403784,0.));
#2111 = DEFINITIONAL_REPRESENTATION('',(#2112),#2235);
#2112 = B_SPLINE_CURVE_WITH_KNOTS('',11,(#2113,#2114,#2115,#2116,#2117,
    #2118,#2119,#2120,#2121,#2122,#2123,#2124,#2125,#2126,#2127,#2128,
    #2129,#2130,#2131,#2132,#2133,#2134,#2135,#2136,#2137,#2138,#2139,
    #2140,#2141,#2142,#2143,#2144,#2145,#2146,#2147,#2148,#2149,#2150,
    #2151,#2152,#2153,#2154,#2155,#2156,#2157,#2158,#2159,#2160,#2161,
    #2162,#2163,#2164,#2165,#2166,#2167,#2168,#2169,#2170,#2171,#2172,
    #2173,#2174,#2175,#2176,#2177,#2178,#2179,#2180,#2181,#2182,#2183,
    #2184,#2185,#2186,#2187,#2188,#2189,#2190,#2191,#2192,#2193,#2194,
    #2195,#2196,#2197,#2198,#2199,#2200,#2201,#2202,#2203,#2204,#2205,
    #2206,#2207,#2208,#2209,#2210,#2211,#2212,#2213,#2214,#2215,#2216,
    #2217,#2218,#2219,#2220,#2221,#2222,#2223,#2224,#2225,#2226,#2227,
    #2228,#2229,#2230,#2231,#2232,#2233,#2234),.UNSPECIFIED.,.F.,.F.,(12
    ,10,10,10,10,10,10,10,10,10,10,10,12),(-1.8E-16,0.196490647626,
    0.392981295252,0.785962590504,1.571925181009,3.143850362018,
    4.715775543026,6.287700724035,7.859625905044,8.645588495548,
    9.431551086053,11.003476267062,12.57540144807),.UNSPECIFIED.);
#2113 = CARTESIAN_POINT('',(1.33E-15,-0.907259481185));
#2114 = CARTESIAN_POINT('',(-8.002279081058E-03,-0.907259481184));
#2115 = CARTESIAN_POINT('',(-1.554579746049E-02,-0.907245089081));
#2116 = CARTESIAN_POINT('',(-2.397020288692E-02,-0.907216301306));
#2117 = CARTESIAN_POINT('',(-3.161238115241E-02,-0.90717311811));
#2118 = CARTESIAN_POINT('',(-3.932275898756E-02,-0.907115543523));
#2119 = CARTESIAN_POINT('',(-4.751175182307E-02,-0.907043585427));
#2120 = CARTESIAN_POINT('',(-5.546802545168E-02,-0.906957255493));
#2121 = CARTESIAN_POINT('',(-6.309741146298E-02,-0.906856569275));
#2122 = CARTESIAN_POINT('',(-7.121444137842E-02,-0.906741546155));
#2123 = CARTESIAN_POINT('',(-7.907754376192E-02,-0.906612209422));
#2124 = CARTESIAN_POINT('',(-9.491042053639E-02,-0.906324963106));
#2125 = CARTESIAN_POINT('',(-0.102829677136,-0.906167014686));
#2126 = CARTESIAN_POINT('',(-0.110751878319,-0.905994788007));
#2127 = CARTESIAN_POINT('',(-0.118677150456,-0.905808330072));
#2128 = CARTESIAN_POINT('',(-0.126605619918,-0.905607687882));
#2129 = CARTESIAN_POINT('',(-0.134537413076,-0.905392908441));
#2130 = CARTESIAN_POINT('',(-0.142472656301,-0.90516403875));
#2131 = CARTESIAN_POINT('',(-0.150411475962,-0.904921125812));
#2132 = CARTESIAN_POINT('',(-0.158353998432,-0.904664216629));
#2133 = CARTESIAN_POINT('',(-0.166300350081,-0.904393358204));
#2134 = CARTESIAN_POINT('',(-0.190151271676,-0.903539076209));
#2135 = CARTESIAN_POINT('',(-0.206068644095,-0.902913258301));
#2136 = CARTESIAN_POINT('',(-0.222004338908,-0.902231970489));
#2137 = CARTESIAN_POINT('',(-0.237959920488,-0.901496039453));
#2138 = CARTESIAN_POINT('',(-0.253936953207,-0.900706291864));
#2139 = CARTESIAN_POINT('',(-0.26993700144,-0.899863554406));
#2140 = CARTESIAN_POINT('',(-0.285961629556,-0.898968653747));
#2141 = CARTESIAN_POINT('',(-0.302012401931,-0.898022416569));
#2142 = CARTESIAN_POINT('',(-0.318090882935,-0.897025669545));
#2143 = CARTESIAN_POINT('',(-0.334198636941,-0.895979239353));
#2144 = CARTESIAN_POINT('',(-0.382614411088,-0.892693379301));
#2145 = CARTESIAN_POINT('',(-0.415018562926,-0.890307504648));
#2146 = CARTESIAN_POINT('',(-0.447557484022,-0.887734752445));
#2147 = CARTESIAN_POINT('',(-0.480241206784,-0.884984791521));
#2148 = CARTESIAN_POINT('',(-0.513081995855,-0.882068535794));
#2149 = CARTESIAN_POINT('',(-0.546094348099,-0.878998144279));
#2150 = CARTESIAN_POINT('',(-0.579294992616,-0.875787021079));
#2151 = CARTESIAN_POINT('',(-0.612702890727,-0.872449815394));
#2152 = CARTESIAN_POINT('',(-0.646339235988,-0.869002421512));
#2153 = CARTESIAN_POINT('',(-0.680227454179,-0.865461978818));
#2154 = CARTESIAN_POINT('',(-0.782724701577,-0.854616657725));
#2155 = CARTESIAN_POINT('',(-0.852378368739,-0.847057816738));
#2156 = CARTESIAN_POINT('',(-0.922441866738,-0.839490582658));
#2157 = CARTESIAN_POINT('',(-0.996400255911,-0.83161391788));
#2158 = CARTESIAN_POINT('',(-1.072883564022,-0.8239020525));
#2159 = CARTESIAN_POINT('',(-1.150469128958,-0.816859666329));
#2160 = CARTESIAN_POINT('',(-1.22953909827,-0.810713786461));
#2161 = CARTESIAN_POINT('',(-1.31008277176,-0.805717180499));
#2162 = CARTESIAN_POINT('',(-1.390843766157,-0.802250516482));
#2163 = CARTESIAN_POINT('',(-1.472343263352,-0.800338834617));
#2164 = CARTESIAN_POINT('',(-1.635782488478,-0.799745032523));
#2165 = CARTESIAN_POINT('',(-1.717655070733,-0.801081550765));
#2166 = CARTESIAN_POINT('',(-1.79986238804,-0.803924091262));
#2167 = CARTESIAN_POINT('',(-1.881538042597,-0.808559972368));
#2168 = CARTESIAN_POINT('',(-1.960999213227,-0.814456553123));
#2169 = CARTESIAN_POINT('',(-2.038171844703,-0.821130725442));
#2170 = CARTESIAN_POINT('',(-2.114057699129,-0.828449760217));
#2171 = CARTESIAN_POINT('',(-2.188791739373,-0.836236315948));
#2172 = CARTESIAN_POINT('',(-2.261680788352,-0.844091605854));
#2173 = CARTESIAN_POINT('',(-2.333599297099,-0.851887472078));
#2174 = CARTESIAN_POINT('',(-2.474891422659,-0.866933395738));
#2175 = CARTESIAN_POINT('',(-2.54437341454,-0.874189658581));
#2176 = CARTESIAN_POINT('',(-2.612566324578,-0.880977527291));
#2177 = CARTESIAN_POINT('',(-2.679621793746,-0.887158137389));
#2178 = CARTESIAN_POINT('',(-2.745807310087,-0.892632503686));
#2179 = CARTESIAN_POINT('',(-2.811391815665,-0.897324869453));
#2180 = CARTESIAN_POINT('',(-2.876577724954,-0.901172356039));
#2181 = CARTESIAN_POINT('',(-2.941479355143,-0.904120913074));
#2182 = CARTESIAN_POINT('',(-3.006147767836,-0.906127569095));
#2183 = CARTESIAN_POINT('',(-3.070642022621,-0.907168982753));
#2184 = CARTESIAN_POINT('',(-3.199651661672,-0.907343606196));
#2185 = CARTESIAN_POINT('',(-3.264119786376,-0.90647598394));
#2186 = CARTESIAN_POINT('',(-3.328744166687,-0.904638745023));
#2187 = CARTESIAN_POINT('',(-3.393532756985,-0.901860648737));
#2188 = CARTESIAN_POINT('',(-3.458580773139,-0.898180137876));
#2189 = CARTESIAN_POINT('',(-3.524116308732,-0.893637438942));
#2190 = CARTESIAN_POINT('',(-3.590412878584,-0.888283091908));
#2191 = CARTESIAN_POINT('',(-3.65766245966,-0.882193480801));
#2192 = CARTESIAN_POINT('',(-3.725902597773,-0.875483935961));
#2193 = CARTESIAN_POINT('',(-3.795091150093,-0.868309979195));
#2194 = CARTESIAN_POINT('',(-3.900587773235,-0.857115934548));
#2195 = CARTESIAN_POINT('',(-3.936029274285,-0.853302852769));
#2196 = CARTESIAN_POINT('',(-3.971763137748,-0.849436725927));
#2197 = CARTESIAN_POINT('',(-4.007805766004,-0.845546242518));
#2198 = CARTESIAN_POINT('',(-4.044173561497,-0.841660091043));
#2199 = CARTESIAN_POINT('',(-4.080882926572,-0.837806959997));
#2200 = CARTESIAN_POINT('',(-4.117950263695,-0.834015537883));
#2201 = CARTESIAN_POINT('',(-4.155391975212,-0.830314513194));
#2202 = CARTESIAN_POINT('',(-4.193224463566,-0.826732574433));
#2203 = CARTESIAN_POINT('',(-4.231464131137,-0.823298410096));
#2204 = CARTESIAN_POINT('',(-4.308790629535,-0.816783007269));
#2205 = CARTESIAN_POINT('',(-4.347868487352,-0.813712188928));
#2206 = CARTESIAN_POINT('',(-4.387363389633,-0.810857907067));
#2207 = CARTESIAN_POINT('',(-4.427348983325,-0.808259684632));
#2208 = CARTESIAN_POINT('',(-4.467807225176,-0.805959113307));
#2209 = CARTESIAN_POINT('',(-4.508612932636,-0.803994325282));
#2210 = CARTESIAN_POINT('',(-4.549602831407,-0.802396504284));
#2211 = CARTESIAN_POINT('',(-4.590666142679,-0.801188202411));
#2212 = CARTESIAN_POINT('',(-4.631793754646,-0.800383229465));
#2213 = CARTESIAN_POINT('',(-4.673023021459,-0.79998788135));
#2214 = CARTESIAN_POINT('',(-4.796599658758,-0.800034059887));
#2215 = CARTESIAN_POINT('',(-4.879084504836,-0.801727893879));
#2216 = CARTESIAN_POINT('',(-4.960034008104,-0.804889980144));
#2217 = CARTESIAN_POINT('',(-5.044367235861,-0.810186325746));
#2218 = CARTESIAN_POINT('',(-5.11826898899,-0.815383459896));
#2219 = CARTESIAN_POINT('',(-5.203928483813,-0.823483075741));
#2220 = CARTESIAN_POINT('',(-5.275107351187,-0.830437446639));
#2221 = CARTESIAN_POINT('',(-5.348876837151,-0.838178919863));
#2222 = CARTESIAN_POINT('',(-5.42061062907,-0.845961405806));
#2223 = CARTESIAN_POINT('',(-5.490906954034,-0.853583048555));
#2224 = CARTESIAN_POINT('',(-5.629394259462,-0.868276588323));
#2225 = CARTESIAN_POINT('',(-5.6975483045,-0.875340635037));
#2226 = CARTESIAN_POINT('',(-5.764764924204,-0.881959067292));
#2227 = CARTESIAN_POINT('',(-5.831177565498,-0.887995641944));
#2228 = CARTESIAN_POINT('',(-5.896906038516,-0.893338920143));
#2229 = CARTESIAN_POINT('',(-5.962061615078,-0.897900423498));
#2230 = CARTESIAN_POINT('',(-6.026752127366,-0.901612790222));
#2231 = CARTESIAN_POINT('',(-6.091087066388,-0.904427931298));
#2232 = CARTESIAN_POINT('',(-6.155182680622,-0.906315186626));
#2233 = CARTESIAN_POINT('',(-6.219167074536,-0.907259481185));
#2234 = CARTESIAN_POINT('',(-6.28318530718,-0.907259481185));
#2235 = ( GEOMETRIC_REPRESENTATION_CONTEXT(2) 
PARAMETRIC_REPRESENTATION_CONTEXT() REPRESENTATION_CONTEXT('2D SPACE',''
  ) );
#2236 = ORIENTED_EDGE('',*,*,#1941,.F.);
#2237 = ORIENTED_EDGE('',*,*,#916,.F.);
#2238 = ADVANCED_FACE('',(#2239),#1542,.F.);
#2239 = FACE_BOUND('',#2240,.T.);
#2240 = EDGE_LOOP('',(#2241,#2264,#2265,#2266));
#2241 = ORIENTED_EDGE('',*,*,#2242,.F.);
#2242 = EDGE_CURVE('',#1466,#2243,#2245,.T.);
#2243 = VERTEX_POINT('',#2244);
#2244 = CARTESIAN_POINT('',(2.,16.,15.));
#2245 = SEAM_CURVE('',#2246,(#2250,#2257),.PCURVE_S1.);
#2246 = LINE('',#2247,#2248);
#2247 = CARTESIAN_POINT('',(2.,19.,15.));
#2248 = VECTOR('',#2249,1.);
#2249 = DIRECTION('',(0.,-1.,2.2E-16));
#2250 = PCURVE('',#1542,#2251);
#2251 = DEFINITIONAL_REPRESENTATION('',(#2252),#2256);
#2252 = LINE('',#2253,#2254);
#2253 = CARTESIAN_POINT('',(-6.28318530718,0.));
#2254 = VECTOR('',#2255,1.);
#2255 = DIRECTION('',(-0.,-1.));
#2256 = ( GEOMETRIC_REPRESENTATION_CONTEXT(2) 
PARAMETRIC_REPRESENTATION_CONTEXT() REPRESENTATION_CONTEXT('2D SPACE',''
  ) );
#2257 = PCURVE('',#1542,#2258);
#2258 = DEFINITIONAL_REPRESENTATION('',(#2259),#2263);
#2259 = LINE('',#2260,#2261);
#2260 = CARTESIAN_POINT('',(-0.,0.));
#2261 = VECTOR('',#2262,1.);
#2262 = DIRECTION('',(-0.,-1.));
#2263 = ( GEOMETRIC_REPRESENTATION_CONTEXT(2) 
PARAMETRIC_REPRESENTATION_CONTEXT() REPRESENTATION_CONTEXT('2D SPACE',''
  ) );
#2264 = ORIENTED_EDGE('',*,*,#1487,.F.);
#2265 = ORIENTED_EDGE('',*,*,#2242,.T.);
#2266 = ORIENTED_EDGE('',*,*,#2267,.F.);
#2267 = EDGE_CURVE('',#2243,#2243,#2268,.T.);
#2268 = SURFACE_CURVE('',#2269,(#2274,#2281),.PCURVE_S1.);
#2269 = CIRCLE('',#2270,2.);
#2270 = AXIS2_PLACEMENT_3D('',#2271,#2272,#2273);
#2271 = CARTESIAN_POINT('',(0.,16.,15.));
#2272 = DIRECTION('',(0.,1.,-2.2E-16));
#2273 = DIRECTION('',(1.,0.,0.));
#2274 = PCURVE('',#1542,#2275);
#2275 = DEFINITIONAL_REPRESENTATION('',(#2276),#2280);
#2276 = LINE('',#2277,#2278);
#2277 = CARTESIAN_POINT('',(-6.28318530718,-3.));
#2278 = VECTOR('',#2279,1.);
#2279 = DIRECTION('',(1.,-0.));
#2280 = ( GEOMETRIC_REPRESENTATION_CONTEXT(2) 
PARAMETRIC_REPRESENTATION_CONTEXT() REPRESENTATION_CONTEXT('2D SPACE',''
  ) );
#2281 = PCURVE('',#2282,#2287);
#2282 = PLANE('',#2283);
#2283 = AXIS2_PLACEMENT_3D('',#2284,#2285,#2286);
#2284 = CARTESIAN_POINT('',(-4.2079E-13,16.,15.));
#2285 = DIRECTION('',(0.,1.,0.));
#2286 = DIRECTION('',(0.,0.,1.));
#2287 = DEFINITIONAL_REPRESENTATION('',(#2288),#2292);
#2288 = CIRCLE('',#2289,2.);
#2289 = AXIS2_PLACEMENT_2D('',#2290,#2291);
#2290 = CARTESIAN_POINT('',(2.735589532676E-13,4.2079E-13));
#2291 = DIRECTION('',(0.,1.));
#2292 = ( GEOMETRIC_REPRESENTATION_CONTEXT(2) 
PARAMETRIC_REPRESENTATION_CONTEXT() REPRESENTATION_CONTEXT('2D SPACE',''
  ) );
#2293 = ADVANCED_FACE('',(#2294,#2297,#2328,#2359,#2390),#1688,.F.);
#2294 = FACE_BOUND('',#2295,.F.);
#2295 = EDGE_LOOP('',(#2296));
#2296 = ORIENTED_EDGE('',*,*,#1673,.T.);
#2297 = FACE_BOUND('',#2298,.F.);
#2298 = EDGE_LOOP('',(#2299));
#2299 = ORIENTED_EDGE('',*,*,#2300,.F.);
#2300 = EDGE_CURVE('',#2301,#2301,#2303,.T.);
#2301 = VERTEX_POINT('',#2302);
#2302 = CARTESIAN_POINT('',(10.2,0.,10.));
#2303 = SURFACE_CURVE('',#2304,(#2309,#2316),.PCURVE_S1.);
#2304 = CIRCLE('',#2305,10.2);
#2305 = AXIS2_PLACEMENT_3D('',#2306,#2307,#2308);
#2306 = CARTESIAN_POINT('',(0.,0.,10.));
#2307 = DIRECTION('',(0.,0.,1.));
#2308 = DIRECTION('',(1.,0.,0.));
#2309 = PCURVE('',#1688,#2310);
#2310 = DEFINITIONAL_REPRESENTATION('',(#2311),#2315);
#2311 = CIRCLE('',#2312,10.2);
#2312 = AXIS2_PLACEMENT_2D('',#2313,#2314);
#2313 = CARTESIAN_POINT('',(5.9E-16,-1.58E-15));
#2314 = DIRECTION('',(1.,0.));
#2315 = ( GEOMETRIC_REPRESENTATION_CONTEXT(2) 
PARAMETRIC_REPRESENTATION_CONTEXT() REPRESENTATION_CONTEXT('2D SPACE',''
  ) );
#2316 = PCURVE('',#2317,#2322);
#2317 = CYLINDRICAL_SURFACE('',#2318,10.2);
#2318 = AXIS2_PLACEMENT_3D('',#2319,#2320,#2321);
#2319 = CARTESIAN_POINT('',(0.,0.,20.));
#2320 = DIRECTION('',(0.,0.,1.));
#2321 = DIRECTION('',(1.,0.,0.));
#2322 = DEFINITIONAL_REPRESENTATION('',(#2323),#2327);
#2323 = LINE('',#2324,#2325);
#2324 = CARTESIAN_POINT('',(0.,-10.));
#2325 = VECTOR('',#2326,1.);
#2326 = DIRECTION('',(1.,0.));
#2327 = ( GEOMETRIC_REPRESENTATION_CONTEXT(2) 
PARAMETRIC_REPRESENTATION_CONTEXT() REPRESENTATION_CONTEXT('2D SPACE',''
  ) );
#2328 = FACE_BOUND('',#2329,.F.);
#2329 = EDGE_LOOP('',(#2330));
#2330 = ORIENTED_EDGE('',*,*,#2331,.F.);
#2331 = EDGE_CURVE('',#2332,#2332,#2334,.T.);
#2332 = VERTEX_POINT('',#2333);
#2333 = CARTESIAN_POINT('',(-13.47435565298,4.661731409782,10.));
#2334 = SURFACE_CURVE('',#2335,(#2340,#2347),.PCURVE_S1.);
#2335 = CIRCLE('',#2336,2.7);
#2336 = AXIS2_PLACEMENT_3D('',#2337,#2338,#2339);
#2337 = CARTESIAN_POINT('',(-12.12435565298,7.,10.));
#2338 = DIRECTION('',(0.,0.,1.));
#2339 = DIRECTION('',(-0.5,-0.866025403784,0.));
#2340 = PCURVE('',#1688,#2341);
#2341 = DEFINITIONAL_REPRESENTATION('',(#2342),#2346);
#2342 = CIRCLE('',#2343,2.7);
#2343 = AXIS2_PLACEMENT_2D('',#2344,#2345);
#2344 = CARTESIAN_POINT('',(-12.12435565298,7.));
#2345 = DIRECTION('',(-0.5,-0.866025403784));
#2346 = ( GEOMETRIC_REPRESENTATION_CONTEXT(2) 
PARAMETRIC_REPRESENTATION_CONTEXT() REPRESENTATION_CONTEXT('2D SPACE',''
  ) );
#2347 = PCURVE('',#2348,#2353);
#2348 = CONICAL_SURFACE('',#2349,1.7,0.785398163397);
#2349 = AXIS2_PLACEMENT_3D('',#2350,#2351,#2352);
#2350 = CARTESIAN_POINT('',(-12.12435565298,7.,11.));
#2351 = DIRECTION('',(-0.,-0.,-1.));
#2352 = DIRECTION('',(-0.5,-0.866025403784,0.));
#2353 = DEFINITIONAL_REPRESENTATION('',(#2354),#2358);
#2354 = LINE('',#2355,#2356);
#2355 = CARTESIAN_POINT('',(-0.,1.));
#2356 = VECTOR('',#2357,1.);
#2357 = DIRECTION('',(-1.,0.));
#2358 = ( GEOMETRIC_REPRESENTATION_CONTEXT(2) 
PARAMETRIC_REPRESENTATION_CONTEXT() REPRESENTATION_CONTEXT('2D SPACE',''
  ) );
#2359 = FACE_BOUND('',#2360,.F.);
#2360 = EDGE_LOOP('',(#2361));
#2361 = ORIENTED_EDGE('',*,*,#2362,.F.);
#2362 = EDGE_CURVE('',#2363,#2363,#2365,.T.);
#2363 = VERTEX_POINT('',#2364);
#2364 = CARTESIAN_POINT('',(2.7,-14.,10.));
#2365 = SURFACE_CURVE('',#2366,(#2371,#2378),.PCURVE_S1.);
#2366 = CIRCLE('',#2367,2.7);
#2367 = AXIS2_PLACEMENT_3D('',#2368,#2369,#2370);
#2368 = CARTESIAN_POINT('',(0.,-14.,10.));
#2369 = DIRECTION('',(0.,0.,1.));
#2370 = DIRECTION('',(1.,0.,0.));
#2371 = PCURVE('',#1688,#2372);
#2372 = DEFINITIONAL_REPRESENTATION('',(#2373),#2377);
#2373 = CIRCLE('',#2374,2.7);
#2374 = AXIS2_PLACEMENT_2D('',#2375,#2376);
#2375 = CARTESIAN_POINT('',(5.9E-16,-14.));
#2376 = DIRECTION('',(1.,0.));
#2377 = ( GEOMETRIC_REPRESENTATION_CONTEXT(2) 
PARAMETRIC_REPRESENTATION_CONTEXT() REPRESENTATION_CONTEXT('2D SPACE',''
  ) );
#2378 = PCURVE('',#2379,#2384);
#2379 = CONICAL_SURFACE('',#2380,1.7,0.785398163397);
#2380 = AXIS2_PLACEMENT_3D('',#2381,#2382,#2383);
#2381 = CARTESIAN_POINT('',(0.,-14.,11.));
#2382 = DIRECTION('',(-0.,-0.,-1.));
#2383 = DIRECTION('',(1.,0.,0.));
#2384 = DEFINITIONAL_REPRESENTATION('',(#2385),#2389);
#2385 = LINE('',#2386,#2387);
#2386 = CARTESIAN_POINT('',(-0.,1.));
#2387 = VECTOR('',#2388,1.);
#2388 = DIRECTION('',(-1.,0.));
#2389 = ( GEOMETRIC_REPRESENTATION_CONTEXT(2) 
PARAMETRIC_REPRESENTATION_CONTEXT() REPRESENTATION_CONTEXT('2D SPACE',''
  ) );
#2390 = FACE_BOUND('',#2391,.F.);
#2391 = EDGE_LOOP('',(#2392));
#2392 = ORIENTED_EDGE('',*,*,#2393,.F.);
#2393 = EDGE_CURVE('',#2394,#2394,#2396,.T.);
#2394 = VERTEX_POINT('',#2395);
#2395 = CARTESIAN_POINT('',(10.774355652982,9.338268590218,10.));
#2396 = SURFACE_CURVE('',#2397,(#2402,#2409),.PCURVE_S1.);
#2397 = CIRCLE('',#2398,2.7);
#2398 = AXIS2_PLACEMENT_3D('',#2399,#2400,#2401);
#2399 = CARTESIAN_POINT('',(12.124355652982,7.,10.));
#2400 = DIRECTION('',(0.,0.,1.));
#2401 = DIRECTION('',(-0.5,0.866025403784,0.));
#2402 = PCURVE('',#1688,#2403);
#2403 = DEFINITIONAL_REPRESENTATION('',(#2404),#2408);
#2404 = CIRCLE('',#2405,2.7);
#2405 = AXIS2_PLACEMENT_2D('',#2406,#2407);
#2406 = CARTESIAN_POINT('',(12.124355652982,7.));
#2407 = DIRECTION('',(-0.5,0.866025403784));
#2408 = ( GEOMETRIC_REPRESENTATION_CONTEXT(2) 
PARAMETRIC_REPRESENTATION_CONTEXT() REPRESENTATION_CONTEXT('2D SPACE',''
  ) );
#2409 = PCURVE('',#2410,#2415);
#2410 = CONICAL_SURFACE('',#2411,1.7,0.785398163397);
#2411 = AXIS2_PLACEMENT_3D('',#2412,#2413,#2414);
#2412 = CARTESIAN_POINT('',(12.124355652982,7.,11.));
#2413 = DIRECTION('',(-0.,-0.,-1.));
#2414 = DIRECTION('',(-0.5,0.866025403784,0.));
#2415 = DEFINITIONAL_REPRESENTATION('',(#2416),#2420);
#2416 = LINE('',#2417,#2418);
#2417 = CARTESIAN_POINT('',(0.,1.));
#2418 = VECTOR('',#2419,1.);
#2419 = DIRECTION('',(-1.,-0.));
#2420 = ( GEOMETRIC_REPRESENTATION_CONTEXT(2) 
PARAMETRIC_REPRESENTATION_CONTEXT() REPRESENTATION_CONTEXT('2D SPACE',''
  ) );
#2421 = ADVANCED_FACE('',(#2422,#2425,#2539,#2570,#2684,#2715,#2741,
    #2772),#1741,.T.);
#2422 = FACE_BOUND('',#2423,.T.);
#2423 = EDGE_LOOP('',(#2424));
#2424 = ORIENTED_EDGE('',*,*,#1726,.T.);
#2425 = FACE_BOUND('',#2426,.T.);
#2426 = EDGE_LOOP('',(#2427,#2457,#2485,#2513));
#2427 = ORIENTED_EDGE('',*,*,#2428,.F.);
#2428 = EDGE_CURVE('',#2429,#2431,#2433,.T.);
#2429 = VERTEX_POINT('',#2430);
#2430 = CARTESIAN_POINT('',(-12.1796115413,-11.304293994,20.));
#2431 = VERTEX_POINT('',#2432);
#2432 = CARTESIAN_POINT('',(-8.542304845413,-9.204293994002,20.));
#2433 = SURFACE_CURVE('',#2434,(#2438,#2445),.PCURVE_S1.);
#2434 = LINE('',#2435,#2436);
#2435 = CARTESIAN_POINT('',(-11.74659883941,-11.054293994,20.));
#2436 = VECTOR('',#2437,1.);
#2437 = DIRECTION('',(0.866025403784,0.5,0.));
#2438 = PCURVE('',#1741,#2439);
#2439 = DEFINITIONAL_REPRESENTATION('',(#2440),#2444);
#2440 = LINE('',#2441,#2442);
#2441 = CARTESIAN_POINT('',(-11.74659883941,-11.054293994));
#2442 = VECTOR('',#2443,1.);
#2443 = DIRECTION('',(0.866025403784,0.5));
#2444 = ( GEOMETRIC_REPRESENTATION_CONTEXT(2) 
PARAMETRIC_REPRESENTATION_CONTEXT() REPRESENTATION_CONTEXT('2D SPACE',''
  ) );
#2445 = PCURVE('',#2446,#2451);
#2446 = PLANE('',#2447);
#2447 = AXIS2_PLACEMENT_3D('',#2448,#2449,#2450);
#2448 = CARTESIAN_POINT('',(-11.87159883941,-10.83778764305,19.75));
#2449 = DIRECTION('',(0.353553390593,-0.612372435696,-0.707106781187));
#2450 = DIRECTION('',(-0.866025403784,-0.5,0.));
#2451 = DEFINITIONAL_REPRESENTATION('',(#2452),#2456);
#2452 = LINE('',#2453,#2454);
#2453 = CARTESIAN_POINT('',(-0.,-0.353553390593));
#2454 = VECTOR('',#2455,1.);
#2455 = DIRECTION('',(-1.,0.));
#2456 = ( GEOMETRIC_REPRESENTATION_CONTEXT(2) 
PARAMETRIC_REPRESENTATION_CONTEXT() REPRESENTATION_CONTEXT('2D SPACE',''
  ) );
#2457 = ORIENTED_EDGE('',*,*,#2458,.F.);
#2458 = EDGE_CURVE('',#2459,#2429,#2461,.T.);
#2459 = VERTEX_POINT('',#2460);
#2460 = CARTESIAN_POINT('',(-15.8796115413,-4.895706005998,20.));
#2461 = SURFACE_CURVE('',#2462,(#2466,#2473),.PCURVE_S1.);
#2462 = LINE('',#2463,#2464);
#2463 = CARTESIAN_POINT('',(-15.6296115413,-5.32871870789,20.));
#2464 = VECTOR('',#2465,1.);
#2465 = DIRECTION('',(0.5,-0.866025403784,-0.));
#2466 = PCURVE('',#1741,#2467);
#2467 = DEFINITIONAL_REPRESENTATION('',(#2468),#2472);
#2468 = LINE('',#2469,#2470);
#2469 = CARTESIAN_POINT('',(-15.6296115413,-5.32871870789));
#2470 = VECTOR('',#2471,1.);
#2471 = DIRECTION('',(0.5,-0.866025403784));
#2472 = ( GEOMETRIC_REPRESENTATION_CONTEXT(2) 
PARAMETRIC_REPRESENTATION_CONTEXT() REPRESENTATION_CONTEXT('2D SPACE',''
  ) );
#2473 = PCURVE('',#2474,#2479);
#2474 = PLANE('',#2475);
#2475 = AXIS2_PLACEMENT_3D('',#2476,#2477,#2478);
#2476 = CARTESIAN_POINT('',(-15.41310519036,-5.20371870789,19.75));
#2477 = DIRECTION('',(-0.612372435696,-0.353553390593,-0.707106781187));
#2478 = DIRECTION('',(-0.5,0.866025403784,0.));
#2479 = DEFINITIONAL_REPRESENTATION('',(#2480),#2484);
#2480 = LINE('',#2481,#2482);
#2481 = CARTESIAN_POINT('',(-0.,-0.353553390593));
#2482 = VECTOR('',#2483,1.);
#2483 = DIRECTION('',(-1.,0.));
#2484 = ( GEOMETRIC_REPRESENTATION_CONTEXT(2) 
PARAMETRIC_REPRESENTATION_CONTEXT() REPRESENTATION_CONTEXT('2D SPACE',''
  ) );
#2485 = ORIENTED_EDGE('',*,*,#2486,.F.);
#2486 = EDGE_CURVE('',#2487,#2459,#2489,.T.);
#2487 = VERTEX_POINT('',#2488);
#2488 = CARTESIAN_POINT('',(-12.24230484541,-2.795706005998,20.));
#2489 = SURFACE_CURVE('',#2490,(#2494,#2501),.PCURVE_S1.);
#2490 = LINE('',#2491,#2492);
#2491 = CARTESIAN_POINT('',(-12.6753175473,-3.045706005998,20.));
#2492 = VECTOR('',#2493,1.);
#2493 = DIRECTION('',(-0.866025403784,-0.5,0.));
#2494 = PCURVE('',#1741,#2495);
#2495 = DEFINITIONAL_REPRESENTATION('',(#2496),#2500);
#2496 = LINE('',#2497,#2498);
#2497 = CARTESIAN_POINT('',(-12.6753175473,-3.045706005998));
#2498 = VECTOR('',#2499,1.);
#2499 = DIRECTION('',(-0.866025403784,-0.5));
#2500 = ( GEOMETRIC_REPRESENTATION_CONTEXT(2) 
PARAMETRIC_REPRESENTATION_CONTEXT() REPRESENTATION_CONTEXT('2D SPACE',''
  ) );
#2501 = PCURVE('',#2502,#2507);
#2502 = PLANE('',#2503);
#2503 = AXIS2_PLACEMENT_3D('',#2504,#2505,#2506);
#2504 = CARTESIAN_POINT('',(-12.5503175473,-3.262212356944,19.75));
#2505 = DIRECTION('',(-0.353553390593,0.612372435696,-0.707106781187));
#2506 = DIRECTION('',(0.866025403784,0.5,-0.));
#2507 = DEFINITIONAL_REPRESENTATION('',(#2508),#2512);
#2508 = LINE('',#2509,#2510);
#2509 = CARTESIAN_POINT('',(-0.,-0.353553390593));
#2510 = VECTOR('',#2511,1.);
#2511 = DIRECTION('',(-1.,0.));
#2512 = ( GEOMETRIC_REPRESENTATION_CONTEXT(2) 
PARAMETRIC_REPRESENTATION_CONTEXT() REPRESENTATION_CONTEXT('2D SPACE',''
  ) );
#2513 = ORIENTED_EDGE('',*,*,#2514,.F.);
#2514 = EDGE_CURVE('',#2431,#2487,#2515,.T.);
#2515 = SURFACE_CURVE('',#2516,(#2520,#2527),.PCURVE_S1.);
#2516 = LINE('',#2517,#2518);
#2517 = CARTESIAN_POINT('',(-8.792304845413,-8.77128129211,20.));
#2518 = VECTOR('',#2519,1.);
#2519 = DIRECTION('',(-0.5,0.866025403784,0.));
#2520 = PCURVE('',#1741,#2521);
#2521 = DEFINITIONAL_REPRESENTATION('',(#2522),#2526);
#2522 = LINE('',#2523,#2524);
#2523 = CARTESIAN_POINT('',(-8.792304845413,-8.77128129211));
#2524 = VECTOR('',#2525,1.);
#2525 = DIRECTION('',(-0.5,0.866025403784));
#2526 = ( GEOMETRIC_REPRESENTATION_CONTEXT(2) 
PARAMETRIC_REPRESENTATION_CONTEXT() REPRESENTATION_CONTEXT('2D SPACE',''
  ) );
#2527 = PCURVE('',#2528,#2533);
#2528 = PLANE('',#2529);
#2529 = AXIS2_PLACEMENT_3D('',#2530,#2531,#2532);
#2530 = CARTESIAN_POINT('',(-9.008811196359,-8.89628129211,19.75));
#2531 = DIRECTION('',(0.612372435696,0.353553390593,-0.707106781187));
#2532 = DIRECTION('',(0.5,-0.866025403784,0.));
#2533 = DEFINITIONAL_REPRESENTATION('',(#2534),#2538);
#2534 = LINE('',#2535,#2536);
#2535 = CARTESIAN_POINT('',(-0.,-0.353553390593));
#2536 = VECTOR('',#2537,1.);
#2537 = DIRECTION('',(-1.,0.));
#2538 = ( GEOMETRIC_REPRESENTATION_CONTEXT(2) 
PARAMETRIC_REPRESENTATION_CONTEXT() REPRESENTATION_CONTEXT('2D SPACE',''
  ) );
#2539 = FACE_BOUND('',#2540,.T.);
#2540 = EDGE_LOOP('',(#2541));
#2541 = ORIENTED_EDGE('',*,*,#2542,.F.);
#2542 = EDGE_CURVE('',#2543,#2543,#2545,.T.);
#2543 = VERTEX_POINT('',#2544);
#2544 = CARTESIAN_POINT('',(2.7,-14.,20.));
#2545 = SURFACE_CURVE('',#2546,(#2551,#2558),.PCURVE_S1.);
#2546 = CIRCLE('',#2547,2.7);
#2547 = AXIS2_PLACEMENT_3D('',#2548,#2549,#2550);
#2548 = CARTESIAN_POINT('',(0.,-14.,20.));
#2549 = DIRECTION('',(0.,0.,1.));
#2550 = DIRECTION('',(1.,0.,0.));
#2551 = PCURVE('',#1741,#2552);
#2552 = DEFINITIONAL_REPRESENTATION('',(#2553),#2557);
#2553 = CIRCLE('',#2554,2.7);
#2554 = AXIS2_PLACEMENT_2D('',#2555,#2556);
#2555 = CARTESIAN_POINT('',(5.9E-16,-14.));
#2556 = DIRECTION('',(1.,0.));
#2557 = ( GEOMETRIC_REPRESENTATION_CONTEXT(2) 
PARAMETRIC_REPRESENTATION_CONTEXT() REPRESENTATION_CONTEXT('2D SPACE',''
  ) );
#2558 = PCURVE('',#2559,#2564);
#2559 = CONICAL_SURFACE('',#2560,1.7,0.785398163397);
#2560 = AXIS2_PLACEMENT_3D('',#2561,#2562,#2563);
#2561 = CARTESIAN_POINT('',(0.,-14.,19.));
#2562 = DIRECTION('',(0.,0.,1.));
#2563 = DIRECTION('',(1.,0.,0.));
#2564 = DEFINITIONAL_REPRESENTATION('',(#2565),#2569);
#2565 = LINE('',#2566,#2567);
#2566 = CARTESIAN_POINT('',(-0.,1.));
#2567 = VECTOR('',#2568,1.);
#2568 = DIRECTION('',(1.,-0.));
#2569 = ( GEOMETRIC_REPRESENTATION_CONTEXT(2) 
PARAMETRIC_REPRESENTATION_CONTEXT() REPRESENTATION_CONTEXT('2D SPACE',''
  ) );
#2570 = FACE_BOUND('',#2571,.T.);
#2571 = EDGE_LOOP('',(#2572,#2602,#2630,#2658));
#2572 = ORIENTED_EDGE('',*,*,#2573,.F.);
#2573 = EDGE_CURVE('',#2574,#2576,#2578,.T.);
#2574 = VERTEX_POINT('',#2575);
#2575 = CARTESIAN_POINT('',(15.879611541308,-4.895706005998,20.));
#2576 = VERTEX_POINT('',#2577);
#2577 = CARTESIAN_POINT('',(12.242304845413,-2.795706005998,20.));
#2578 = SURFACE_CURVE('',#2579,(#2583,#2590),.PCURVE_S1.);
#2579 = LINE('',#2580,#2581);
#2580 = CARTESIAN_POINT('',(15.446598839416,-4.645706005998,20.));
#2581 = VECTOR('',#2582,1.);
#2582 = DIRECTION('',(-0.866025403784,0.5,0.));
#2583 = PCURVE('',#1741,#2584);
#2584 = DEFINITIONAL_REPRESENTATION('',(#2585),#2589);
#2585 = LINE('',#2586,#2587);
#2586 = CARTESIAN_POINT('',(15.446598839416,-4.645706005998));
#2587 = VECTOR('',#2588,1.);
#2588 = DIRECTION('',(-0.866025403784,0.5));
#2589 = ( GEOMETRIC_REPRESENTATION_CONTEXT(2) 
PARAMETRIC_REPRESENTATION_CONTEXT() REPRESENTATION_CONTEXT('2D SPACE',''
  ) );
#2590 = PCURVE('',#2591,#2596);
#2591 = PLANE('',#2592);
#2592 = AXIS2_PLACEMENT_3D('',#2593,#2594,#2595);
#2593 = CARTESIAN_POINT('',(15.321598839416,-4.862212356944,19.75));
#2594 = DIRECTION('',(0.353553390593,0.612372435696,-0.707106781187));
#2595 = DIRECTION('',(0.866025403784,-0.5,0.));
#2596 = DEFINITIONAL_REPRESENTATION('',(#2597),#2601);
#2597 = LINE('',#2598,#2599);
#2598 = CARTESIAN_POINT('',(-0.,-0.353553390593));
#2599 = VECTOR('',#2600,1.);
#2600 = DIRECTION('',(-1.,0.));
#2601 = ( GEOMETRIC_REPRESENTATION_CONTEXT(2) 
PARAMETRIC_REPRESENTATION_CONTEXT() REPRESENTATION_CONTEXT('2D SPACE',''
  ) );
#2602 = ORIENTED_EDGE('',*,*,#2603,.F.);
#2603 = EDGE_CURVE('',#2604,#2574,#2606,.T.);
#2604 = VERTEX_POINT('',#2605);
#2605 = CARTESIAN_POINT('',(12.179611541308,-11.304293994,20.));
#2606 = SURFACE_CURVE('',#2607,(#2611,#2618),.PCURVE_S1.);
#2607 = LINE('',#2608,#2609);
#2608 = CARTESIAN_POINT('',(12.429611541308,-10.87128129211,20.));
#2609 = VECTOR('',#2610,1.);
#2610 = DIRECTION('',(0.5,0.866025403784,0.));
#2611 = PCURVE('',#1741,#2612);
#2612 = DEFINITIONAL_REPRESENTATION('',(#2613),#2617);
#2613 = LINE('',#2614,#2615);
#2614 = CARTESIAN_POINT('',(12.429611541308,-10.87128129211));
#2615 = VECTOR('',#2616,1.);
#2616 = DIRECTION('',(0.5,0.866025403784));
#2617 = ( GEOMETRIC_REPRESENTATION_CONTEXT(2) 
PARAMETRIC_REPRESENTATION_CONTEXT() REPRESENTATION_CONTEXT('2D SPACE',''
  ) );
#2618 = PCURVE('',#2619,#2624);
#2619 = PLANE('',#2620);
#2620 = AXIS2_PLACEMENT_3D('',#2621,#2622,#2623);
#2621 = CARTESIAN_POINT('',(12.213105190362,-10.74628129211,19.75));
#2622 = DIRECTION('',(0.612372435696,-0.353553390593,-0.707106781187));
#2623 = DIRECTION('',(-0.5,-0.866025403784,0.));
#2624 = DEFINITIONAL_REPRESENTATION('',(#2625),#2629);
#2625 = LINE('',#2626,#2627);
#2626 = CARTESIAN_POINT('',(-0.,-0.353553390593));
#2627 = VECTOR('',#2628,1.);
#2628 = DIRECTION('',(-1.,0.));
#2629 = ( GEOMETRIC_REPRESENTATION_CONTEXT(2) 
PARAMETRIC_REPRESENTATION_CONTEXT() REPRESENTATION_CONTEXT('2D SPACE',''
  ) );
#2630 = ORIENTED_EDGE('',*,*,#2631,.F.);
#2631 = EDGE_CURVE('',#2632,#2604,#2634,.T.);
#2632 = VERTEX_POINT('',#2633);
#2633 = CARTESIAN_POINT('',(8.542304845413,-9.204293994002,20.));
#2634 = SURFACE_CURVE('',#2635,(#2639,#2646),.PCURVE_S1.);
#2635 = LINE('',#2636,#2637);
#2636 = CARTESIAN_POINT('',(8.975317547305,-9.454293994002,20.));
#2637 = VECTOR('',#2638,1.);
#2638 = DIRECTION('',(0.866025403784,-0.5,0.));
#2639 = PCURVE('',#1741,#2640);
#2640 = DEFINITIONAL_REPRESENTATION('',(#2641),#2645);
#2641 = LINE('',#2642,#2643);
#2642 = CARTESIAN_POINT('',(8.975317547305,-9.454293994002));
#2643 = VECTOR('',#2644,1.);
#2644 = DIRECTION('',(0.866025403784,-0.5));
#2645 = ( GEOMETRIC_REPRESENTATION_CONTEXT(2) 
PARAMETRIC_REPRESENTATION_CONTEXT() REPRESENTATION_CONTEXT('2D SPACE',''
  ) );
#2646 = PCURVE('',#2647,#2652);
#2647 = PLANE('',#2648);
#2648 = AXIS2_PLACEMENT_3D('',#2649,#2650,#2651);
#2649 = CARTESIAN_POINT('',(9.100317547305,-9.237787643056,19.75));
#2650 = DIRECTION('',(-0.353553390593,-0.612372435696,-0.707106781187));
#2651 = DIRECTION('',(-0.866025403784,0.5,-0.));
#2652 = DEFINITIONAL_REPRESENTATION('',(#2653),#2657);
#2653 = LINE('',#2654,#2655);
#2654 = CARTESIAN_POINT('',(-0.,-0.353553390593));
#2655 = VECTOR('',#2656,1.);
#2656 = DIRECTION('',(-1.,0.));
#2657 = ( GEOMETRIC_REPRESENTATION_CONTEXT(2) 
PARAMETRIC_REPRESENTATION_CONTEXT() REPRESENTATION_CONTEXT('2D SPACE',''
  ) );
#2658 = ORIENTED_EDGE('',*,*,#2659,.F.);
#2659 = EDGE_CURVE('',#2576,#2632,#2660,.T.);
#2660 = SURFACE_CURVE('',#2661,(#2665,#2672),.PCURVE_S1.);
#2661 = LINE('',#2662,#2663);
#2662 = CARTESIAN_POINT('',(11.992304845413,-3.22871870789,20.));
#2663 = VECTOR('',#2664,1.);
#2664 = DIRECTION('',(-0.5,-0.866025403784,0.));
#2665 = PCURVE('',#1741,#2666);
#2666 = DEFINITIONAL_REPRESENTATION('',(#2667),#2671);
#2667 = LINE('',#2668,#2669);
#2668 = CARTESIAN_POINT('',(11.992304845413,-3.22871870789));
#2669 = VECTOR('',#2670,1.);
#2670 = DIRECTION('',(-0.5,-0.866025403784));
#2671 = ( GEOMETRIC_REPRESENTATION_CONTEXT(2) 
PARAMETRIC_REPRESENTATION_CONTEXT() REPRESENTATION_CONTEXT('2D SPACE',''
  ) );
#2672 = PCURVE('',#2673,#2678);
#2673 = PLANE('',#2674);
#2674 = AXIS2_PLACEMENT_3D('',#2675,#2676,#2677);
#2675 = CARTESIAN_POINT('',(12.208811196359,-3.35371870789,19.75));
#2676 = DIRECTION('',(-0.612372435696,0.353553390593,-0.707106781187));
#2677 = DIRECTION('',(0.5,0.866025403784,0.));
#2678 = DEFINITIONAL_REPRESENTATION('',(#2679),#2683);
#2679 = LINE('',#2680,#2681);
#2680 = CARTESIAN_POINT('',(-0.,-0.353553390593));
#2681 = VECTOR('',#2682,1.);
#2682 = DIRECTION('',(-1.,0.));
#2683 = ( GEOMETRIC_REPRESENTATION_CONTEXT(2) 
PARAMETRIC_REPRESENTATION_CONTEXT() REPRESENTATION_CONTEXT('2D SPACE',''
  ) );
#2684 = FACE_BOUND('',#2685,.T.);
#2685 = EDGE_LOOP('',(#2686));
#2686 = ORIENTED_EDGE('',*,*,#2687,.F.);
#2687 = EDGE_CURVE('',#2688,#2688,#2690,.T.);
#2688 = VERTEX_POINT('',#2689);
#2689 = CARTESIAN_POINT('',(-13.47435565298,4.661731409782,20.));
#2690 = SURFACE_CURVE('',#2691,(#2696,#2703),.PCURVE_S1.);
#2691 = CIRCLE('',#2692,2.7);
#2692 = AXIS2_PLACEMENT_3D('',#2693,#2694,#2695);
#2693 = CARTESIAN_POINT('',(-12.12435565298,7.,20.));
#2694 = DIRECTION('',(0.,0.,1.));
#2695 = DIRECTION('',(-0.5,-0.866025403784,0.));
#2696 = PCURVE('',#1741,#2697);
#2697 = DEFINITIONAL_REPRESENTATION('',(#2698),#2702);
#2698 = CIRCLE('',#2699,2.7);
#2699 = AXIS2_PLACEMENT_2D('',#2700,#2701);
#2700 = CARTESIAN_POINT('',(-12.12435565298,7.));
#2701 = DIRECTION('',(-0.5,-0.866025403784));
#2702 = ( GEOMETRIC_REPRESENTATION_CONTEXT(2) 
PARAMETRIC_REPRESENTATION_CONTEXT() REPRESENTATION_CONTEXT('2D SPACE',''
  ) );
#2703 = PCURVE('',#2704,#2709);
#2704 = CONICAL_SURFACE('',#2705,1.7,0.785398163397);
#2705 = AXIS2_PLACEMENT_3D('',#2706,#2707,#2708);
#2706 = CARTESIAN_POINT('',(-12.12435565298,7.,19.));
#2707 = DIRECTION('',(0.,0.,1.));
#2708 = DIRECTION('',(-0.5,-0.866025403784,0.));
#2709 = DEFINITIONAL_REPRESENTATION('',(#2710),#2714);
#2710 = LINE('',#2711,#2712);
#2711 = CARTESIAN_POINT('',(-0.,1.));
#2712 = VECTOR('',#2713,1.);
#2713 = DIRECTION('',(1.,-0.));
#2714 = ( GEOMETRIC_REPRESENTATION_CONTEXT(2) 
PARAMETRIC_REPRESENTATION_CONTEXT() REPRESENTATION_CONTEXT('2D SPACE',''
  ) );
#2715 = FACE_BOUND('',#2716,.T.);
#2716 = EDGE_LOOP('',(#2717));
#2717 = ORIENTED_EDGE('',*,*,#2718,.F.);
#2718 = EDGE_CURVE('',#2719,#2719,#2721,.T.);
#2719 = VERTEX_POINT('',#2720);
#2720 = CARTESIAN_POINT('',(10.2,0.,20.));
#2721 = SURFACE_CURVE('',#2722,(#2727,#2734),.PCURVE_S1.);
#2722 = CIRCLE('',#2723,10.2);
#2723 = AXIS2_PLACEMENT_3D('',#2724,#2725,#2726);
#2724 = CARTESIAN_POINT('',(0.,0.,20.));
#2725 = DIRECTION('',(0.,0.,1.));
#2726 = DIRECTION('',(1.,0.,0.));
#2727 = PCURVE('',#1741,#2728);
#2728 = DEFINITIONAL_REPRESENTATION('',(#2729),#2733);
#2729 = CIRCLE('',#2730,10.2);
#2730 = AXIS2_PLACEMENT_2D('',#2731,#2732);
#2731 = CARTESIAN_POINT('',(5.9E-16,-1.58E-15));
#2732 = DIRECTION('',(1.,0.));
#2733 = ( GEOMETRIC_REPRESENTATION_CONTEXT(2) 
PARAMETRIC_REPRESENTATION_CONTEXT() REPRESENTATION_CONTEXT('2D SPACE',''
  ) );
#2734 = PCURVE('',#2317,#2735);
#2735 = DEFINITIONAL_REPRESENTATION('',(#2736),#2740);
#2736 = LINE('',#2737,#2738);
#2737 = CARTESIAN_POINT('',(0.,0.));
#2738 = VECTOR('',#2739,1.);
#2739 = DIRECTION('',(1.,0.));
#2740 = ( GEOMETRIC_REPRESENTATION_CONTEXT(2) 
PARAMETRIC_REPRESENTATION_CONTEXT() REPRESENTATION_CONTEXT('2D SPACE',''
  ) );
#2741 = FACE_BOUND('',#2742,.T.);
#2742 = EDGE_LOOP('',(#2743));
#2743 = ORIENTED_EDGE('',*,*,#2744,.F.);
#2744 = EDGE_CURVE('',#2745,#2745,#2747,.T.);
#2745 = VERTEX_POINT('',#2746);
#2746 = CARTESIAN_POINT('',(10.774355652982,9.338268590218,20.));
#2747 = SURFACE_CURVE('',#2748,(#2753,#2760),.PCURVE_S1.);
#2748 = CIRCLE('',#2749,2.7);
#2749 = AXIS2_PLACEMENT_3D('',#2750,#2751,#2752);
#2750 = CARTESIAN_POINT('',(12.124355652982,7.,20.));
#2751 = DIRECTION('',(0.,0.,1.));
#2752 = DIRECTION('',(-0.5,0.866025403784,0.));
#2753 = PCURVE('',#1741,#2754);
#2754 = DEFINITIONAL_REPRESENTATION('',(#2755),#2759);
#2755 = CIRCLE('',#2756,2.7);
#2756 = AXIS2_PLACEMENT_2D('',#2757,#2758);
#2757 = CARTESIAN_POINT('',(12.124355652982,7.));
#2758 = DIRECTION('',(-0.5,0.866025403784));
#2759 = ( GEOMETRIC_REPRESENTATION_CONTEXT(2) 
PARAMETRIC_REPRESENTATION_CONTEXT() REPRESENTATION_CONTEXT('2D SPACE',''
  ) );
#2760 = PCURVE('',#2761,#2766);
#2761 = CONICAL_SURFACE('',#2762,1.7,0.785398163397);
#2762 = AXIS2_PLACEMENT_3D('',#2763,#2764,#2765);
#2763 = CARTESIAN_POINT('',(12.124355652982,7.,19.));
#2764 = DIRECTION('',(0.,0.,1.));
#2765 = DIRECTION('',(-0.5,0.866025403784,0.));
#2766 = DEFINITIONAL_REPRESENTATION('',(#2767),#2771);
#2767 = LINE('',#2768,#2769);
#2768 = CARTESIAN_POINT('',(-0.,1.));
#2769 = VECTOR('',#2770,1.);
#2770 = DIRECTION('',(1.,-0.));
#2771 = ( GEOMETRIC_REPRESENTATION_CONTEXT(2) 
PARAMETRIC_REPRESENTATION_CONTEXT() REPRESENTATION_CONTEXT('2D SPACE',''
  ) );
#2772 = FACE_BOUND('',#2773,.T.);
#2773 = EDGE_LOOP('',(#2774,#2804,#2832,#2860));
#2774 = ORIENTED_EDGE('',*,*,#2775,.F.);
#2775 = EDGE_CURVE('',#2776,#2778,#2780,.T.);
#2776 = VERTEX_POINT('',#2777);
#2777 = CARTESIAN_POINT('',(-3.7,12.,20.));
#2778 = VERTEX_POINT('',#2779);
#2779 = CARTESIAN_POINT('',(3.7,12.,20.));
#2780 = SURFACE_CURVE('',#2781,(#2785,#2792),.PCURVE_S1.);
#2781 = LINE('',#2782,#2783);
#2782 = CARTESIAN_POINT('',(-3.2,12.,20.));
#2783 = VECTOR('',#2784,1.);
#2784 = DIRECTION('',(1.,0.,0.));
#2785 = PCURVE('',#1741,#2786);
#2786 = DEFINITIONAL_REPRESENTATION('',(#2787),#2791);
#2787 = LINE('',#2788,#2789);
#2788 = CARTESIAN_POINT('',(-3.2,12.));
#2789 = VECTOR('',#2790,1.);
#2790 = DIRECTION('',(1.,0.));
#2791 = ( GEOMETRIC_REPRESENTATION_CONTEXT(2) 
PARAMETRIC_REPRESENTATION_CONTEXT() REPRESENTATION_CONTEXT('2D SPACE',''
  ) );
#2792 = PCURVE('',#2793,#2798);
#2793 = PLANE('',#2794);
#2794 = AXIS2_PLACEMENT_3D('',#2795,#2796,#2797);
#2795 = CARTESIAN_POINT('',(-3.2,12.25,19.75));
#2796 = DIRECTION('',(0.,-0.707106781187,-0.707106781187));
#2797 = DIRECTION('',(-1.,-0.,-0.));
#2798 = DEFINITIONAL_REPRESENTATION('',(#2799),#2803);
#2799 = LINE('',#2800,#2801);
#2800 = CARTESIAN_POINT('',(-0.,-0.353553390593));
#2801 = VECTOR('',#2802,1.);
#2802 = DIRECTION('',(-1.,0.));
#2803 = ( GEOMETRIC_REPRESENTATION_CONTEXT(2) 
PARAMETRIC_REPRESENTATION_CONTEXT() REPRESENTATION_CONTEXT('2D SPACE',''
  ) );
#2804 = ORIENTED_EDGE('',*,*,#2805,.F.);
#2805 = EDGE_CURVE('',#2806,#2776,#2808,.T.);
#2806 = VERTEX_POINT('',#2807);
#2807 = CARTESIAN_POINT('',(-3.7,16.2,20.));
#2808 = SURFACE_CURVE('',#2809,(#2813,#2820),.PCURVE_S1.);
#2809 = LINE('',#2810,#2811);
#2810 = CARTESIAN_POINT('',(-3.7,15.7,20.));
#2811 = VECTOR('',#2812,1.);
#2812 = DIRECTION('',(0.,-1.,0.));
#2813 = PCURVE('',#1741,#2814);
#2814 = DEFINITIONAL_REPRESENTATION('',(#2815),#2819);
#2815 = LINE('',#2816,#2817);
#2816 = CARTESIAN_POINT('',(-3.7,15.7));
#2817 = VECTOR('',#2818,1.);
#2818 = DIRECTION('',(0.,-1.));
#2819 = ( GEOMETRIC_REPRESENTATION_CONTEXT(2) 
PARAMETRIC_REPRESENTATION_CONTEXT() REPRESENTATION_CONTEXT('2D SPACE',''
  ) );
#2820 = PCURVE('',#2821,#2826);
#2821 = PLANE('',#2822);
#2822 = AXIS2_PLACEMENT_3D('',#2823,#2824,#2825);
#2823 = CARTESIAN_POINT('',(-3.45,15.7,19.75));
#2824 = DIRECTION('',(-0.707106781187,0.,-0.707106781187));
#2825 = DIRECTION('',(0.,1.,0.));
#2826 = DEFINITIONAL_REPRESENTATION('',(#2827),#2831);
#2827 = LINE('',#2828,#2829);
#2828 = CARTESIAN_POINT('',(-0.,-0.353553390593));
#2829 = VECTOR('',#2830,1.);
#2830 = DIRECTION('',(-1.,0.));
#2831 = ( GEOMETRIC_REPRESENTATION_CONTEXT(2) 
PARAMETRIC_REPRESENTATION_CONTEXT() REPRESENTATION_CONTEXT('2D SPACE',''
  ) );
#2832 = ORIENTED_EDGE('',*,*,#2833,.F.);
#2833 = EDGE_CURVE('',#2834,#2806,#2836,.T.);
#2834 = VERTEX_POINT('',#2835);
#2835 = CARTESIAN_POINT('',(3.7,16.2,20.));
#2836 = SURFACE_CURVE('',#2837,(#2841,#2848),.PCURVE_S1.);
#2837 = LINE('',#2838,#2839);
#2838 = CARTESIAN_POINT('',(3.2,16.2,20.));
#2839 = VECTOR('',#2840,1.);
#2840 = DIRECTION('',(-1.,0.,0.));
#2841 = PCURVE('',#1741,#2842);
#2842 = DEFINITIONAL_REPRESENTATION('',(#2843),#2847);
#2843 = LINE('',#2844,#2845);
#2844 = CARTESIAN_POINT('',(3.2,16.2));
#2845 = VECTOR('',#2846,1.);
#2846 = DIRECTION('',(-1.,0.));
#2847 = ( GEOMETRIC_REPRESENTATION_CONTEXT(2) 
PARAMETRIC_REPRESENTATION_CONTEXT() REPRESENTATION_CONTEXT('2D SPACE',''
  ) );
#2848 = PCURVE('',#2849,#2854);
#2849 = PLANE('',#2850);
#2850 = AXIS2_PLACEMENT_3D('',#2851,#2852,#2853);
#2851 = CARTESIAN_POINT('',(3.2,15.95,19.75));
#2852 = DIRECTION('',(0.,0.707106781187,-0.707106781187));
#2853 = DIRECTION('',(1.,0.,0.));
#2854 = DEFINITIONAL_REPRESENTATION('',(#2855),#2859);
#2855 = LINE('',#2856,#2857);
#2856 = CARTESIAN_POINT('',(-0.,-0.353553390593));
#2857 = VECTOR('',#2858,1.);
#2858 = DIRECTION('',(-1.,0.));
#2859 = ( GEOMETRIC_REPRESENTATION_CONTEXT(2) 
PARAMETRIC_REPRESENTATION_CONTEXT() REPRESENTATION_CONTEXT('2D SPACE',''
  ) );
#2860 = ORIENTED_EDGE('',*,*,#2861,.F.);
#2861 = EDGE_CURVE('',#2778,#2834,#2862,.T.);
#2862 = SURFACE_CURVE('',#2863,(#2867,#2874),.PCURVE_S1.);
#2863 = LINE('',#2864,#2865);
#2864 = CARTESIAN_POINT('',(3.7,12.5,20.));
#2865 = VECTOR('',#2866,1.);
#2866 = DIRECTION('',(0.,1.,0.));
#2867 = PCURVE('',#1741,#2868);
#2868 = DEFINITIONAL_REPRESENTATION('',(#2869),#2873);
#2869 = LINE('',#2870,#2871);
#2870 = CARTESIAN_POINT('',(3.7,12.5));
#2871 = VECTOR('',#2872,1.);
#2872 = DIRECTION('',(0.,1.));
#2873 = ( GEOMETRIC_REPRESENTATION_CONTEXT(2) 
PARAMETRIC_REPRESENTATION_CONTEXT() REPRESENTATION_CONTEXT('2D SPACE',''
  ) );
#2874 = PCURVE('',#2875,#2880);
#2875 = PLANE('',#2876);
#2876 = AXIS2_PLACEMENT_3D('',#2877,#2878,#2879);
#2877 = CARTESIAN_POINT('',(3.45,12.5,19.75));
#2878 = DIRECTION('',(0.707106781187,0.,-0.707106781187));
#2879 = DIRECTION('',(-0.,-1.,-0.));
#2880 = DEFINITIONAL_REPRESENTATION('',(#2881),#2885);
#2881 = LINE('',#2882,#2883);
#2882 = CARTESIAN_POINT('',(-0.,-0.353553390593));
#2883 = VECTOR('',#2884,1.);
#2884 = DIRECTION('',(-1.,0.));
#2885 = ( GEOMETRIC_REPRESENTATION_CONTEXT(2) 
PARAMETRIC_REPRESENTATION_CONTEXT() REPRESENTATION_CONTEXT('2D SPACE',''
  ) );
#2886 = ADVANCED_FACE('',(#2887),#1835,.F.);
#2887 = FACE_BOUND('',#2888,.T.);
#2888 = EDGE_LOOP('',(#2889,#2912,#2913,#2914));
#2889 = ORIENTED_EDGE('',*,*,#2890,.F.);
#2890 = EDGE_CURVE('',#1759,#2891,#2893,.T.);
#2891 = VERTEX_POINT('',#2892);
#2892 = CARTESIAN_POINT('',(-14.85640646055,-6.267949192431,15.));
#2893 = SEAM_CURVE('',#2894,(#2898,#2905),.PCURVE_S1.);
#2894 = LINE('',#2895,#2896);
#2895 = CARTESIAN_POINT('',(-17.4544826719,-7.767949192431,15.));
#2896 = VECTOR('',#2897,1.);
#2897 = DIRECTION('',(0.866025403784,0.5,2.2E-16));
#2898 = PCURVE('',#1835,#2899);
#2899 = DEFINITIONAL_REPRESENTATION('',(#2900),#2904);
#2900 = LINE('',#2901,#2902);
#2901 = CARTESIAN_POINT('',(-6.28318530718,0.));
#2902 = VECTOR('',#2903,1.);
#2903 = DIRECTION('',(-0.,-1.));
#2904 = ( GEOMETRIC_REPRESENTATION_CONTEXT(2) 
PARAMETRIC_REPRESENTATION_CONTEXT() REPRESENTATION_CONTEXT('2D SPACE',''
  ) );
#2905 = PCURVE('',#1835,#2906);
#2906 = DEFINITIONAL_REPRESENTATION('',(#2907),#2911);
#2907 = LINE('',#2908,#2909);
#2908 = CARTESIAN_POINT('',(-0.,0.));
#2909 = VECTOR('',#2910,1.);
#2910 = DIRECTION('',(-0.,-1.));
#2911 = ( GEOMETRIC_REPRESENTATION_CONTEXT(2) 
PARAMETRIC_REPRESENTATION_CONTEXT() REPRESENTATION_CONTEXT('2D SPACE',''
  ) );
#2912 = ORIENTED_EDGE('',*,*,#1780,.F.);
#2913 = ORIENTED_EDGE('',*,*,#2890,.T.);
#2914 = ORIENTED_EDGE('',*,*,#2915,.F.);
#2915 = EDGE_CURVE('',#2891,#2891,#2916,.T.);
#2916 = SURFACE_CURVE('',#2917,(#2922,#2929),.PCURVE_S1.);
#2917 = CIRCLE('',#2918,2.);
#2918 = AXIS2_PLACEMENT_3D('',#2919,#2920,#2921);
#2919 = CARTESIAN_POINT('',(-13.85640646055,-8.,15.));
#2920 = DIRECTION('',(-0.866025403784,-0.5,4.E-17));
#2921 = DIRECTION('',(-0.5,0.866025403784,7.E-17));
#2922 = PCURVE('',#1835,#2923);
#2923 = DEFINITIONAL_REPRESENTATION('',(#2924),#2928);
#2924 = LINE('',#2925,#2926);
#2925 = CARTESIAN_POINT('',(-6.28318530718,-3.));
#2926 = VECTOR('',#2927,1.);
#2927 = DIRECTION('',(1.,-0.));
#2928 = ( GEOMETRIC_REPRESENTATION_CONTEXT(2) 
PARAMETRIC_REPRESENTATION_CONTEXT() REPRESENTATION_CONTEXT('2D SPACE',''
  ) );
#2929 = PCURVE('',#2930,#2935);
#2930 = PLANE('',#2931);
#2931 = AXIS2_PLACEMENT_3D('',#2932,#2933,#2934);
#2932 = CARTESIAN_POINT('',(-13.85640646055,-8.,15.));
#2933 = DIRECTION('',(-0.866025403784,-0.5,0.));
#2934 = DIRECTION('',(0.,0.,1.));
#2935 = DEFINITIONAL_REPRESENTATION('',(#2936),#2940);
#2936 = CIRCLE('',#2937,2.);
#2937 = AXIS2_PLACEMENT_2D('',#2938,#2939);
#2938 = CARTESIAN_POINT('',(2.735589532676E-13,4.180494393371E-13));
#2939 = DIRECTION('',(7.E-17,1.));
#2940 = ( GEOMETRIC_REPRESENTATION_CONTEXT(2) 
PARAMETRIC_REPRESENTATION_CONTEXT() REPRESENTATION_CONTEXT('2D SPACE',''
  ) );
#2941 = ADVANCED_FACE('',(#2942),#2106,.F.);
#2942 = FACE_BOUND('',#2943,.T.);
#2943 = EDGE_LOOP('',(#2944,#2967,#2968,#2969));
#2944 = ORIENTED_EDGE('',*,*,#2945,.F.);
#2945 = EDGE_CURVE('',#1942,#2946,#2948,.T.);
#2946 = VERTEX_POINT('',#2947);
#2947 = CARTESIAN_POINT('',(12.856406460551,-9.732050807569,15.));
#2948 = SEAM_CURVE('',#2949,(#2953,#2960),.PCURVE_S1.);
#2949 = LINE('',#2950,#2951);
#2950 = CARTESIAN_POINT('',(15.454482671904,-11.23205080756,15.));
#2951 = VECTOR('',#2952,1.);
#2952 = DIRECTION('',(-0.866025403784,0.5,2.2E-16));
#2953 = PCURVE('',#2106,#2954);
#2954 = DEFINITIONAL_REPRESENTATION('',(#2955),#2959);
#2955 = LINE('',#2956,#2957);
#2956 = CARTESIAN_POINT('',(-6.28318530718,0.));
#2957 = VECTOR('',#2958,1.);
#2958 = DIRECTION('',(-0.,-1.));
#2959 = ( GEOMETRIC_REPRESENTATION_CONTEXT(2) 
PARAMETRIC_REPRESENTATION_CONTEXT() REPRESENTATION_CONTEXT('2D SPACE',''
  ) );
#2960 = PCURVE('',#2106,#2961);
#2961 = DEFINITIONAL_REPRESENTATION('',(#2962),#2966);
#2962 = LINE('',#2963,#2964);
#2963 = CARTESIAN_POINT('',(-0.,0.));
#2964 = VECTOR('',#2965,1.);
#2965 = DIRECTION('',(-0.,-1.));
#2966 = ( GEOMETRIC_REPRESENTATION_CONTEXT(2) 
PARAMETRIC_REPRESENTATION_CONTEXT() REPRESENTATION_CONTEXT('2D SPACE',''
  ) );
#2967 = ORIENTED_EDGE('',*,*,#1963,.F.);
#2968 = ORIENTED_EDGE('',*,*,#2945,.T.);
#2969 = ORIENTED_EDGE('',*,*,#2970,.F.);
#2970 = EDGE_CURVE('',#2946,#2946,#2971,.T.);
#2971 = SURFACE_CURVE('',#2972,(#2977,#2984),.PCURVE_S1.);
#2972 = CIRCLE('',#2973,2.);
#2973 = AXIS2_PLACEMENT_3D('',#2974,#2975,#2976);
#2974 = CARTESIAN_POINT('',(13.856406460551,-8.,15.));
#2975 = DIRECTION('',(0.866025403784,-0.5,-1.5E-16));
#2976 = DIRECTION('',(-0.5,-0.866025403784,2.6E-16));
#2977 = PCURVE('',#2106,#2978);
#2978 = DEFINITIONAL_REPRESENTATION('',(#2979),#2983);
#2979 = LINE('',#2980,#2981);
#2980 = CARTESIAN_POINT('',(-6.28318530718,-3.));
#2981 = VECTOR('',#2982,1.);
#2982 = DIRECTION('',(1.,-0.));
#2983 = ( GEOMETRIC_REPRESENTATION_CONTEXT(2) 
PARAMETRIC_REPRESENTATION_CONTEXT() REPRESENTATION_CONTEXT('2D SPACE',''
  ) );
#2984 = PCURVE('',#2985,#2990);
#2985 = PLANE('',#2986);
#2986 = AXIS2_PLACEMENT_3D('',#2987,#2988,#2989);
#2987 = CARTESIAN_POINT('',(13.856406460551,-8.,15.));
#2988 = DIRECTION('',(0.866025403784,-0.5,0.));
#2989 = DIRECTION('',(0.,0.,1.));
#2990 = DEFINITIONAL_REPRESENTATION('',(#2991),#2995);
#2991 = CIRCLE('',#2992,2.);
#2992 = AXIS2_PLACEMENT_2D('',#2993,#2994);
#2993 = CARTESIAN_POINT('',(2.806643806252E-13,4.203698977917E-13));
#2994 = DIRECTION('',(2.6E-16,1.));
#2995 = ( GEOMETRIC_REPRESENTATION_CONTEXT(2) 
PARAMETRIC_REPRESENTATION_CONTEXT() REPRESENTATION_CONTEXT('2D SPACE',''
  ) );
#2996 = ADVANCED_FACE('',(#2997,#3167),#2282,.F.);
#2997 = FACE_BOUND('',#2998,.F.);
#2998 = EDGE_LOOP('',(#2999,#3029,#3057,#3085,#3113,#3141));
#2999 = ORIENTED_EDGE('',*,*,#3000,.F.);
#3000 = EDGE_CURVE('',#3001,#3003,#3005,.T.);
#3001 = VERTEX_POINT('',#3002);
#3002 = CARTESIAN_POINT('',(0.,16.,11.5));
#3003 = VERTEX_POINT('',#3004);
#3004 = CARTESIAN_POINT('',(3.031088913246,16.,13.25));
#3005 = SURFACE_CURVE('',#3006,(#3010,#3017),.PCURVE_S1.);
#3006 = LINE('',#3007,#3008);
#3007 = CARTESIAN_POINT('',(0.,16.,11.5));
#3008 = VECTOR('',#3009,1.);
#3009 = DIRECTION('',(0.866025403784,0.,0.5));
#3010 = PCURVE('',#2282,#3011);
#3011 = DEFINITIONAL_REPRESENTATION('',(#3012),#3016);
#3012 = LINE('',#3013,#3014);
#3013 = CARTESIAN_POINT('',(-3.5,4.2079E-13));
#3014 = VECTOR('',#3015,1.);
#3015 = DIRECTION('',(0.5,0.866025403784));
#3016 = ( GEOMETRIC_REPRESENTATION_CONTEXT(2) 
PARAMETRIC_REPRESENTATION_CONTEXT() REPRESENTATION_CONTEXT('2D SPACE',''
  ) );
#3017 = PCURVE('',#3018,#3023);
#3018 = PLANE('',#3019);
#3019 = AXIS2_PLACEMENT_3D('',#3020,#3021,#3022);
#3020 = CARTESIAN_POINT('',(0.,12.5,11.5));
#3021 = DIRECTION('',(0.5,-1.9E-16,-0.866025403784));
#3022 = DIRECTION('',(0.866025403784,1.1E-16,0.5));
#3023 = DEFINITIONAL_REPRESENTATION('',(#3024),#3028);
#3024 = LINE('',#3025,#3026);
#3025 = CARTESIAN_POINT('',(-8.813587877169E-16,-3.5));
#3026 = VECTOR('',#3027,1.);
#3027 = DIRECTION('',(1.,1.1E-16));
#3028 = ( GEOMETRIC_REPRESENTATION_CONTEXT(2) 
PARAMETRIC_REPRESENTATION_CONTEXT() REPRESENTATION_CONTEXT('2D SPACE',''
  ) );
#3029 = ORIENTED_EDGE('',*,*,#3030,.F.);
#3030 = EDGE_CURVE('',#3031,#3001,#3033,.T.);
#3031 = VERTEX_POINT('',#3032);
#3032 = CARTESIAN_POINT('',(-3.031088913242,16.,13.249999999994));
#3033 = SURFACE_CURVE('',#3034,(#3038,#3045),.PCURVE_S1.);
#3034 = LINE('',#3035,#3036);
#3035 = CARTESIAN_POINT('',(-3.031088913242,16.,13.249999999994));
#3036 = VECTOR('',#3037,1.);
#3037 = DIRECTION('',(0.866025403785,0.,-0.499999999999));
#3038 = PCURVE('',#2282,#3039);
#3039 = DEFINITIONAL_REPRESENTATION('',(#3040),#3044);
#3040 = LINE('',#3041,#3042);
#3041 = CARTESIAN_POINT('',(-1.750000000006,-3.031088913241));
#3042 = VECTOR('',#3043,1.);
#3043 = DIRECTION('',(-0.499999999999,0.866025403785));
#3044 = ( GEOMETRIC_REPRESENTATION_CONTEXT(2) 
PARAMETRIC_REPRESENTATION_CONTEXT() REPRESENTATION_CONTEXT('2D SPACE',''
  ) );
#3045 = PCURVE('',#3046,#3051);
#3046 = PLANE('',#3047);
#3047 = AXIS2_PLACEMENT_3D('',#3048,#3049,#3050);
#3048 = CARTESIAN_POINT('',(-3.031088913242,12.5,13.249999999994));
#3049 = DIRECTION('',(-0.499999999999,-1.9E-16,-0.866025403785));
#3050 = DIRECTION('',(0.866025403785,-1.1E-16,-0.499999999999));
#3051 = DEFINITIONAL_REPRESENTATION('',(#3052),#3056);
#3052 = LINE('',#3053,#3054);
#3053 = CARTESIAN_POINT('',(1.656956031529E-15,-3.5));
#3054 = VECTOR('',#3055,1.);
#3055 = DIRECTION('',(1.,-1.1E-16));
#3056 = ( GEOMETRIC_REPRESENTATION_CONTEXT(2) 
PARAMETRIC_REPRESENTATION_CONTEXT() REPRESENTATION_CONTEXT('2D SPACE',''
  ) );
#3057 = ORIENTED_EDGE('',*,*,#3058,.F.);
#3058 = EDGE_CURVE('',#3059,#3031,#3061,.T.);
#3059 = VERTEX_POINT('',#3060);
#3060 = CARTESIAN_POINT('',(-3.031088913249,16.,16.749999999994));
#3061 = SURFACE_CURVE('',#3062,(#3066,#3073),.PCURVE_S1.);
#3062 = LINE('',#3063,#3064);
#3063 = CARTESIAN_POINT('',(-3.031088913249,16.,16.749999999994));
#3064 = VECTOR('',#3065,1.);
#3065 = DIRECTION('',(2.06095E-12,0.,-1.));
#3066 = PCURVE('',#2282,#3067);
#3067 = DEFINITIONAL_REPRESENTATION('',(#3068),#3072);
#3068 = LINE('',#3069,#3070);
#3069 = CARTESIAN_POINT('',(1.749999999994,-3.031088913249));
#3070 = VECTOR('',#3071,1.);
#3071 = DIRECTION('',(-1.,2.06095E-12));
#3072 = ( GEOMETRIC_REPRESENTATION_CONTEXT(2) 
PARAMETRIC_REPRESENTATION_CONTEXT() REPRESENTATION_CONTEXT('2D SPACE',''
  ) );
#3073 = PCURVE('',#3074,#3079);
#3074 = PLANE('',#3075);
#3075 = AXIS2_PLACEMENT_3D('',#3076,#3077,#3078);
#3076 = CARTESIAN_POINT('',(-3.031088913249,12.5,16.749999999994));
#3077 = DIRECTION('',(-1.,-0.,-2.06095E-12));
#3078 = DIRECTION('',(2.06095E-12,-2.2E-16,-1.));
#3079 = DEFINITIONAL_REPRESENTATION('',(#3080),#3084);
#3080 = LINE('',#3081,#3082);
#3081 = CARTESIAN_POINT('',(-7.7E-16,-3.5));
#3082 = VECTOR('',#3083,1.);
#3083 = DIRECTION('',(1.,-2.2E-16));
#3084 = ( GEOMETRIC_REPRESENTATION_CONTEXT(2) 
PARAMETRIC_REPRESENTATION_CONTEXT() REPRESENTATION_CONTEXT('2D SPACE',''
  ) );
#3085 = ORIENTED_EDGE('',*,*,#3086,.F.);
#3086 = EDGE_CURVE('',#3087,#3059,#3089,.T.);
#3087 = VERTEX_POINT('',#3088);
#3088 = CARTESIAN_POINT('',(-6.926E-12,16.,18.5));
#3089 = SURFACE_CURVE('',#3090,(#3094,#3101),.PCURVE_S1.);
#3090 = LINE('',#3091,#3092);
#3091 = CARTESIAN_POINT('',(-6.926E-12,16.,18.5));
#3092 = VECTOR('',#3093,1.);
#3093 = DIRECTION('',(-0.866025403783,-0.,-0.500000000002));
#3094 = PCURVE('',#2282,#3095);
#3095 = DEFINITIONAL_REPRESENTATION('',(#3096),#3100);
#3096 = LINE('',#3097,#3098);
#3097 = CARTESIAN_POINT('',(3.5,-6.50521E-12));
#3098 = VECTOR('',#3099,1.);
#3099 = DIRECTION('',(-0.500000000002,-0.866025403783));
#3100 = ( GEOMETRIC_REPRESENTATION_CONTEXT(2) 
PARAMETRIC_REPRESENTATION_CONTEXT() REPRESENTATION_CONTEXT('2D SPACE',''
  ) );
#3101 = PCURVE('',#3102,#3107);
#3102 = PLANE('',#3103);
#3103 = AXIS2_PLACEMENT_3D('',#3104,#3105,#3106);
#3104 = CARTESIAN_POINT('',(-6.926E-12,12.5,18.5));
#3105 = DIRECTION('',(-0.500000000002,1.9E-16,0.866025403783));
#3106 = DIRECTION('',(-0.866025403783,-1.1E-16,-0.500000000002));
#3107 = DEFINITIONAL_REPRESENTATION('',(#3108),#3112);
#3108 = LINE('',#3109,#3110);
#3109 = CARTESIAN_POINT('',(6.593141827925E-16,-3.5));
#3110 = VECTOR('',#3111,1.);
#3111 = DIRECTION('',(1.,-1.1E-16));
#3112 = ( GEOMETRIC_REPRESENTATION_CONTEXT(2) 
PARAMETRIC_REPRESENTATION_CONTEXT() REPRESENTATION_CONTEXT('2D SPACE',''
  ) );
#3113 = ORIENTED_EDGE('',*,*,#3114,.F.);
#3114 = EDGE_CURVE('',#3115,#3087,#3117,.T.);
#3115 = VERTEX_POINT('',#3116);
#3116 = CARTESIAN_POINT('',(3.031088913242,16.,16.750000000006));
#3117 = SURFACE_CURVE('',#3118,(#3122,#3129),.PCURVE_S1.);
#3118 = LINE('',#3119,#3120);
#3119 = CARTESIAN_POINT('',(3.031088913242,16.,16.750000000006));
#3120 = VECTOR('',#3121,1.);
#3121 = DIRECTION('',(-0.866025403785,0.,0.499999999998));
#3122 = PCURVE('',#2282,#3123);
#3123 = DEFINITIONAL_REPRESENTATION('',(#3124),#3128);
#3124 = LINE('',#3125,#3126);
#3125 = CARTESIAN_POINT('',(1.750000000006,3.031088913243));
#3126 = VECTOR('',#3127,1.);
#3127 = DIRECTION('',(0.499999999998,-0.866025403785));
#3128 = ( GEOMETRIC_REPRESENTATION_CONTEXT(2) 
PARAMETRIC_REPRESENTATION_CONTEXT() REPRESENTATION_CONTEXT('2D SPACE',''
  ) );
#3129 = PCURVE('',#3130,#3135);
#3130 = PLANE('',#3131);
#3131 = AXIS2_PLACEMENT_3D('',#3132,#3133,#3134);
#3132 = CARTESIAN_POINT('',(3.031088913242,12.5,16.750000000006));
#3133 = DIRECTION('',(0.499999999998,1.9E-16,0.866025403785));
#3134 = DIRECTION('',(-0.866025403785,1.1E-16,0.499999999998));
#3135 = DEFINITIONAL_REPRESENTATION('',(#3136),#3140);
#3136 = LINE('',#3137,#3138);
#3137 = CARTESIAN_POINT('',(-7.687776118314E-16,-3.5));
#3138 = VECTOR('',#3139,1.);
#3139 = DIRECTION('',(1.,1.1E-16));
#3140 = ( GEOMETRIC_REPRESENTATION_CONTEXT(2) 
PARAMETRIC_REPRESENTATION_CONTEXT() REPRESENTATION_CONTEXT('2D SPACE',''
  ) );
#3141 = ORIENTED_EDGE('',*,*,#3142,.F.);
#3142 = EDGE_CURVE('',#3003,#3115,#3143,.T.);
#3143 = SURFACE_CURVE('',#3144,(#3148,#3155),.PCURVE_S1.);
#3144 = LINE('',#3145,#3146);
#3145 = CARTESIAN_POINT('',(3.031088913246,16.,13.25));
#3146 = VECTOR('',#3147,1.);
#3147 = DIRECTION('',(-9.8943E-13,0.,1.));
#3148 = PCURVE('',#2282,#3149);
#3149 = DEFINITIONAL_REPRESENTATION('',(#3150),#3154);
#3150 = LINE('',#3151,#3152);
#3151 = CARTESIAN_POINT('',(-1.75,3.031088913246));
#3152 = VECTOR('',#3153,1.);
#3153 = DIRECTION('',(1.,-9.8943E-13));
#3154 = ( GEOMETRIC_REPRESENTATION_CONTEXT(2) 
PARAMETRIC_REPRESENTATION_CONTEXT() REPRESENTATION_CONTEXT('2D SPACE',''
  ) );
#3155 = PCURVE('',#3156,#3161);
#3156 = PLANE('',#3157);
#3157 = AXIS2_PLACEMENT_3D('',#3158,#3159,#3160);
#3158 = CARTESIAN_POINT('',(3.031088913246,12.5,13.25));
#3159 = DIRECTION('',(1.,0.,9.8943E-13));
#3160 = DIRECTION('',(-9.8943E-13,2.2E-16,1.));
#3161 = DEFINITIONAL_REPRESENTATION('',(#3162),#3166);
#3162 = LINE('',#3163,#3164);
#3163 = CARTESIAN_POINT('',(-2.782713678801E-15,-3.5));
#3164 = VECTOR('',#3165,1.);
#3165 = DIRECTION('',(1.,2.2E-16));
#3166 = ( GEOMETRIC_REPRESENTATION_CONTEXT(2) 
PARAMETRIC_REPRESENTATION_CONTEXT() REPRESENTATION_CONTEXT('2D SPACE',''
  ) );
#3167 = FACE_BOUND('',#3168,.F.);
#3168 = EDGE_LOOP('',(#3169));
#3169 = ORIENTED_EDGE('',*,*,#2267,.F.);
#3170 = ADVANCED_FACE('',(#3171,#3197,#3371,#3545),#2317,.F.);
#3171 = FACE_BOUND('',#3172,.F.);
#3172 = EDGE_LOOP('',(#3173,#3174,#3195,#3196));
#3173 = ORIENTED_EDGE('',*,*,#2718,.F.);
#3174 = ORIENTED_EDGE('',*,*,#3175,.T.);
#3175 = EDGE_CURVE('',#2719,#2301,#3176,.T.);
#3176 = SEAM_CURVE('',#3177,(#3181,#3188),.PCURVE_S1.);
#3177 = LINE('',#3178,#3179);
#3178 = CARTESIAN_POINT('',(10.2,0.,20.));
#3179 = VECTOR('',#3180,1.);
#3180 = DIRECTION('',(-0.,-0.,-1.));
#3181 = PCURVE('',#2317,#3182);
#3182 = DEFINITIONAL_REPRESENTATION('',(#3183),#3187);
#3183 = LINE('',#3184,#3185);
#3184 = CARTESIAN_POINT('',(6.28318530718,0.));
#3185 = VECTOR('',#3186,1.);
#3186 = DIRECTION('',(0.,-1.));
#3187 = ( GEOMETRIC_REPRESENTATION_CONTEXT(2) 
PARAMETRIC_REPRESENTATION_CONTEXT() REPRESENTATION_CONTEXT('2D SPACE',''
  ) );
#3188 = PCURVE('',#2317,#3189);
#3189 = DEFINITIONAL_REPRESENTATION('',(#3190),#3194);
#3190 = LINE('',#3191,#3192);
#3191 = CARTESIAN_POINT('',(0.,0.));
#3192 = VECTOR('',#3193,1.);
#3193 = DIRECTION('',(0.,-1.));
#3194 = ( GEOMETRIC_REPRESENTATION_CONTEXT(2) 
PARAMETRIC_REPRESENTATION_CONTEXT() REPRESENTATION_CONTEXT('2D SPACE',''
  ) );
#3195 = ORIENTED_EDGE('',*,*,#2300,.T.);
#3196 = ORIENTED_EDGE('',*,*,#3175,.F.);
#3197 = FACE_BOUND('',#3198,.F.);
#3198 = EDGE_LOOP('',(#3199));
#3199 = ORIENTED_EDGE('',*,*,#3200,.T.);
#3200 = EDGE_CURVE('',#3201,#3201,#3203,.T.);
#3201 = VERTEX_POINT('',#3202);
#3202 = CARTESIAN_POINT('',(1.7,10.057335631269,15.));
#3203 = SURFACE_CURVE('',#3204,(#3256,#3311),.PCURVE_S1.);
#3204 = B_SPLINE_CURVE_WITH_KNOTS('',8,(#3205,#3206,#3207,#3208,#3209,
    #3210,#3211,#3212,#3213,#3214,#3215,#3216,#3217,#3218,#3219,#3220,
    #3221,#3222,#3223,#3224,#3225,#3226,#3227,#3228,#3229,#3230,#3231,
    #3232,#3233,#3234,#3235,#3236,#3237,#3238,#3239,#3240,#3241,#3242,
    #3243,#3244,#3245,#3246,#3247,#3248,#3249,#3250,#3251,#3252,#3253,
    #3254,#3255),.UNSPECIFIED.,.T.,.F.,(9,7,7,7,7,7,7,9),(0.,
    0.153200570631,0.286730011469,0.412457719243,0.56814393779,
    0.70677481213,0.829125727146,1.),.UNSPECIFIED.);
#3205 = CARTESIAN_POINT('',(1.7,10.057335631269,15.));
#3206 = CARTESIAN_POINT('',(1.7,10.057335631269,15.178127751219));
#3207 = CARTESIAN_POINT('',(1.678670078571,10.060940890002,
    15.35622429683));
#3208 = CARTESIAN_POINT('',(1.636018396038,10.068150966075,
    15.532620944716));
#3209 = CARTESIAN_POINT('',(1.571690738086,10.078762750117,
    15.705514471518));
#3210 = CARTESIAN_POINT('',(1.485067499706,10.092363539598,
    15.872786587774));
#3211 = CARTESIAN_POINT('',(1.375352898807,10.108257842689,
    16.031796141242));
#3212 = CARTESIAN_POINT('',(1.241725706685,10.125383932682,
    16.17907674448));
#3213 = CARTESIAN_POINT('',(0.945816712891,10.156999432981,
    16.423873953608));
#3214 = CARTESIAN_POINT('',(0.784946197894,10.172022902786,
    16.529050416109));
#3215 = CARTESIAN_POINT('',(0.603427382374,10.185832742636,
    16.61676119249));
#3216 = CARTESIAN_POINT('',(0.405656896108,10.196635073004,
    16.68059305489));
#3217 = CARTESIAN_POINT('',(0.197520655144,10.202831426377,
    16.716334348166));
#3218 = CARTESIAN_POINT('',(-1.435752681299E-02,10.203702905804,
    16.72198588949));
#3219 = CARTESIAN_POINT('',(-0.223194722545,10.19951391365,
    16.697834316796));
#3220 = CARTESIAN_POINT('',(-0.610690132414,10.183439068095,
    16.598342405698));
#3221 = CARTESIAN_POINT('',(-0.78525866977,10.172230326095,
    16.527395665853));
#3222 = CARTESIAN_POINT('',(-0.944607845411,10.158660730443,
    16.437661878275));
#3223 = CARTESIAN_POINT('',(-1.087608647839,10.143871115714,
    16.332615302139));
#3224 = CARTESIAN_POINT('',(-1.213650282961,10.128911937826,
    16.215418089258));
#3225 = CARTESIAN_POINT('',(-1.322526311976,10.11465269859,
    16.088985506311));
#3226 = CARTESIAN_POINT('',(-1.414387844211,10.10174766358,
    15.956012395347));
#3227 = CARTESIAN_POINT('',(-1.583005404592,10.076853946961,
    15.64929819164));
#3228 = CARTESIAN_POINT('',(-1.651923236655,10.065672323041,
    15.471617657016));
#3229 = CARTESIAN_POINT('',(-1.697288479202,10.057875669048,
    15.288918423765));
#3230 = CARTESIAN_POINT('',(-1.719677288653,10.053920725458,
    15.103528264403));
#3231 = CARTESIAN_POINT('',(-1.719397760608,10.053993215313,
    14.917418774116));
#3232 = CARTESIAN_POINT('',(-1.696445482632,10.05805251747,
    14.732439395448));
#3233 = CARTESIAN_POINT('',(-1.650450382715,10.06583378515,
    14.550559608643));
#3234 = CARTESIAN_POINT('',(-1.518439548535,10.086540679516,
    14.217138301623));
#3235 = CARTESIAN_POINT('',(-1.437030275044,10.098860814468,
    14.063624398912));
#3236 = CARTESIAN_POINT('',(-1.335719333352,10.113369970744,
    13.916045388466));
#3237 = CARTESIAN_POINT('',(-1.214001505905,10.129425816661,
    13.777202195756));
#3238 = CARTESIAN_POINT('',(-1.071632479522,10.146100344761,
    13.650349701926));
#3239 = CARTESIAN_POINT('',(-0.908743909327,10.162156782279,
    13.539272022822));
#3240 = CARTESIAN_POINT('',(-0.726064197874,10.176110878512,
    13.448426777414));
#3241 = CARTESIAN_POINT('',(-0.348166705912,10.195599534102,
    13.325640439118));
#3242 = CARTESIAN_POINT('',(-0.159469599314,10.201800169895,
    13.288857312692));
#3243 = CARTESIAN_POINT('',(3.571406233307E-02,10.204012587833,
    13.27659097796));
#3244 = CARTESIAN_POINT('',(0.231572780724,10.201635640615,
    13.290390799492));
#3245 = CARTESIAN_POINT('',(0.422122426701,10.194828040897,
    13.32971181903));
#3246 = CARTESIAN_POINT('',(0.601736915043,10.184576270842,
    13.391970010403));
#3247 = CARTESIAN_POINT('',(0.765752409279,10.17225943771,
    13.472525541517));
#3248 = CARTESIAN_POINT('',(1.11362522561,10.141068213193,
    13.693292343851));
#3249 = CARTESIAN_POINT('',(1.285276822689,10.121017180286,
    13.848124120917));
#3250 = CARTESIAN_POINT('',(1.42593456043,10.101552284357,
    14.021024267854));
#3251 = CARTESIAN_POINT('',(1.53665878027,10.084525102939,
    14.206335265946));
#3252 = CARTESIAN_POINT('',(1.618626593504,10.071089642851,
    14.399819371502));
#3253 = CARTESIAN_POINT('',(1.672861224599,10.061923045253,
    14.598249990521));
#3254 = CARTESIAN_POINT('',(1.7,10.057335631269,14.799080098198));
#3255 = CARTESIAN_POINT('',(1.7,10.057335631269,15.));
#3256 = PCURVE('',#2317,#3257);
#3257 = DEFINITIONAL_REPRESENTATION('',(#3258),#3310);
#3258 = B_SPLINE_CURVE_WITH_KNOTS('',8,(#3259,#3260,#3261,#3262,#3263,
    #3264,#3265,#3266,#3267,#3268,#3269,#3270,#3271,#3272,#3273,#3274,
    #3275,#3276,#3277,#3278,#3279,#3280,#3281,#3282,#3283,#3284,#3285,
    #3286,#3287,#3288,#3289,#3290,#3291,#3292,#3293,#3294,#3295,#3296,
    #3297,#3298,#3299,#3300,#3301,#3302,#3303,#3304,#3305,#3306,#3307,
    #3308,#3309),.UNSPECIFIED.,.F.,.F.,(9,7,7,7,7,7,7,9),(0.,
    0.153200570631,0.286730011469,0.412457719243,0.56814393779,
    0.70677481213,0.829125727146,1.),.UNSPECIFIED.);
#3259 = CARTESIAN_POINT('',(1.403348247575,-5.));
#3260 = CARTESIAN_POINT('',(1.403348247575,-4.821872248781));
#3261 = CARTESIAN_POINT('',(1.405469078296,-4.64377570317));
#3262 = CARTESIAN_POINT('',(1.409709938701,-4.467379055284));
#3263 = CARTESIAN_POINT('',(1.416101757157,-4.294485528482));
#3264 = CARTESIAN_POINT('',(1.424697703042,-4.127213412226));
#3265 = CARTESIAN_POINT('',(1.435564492835,-3.968203858758));
#3266 = CARTESIAN_POINT('',(1.448769432042,-3.82092325552));
#3267 = CARTESIAN_POINT('',(1.477945229339,-3.576126046392));
#3268 = CARTESIAN_POINT('',(1.493784063271,-3.47094958389));
#3269 = CARTESIAN_POINT('',(1.511627007259,-3.38323880751));
#3270 = CARTESIAN_POINT('',(1.531035746985,-3.319406945109));
#3271 = CARTESIAN_POINT('',(1.551437081643,-3.283665651835));
#3272 = CARTESIAN_POINT('',(1.572199556105,-3.27801411051));
#3273 = CARTESIAN_POINT('',(1.592673210372,-3.302165683204));
#3274 = CARTESIAN_POINT('',(1.630695631028,-3.401657594302));
#3275 = CARTESIAN_POINT('',(1.64784102751,-3.472604334147));
#3276 = CARTESIAN_POINT('',(1.663514790542,-3.562338121725));
#3277 = CARTESIAN_POINT('',(1.677605507399,-3.667384697861));
#3278 = CARTESIAN_POINT('',(1.690047335,-3.784581910742));
#3279 = CARTESIAN_POINT('',(1.7008117782,-3.911014493689));
#3280 = CARTESIAN_POINT('',(1.709906030026,-4.043987604653));
#3281 = CARTESIAN_POINT('',(1.726616347373,-4.35070180836));
#3282 = CARTESIAN_POINT('',(1.733460657952,-4.528382342984));
#3283 = CARTESIAN_POINT('',(1.737973361395,-4.711081576235));
#3284 = CARTESIAN_POINT('',(1.740202458299,-4.896471735597));
#3285 = CARTESIAN_POINT('',(1.740174165509,-5.082581225884));
#3286 = CARTESIAN_POINT('',(1.737888969732,-5.267560604552));
#3287 = CARTESIAN_POINT('',(1.733315895671,-5.449440391357));
#3288 = CARTESIAN_POINT('',(1.720215407239,-5.782861698377));
#3289 = CARTESIAN_POINT('',(1.712143330036,-5.936375601088));
#3290 = CARTESIAN_POINT('',(1.702110137433,-6.083954611534));
#3291 = CARTESIAN_POINT('',(1.69007513953,-6.222797804244));
#3292 = CARTESIAN_POINT('',(1.676025562664,-6.349650298074));
#3293 = CARTESIAN_POINT('',(1.659984491097,-6.460727977178));
#3294 = CARTESIAN_POINT('',(1.642028040377,-6.551573222586));
#3295 = CARTESIAN_POINT('',(1.604930031976,-6.674359560882));
#3296 = CARTESIAN_POINT('',(1.58642356631,-6.711142687308));
#3297 = CARTESIAN_POINT('',(1.567294075517,-6.72340902204));
#3298 = CARTESIAN_POINT('',(1.548101507441,-6.709609200508));
#3299 = CARTESIAN_POINT('',(1.529417194287,-6.67028818097));
#3300 = CARTESIAN_POINT('',(1.511784049233,-6.608029989597));
#3301 = CARTESIAN_POINT('',(1.495660516994,-6.527474458483));
#3302 = CARTESIAN_POINT('',(1.461418520701,-6.306707656149));
#3303 = CARTESIAN_POINT('',(1.444481624558,-6.151875879083));
#3304 = CARTESIAN_POINT('',(1.430564191355,-5.978975732146));
#3305 = CARTESIAN_POINT('',(1.419582330049,-5.793664734054));
#3306 = CARTESIAN_POINT('',(1.411439210062,-5.600180628498));
#3307 = CARTESIAN_POINT('',(1.406046651089,-5.401750009479));
#3308 = CARTESIAN_POINT('',(1.403348247575,-5.200919901802));
#3309 = CARTESIAN_POINT('',(1.403348247575,-5.));
#3310 = ( GEOMETRIC_REPRESENTATION_CONTEXT(2) 
PARAMETRIC_REPRESENTATION_CONTEXT() REPRESENTATION_CONTEXT('2D SPACE',''
  ) );
#3311 = PCURVE('',#3312,#3317);
#3312 = CYLINDRICAL_SURFACE('',#3313,1.7);
#3313 = AXIS2_PLACEMENT_3D('',#3314,#3315,#3316);
#3314 = CARTESIAN_POINT('',(0.,3.33E-15,15.));
#3315 = DIRECTION('',(0.,-1.,2.2E-16));
#3316 = DIRECTION('',(1.,0.,0.));
#3317 = DEFINITIONAL_REPRESENTATION('',(#3318),#3370);
#3318 = B_SPLINE_CURVE_WITH_KNOTS('',8,(#3319,#3320,#3321,#3322,#3323,
    #3324,#3325,#3326,#3327,#3328,#3329,#3330,#3331,#3332,#3333,#3334,
    #3335,#3336,#3337,#3338,#3339,#3340,#3341,#3342,#3343,#3344,#3345,
    #3346,#3347,#3348,#3349,#3350,#3351,#3352,#3353,#3354,#3355,#3356,
    #3357,#3358,#3359,#3360,#3361,#3362,#3363,#3364,#3365,#3366,#3367,
    #3368,#3369),.UNSPECIFIED.,.F.,.F.,(9,7,7,7,7,7,7,9),(0.,
    0.153200570631,0.286730011469,0.412457719243,0.56814393779,
    0.70677481213,0.829125727146,1.),.UNSPECIFIED.);
#3319 = CARTESIAN_POINT('',(0.,-10.05733563126));
#3320 = CARTESIAN_POINT('',(0.104781030129,-10.05733563126));
#3321 = CARTESIAN_POINT('',(0.209543137508,-10.06094089));
#3322 = CARTESIAN_POINT('',(0.315060857452,-10.06815096607));
#3323 = CARTESIAN_POINT('',(0.42201711509,-10.07876275011));
#3324 = CARTESIAN_POINT('',(0.531127702954,-10.09236353959));
#3325 = CARTESIAN_POINT('',(0.643153681839,-10.10825784268));
#3326 = CARTESIAN_POINT('',(0.758943414647,-10.12538393268));
#3327 = CARTESIAN_POINT('',(0.984850127645,-10.15699943298));
#3328 = CARTESIAN_POINT('',(1.097200232455,-10.17202290278));
#3329 = CARTESIAN_POINT('',(1.214133052016,-10.18583274263));
#3330 = CARTESIAN_POINT('',(1.334045311918,-10.196635073));
#3331 = CARTESIAN_POINT('',(1.455793621895,-10.20283142637));
#3332 = CARTESIAN_POINT('',(1.578397618105,-10.2037029058));
#3333 = CARTESIAN_POINT('',(1.7009169304,-10.19951391365));
#3334 = CARTESIAN_POINT('',(1.936248789905,-10.18343906809));
#3335 = CARTESIAN_POINT('',(2.046089056637,-10.17223032609));
#3336 = CARTESIAN_POINT('',(2.15226944542,-10.15866073044));
#3337 = CARTESIAN_POINT('',(2.255196364132,-10.14387111571));
#3338 = CARTESIAN_POINT('',(2.355163573386,-10.12891193782));
#3339 = CARTESIAN_POINT('',(2.45237735825,-10.11465269859));
#3340 = CARTESIAN_POINT('',(2.546953412725,-10.10174766358));
#3341 = CARTESIAN_POINT('',(2.752840374375,-10.07685394696));
#3342 = CARTESIAN_POINT('',(2.863960385458,-10.06567232304));
#3343 = CARTESIAN_POINT('',(2.973244512225,-10.05787566904));
#3344 = CARTESIAN_POINT('',(3.081448614863,-10.05392072545));
#3345 = CARTESIAN_POINT('',(3.189307609285,-10.05399321531));
#3346 = CARTESIAN_POINT('',(3.29756526284,-10.05805251747));
#3347 = CARTESIAN_POINT('',(3.407000124272,-10.06583378515));
#3348 = CARTESIAN_POINT('',(3.617943489238,-10.08654067951));
#3349 = CARTESIAN_POINT('',(3.719532458263,-10.09886081446));
#3350 = CARTESIAN_POINT('',(3.823682921683,-10.11336997074));
#3351 = CARTESIAN_POINT('',(3.930739768559,-10.12942581666));
#3352 = CARTESIAN_POINT('',(4.041128786855,-10.14610034476));
#3353 = CARTESIAN_POINT('',(4.15536019093,-10.16215678227));
#3354 = CARTESIAN_POINT('',(4.274073483943,-10.17611087851));
#3355 = CARTESIAN_POINT('',(4.50780580008,-10.1955995341));
#3356 = CARTESIAN_POINT('',(4.620057869354,-10.20180016989));
#3357 = CARTESIAN_POINT('',(4.733485945114,-10.20401258783));
#3358 = CARTESIAN_POINT('',(4.846978295733,-10.20163564061));
#3359 = CARTESIAN_POINT('',(4.959491519751,-10.19482804089));
#3360 = CARTESIAN_POINT('',(5.069897696613,-10.18457627084));
#3361 = CARTESIAN_POINT('',(5.17674883431,-10.1722594377));
#3362 = CARTESIAN_POINT('',(5.419108541065,-10.14106821319));
#3363 = CARTESIAN_POINT('',(5.553163773763,-10.12101718028));
#3364 = CARTESIAN_POINT('',(5.681810402866,-10.10155228435));
#3365 = CARTESIAN_POINT('',(5.806266426288,-10.08452510293));
#3366 = CARTESIAN_POINT('',(5.927623895084,-10.07108964285));
#3367 = CARTESIAN_POINT('',(6.046861409117,-10.06192304525));
#3368 = CARTESIAN_POINT('',(6.164997129649,-10.05733563126));
#3369 = CARTESIAN_POINT('',(6.28318530718,-10.05733563126));
#3370 = ( GEOMETRIC_REPRESENTATION_CONTEXT(2) 
PARAMETRIC_REPRESENTATION_CONTEXT() REPRESENTATION_CONTEXT('2D SPACE',''
  ) );
#3371 = FACE_BOUND('',#3372,.F.);
#3372 = EDGE_LOOP('',(#3373));
#3373 = ORIENTED_EDGE('',*,*,#3374,.T.);
#3374 = EDGE_CURVE('',#3375,#3375,#3377,.T.);
#3375 = VERTEX_POINT('',#3376);
#3376 = CARTESIAN_POINT('',(-9.559908151066,-3.556424629201,15.));
#3377 = SURFACE_CURVE('',#3378,(#3430,#3485),.PCURVE_S1.);
#3378 = B_SPLINE_CURVE_WITH_KNOTS('',8,(#3379,#3380,#3381,#3382,#3383,
    #3384,#3385,#3386,#3387,#3388,#3389,#3390,#3391,#3392,#3393,#3394,
    #3395,#3396,#3397,#3398,#3399,#3400,#3401,#3402,#3403,#3404,#3405,
    #3406,#3407,#3408,#3409,#3410,#3411,#3412,#3413,#3414,#3415,#3416,
    #3417,#3418,#3419,#3420,#3421,#3422,#3423,#3424,#3425,#3426,#3427,
    #3428,#3429),.UNSPECIFIED.,.T.,.F.,(9,7,7,7,7,7,7,9),(0.,
    0.153200570643,0.286730011492,0.412457719269,0.568143937812,
    0.706774812146,0.829125727155,1.),.UNSPECIFIED.);
#3379 = CARTESIAN_POINT('',(-9.559908151066,-3.556424629201,15.));
#3380 = CARTESIAN_POINT('',(-9.559908151066,-3.556424629201,
    15.178127751219));
#3381 = CARTESIAN_POINT('',(-9.552365436001,-3.576699512386,
    15.35622429683));
#3382 = CARTESIAN_POINT('',(-9.537283703777,-3.61724199101,
    15.532620944716));
#3383 = CARTESIAN_POINT('',(-9.514309949361,-3.678257268984,
    15.705514471518));
#3384 = CARTESIAN_POINT('',(-9.482776959373,-3.760075588719,
    15.872786587774));
#3385 = CARTESIAN_POINT('',(-9.441684529175,-3.863038371809,
    16.031796141243));
#3386 = CARTESIAN_POINT('',(-9.389702562116,-3.987325959819,
    16.17907674448));
#3387 = CARTESIAN_POINT('',(-9.269127891631,-4.259398415804,
    16.423873953608));
#3388 = CARTESIAN_POINT('',(-9.201703340637,-4.406228103412,
    16.529050416109));
#3389 = CARTESIAN_POINT('',(-9.12290360501,-4.570332928843,
    16.616761192492));
#3390 = CARTESIAN_POINT('',(-9.033373454393,-4.747008359254,
    16.680593054889));
#3391 = CARTESIAN_POINT('',(-8.934671533346,-4.930357808061,
    16.716334348167));
#3392 = CARTESIAN_POINT('',(-8.829487165688,-5.114285435858,
    16.721985889489));
#3393 = CARTESIAN_POINT('',(-8.721440794201,-5.293049256539,
    16.697834316796));
#3394 = CARTESIAN_POINT('',(-8.513771864659,-5.62059270255,
    16.598342405701));
#3395 = CARTESIAN_POINT('',(-8.416780540662,-5.766169119607,
    16.527395665857));
#3396 = CARTESIAN_POINT('',(-8.325354338283,-5.897384755965,
    16.437661878275));
#3397 = CARTESIAN_POINT('',(-8.241045754999,-6.013832276267,
    16.332615302134));
#3398 = CARTESIAN_POINT('',(-8.16506990937,-6.11550794527,
    16.215418089252));
#3399 = CARTESIAN_POINT('',(-8.098283031449,-6.202667732637,
    16.088985506312));
#3400 = CARTESIAN_POINT('',(-8.041176177178,-6.275769635676,
    15.956012395356));
#3401 = CARTESIAN_POINT('',(-7.935308805997,-6.409349868186,
    15.649298191639));
#3402 = CARTESIAN_POINT('',(-7.891166319596,-6.463443649566,
    15.471617657015));
#3403 = CARTESIAN_POINT('',(-7.861731597901,-6.498832775063,
    15.288918423768));
#3404 = CARTESIAN_POINT('',(-7.847112111555,-6.516244581015,
    15.103528264405));
#3405 = CARTESIAN_POINT('',(-7.847314653633,-6.516038747554,
    14.917418774113));
#3406 = CARTESIAN_POINT('',(-7.862306251413,-6.498191142828,
    14.732439395445));
#3407 = CARTESIAN_POINT('',(-7.892042576854,-6.462248851693,
    14.550559608647));
#3408 = CARTESIAN_POINT('',(-7.975980690498,-6.358277562901,
    14.217138301623));
#3409 = CARTESIAN_POINT('',(-8.027354877091,-6.293935131429,
    14.063624398912));
#3410 = CARTESIAN_POINT('',(-8.090575645859,-6.21345186038,
    13.916045388466));
#3411 = CARTESIAN_POINT('',(-8.165339330026,-6.116069052677,
    13.777202195756));
#3412 = CARTESIAN_POINT('',(-8.250964408148,-6.001111123167,
    13.650349701926));
#3413 = CARTESIAN_POINT('',(-8.346313976031,-5.868073702151,
    13.539272022822));
#3414 = CARTESIAN_POINT('',(-8.449738433581,-5.716845479393,
    13.448426777414));
#3415 = CARTESIAN_POINT('',(-8.655564850389,-5.399320979124,
    13.325640439119));
#3416 = CARTESIAN_POINT('',(-8.755283311806,-5.239004809083,
    13.288857312692));
#3417 = CARTESIAN_POINT('',(-8.854791152763,-5.071077008667,
    13.276590977961));
#3418 = CARTESIAN_POINT('',(-8.950662015291,-4.900269909371,
    13.290390799492));
#3419 = CARTESIAN_POINT('',(-9.040041283979,-4.731845275422,
    13.329711819029));
#3420 = CARTESIAN_POINT('',(-9.120970234852,-4.571168680597,
    13.391970010404));
#3421 = CARTESIAN_POINT('',(-9.192311291582,-4.42296867941,
    13.472525541517));
#3422 = CARTESIAN_POINT('',(-9.339235306941,-4.106106370923,
    13.693292343851));
#3423 = CARTESIAN_POINT('',(-9.407696401611,-3.947426210799,
    13.848124120918));
#3424 = CARTESIAN_POINT('',(-9.461168176125,-3.815880588713,
    14.021024267853));
#3425 = CARTESIAN_POINT('',(-9.501784314382,-3.711477010807,
    14.206335265948));
#3426 = CARTESIAN_POINT('',(-9.531132771251,-3.63377307221,
    14.399819371501));
#3427 = CARTESIAN_POINT('',(-9.550311580413,-3.582221205117,
    14.598249990522));
#3428 = CARTESIAN_POINT('',(-9.559908151066,-3.556424629201,
    14.799080098198));
#3429 = CARTESIAN_POINT('',(-9.559908151066,-3.556424629201,15.));
#3430 = PCURVE('',#2317,#3431);
#3431 = DEFINITIONAL_REPRESENTATION('',(#3432),#3484);
#3432 = B_SPLINE_CURVE_WITH_KNOTS('',8,(#3433,#3434,#3435,#3436,#3437,
    #3438,#3439,#3440,#3441,#3442,#3443,#3444,#3445,#3446,#3447,#3448,
    #3449,#3450,#3451,#3452,#3453,#3454,#3455,#3456,#3457,#3458,#3459,
    #3460,#3461,#3462,#3463,#3464,#3465,#3466,#3467,#3468,#3469,#3470,
    #3471,#3472,#3473,#3474,#3475,#3476,#3477,#3478,#3479,#3480,#3481,
    #3482,#3483),.UNSPECIFIED.,.T.,.F.,(9,7,7,7,7,7,7,9),(0.,
    0.153200570643,0.286730011492,0.412457719269,0.568143937812,
    0.706774812146,0.829125727155,1.),.UNSPECIFIED.);
#3433 = CARTESIAN_POINT('',(3.497743349968,-5.));
#3434 = CARTESIAN_POINT('',(3.497743349968,-4.821872248781));
#3435 = CARTESIAN_POINT('',(3.499864180689,-4.64377570317));
#3436 = CARTESIAN_POINT('',(3.504105041094,-4.467379055284));
#3437 = CARTESIAN_POINT('',(3.51049685955,-4.294485528482));
#3438 = CARTESIAN_POINT('',(3.519092805435,-4.127213412226));
#3439 = CARTESIAN_POINT('',(3.529959595228,-3.968203858757));
#3440 = CARTESIAN_POINT('',(3.543164534435,-3.82092325552));
#3441 = CARTESIAN_POINT('',(3.572340331732,-3.576126046392));
#3442 = CARTESIAN_POINT('',(3.588179165664,-3.470949583892));
#3443 = CARTESIAN_POINT('',(3.606022109652,-3.383238807506));
#3444 = CARTESIAN_POINT('',(3.625430849378,-3.319406945114));
#3445 = CARTESIAN_POINT('',(3.645832184036,-3.283665651831));
#3446 = CARTESIAN_POINT('',(3.666594658498,-3.278014110511));
#3447 = CARTESIAN_POINT('',(3.687068312765,-3.302165683204));
#3448 = CARTESIAN_POINT('',(3.725090733421,-3.401657594299));
#3449 = CARTESIAN_POINT('',(3.742236129903,-3.472604334143));
#3450 = CARTESIAN_POINT('',(3.757909892936,-3.562338121725));
#3451 = CARTESIAN_POINT('',(3.772000609793,-3.667384697866));
#3452 = CARTESIAN_POINT('',(3.784442437394,-3.784581910748));
#3453 = CARTESIAN_POINT('',(3.795206880593,-3.911014493688));
#3454 = CARTESIAN_POINT('',(3.804301132419,-4.043987604644));
#3455 = CARTESIAN_POINT('',(3.821011449766,-4.350701808361));
#3456 = CARTESIAN_POINT('',(3.827855760346,-4.528382342985));
#3457 = CARTESIAN_POINT('',(3.832368463788,-4.711081576232));
#3458 = CARTESIAN_POINT('',(3.834597560692,-4.896471735595));
#3459 = CARTESIAN_POINT('',(3.834569267902,-5.082581225887));
#3460 = CARTESIAN_POINT('',(3.832284072125,-5.267560604555));
#3461 = CARTESIAN_POINT('',(3.827710998064,-5.449440391353));
#3462 = CARTESIAN_POINT('',(3.814610509632,-5.782861698377));
#3463 = CARTESIAN_POINT('',(3.806538432429,-5.936375601088));
#3464 = CARTESIAN_POINT('',(3.796505239826,-6.083954611534));
#3465 = CARTESIAN_POINT('',(3.784470241924,-6.222797804244));
#3466 = CARTESIAN_POINT('',(3.770420665057,-6.349650298074));
#3467 = CARTESIAN_POINT('',(3.75437959349,-6.460727977178));
#3468 = CARTESIAN_POINT('',(3.73642314277,-6.551573222586));
#3469 = CARTESIAN_POINT('',(3.699325134369,-6.674359560881));
#3470 = CARTESIAN_POINT('',(3.680818668703,-6.711142687308));
#3471 = CARTESIAN_POINT('',(3.661689177911,-6.723409022039));
#3472 = CARTESIAN_POINT('',(3.642496609834,-6.709609200508));
#3473 = CARTESIAN_POINT('',(3.62381229668,-6.670288180971));
#3474 = CARTESIAN_POINT('',(3.606179151626,-6.608029989596));
#3475 = CARTESIAN_POINT('',(3.590055619387,-6.527474458483));
#3476 = CARTESIAN_POINT('',(3.555813623094,-6.306707656149));
#3477 = CARTESIAN_POINT('',(3.538876726951,-6.151875879083));
#3478 = CARTESIAN_POINT('',(3.524959293749,-5.978975732147));
#3479 = CARTESIAN_POINT('',(3.513977432442,-5.793664734053));
#3480 = CARTESIAN_POINT('',(3.505834312455,-5.600180628498));
#3481 = CARTESIAN_POINT('',(3.500441753482,-5.401750009478));
#3482 = CARTESIAN_POINT('',(3.497743349968,-5.200919901802));
#3483 = CARTESIAN_POINT('',(3.497743349968,-5.));
#3484 = ( GEOMETRIC_REPRESENTATION_CONTEXT(2) 
PARAMETRIC_REPRESENTATION_CONTEXT() REPRESENTATION_CONTEXT('2D SPACE',''
  ) );
#3485 = PCURVE('',#3486,#3491);
#3486 = CYLINDRICAL_SURFACE('',#3487,1.7);
#3487 = AXIS2_PLACEMENT_3D('',#3488,#3489,#3490);
#3488 = CARTESIAN_POINT('',(-2.511511406555E-15,-1.373782217351E-15,15.)
  );
#3489 = DIRECTION('',(0.866025403784,0.5,2.2E-16));
#3490 = DIRECTION('',(-0.5,0.866025403784,0.));
#3491 = DEFINITIONAL_REPRESENTATION('',(#3492),#3544);
#3492 = B_SPLINE_CURVE_WITH_KNOTS('',8,(#3493,#3494,#3495,#3496,#3497,
    #3498,#3499,#3500,#3501,#3502,#3503,#3504,#3505,#3506,#3507,#3508,
    #3509,#3510,#3511,#3512,#3513,#3514,#3515,#3516,#3517,#3518,#3519,
    #3520,#3521,#3522,#3523,#3524,#3525,#3526,#3527,#3528,#3529,#3530,
    #3531,#3532,#3533,#3534,#3535,#3536,#3537,#3538,#3539,#3540,#3541,
    #3542,#3543),.UNSPECIFIED.,.F.,.F.,(9,7,7,7,7,7,7,9),(0.,
    0.153200570643,0.286730011492,0.412457719269,0.568143937812,
    0.706774812146,0.829125727155,1.),.UNSPECIFIED.);
#3493 = CARTESIAN_POINT('',(0.,-10.05733563126));
#3494 = CARTESIAN_POINT('',(0.104781030129,-10.05733563126));
#3495 = CARTESIAN_POINT('',(0.209543137508,-10.06094089));
#3496 = CARTESIAN_POINT('',(0.315060857453,-10.06815096607));
#3497 = CARTESIAN_POINT('',(0.42201711509,-10.07876275011));
#3498 = CARTESIAN_POINT('',(0.531127702954,-10.09236353959));
#3499 = CARTESIAN_POINT('',(0.643153681839,-10.10825784268));
#3500 = CARTESIAN_POINT('',(0.758943414647,-10.12538393268));
#3501 = CARTESIAN_POINT('',(0.984850127645,-10.15699943298));
#3502 = CARTESIAN_POINT('',(1.097200232455,-10.17202290278));
#3503 = CARTESIAN_POINT('',(1.214133052016,-10.18583274263));
#3504 = CARTESIAN_POINT('',(1.334045311918,-10.196635073));
#3505 = CARTESIAN_POINT('',(1.455793621895,-10.20283142637));
#3506 = CARTESIAN_POINT('',(1.578397618105,-10.2037029058));
#3507 = CARTESIAN_POINT('',(1.7009169304,-10.19951391365));
#3508 = CARTESIAN_POINT('',(1.936248789899,-10.18343906809));
#3509 = CARTESIAN_POINT('',(2.046089056634,-10.17223032609));
#3510 = CARTESIAN_POINT('',(2.152269445422,-10.15866073044));
#3511 = CARTESIAN_POINT('',(2.255196364137,-10.14387111571));
#3512 = CARTESIAN_POINT('',(2.35516357339,-10.12891193782));
#3513 = CARTESIAN_POINT('',(2.452377358248,-10.11465269859));
#3514 = CARTESIAN_POINT('',(2.546953412719,-10.10174766358));
#3515 = CARTESIAN_POINT('',(2.752840374375,-10.07685394696));
#3516 = CARTESIAN_POINT('',(2.863960385458,-10.06567232304));
#3517 = CARTESIAN_POINT('',(2.973244512224,-10.05787566904));
#3518 = CARTESIAN_POINT('',(3.081448614862,-10.05392072545));
#3519 = CARTESIAN_POINT('',(3.189307609287,-10.05399321531));
#3520 = CARTESIAN_POINT('',(3.297565262842,-10.05805251747));
#3521 = CARTESIAN_POINT('',(3.407000124269,-10.06583378515));
#3522 = CARTESIAN_POINT('',(3.617943489238,-10.08654067951));
#3523 = CARTESIAN_POINT('',(3.719532458263,-10.09886081446));
#3524 = CARTESIAN_POINT('',(3.823682921683,-10.11336997074));
#3525 = CARTESIAN_POINT('',(3.930739768559,-10.12942581666));
#3526 = CARTESIAN_POINT('',(4.041128786855,-10.14610034476));
#3527 = CARTESIAN_POINT('',(4.15536019093,-10.16215678227));
#3528 = CARTESIAN_POINT('',(4.274073483943,-10.17611087851));
#3529 = CARTESIAN_POINT('',(4.507805800079,-10.1955995341));
#3530 = CARTESIAN_POINT('',(4.620057869356,-10.20180016989));
#3531 = CARTESIAN_POINT('',(4.73348594511,-10.20401258783));
#3532 = CARTESIAN_POINT('',(4.846978295737,-10.20163564061));
#3533 = CARTESIAN_POINT('',(4.959491519748,-10.19482804089));
#3534 = CARTESIAN_POINT('',(5.069897696614,-10.18457627084));
#3535 = CARTESIAN_POINT('',(5.176748834309,-10.17225943771));
#3536 = CARTESIAN_POINT('',(5.419108541065,-10.14106821319));
#3537 = CARTESIAN_POINT('',(5.553163773764,-10.12101718028));
#3538 = CARTESIAN_POINT('',(5.681810402864,-10.10155228435));
#3539 = CARTESIAN_POINT('',(5.806266426291,-10.08452510293));
#3540 = CARTESIAN_POINT('',(5.927623895081,-10.07108964285));
#3541 = CARTESIAN_POINT('',(6.046861409118,-10.06192304525));
#3542 = CARTESIAN_POINT('',(6.164997129649,-10.05733563126));
#3543 = CARTESIAN_POINT('',(6.28318530718,-10.05733563126));
#3544 = ( GEOMETRIC_REPRESENTATION_CONTEXT(2) 
PARAMETRIC_REPRESENTATION_CONTEXT() REPRESENTATION_CONTEXT('2D SPACE',''
  ) );
#3545 = FACE_BOUND('',#3546,.F.);
#3546 = EDGE_LOOP('',(#3547));
#3547 = ORIENTED_EDGE('',*,*,#3548,.T.);
#3548 = EDGE_CURVE('',#3549,#3549,#3551,.T.);
#3549 = VERTEX_POINT('',#3550);
#3550 = CARTESIAN_POINT('',(7.859908151066,-6.500911002068,15.));
#3551 = SURFACE_CURVE('',#3552,(#3604,#3659),.PCURVE_S1.);
#3552 = B_SPLINE_CURVE_WITH_KNOTS('',8,(#3553,#3554,#3555,#3556,#3557,
    #3558,#3559,#3560,#3561,#3562,#3563,#3564,#3565,#3566,#3567,#3568,
    #3569,#3570,#3571,#3572,#3573,#3574,#3575,#3576,#3577,#3578,#3579,
    #3580,#3581,#3582,#3583,#3584,#3585,#3586,#3587,#3588,#3589,#3590,
    #3591,#3592,#3593,#3594,#3595,#3596,#3597,#3598,#3599,#3600,#3601,
    #3602,#3603),.UNSPECIFIED.,.T.,.F.,(9,7,7,7,7,7,7,9),(0.,
    0.153200570628,0.286730011464,0.412457719237,0.568143937787,
    0.706774812129,0.829125727145,1.),.UNSPECIFIED.);
#3553 = CARTESIAN_POINT('',(7.859908151066,-6.500911002068,15.));
#3554 = CARTESIAN_POINT('',(7.859908151066,-6.500911002068,
    15.178127751219));
#3555 = CARTESIAN_POINT('',(7.87369535743,-6.484241377617,15.35622429683
    ));
#3556 = CARTESIAN_POINT('',(7.901265307739,-6.450908975065,
    15.532620944716));
#3557 = CARTESIAN_POINT('',(7.942619211275,-6.400505481133,
    15.705514471518));
#3558 = CARTESIAN_POINT('',(7.997709459667,-6.332287950879,
    15.872786587774));
#3559 = CARTESIAN_POINT('',(8.066331630369,-6.24521947088,
    16.031796141242));
#3560 = CARTESIAN_POINT('',(8.147976855431,-6.138057972863,
    16.17907674448));
#3561 = CARTESIAN_POINT('',(8.323311178741,-5.897601017178,
    16.423873953608));
#3562 = CARTESIAN_POINT('',(8.416757142743,-5.765794799373,
    16.529050416109));
#3563 = CARTESIAN_POINT('',(8.519476222635,-5.615499813794,
    16.616761192492));
#3564 = CARTESIAN_POINT('',(8.627716558288,-5.44962671375,
    16.680593054888));
#3565 = CARTESIAN_POINT('',(8.7371508782,-5.272473618317,16.716334348167
    ));
#3566 = CARTESIAN_POINT('',(8.843844692502,-5.089417469946,
    16.721985889489));
#3567 = CARTESIAN_POINT('',(8.944635516746,-4.906464657111,
    16.697834316796));
#3568 = CARTESIAN_POINT('',(9.124461997069,-4.562846365534,
    16.598342405698));
#3569 = CARTESIAN_POINT('',(9.20203921043,-4.406061206484,
    16.527395665852));
#3570 = CARTESIAN_POINT('',(9.269962183696,-4.261275974483,
    16.437661878275));
#3571 = CARTESIAN_POINT('',(9.328654402842,-4.130038839455,
    16.332615302141));
#3572 = CARTESIAN_POINT('',(9.378720192333,-4.013403992559,
    16.21541808926));
#3573 = CARTESIAN_POINT('',(9.420809343424,-3.911984965949,
    16.08898550631));
#3574 = CARTESIAN_POINT('',(9.455564021386,-3.825978027898,
    15.956012395344));
#3575 = CARTESIAN_POINT('',(9.51831421059,-3.667504078775,
    15.649298191639));
#3576 = CARTESIAN_POINT('',(9.543089556251,-3.602228673476,
    15.471617657015));
#3577 = CARTESIAN_POINT('',(9.559020077102,-3.559042893985,
    15.288918423767));
#3578 = CARTESIAN_POINT('',(9.566789400209,-3.537676144444,
    15.103528264404));
#3579 = CARTESIAN_POINT('',(9.566712414242,-3.537954467759,
    14.917418774114));
#3580 = CARTESIAN_POINT('',(9.558751734043,-3.559861374642,
    14.732439395446));
#3581 = CARTESIAN_POINT('',(9.54249295957,-3.603584933458,
    14.550559608646));
#3582 = CARTESIAN_POINT('',(9.494420239034,-3.728263116615,
    14.217138301623));
#3583 = CARTESIAN_POINT('',(9.464385152134,-3.804925683039,
    14.063624398912));
#3584 = CARTESIAN_POINT('',(9.426294979211,-3.899918110363,
    13.916045388465));
#3585 = CARTESIAN_POINT('',(9.379340835931,-4.013356763984,
    13.777202195756));
#3586 = CARTESIAN_POINT('',(9.32259688767,-4.144989221594,
    13.650349701926));
#3587 = CARTESIAN_POINT('',(9.255057885358,-4.294083080128,
    13.539272022822));
#3588 = CARTESIAN_POINT('',(9.175802631455,-4.459265399119,
    13.448426777414));
#3589 = CARTESIAN_POINT('',(9.003731556302,-4.796278554979,
    13.325640439118));
#3590 = CARTESIAN_POINT('',(8.914752911118,-4.962795360812,
    13.288857312692));
#3591 = CARTESIAN_POINT('',(8.819077090435,-5.132935579166,
    13.27659097796));
#3592 = CARTESIAN_POINT('',(8.719089234561,-5.301365731243,
    13.290390799492));
#3593 = CARTESIAN_POINT('',(8.617918857282,-5.462982765476,
    13.32971181903));
#3594 = CARTESIAN_POINT('',(8.519233319807,-5.613407590245,
    13.391970010404));
#3595 = CARTESIAN_POINT('',(8.426558882303,-5.7492907583,13.472525541517
    ));
#3596 = CARTESIAN_POINT('',(8.225610081331,-6.03496184227,
    13.693292343851));
#3597 = CARTESIAN_POINT('',(8.122419578922,-6.173590969487,
    13.848124120917));
#3598 = CARTESIAN_POINT('',(8.035233615695,-6.285671695645,
    14.021024267854));
#3599 = CARTESIAN_POINT('',(7.965125534112,-6.373048092131,
    14.206335265946));
#3600 = CARTESIAN_POINT('',(7.912506177747,-6.437316570641,
    14.399819371503));
#3601 = CARTESIAN_POINT('',(7.877450355813,-6.479701840135,
    14.598249990521));
#3602 = CARTESIAN_POINT('',(7.859908151066,-6.500911002068,
    14.799080098198));
#3603 = CARTESIAN_POINT('',(7.859908151066,-6.500911002068,15.));
#3604 = PCURVE('',#2317,#3605);
#3605 = DEFINITIONAL_REPRESENTATION('',(#3606),#3658);
#3606 = B_SPLINE_CURVE_WITH_KNOTS('',8,(#3607,#3608,#3609,#3610,#3611,
    #3612,#3613,#3614,#3615,#3616,#3617,#3618,#3619,#3620,#3621,#3622,
    #3623,#3624,#3625,#3626,#3627,#3628,#3629,#3630,#3631,#3632,#3633,
    #3634,#3635,#3636,#3637,#3638,#3639,#3640,#3641,#3642,#3643,#3644,
    #3645,#3646,#3647,#3648,#3649,#3650,#3651,#3652,#3653,#3654,#3655,
    #3656,#3657),.UNSPECIFIED.,.F.,.F.,(9,7,7,7,7,7,7,9),(0.,
    0.153200570628,0.286730011464,0.412457719237,0.568143937787,
    0.706774812129,0.829125727145,1.),.UNSPECIFIED.);
#3607 = CARTESIAN_POINT('',(5.592138452362,-5.));
#3608 = CARTESIAN_POINT('',(5.592138452362,-4.821872248781));
#3609 = CARTESIAN_POINT('',(5.594259283082,-4.64377570317));
#3610 = CARTESIAN_POINT('',(5.598500143487,-4.467379055284));
#3611 = CARTESIAN_POINT('',(5.604891961943,-4.294485528482));
#3612 = CARTESIAN_POINT('',(5.613487907829,-4.127213412226));
#3613 = CARTESIAN_POINT('',(5.624354697621,-3.968203858758));
#3614 = CARTESIAN_POINT('',(5.637559636828,-3.82092325552));
#3615 = CARTESIAN_POINT('',(5.666735434125,-3.576126046392));
#3616 = CARTESIAN_POINT('',(5.682574268058,-3.470949583891));
#3617 = CARTESIAN_POINT('',(5.700417212045,-3.383238807509));
#3618 = CARTESIAN_POINT('',(5.719825951772,-3.319406945111));
#3619 = CARTESIAN_POINT('',(5.740227286429,-3.283665651833));
#3620 = CARTESIAN_POINT('',(5.760989760891,-3.278014110511));
#3621 = CARTESIAN_POINT('',(5.781463415158,-3.302165683204));
#3622 = CARTESIAN_POINT('',(5.819485835815,-3.401657594302));
#3623 = CARTESIAN_POINT('',(5.836631232296,-3.472604334148));
#3624 = CARTESIAN_POINT('',(5.852304995329,-3.562338121725));
#3625 = CARTESIAN_POINT('',(5.866395712185,-3.667384697859));
#3626 = CARTESIAN_POINT('',(5.878837539787,-3.78458191074));
#3627 = CARTESIAN_POINT('',(5.889601982987,-3.91101449369));
#3628 = CARTESIAN_POINT('',(5.898696234813,-4.043987604656));
#3629 = CARTESIAN_POINT('',(5.91540655216,-4.350701808361));
#3630 = CARTESIAN_POINT('',(5.922250862739,-4.528382342985));
#3631 = CARTESIAN_POINT('',(5.926763566182,-4.711081576233));
#3632 = CARTESIAN_POINT('',(5.928992663085,-4.896471735596));
#3633 = CARTESIAN_POINT('',(5.928964370295,-5.082581225887));
#3634 = CARTESIAN_POINT('',(5.926679174518,-5.267560604554));
#3635 = CARTESIAN_POINT('',(5.922106100457,-5.449440391354));
#3636 = CARTESIAN_POINT('',(5.909005612026,-5.782861698377));
#3637 = CARTESIAN_POINT('',(5.900933534822,-5.936375601088));
#3638 = CARTESIAN_POINT('',(5.890900342219,-6.083954611535));
#3639 = CARTESIAN_POINT('',(5.878865344317,-6.222797804244));
#3640 = CARTESIAN_POINT('',(5.86481576745,-6.349650298074));
#3641 = CARTESIAN_POINT('',(5.848774695884,-6.460727977178));
#3642 = CARTESIAN_POINT('',(5.830818245163,-6.551573222586));
#3643 = CARTESIAN_POINT('',(5.793720236762,-6.674359560882));
#3644 = CARTESIAN_POINT('',(5.775213771096,-6.711142687308));
#3645 = CARTESIAN_POINT('',(5.756084280304,-6.72340902204));
#3646 = CARTESIAN_POINT('',(5.736891712228,-6.709609200508));
#3647 = CARTESIAN_POINT('',(5.718207399073,-6.67028818097));
#3648 = CARTESIAN_POINT('',(5.700574254019,-6.608029989596));
#3649 = CARTESIAN_POINT('',(5.68445072178,-6.527474458483));
#3650 = CARTESIAN_POINT('',(5.650208725487,-6.306707656149));
#3651 = CARTESIAN_POINT('',(5.633271829344,-6.151875879083));
#3652 = CARTESIAN_POINT('',(5.619354396142,-5.978975732146));
#3653 = CARTESIAN_POINT('',(5.608372534836,-5.793664734054));
#3654 = CARTESIAN_POINT('',(5.600229414848,-5.600180628497));
#3655 = CARTESIAN_POINT('',(5.594836855875,-5.401750009479));
#3656 = CARTESIAN_POINT('',(5.592138452362,-5.200919901802));
#3657 = CARTESIAN_POINT('',(5.592138452362,-5.));
#3658 = ( GEOMETRIC_REPRESENTATION_CONTEXT(2) 
PARAMETRIC_REPRESENTATION_CONTEXT() REPRESENTATION_CONTEXT('2D SPACE',''
  ) );
#3659 = PCURVE('',#3660,#3665);
#3660 = CYLINDRICAL_SURFACE('',#3661,1.7);
#3661 = AXIS2_PLACEMENT_3D('',#3662,#3663,#3664);
#3662 = CARTESIAN_POINT('',(3.175082377251E-15,-1.292646811953E-15,15.)
  );
#3663 = DIRECTION('',(-0.866025403784,0.5,2.2E-16));
#3664 = DIRECTION('',(-0.5,-0.866025403784,0.));
#3665 = DEFINITIONAL_REPRESENTATION('',(#3666),#3718);
#3666 = B_SPLINE_CURVE_WITH_KNOTS('',8,(#3667,#3668,#3669,#3670,#3671,
    #3672,#3673,#3674,#3675,#3676,#3677,#3678,#3679,#3680,#3681,#3682,
    #3683,#3684,#3685,#3686,#3687,#3688,#3689,#3690,#3691,#3692,#3693,
    #3694,#3695,#3696,#3697,#3698,#3699,#3700,#3701,#3702,#3703,#3704,
    #3705,#3706,#3707,#3708,#3709,#3710,#3711,#3712,#3713,#3714,#3715,
    #3716,#3717),.UNSPECIFIED.,.F.,.F.,(9,7,7,7,7,7,7,9),(0.,
    0.153200570628,0.286730011464,0.412457719237,0.568143937787,
    0.706774812129,0.829125727145,1.),.UNSPECIFIED.);
#3667 = CARTESIAN_POINT('',(0.,-10.05733563126));
#3668 = CARTESIAN_POINT('',(0.104781030129,-10.05733563126));
#3669 = CARTESIAN_POINT('',(0.209543137508,-10.06094089));
#3670 = CARTESIAN_POINT('',(0.315060857452,-10.06815096607));
#3671 = CARTESIAN_POINT('',(0.42201711509,-10.07876275011));
#3672 = CARTESIAN_POINT('',(0.531127702955,-10.09236353959));
#3673 = CARTESIAN_POINT('',(0.643153681839,-10.10825784268));
#3674 = CARTESIAN_POINT('',(0.758943414647,-10.12538393268));
#3675 = CARTESIAN_POINT('',(0.984850127645,-10.15699943298));
#3676 = CARTESIAN_POINT('',(1.097200232456,-10.17202290278));
#3677 = CARTESIAN_POINT('',(1.214133052015,-10.18583274263));
#3678 = CARTESIAN_POINT('',(1.334045311919,-10.196635073));
#3679 = CARTESIAN_POINT('',(1.455793621894,-10.20283142637));
#3680 = CARTESIAN_POINT('',(1.578397618105,-10.2037029058));
#3681 = CARTESIAN_POINT('',(1.7009169304,-10.19951391365));
#3682 = CARTESIAN_POINT('',(1.936248789907,-10.18343906809));
#3683 = CARTESIAN_POINT('',(2.046089056637,-10.17223032609));
#3684 = CARTESIAN_POINT('',(2.152269445419,-10.15866073044));
#3685 = CARTESIAN_POINT('',(2.255196364131,-10.14387111571));
#3686 = CARTESIAN_POINT('',(2.355163573385,-10.12891193782));
#3687 = CARTESIAN_POINT('',(2.452377358251,-10.11465269859));
#3688 = CARTESIAN_POINT('',(2.546953412727,-10.10174766357));
#3689 = CARTESIAN_POINT('',(2.752840374375,-10.07685394696));
#3690 = CARTESIAN_POINT('',(2.863960385458,-10.06567232304));
#3691 = CARTESIAN_POINT('',(2.973244512224,-10.05787566904));
#3692 = CARTESIAN_POINT('',(3.081448614862,-10.05392072545));
#3693 = CARTESIAN_POINT('',(3.189307609286,-10.05399321531));
#3694 = CARTESIAN_POINT('',(3.297565262841,-10.05805251747));
#3695 = CARTESIAN_POINT('',(3.40700012427,-10.06583378515));
#3696 = CARTESIAN_POINT('',(3.617943489238,-10.08654067951));
#3697 = CARTESIAN_POINT('',(3.719532458263,-10.09886081446));
#3698 = CARTESIAN_POINT('',(3.823682921683,-10.11336997074));
#3699 = CARTESIAN_POINT('',(3.930739768559,-10.12942581666));
#3700 = CARTESIAN_POINT('',(4.041128786855,-10.14610034476));
#3701 = CARTESIAN_POINT('',(4.15536019093,-10.16215678227));
#3702 = CARTESIAN_POINT('',(4.274073483943,-10.17611087851));
#3703 = CARTESIAN_POINT('',(4.507805800079,-10.1955995341));
#3704 = CARTESIAN_POINT('',(4.620057869355,-10.20180016989));
#3705 = CARTESIAN_POINT('',(4.733485945111,-10.20401258783));
#3706 = CARTESIAN_POINT('',(4.846978295737,-10.20163564061));
#3707 = CARTESIAN_POINT('',(4.959491519749,-10.19482804089));
#3708 = CARTESIAN_POINT('',(5.069897696614,-10.18457627084));
#3709 = CARTESIAN_POINT('',(5.176748834309,-10.17225943771));
#3710 = CARTESIAN_POINT('',(5.419108541065,-10.14106821319));
#3711 = CARTESIAN_POINT('',(5.553163773763,-10.12101718028));
#3712 = CARTESIAN_POINT('',(5.681810402866,-10.10155228435));
#3713 = CARTESIAN_POINT('',(5.806266426287,-10.08452510293));
#3714 = CARTESIAN_POINT('',(5.927623895084,-10.07108964285));
#3715 = CARTESIAN_POINT('',(6.046861409117,-10.06192304525));
#3716 = CARTESIAN_POINT('',(6.164997129649,-10.05733563126));
#3717 = CARTESIAN_POINT('',(6.28318530718,-10.05733563126));
#3718 = ( GEOMETRIC_REPRESENTATION_CONTEXT(2) 
PARAMETRIC_REPRESENTATION_CONTEXT() REPRESENTATION_CONTEXT('2D SPACE',''
  ) );
#3719 = ADVANCED_FACE('',(#3720),#2348,.F.);
#3720 = FACE_BOUND('',#3721,.T.);
#3721 = EDGE_LOOP('',(#3722,#3745,#3772,#3773));
#3722 = ORIENTED_EDGE('',*,*,#3723,.F.);
#3723 = EDGE_CURVE('',#3724,#2332,#3726,.T.);
#3724 = VERTEX_POINT('',#3725);
#3725 = CARTESIAN_POINT('',(-12.97435565298,5.527756813566,11.));
#3726 = SEAM_CURVE('',#3727,(#3731,#3738),.PCURVE_S1.);
#3727 = LINE('',#3728,#3729);
#3728 = CARTESIAN_POINT('',(-12.97435565298,5.527756813566,11.));
#3729 = VECTOR('',#3730,1.);
#3730 = DIRECTION('',(-0.353553390593,-0.612372435696,-0.707106781187));
#3731 = PCURVE('',#2348,#3732);
#3732 = DEFINITIONAL_REPRESENTATION('',(#3733),#3737);
#3733 = LINE('',#3734,#3735);
#3734 = CARTESIAN_POINT('',(-0.,0.));
#3735 = VECTOR('',#3736,1.);
#3736 = DIRECTION('',(-0.,1.));
#3737 = ( GEOMETRIC_REPRESENTATION_CONTEXT(2) 
PARAMETRIC_REPRESENTATION_CONTEXT() REPRESENTATION_CONTEXT('2D SPACE',''
  ) );
#3738 = PCURVE('',#2348,#3739);
#3739 = DEFINITIONAL_REPRESENTATION('',(#3740),#3744);
#3740 = LINE('',#3741,#3742);
#3741 = CARTESIAN_POINT('',(-6.28318530718,0.));
#3742 = VECTOR('',#3743,1.);
#3743 = DIRECTION('',(-0.,1.));
#3744 = ( GEOMETRIC_REPRESENTATION_CONTEXT(2) 
PARAMETRIC_REPRESENTATION_CONTEXT() REPRESENTATION_CONTEXT('2D SPACE',''
  ) );
#3745 = ORIENTED_EDGE('',*,*,#3746,.T.);
#3746 = EDGE_CURVE('',#3724,#3724,#3747,.T.);
#3747 = SURFACE_CURVE('',#3748,(#3753,#3760),.PCURVE_S1.);
#3748 = CIRCLE('',#3749,1.7);
#3749 = AXIS2_PLACEMENT_3D('',#3750,#3751,#3752);
#3750 = CARTESIAN_POINT('',(-12.12435565298,7.,11.));
#3751 = DIRECTION('',(0.,0.,1.));
#3752 = DIRECTION('',(-0.5,-0.866025403784,0.));
#3753 = PCURVE('',#2348,#3754);
#3754 = DEFINITIONAL_REPRESENTATION('',(#3755),#3759);
#3755 = LINE('',#3756,#3757);
#3756 = CARTESIAN_POINT('',(-0.,0.));
#3757 = VECTOR('',#3758,1.);
#3758 = DIRECTION('',(-1.,0.));
#3759 = ( GEOMETRIC_REPRESENTATION_CONTEXT(2) 
PARAMETRIC_REPRESENTATION_CONTEXT() REPRESENTATION_CONTEXT('2D SPACE',''
  ) );
#3760 = PCURVE('',#3761,#3766);
#3761 = CYLINDRICAL_SURFACE('',#3762,1.7);
#3762 = AXIS2_PLACEMENT_3D('',#3763,#3764,#3765);
#3763 = CARTESIAN_POINT('',(-12.12435565298,7.,20.));
#3764 = DIRECTION('',(0.,0.,1.));
#3765 = DIRECTION('',(-0.5,-0.866025403784,0.));
#3766 = DEFINITIONAL_REPRESENTATION('',(#3767),#3771);
#3767 = LINE('',#3768,#3769);
#3768 = CARTESIAN_POINT('',(0.,-9.));
#3769 = VECTOR('',#3770,1.);
#3770 = DIRECTION('',(1.,0.));
#3771 = ( GEOMETRIC_REPRESENTATION_CONTEXT(2) 
PARAMETRIC_REPRESENTATION_CONTEXT() REPRESENTATION_CONTEXT('2D SPACE',''
  ) );
#3772 = ORIENTED_EDGE('',*,*,#3723,.T.);
#3773 = ORIENTED_EDGE('',*,*,#2331,.F.);
#3774 = ADVANCED_FACE('',(#3775),#2379,.F.);
#3775 = FACE_BOUND('',#3776,.T.);
#3776 = EDGE_LOOP('',(#3777,#3800,#3827,#3828));
#3777 = ORIENTED_EDGE('',*,*,#3778,.F.);
#3778 = EDGE_CURVE('',#3779,#2363,#3781,.T.);
#3779 = VERTEX_POINT('',#3780);
#3780 = CARTESIAN_POINT('',(1.7,-14.,11.));
#3781 = SEAM_CURVE('',#3782,(#3786,#3793),.PCURVE_S1.);
#3782 = LINE('',#3783,#3784);
#3783 = CARTESIAN_POINT('',(1.7,-14.,11.));
#3784 = VECTOR('',#3785,1.);
#3785 = DIRECTION('',(0.707106781187,0.,-0.707106781187));
#3786 = PCURVE('',#2379,#3787);
#3787 = DEFINITIONAL_REPRESENTATION('',(#3788),#3792);
#3788 = LINE('',#3789,#3790);
#3789 = CARTESIAN_POINT('',(-0.,0.));
#3790 = VECTOR('',#3791,1.);
#3791 = DIRECTION('',(-0.,1.));
#3792 = ( GEOMETRIC_REPRESENTATION_CONTEXT(2) 
PARAMETRIC_REPRESENTATION_CONTEXT() REPRESENTATION_CONTEXT('2D SPACE',''
  ) );
#3793 = PCURVE('',#2379,#3794);
#3794 = DEFINITIONAL_REPRESENTATION('',(#3795),#3799);
#3795 = LINE('',#3796,#3797);
#3796 = CARTESIAN_POINT('',(-6.28318530718,0.));
#3797 = VECTOR('',#3798,1.);
#3798 = DIRECTION('',(-0.,1.));
#3799 = ( GEOMETRIC_REPRESENTATION_CONTEXT(2) 
PARAMETRIC_REPRESENTATION_CONTEXT() REPRESENTATION_CONTEXT('2D SPACE',''
  ) );
#3800 = ORIENTED_EDGE('',*,*,#3801,.T.);
#3801 = EDGE_CURVE('',#3779,#3779,#3802,.T.);
#3802 = SURFACE_CURVE('',#3803,(#3808,#3815),.PCURVE_S1.);
#3803 = CIRCLE('',#3804,1.7);
#3804 = AXIS2_PLACEMENT_3D('',#3805,#3806,#3807);
#3805 = CARTESIAN_POINT('',(0.,-14.,11.));
#3806 = DIRECTION('',(0.,0.,1.));
#3807 = DIRECTION('',(1.,0.,0.));
#3808 = PCURVE('',#2379,#3809);
#3809 = DEFINITIONAL_REPRESENTATION('',(#3810),#3814);
#3810 = LINE('',#3811,#3812);
#3811 = CARTESIAN_POINT('',(-0.,0.));
#3812 = VECTOR('',#3813,1.);
#3813 = DIRECTION('',(-1.,0.));
#3814 = ( GEOMETRIC_REPRESENTATION_CONTEXT(2) 
PARAMETRIC_REPRESENTATION_CONTEXT() REPRESENTATION_CONTEXT('2D SPACE',''
  ) );
#3815 = PCURVE('',#3816,#3821);
#3816 = CYLINDRICAL_SURFACE('',#3817,1.7);
#3817 = AXIS2_PLACEMENT_3D('',#3818,#3819,#3820);
#3818 = CARTESIAN_POINT('',(0.,-14.,20.));
#3819 = DIRECTION('',(0.,0.,1.));
#3820 = DIRECTION('',(1.,0.,0.));
#3821 = DEFINITIONAL_REPRESENTATION('',(#3822),#3826);
#3822 = LINE('',#3823,#3824);
#3823 = CARTESIAN_POINT('',(0.,-9.));
#3824 = VECTOR('',#3825,1.);
#3825 = DIRECTION('',(1.,0.));
#3826 = ( GEOMETRIC_REPRESENTATION_CONTEXT(2) 
PARAMETRIC_REPRESENTATION_CONTEXT() REPRESENTATION_CONTEXT('2D SPACE',''
  ) );
#3827 = ORIENTED_EDGE('',*,*,#3778,.T.);
#3828 = ORIENTED_EDGE('',*,*,#2362,.F.);
#3829 = ADVANCED_FACE('',(#3830),#2410,.F.);
#3830 = FACE_BOUND('',#3831,.F.);
#3831 = EDGE_LOOP('',(#3832,#3855,#3856,#3857));
#3832 = ORIENTED_EDGE('',*,*,#3833,.F.);
#3833 = EDGE_CURVE('',#2394,#3834,#3836,.T.);
#3834 = VERTEX_POINT('',#3835);
#3835 = CARTESIAN_POINT('',(11.274355652982,8.472243186434,11.));
#3836 = SEAM_CURVE('',#3837,(#3841,#3848),.PCURVE_S1.);
#3837 = LINE('',#3838,#3839);
#3838 = CARTESIAN_POINT('',(11.274355652982,8.472243186434,11.));
#3839 = VECTOR('',#3840,1.);
#3840 = DIRECTION('',(0.353553390593,-0.612372435696,0.707106781187));
#3841 = PCURVE('',#2410,#3842);
#3842 = DEFINITIONAL_REPRESENTATION('',(#3843),#3847);
#3843 = LINE('',#3844,#3845);
#3844 = CARTESIAN_POINT('',(-0.,-0.));
#3845 = VECTOR('',#3846,1.);
#3846 = DIRECTION('',(-0.,-1.));
#3847 = ( GEOMETRIC_REPRESENTATION_CONTEXT(2) 
PARAMETRIC_REPRESENTATION_CONTEXT() REPRESENTATION_CONTEXT('2D SPACE',''
  ) );
#3848 = PCURVE('',#2410,#3849);
#3849 = DEFINITIONAL_REPRESENTATION('',(#3850),#3854);
#3850 = LINE('',#3851,#3852);
#3851 = CARTESIAN_POINT('',(-6.28318530718,-0.));
#3852 = VECTOR('',#3853,1.);
#3853 = DIRECTION('',(-0.,-1.));
#3854 = ( GEOMETRIC_REPRESENTATION_CONTEXT(2) 
PARAMETRIC_REPRESENTATION_CONTEXT() REPRESENTATION_CONTEXT('2D SPACE',''
  ) );
#3855 = ORIENTED_EDGE('',*,*,#2393,.T.);
#3856 = ORIENTED_EDGE('',*,*,#3833,.T.);
#3857 = ORIENTED_EDGE('',*,*,#3858,.F.);
#3858 = EDGE_CURVE('',#3834,#3834,#3859,.T.);
#3859 = SURFACE_CURVE('',#3860,(#3865,#3872),.PCURVE_S1.);
#3860 = CIRCLE('',#3861,1.7);
#3861 = AXIS2_PLACEMENT_3D('',#3862,#3863,#3864);
#3862 = CARTESIAN_POINT('',(12.124355652982,7.,11.));
#3863 = DIRECTION('',(0.,0.,1.));
#3864 = DIRECTION('',(-0.5,0.866025403784,0.));
#3865 = PCURVE('',#2410,#3866);
#3866 = DEFINITIONAL_REPRESENTATION('',(#3867),#3871);
#3867 = LINE('',#3868,#3869);
#3868 = CARTESIAN_POINT('',(-0.,-0.));
#3869 = VECTOR('',#3870,1.);
#3870 = DIRECTION('',(-1.,-0.));
#3871 = ( GEOMETRIC_REPRESENTATION_CONTEXT(2) 
PARAMETRIC_REPRESENTATION_CONTEXT() REPRESENTATION_CONTEXT('2D SPACE',''
  ) );
#3872 = PCURVE('',#3873,#3878);
#3873 = CYLINDRICAL_SURFACE('',#3874,1.7);
#3874 = AXIS2_PLACEMENT_3D('',#3875,#3876,#3877);
#3875 = CARTESIAN_POINT('',(12.124355652982,7.,20.));
#3876 = DIRECTION('',(0.,0.,1.));
#3877 = DIRECTION('',(-0.5,0.866025403784,0.));
#3878 = DEFINITIONAL_REPRESENTATION('',(#3879),#3883);
#3879 = LINE('',#3880,#3881);
#3880 = CARTESIAN_POINT('',(0.,-9.));
#3881 = VECTOR('',#3882,1.);
#3882 = DIRECTION('',(1.,0.));
#3883 = ( GEOMETRIC_REPRESENTATION_CONTEXT(2) 
PARAMETRIC_REPRESENTATION_CONTEXT() REPRESENTATION_CONTEXT('2D SPACE',''
  ) );
#3884 = ADVANCED_FACE('',(#3885),#2446,.F.);
#3885 = FACE_BOUND('',#3886,.T.);
#3886 = EDGE_LOOP('',(#3887,#3910,#3911,#3934));
#3887 = ORIENTED_EDGE('',*,*,#3888,.F.);
#3888 = EDGE_CURVE('',#2429,#3889,#3891,.T.);
#3889 = VERTEX_POINT('',#3890);
#3890 = CARTESIAN_POINT('',(-11.99659883941,-10.62128129211,19.5));
#3891 = SURFACE_CURVE('',#3892,(#3896,#3903),.PCURVE_S1.);
#3892 = LINE('',#3893,#3894);
#3893 = CARTESIAN_POINT('',(-11.66717597601,-9.391858428704,18.6));
#3894 = VECTOR('',#3895,1.);
#3895 = DIRECTION('',(0.211324865405,0.788675134595,-0.57735026919));
#3896 = PCURVE('',#2446,#3897);
#3897 = DEFINITIONAL_REPRESENTATION('',(#3898),#3902);
#3898 = LINE('',#3899,#3900);
#3899 = CARTESIAN_POINT('',(-0.9,1.626345596729));
#3900 = VECTOR('',#3901,1.);
#3901 = DIRECTION('',(-0.57735026919,0.816496580928));
#3902 = ( GEOMETRIC_REPRESENTATION_CONTEXT(2) 
PARAMETRIC_REPRESENTATION_CONTEXT() REPRESENTATION_CONTEXT('2D SPACE',''
  ) );
#3903 = PCURVE('',#2474,#3904);
#3904 = DEFINITIONAL_REPRESENTATION('',(#3905),#3909);
#3905 = LINE('',#3906,#3907);
#3906 = CARTESIAN_POINT('',(-5.5,1.626345596729));
#3907 = VECTOR('',#3908,1.);
#3908 = DIRECTION('',(0.57735026919,0.816496580928));
#3909 = ( GEOMETRIC_REPRESENTATION_CONTEXT(2) 
PARAMETRIC_REPRESENTATION_CONTEXT() REPRESENTATION_CONTEXT('2D SPACE',''
  ) );
#3910 = ORIENTED_EDGE('',*,*,#2428,.T.);
#3911 = ORIENTED_EDGE('',*,*,#3912,.T.);
#3912 = EDGE_CURVE('',#2431,#3913,#3915,.T.);
#3913 = VERTEX_POINT('',#3914);
#3914 = CARTESIAN_POINT('',(-9.225317547305,-9.02128129211,19.5));
#3915 = SURFACE_CURVE('',#3916,(#3920,#3927),.PCURVE_S1.);
#3916 = LINE('',#3917,#3918);
#3917 = CARTESIAN_POINT('',(-9.726193528693,-8.887071977389,
    19.133333333333));
#3918 = VECTOR('',#3919,1.);
#3919 = DIRECTION('',(-0.788675134595,0.211324865405,-0.57735026919));
#3920 = PCURVE('',#2446,#3921);
#3921 = DEFINITIONAL_REPRESENTATION('',(#3922),#3926);
#3922 = LINE('',#3923,#3924);
#3923 = CARTESIAN_POINT('',(-2.833333333333,0.872098363463));
#3924 = VECTOR('',#3925,1.);
#3925 = DIRECTION('',(0.57735026919,0.816496580928));
#3926 = ( GEOMETRIC_REPRESENTATION_CONTEXT(2) 
PARAMETRIC_REPRESENTATION_CONTEXT() REPRESENTATION_CONTEXT('2D SPACE',''
  ) );
#3927 = PCURVE('',#2528,#3928);
#3928 = DEFINITIONAL_REPRESENTATION('',(#3929),#3933);
#3929 = LINE('',#3930,#3931);
#3930 = CARTESIAN_POINT('',(-0.366666666667,0.872098363463));
#3931 = VECTOR('',#3932,1.);
#3932 = DIRECTION('',(-0.57735026919,0.816496580928));
#3933 = ( GEOMETRIC_REPRESENTATION_CONTEXT(2) 
PARAMETRIC_REPRESENTATION_CONTEXT() REPRESENTATION_CONTEXT('2D SPACE',''
  ) );
#3934 = ORIENTED_EDGE('',*,*,#3935,.F.);
#3935 = EDGE_CURVE('',#3889,#3913,#3936,.T.);
#3936 = SURFACE_CURVE('',#3937,(#3941,#3948),.PCURVE_S1.);
#3937 = LINE('',#3938,#3939);
#3938 = CARTESIAN_POINT('',(-11.99659883941,-10.62128129211,19.5));
#3939 = VECTOR('',#3940,1.);
#3940 = DIRECTION('',(0.866025403784,0.5,0.));
#3941 = PCURVE('',#2446,#3942);
#3942 = DEFINITIONAL_REPRESENTATION('',(#3943),#3947);
#3943 = LINE('',#3944,#3945);
#3944 = CARTESIAN_POINT('',(-0.,0.353553390593));
#3945 = VECTOR('',#3946,1.);
#3946 = DIRECTION('',(-1.,0.));
#3947 = ( GEOMETRIC_REPRESENTATION_CONTEXT(2) 
PARAMETRIC_REPRESENTATION_CONTEXT() REPRESENTATION_CONTEXT('2D SPACE',''
  ) );
#3948 = PCURVE('',#3949,#3954);
#3949 = PLANE('',#3950);
#3950 = AXIS2_PLACEMENT_3D('',#3951,#3952,#3953);
#3951 = CARTESIAN_POINT('',(-11.99659883941,-10.62128129211,20.));
#3952 = DIRECTION('',(0.5,-0.866025403784,-0.));
#3953 = DIRECTION('',(0.866025403784,0.5,0.));
#3954 = DEFINITIONAL_REPRESENTATION('',(#3955),#3959);
#3955 = LINE('',#3956,#3957);
#3956 = CARTESIAN_POINT('',(-3.552713678801E-15,-0.5));
#3957 = VECTOR('',#3958,1.);
#3958 = DIRECTION('',(1.,0.));
#3959 = ( GEOMETRIC_REPRESENTATION_CONTEXT(2) 
PARAMETRIC_REPRESENTATION_CONTEXT() REPRESENTATION_CONTEXT('2D SPACE',''
  ) );
#3960 = ADVANCED_FACE('',(#3961),#2474,.F.);
#3961 = FACE_BOUND('',#3962,.T.);
#3962 = EDGE_LOOP('',(#3963,#3986,#3987,#3988));
#3963 = ORIENTED_EDGE('',*,*,#3964,.F.);
#3964 = EDGE_CURVE('',#2459,#3965,#3967,.T.);
#3965 = VERTEX_POINT('',#3966);
#3966 = CARTESIAN_POINT('',(-15.19659883941,-5.07871870789,19.5));
#3967 = SURFACE_CURVE('',#3968,(#3972,#3979),.PCURVE_S1.);
#3968 = LINE('',#3969,#3970);
#3969 = CARTESIAN_POINT('',(-14.69572285802,-5.212928022611,
    19.133333333333));
#3970 = VECTOR('',#3971,1.);
#3971 = DIRECTION('',(0.788675134595,-0.211324865405,-0.57735026919));
#3972 = PCURVE('',#2474,#3973);
#3973 = DEFINITIONAL_REPRESENTATION('',(#3974),#3978);
#3974 = LINE('',#3975,#3976);
#3975 = CARTESIAN_POINT('',(-0.366666666667,0.872098363463));
#3976 = VECTOR('',#3977,1.);
#3977 = DIRECTION('',(-0.57735026919,0.816496580928));
#3978 = ( GEOMETRIC_REPRESENTATION_CONTEXT(2) 
PARAMETRIC_REPRESENTATION_CONTEXT() REPRESENTATION_CONTEXT('2D SPACE',''
  ) );
#3979 = PCURVE('',#2502,#3980);
#3980 = DEFINITIONAL_REPRESENTATION('',(#3981),#3985);
#3981 = LINE('',#3982,#3983);
#3982 = CARTESIAN_POINT('',(-2.833333333333,0.872098363463));
#3983 = VECTOR('',#3984,1.);
#3984 = DIRECTION('',(0.57735026919,0.816496580928));
#3985 = ( GEOMETRIC_REPRESENTATION_CONTEXT(2) 
PARAMETRIC_REPRESENTATION_CONTEXT() REPRESENTATION_CONTEXT('2D SPACE',''
  ) );
#3986 = ORIENTED_EDGE('',*,*,#2458,.T.);
#3987 = ORIENTED_EDGE('',*,*,#3888,.T.);
#3988 = ORIENTED_EDGE('',*,*,#3989,.F.);
#3989 = EDGE_CURVE('',#3965,#3889,#3990,.T.);
#3990 = SURFACE_CURVE('',#3991,(#3995,#4002),.PCURVE_S1.);
#3991 = LINE('',#3992,#3993);
#3992 = CARTESIAN_POINT('',(-15.19659883941,-5.07871870789,19.5));
#3993 = VECTOR('',#3994,1.);
#3994 = DIRECTION('',(0.5,-0.866025403784,-0.));
#3995 = PCURVE('',#2474,#3996);
#3996 = DEFINITIONAL_REPRESENTATION('',(#3997),#4001);
#3997 = LINE('',#3998,#3999);
#3998 = CARTESIAN_POINT('',(-0.,0.353553390593));
#3999 = VECTOR('',#4000,1.);
#4000 = DIRECTION('',(-1.,0.));
#4001 = ( GEOMETRIC_REPRESENTATION_CONTEXT(2) 
PARAMETRIC_REPRESENTATION_CONTEXT() REPRESENTATION_CONTEXT('2D SPACE',''
  ) );
#4002 = PCURVE('',#4003,#4008);
#4003 = PLANE('',#4004);
#4004 = AXIS2_PLACEMENT_3D('',#4005,#4006,#4007);
#4005 = CARTESIAN_POINT('',(-15.19659883941,-5.07871870789,20.));
#4006 = DIRECTION('',(-0.866025403784,-0.5,0.));
#4007 = DIRECTION('',(0.5,-0.866025403784,0.));
#4008 = DEFINITIONAL_REPRESENTATION('',(#4009),#4013);
#4009 = LINE('',#4010,#4011);
#4010 = CARTESIAN_POINT('',(-8.881784197001E-16,-0.5));
#4011 = VECTOR('',#4012,1.);
#4012 = DIRECTION('',(1.,0.));
#4013 = ( GEOMETRIC_REPRESENTATION_CONTEXT(2) 
PARAMETRIC_REPRESENTATION_CONTEXT() REPRESENTATION_CONTEXT('2D SPACE',''
  ) );
#4014 = ADVANCED_FACE('',(#4015),#2528,.F.);
#4015 = FACE_BOUND('',#4016,.T.);
#4016 = EDGE_LOOP('',(#4017,#4018,#4019,#4042));
#4017 = ORIENTED_EDGE('',*,*,#3912,.F.);
#4018 = ORIENTED_EDGE('',*,*,#2514,.T.);
#4019 = ORIENTED_EDGE('',*,*,#4020,.T.);
#4020 = EDGE_CURVE('',#2487,#4021,#4023,.T.);
#4021 = VERTEX_POINT('',#4022);
#4022 = CARTESIAN_POINT('',(-12.4253175473,-3.47871870789,19.5));
#4023 = SURFACE_CURVE('',#4024,(#4028,#4035),.PCURVE_S1.);
#4024 = LINE('',#4025,#4026);
#4025 = CARTESIAN_POINT('',(-12.75474041071,-4.708141571296,18.6));
#4026 = VECTOR('',#4027,1.);
#4027 = DIRECTION('',(-0.211324865405,-0.788675134595,-0.57735026919));
#4028 = PCURVE('',#2528,#4029);
#4029 = DEFINITIONAL_REPRESENTATION('',(#4030),#4034);
#4030 = LINE('',#4031,#4032);
#4031 = CARTESIAN_POINT('',(-5.5,1.626345596729));
#4032 = VECTOR('',#4033,1.);
#4033 = DIRECTION('',(0.57735026919,0.816496580928));
#4034 = ( GEOMETRIC_REPRESENTATION_CONTEXT(2) 
PARAMETRIC_REPRESENTATION_CONTEXT() REPRESENTATION_CONTEXT('2D SPACE',''
  ) );
#4035 = PCURVE('',#2502,#4036);
#4036 = DEFINITIONAL_REPRESENTATION('',(#4037),#4041);
#4037 = LINE('',#4038,#4039);
#4038 = CARTESIAN_POINT('',(-0.9,1.626345596729));
#4039 = VECTOR('',#4040,1.);
#4040 = DIRECTION('',(-0.57735026919,0.816496580928));
#4041 = ( GEOMETRIC_REPRESENTATION_CONTEXT(2) 
PARAMETRIC_REPRESENTATION_CONTEXT() REPRESENTATION_CONTEXT('2D SPACE',''
  ) );
#4042 = ORIENTED_EDGE('',*,*,#4043,.F.);
#4043 = EDGE_CURVE('',#3913,#4021,#4044,.T.);
#4044 = SURFACE_CURVE('',#4045,(#4049,#4056),.PCURVE_S1.);
#4045 = LINE('',#4046,#4047);
#4046 = CARTESIAN_POINT('',(-9.225317547305,-9.02128129211,19.5));
#4047 = VECTOR('',#4048,1.);
#4048 = DIRECTION('',(-0.5,0.866025403784,0.));
#4049 = PCURVE('',#2528,#4050);
#4050 = DEFINITIONAL_REPRESENTATION('',(#4051),#4055);
#4051 = LINE('',#4052,#4053);
#4052 = CARTESIAN_POINT('',(-0.,0.353553390593));
#4053 = VECTOR('',#4054,1.);
#4054 = DIRECTION('',(-1.,0.));
#4055 = ( GEOMETRIC_REPRESENTATION_CONTEXT(2) 
PARAMETRIC_REPRESENTATION_CONTEXT() REPRESENTATION_CONTEXT('2D SPACE',''
  ) );
#4056 = PCURVE('',#4057,#4062);
#4057 = PLANE('',#4058);
#4058 = AXIS2_PLACEMENT_3D('',#4059,#4060,#4061);
#4059 = CARTESIAN_POINT('',(-9.225317547305,-9.02128129211,20.));
#4060 = DIRECTION('',(0.866025403784,0.5,0.));
#4061 = DIRECTION('',(-0.5,0.866025403784,0.));
#4062 = DEFINITIONAL_REPRESENTATION('',(#4063),#4067);
#4063 = LINE('',#4064,#4065);
#4064 = CARTESIAN_POINT('',(-8.881784197001E-16,-0.5));
#4065 = VECTOR('',#4066,1.);
#4066 = DIRECTION('',(1.,0.));
#4067 = ( GEOMETRIC_REPRESENTATION_CONTEXT(2) 
PARAMETRIC_REPRESENTATION_CONTEXT() REPRESENTATION_CONTEXT('2D SPACE',''
  ) );
#4068 = ADVANCED_FACE('',(#4069),#2502,.F.);
#4069 = FACE_BOUND('',#4070,.T.);
#4070 = EDGE_LOOP('',(#4071,#4072,#4073,#4074));
#4071 = ORIENTED_EDGE('',*,*,#4020,.F.);
#4072 = ORIENTED_EDGE('',*,*,#2486,.T.);
#4073 = ORIENTED_EDGE('',*,*,#3964,.T.);
#4074 = ORIENTED_EDGE('',*,*,#4075,.F.);
#4075 = EDGE_CURVE('',#4021,#3965,#4076,.T.);
#4076 = SURFACE_CURVE('',#4077,(#4081,#4088),.PCURVE_S1.);
#4077 = LINE('',#4078,#4079);
#4078 = CARTESIAN_POINT('',(-12.4253175473,-3.47871870789,19.5));
#4079 = VECTOR('',#4080,1.);
#4080 = DIRECTION('',(-0.866025403784,-0.5,0.));
#4081 = PCURVE('',#2502,#4082);
#4082 = DEFINITIONAL_REPRESENTATION('',(#4083),#4087);
#4083 = LINE('',#4084,#4085);
#4084 = CARTESIAN_POINT('',(-0.,0.353553390593));
#4085 = VECTOR('',#4086,1.);
#4086 = DIRECTION('',(-1.,0.));
#4087 = ( GEOMETRIC_REPRESENTATION_CONTEXT(2) 
PARAMETRIC_REPRESENTATION_CONTEXT() REPRESENTATION_CONTEXT('2D SPACE',''
  ) );
#4088 = PCURVE('',#4089,#4094);
#4089 = PLANE('',#4090);
#4090 = AXIS2_PLACEMENT_3D('',#4091,#4092,#4093);
#4091 = CARTESIAN_POINT('',(-12.4253175473,-3.47871870789,20.));
#4092 = DIRECTION('',(-0.5,0.866025403784,0.));
#4093 = DIRECTION('',(-0.866025403784,-0.5,0.));
#4094 = DEFINITIONAL_REPRESENTATION('',(#4095),#4099);
#4095 = LINE('',#4096,#4097);
#4096 = CARTESIAN_POINT('',(3.552713678801E-15,-0.5));
#4097 = VECTOR('',#4098,1.);
#4098 = DIRECTION('',(1.,0.));
#4099 = ( GEOMETRIC_REPRESENTATION_CONTEXT(2) 
PARAMETRIC_REPRESENTATION_CONTEXT() REPRESENTATION_CONTEXT('2D SPACE',''
  ) );
#4100 = ADVANCED_FACE('',(#4101),#2559,.F.);
#4101 = FACE_BOUND('',#4102,.T.);
#4102 = EDGE_LOOP('',(#4103,#4126,#4127,#4128));
#4103 = ORIENTED_EDGE('',*,*,#4104,.F.);
#4104 = EDGE_CURVE('',#2543,#4105,#4107,.T.);
#4105 = VERTEX_POINT('',#4106);
#4106 = CARTESIAN_POINT('',(1.7,-14.,19.));
#4107 = SEAM_CURVE('',#4108,(#4112,#4119),.PCURVE_S1.);
#4108 = LINE('',#4109,#4110);
#4109 = CARTESIAN_POINT('',(1.7,-14.,19.));
#4110 = VECTOR('',#4111,1.);
#4111 = DIRECTION('',(-0.707106781187,-0.,-0.707106781187));
#4112 = PCURVE('',#2559,#4113);
#4113 = DEFINITIONAL_REPRESENTATION('',(#4114),#4118);
#4114 = LINE('',#4115,#4116);
#4115 = CARTESIAN_POINT('',(0.,-0.));
#4116 = VECTOR('',#4117,1.);
#4117 = DIRECTION('',(0.,-1.));
#4118 = ( GEOMETRIC_REPRESENTATION_CONTEXT(2) 
PARAMETRIC_REPRESENTATION_CONTEXT() REPRESENTATION_CONTEXT('2D SPACE',''
  ) );
#4119 = PCURVE('',#2559,#4120);
#4120 = DEFINITIONAL_REPRESENTATION('',(#4121),#4125);
#4121 = LINE('',#4122,#4123);
#4122 = CARTESIAN_POINT('',(6.28318530718,-0.));
#4123 = VECTOR('',#4124,1.);
#4124 = DIRECTION('',(0.,-1.));
#4125 = ( GEOMETRIC_REPRESENTATION_CONTEXT(2) 
PARAMETRIC_REPRESENTATION_CONTEXT() REPRESENTATION_CONTEXT('2D SPACE',''
  ) );
#4126 = ORIENTED_EDGE('',*,*,#2542,.T.);
#4127 = ORIENTED_EDGE('',*,*,#4104,.T.);
#4128 = ORIENTED_EDGE('',*,*,#4129,.F.);
#4129 = EDGE_CURVE('',#4105,#4105,#4130,.T.);
#4130 = SURFACE_CURVE('',#4131,(#4136,#4143),.PCURVE_S1.);
#4131 = CIRCLE('',#4132,1.7);
#4132 = AXIS2_PLACEMENT_3D('',#4133,#4134,#4135);
#4133 = CARTESIAN_POINT('',(0.,-14.,19.));
#4134 = DIRECTION('',(0.,0.,1.));
#4135 = DIRECTION('',(1.,0.,0.));
#4136 = PCURVE('',#2559,#4137);
#4137 = DEFINITIONAL_REPRESENTATION('',(#4138),#4142);
#4138 = LINE('',#4139,#4140);
#4139 = CARTESIAN_POINT('',(0.,-0.));
#4140 = VECTOR('',#4141,1.);
#4141 = DIRECTION('',(1.,-0.));
#4142 = ( GEOMETRIC_REPRESENTATION_CONTEXT(2) 
PARAMETRIC_REPRESENTATION_CONTEXT() REPRESENTATION_CONTEXT('2D SPACE',''
  ) );
#4143 = PCURVE('',#3816,#4144);
#4144 = DEFINITIONAL_REPRESENTATION('',(#4145),#4149);
#4145 = LINE('',#4146,#4147);
#4146 = CARTESIAN_POINT('',(0.,-1.));
#4147 = VECTOR('',#4148,1.);
#4148 = DIRECTION('',(1.,0.));
#4149 = ( GEOMETRIC_REPRESENTATION_CONTEXT(2) 
PARAMETRIC_REPRESENTATION_CONTEXT() REPRESENTATION_CONTEXT('2D SPACE',''
  ) );
#4150 = ADVANCED_FACE('',(#4151),#2591,.F.);
#4151 = FACE_BOUND('',#4152,.T.);
#4152 = EDGE_LOOP('',(#4153,#4176,#4177,#4200));
#4153 = ORIENTED_EDGE('',*,*,#4154,.F.);
#4154 = EDGE_CURVE('',#2574,#4155,#4157,.T.);
#4155 = VERTEX_POINT('',#4156);
#4156 = CARTESIAN_POINT('',(15.196598839416,-5.07871870789,19.5));
#4157 = SURFACE_CURVE('',#4158,(#4162,#4169),.PCURVE_S1.);
#4158 = LINE('',#4159,#4160);
#4159 = CARTESIAN_POINT('',(13.96717597601,-5.408141571296,18.6));
#4160 = VECTOR('',#4161,1.);
#4161 = DIRECTION('',(-0.788675134595,-0.211324865405,-0.57735026919));
#4162 = PCURVE('',#2591,#4163);
#4163 = DEFINITIONAL_REPRESENTATION('',(#4164),#4168);
#4164 = LINE('',#4165,#4166);
#4165 = CARTESIAN_POINT('',(-0.9,1.626345596729));
#4166 = VECTOR('',#4167,1.);
#4167 = DIRECTION('',(-0.57735026919,0.816496580928));
#4168 = ( GEOMETRIC_REPRESENTATION_CONTEXT(2) 
PARAMETRIC_REPRESENTATION_CONTEXT() REPRESENTATION_CONTEXT('2D SPACE',''
  ) );
#4169 = PCURVE('',#2619,#4170);
#4170 = DEFINITIONAL_REPRESENTATION('',(#4171),#4175);
#4171 = LINE('',#4172,#4173);
#4172 = CARTESIAN_POINT('',(-5.5,1.626345596729));
#4173 = VECTOR('',#4174,1.);
#4174 = DIRECTION('',(0.57735026919,0.816496580928));
#4175 = ( GEOMETRIC_REPRESENTATION_CONTEXT(2) 
PARAMETRIC_REPRESENTATION_CONTEXT() REPRESENTATION_CONTEXT('2D SPACE',''
  ) );
#4176 = ORIENTED_EDGE('',*,*,#2573,.T.);
#4177 = ORIENTED_EDGE('',*,*,#4178,.T.);
#4178 = EDGE_CURVE('',#2576,#4179,#4181,.T.);
#4179 = VERTEX_POINT('',#4180);
#4180 = CARTESIAN_POINT('',(12.425317547305,-3.47871870789,19.5));
#4181 = SURFACE_CURVE('',#4182,(#4186,#4193),.PCURVE_S1.);
#4182 = LINE('',#4183,#4184);
#4183 = CARTESIAN_POINT('',(12.559526862026,-3.979594689277,
    19.133333333333));
#4184 = VECTOR('',#4185,1.);
#4185 = DIRECTION('',(0.211324865405,-0.788675134595,-0.57735026919));
#4186 = PCURVE('',#2591,#4187);
#4187 = DEFINITIONAL_REPRESENTATION('',(#4188),#4192);
#4188 = LINE('',#4189,#4190);
#4189 = CARTESIAN_POINT('',(-2.833333333333,0.872098363463));
#4190 = VECTOR('',#4191,1.);
#4191 = DIRECTION('',(0.57735026919,0.816496580928));
#4192 = ( GEOMETRIC_REPRESENTATION_CONTEXT(2) 
PARAMETRIC_REPRESENTATION_CONTEXT() REPRESENTATION_CONTEXT('2D SPACE',''
  ) );
#4193 = PCURVE('',#2673,#4194);
#4194 = DEFINITIONAL_REPRESENTATION('',(#4195),#4199);
#4195 = LINE('',#4196,#4197);
#4196 = CARTESIAN_POINT('',(-0.366666666667,0.872098363463));
#4197 = VECTOR('',#4198,1.);
#4198 = DIRECTION('',(-0.57735026919,0.816496580928));
#4199 = ( GEOMETRIC_REPRESENTATION_CONTEXT(2) 
PARAMETRIC_REPRESENTATION_CONTEXT() REPRESENTATION_CONTEXT('2D SPACE',''
  ) );
#4200 = ORIENTED_EDGE('',*,*,#4201,.F.);
#4201 = EDGE_CURVE('',#4155,#4179,#4202,.T.);
#4202 = SURFACE_CURVE('',#4203,(#4207,#4214),.PCURVE_S1.);
#4203 = LINE('',#4204,#4205);
#4204 = CARTESIAN_POINT('',(15.196598839416,-5.07871870789,19.5));
#4205 = VECTOR('',#4206,1.);
#4206 = DIRECTION('',(-0.866025403784,0.5,0.));
#4207 = PCURVE('',#2591,#4208);
#4208 = DEFINITIONAL_REPRESENTATION('',(#4209),#4213);
#4209 = LINE('',#4210,#4211);
#4210 = CARTESIAN_POINT('',(-0.,0.353553390593));
#4211 = VECTOR('',#4212,1.);
#4212 = DIRECTION('',(-1.,0.));
#4213 = ( GEOMETRIC_REPRESENTATION_CONTEXT(2) 
PARAMETRIC_REPRESENTATION_CONTEXT() REPRESENTATION_CONTEXT('2D SPACE',''
  ) );
#4214 = PCURVE('',#4215,#4220);
#4215 = PLANE('',#4216);
#4216 = AXIS2_PLACEMENT_3D('',#4217,#4218,#4219);
#4217 = CARTESIAN_POINT('',(15.196598839416,-5.07871870789,20.));
#4218 = DIRECTION('',(0.5,0.866025403784,0.));
#4219 = DIRECTION('',(-0.866025403784,0.5,0.));
#4220 = DEFINITIONAL_REPRESENTATION('',(#4221),#4225);
#4221 = LINE('',#4222,#4223);
#4222 = CARTESIAN_POINT('',(0.,-0.5));
#4223 = VECTOR('',#4224,1.);
#4224 = DIRECTION('',(1.,0.));
#4225 = ( GEOMETRIC_REPRESENTATION_CONTEXT(2) 
PARAMETRIC_REPRESENTATION_CONTEXT() REPRESENTATION_CONTEXT('2D SPACE',''
  ) );
#4226 = ADVANCED_FACE('',(#4227),#2619,.F.);
#4227 = FACE_BOUND('',#4228,.T.);
#4228 = EDGE_LOOP('',(#4229,#4252,#4253,#4254));
#4229 = ORIENTED_EDGE('',*,*,#4230,.F.);
#4230 = EDGE_CURVE('',#2604,#4231,#4233,.T.);
#4231 = VERTEX_POINT('',#4232);
#4232 = CARTESIAN_POINT('',(11.996598839416,-10.62128129211,19.5));
#4233 = SURFACE_CURVE('',#4234,(#4238,#4245),.PCURVE_S1.);
#4234 = LINE('',#4235,#4236);
#4235 = CARTESIAN_POINT('',(11.862389524695,-10.12040531072,
    19.133333333333));
#4236 = VECTOR('',#4237,1.);
#4237 = DIRECTION('',(-0.211324865405,0.788675134595,-0.57735026919));
#4238 = PCURVE('',#2619,#4239);
#4239 = DEFINITIONAL_REPRESENTATION('',(#4240),#4244);
#4240 = LINE('',#4241,#4242);
#4241 = CARTESIAN_POINT('',(-0.366666666667,0.872098363463));
#4242 = VECTOR('',#4243,1.);
#4243 = DIRECTION('',(-0.57735026919,0.816496580928));
#4244 = ( GEOMETRIC_REPRESENTATION_CONTEXT(2) 
PARAMETRIC_REPRESENTATION_CONTEXT() REPRESENTATION_CONTEXT('2D SPACE',''
  ) );
#4245 = PCURVE('',#2647,#4246);
#4246 = DEFINITIONAL_REPRESENTATION('',(#4247),#4251);
#4247 = LINE('',#4248,#4249);
#4248 = CARTESIAN_POINT('',(-2.833333333333,0.872098363463));
#4249 = VECTOR('',#4250,1.);
#4250 = DIRECTION('',(0.57735026919,0.816496580928));
#4251 = ( GEOMETRIC_REPRESENTATION_CONTEXT(2) 
PARAMETRIC_REPRESENTATION_CONTEXT() REPRESENTATION_CONTEXT('2D SPACE',''
  ) );
#4252 = ORIENTED_EDGE('',*,*,#2603,.T.);
#4253 = ORIENTED_EDGE('',*,*,#4154,.T.);
#4254 = ORIENTED_EDGE('',*,*,#4255,.F.);
#4255 = EDGE_CURVE('',#4231,#4155,#4256,.T.);
#4256 = SURFACE_CURVE('',#4257,(#4261,#4268),.PCURVE_S1.);
#4257 = LINE('',#4258,#4259);
#4258 = CARTESIAN_POINT('',(11.996598839416,-10.62128129211,19.5));
#4259 = VECTOR('',#4260,1.);
#4260 = DIRECTION('',(0.5,0.866025403784,0.));
#4261 = PCURVE('',#2619,#4262);
#4262 = DEFINITIONAL_REPRESENTATION('',(#4263),#4267);
#4263 = LINE('',#4264,#4265);
#4264 = CARTESIAN_POINT('',(-0.,0.353553390593));
#4265 = VECTOR('',#4266,1.);
#4266 = DIRECTION('',(-1.,0.));
#4267 = ( GEOMETRIC_REPRESENTATION_CONTEXT(2) 
PARAMETRIC_REPRESENTATION_CONTEXT() REPRESENTATION_CONTEXT('2D SPACE',''
  ) );
#4268 = PCURVE('',#4269,#4274);
#4269 = PLANE('',#4270);
#4270 = AXIS2_PLACEMENT_3D('',#4271,#4272,#4273);
#4271 = CARTESIAN_POINT('',(11.996598839416,-10.62128129211,20.));
#4272 = DIRECTION('',(0.866025403784,-0.5,0.));
#4273 = DIRECTION('',(0.5,0.866025403784,0.));
#4274 = DEFINITIONAL_REPRESENTATION('',(#4275),#4279);
#4275 = LINE('',#4276,#4277);
#4276 = CARTESIAN_POINT('',(0.,-0.5));
#4277 = VECTOR('',#4278,1.);
#4278 = DIRECTION('',(1.,0.));
#4279 = ( GEOMETRIC_REPRESENTATION_CONTEXT(2) 
PARAMETRIC_REPRESENTATION_CONTEXT() REPRESENTATION_CONTEXT('2D SPACE',''
  ) );
#4280 = ADVANCED_FACE('',(#4281),#2673,.F.);
#4281 = FACE_BOUND('',#4282,.T.);
#4282 = EDGE_LOOP('',(#4283,#4284,#4285,#4308));
#4283 = ORIENTED_EDGE('',*,*,#4178,.F.);
#4284 = ORIENTED_EDGE('',*,*,#2659,.T.);
#4285 = ORIENTED_EDGE('',*,*,#4286,.T.);
#4286 = EDGE_CURVE('',#2632,#4287,#4289,.T.);
#4287 = VERTEX_POINT('',#4288);
#4288 = CARTESIAN_POINT('',(9.225317547305,-9.02128129211,19.5));
#4289 = SURFACE_CURVE('',#4290,(#4294,#4301),.PCURVE_S1.);
#4290 = LINE('',#4291,#4292);
#4291 = CARTESIAN_POINT('',(10.454740410711,-8.691858428704,18.6));
#4292 = VECTOR('',#4293,1.);
#4293 = DIRECTION('',(0.788675134595,0.211324865405,-0.57735026919));
#4294 = PCURVE('',#2673,#4295);
#4295 = DEFINITIONAL_REPRESENTATION('',(#4296),#4300);
#4296 = LINE('',#4297,#4298);
#4297 = CARTESIAN_POINT('',(-5.5,1.626345596729));
#4298 = VECTOR('',#4299,1.);
#4299 = DIRECTION('',(0.57735026919,0.816496580928));
#4300 = ( GEOMETRIC_REPRESENTATION_CONTEXT(2) 
PARAMETRIC_REPRESENTATION_CONTEXT() REPRESENTATION_CONTEXT('2D SPACE',''
  ) );
#4301 = PCURVE('',#2647,#4302);
#4302 = DEFINITIONAL_REPRESENTATION('',(#4303),#4307);
#4303 = LINE('',#4304,#4305);
#4304 = CARTESIAN_POINT('',(-0.9,1.626345596729));
#4305 = VECTOR('',#4306,1.);
#4306 = DIRECTION('',(-0.57735026919,0.816496580928));
#4307 = ( GEOMETRIC_REPRESENTATION_CONTEXT(2) 
PARAMETRIC_REPRESENTATION_CONTEXT() REPRESENTATION_CONTEXT('2D SPACE',''
  ) );
#4308 = ORIENTED_EDGE('',*,*,#4309,.F.);
#4309 = EDGE_CURVE('',#4179,#4287,#4310,.T.);
#4310 = SURFACE_CURVE('',#4311,(#4315,#4322),.PCURVE_S1.);
#4311 = LINE('',#4312,#4313);
#4312 = CARTESIAN_POINT('',(12.425317547305,-3.47871870789,19.5));
#4313 = VECTOR('',#4314,1.);
#4314 = DIRECTION('',(-0.5,-0.866025403784,0.));
#4315 = PCURVE('',#2673,#4316);
#4316 = DEFINITIONAL_REPRESENTATION('',(#4317),#4321);
#4317 = LINE('',#4318,#4319);
#4318 = CARTESIAN_POINT('',(-0.,0.353553390593));
#4319 = VECTOR('',#4320,1.);
#4320 = DIRECTION('',(-1.,0.));
#4321 = ( GEOMETRIC_REPRESENTATION_CONTEXT(2) 
PARAMETRIC_REPRESENTATION_CONTEXT() REPRESENTATION_CONTEXT('2D SPACE',''
  ) );
#4322 = PCURVE('',#4323,#4328);
#4323 = PLANE('',#4324);
#4324 = AXIS2_PLACEMENT_3D('',#4325,#4326,#4327);
#4325 = CARTESIAN_POINT('',(12.425317547305,-3.47871870789,20.));
#4326 = DIRECTION('',(-0.866025403784,0.5,0.));
#4327 = DIRECTION('',(-0.5,-0.866025403784,0.));
#4328 = DEFINITIONAL_REPRESENTATION('',(#4329),#4333);
#4329 = LINE('',#4330,#4331);
#4330 = CARTESIAN_POINT('',(0.,-0.5));
#4331 = VECTOR('',#4332,1.);
#4332 = DIRECTION('',(1.,0.));
#4333 = ( GEOMETRIC_REPRESENTATION_CONTEXT(2) 
PARAMETRIC_REPRESENTATION_CONTEXT() REPRESENTATION_CONTEXT('2D SPACE',''
  ) );
#4334 = ADVANCED_FACE('',(#4335),#2647,.F.);
#4335 = FACE_BOUND('',#4336,.T.);
#4336 = EDGE_LOOP('',(#4337,#4338,#4339,#4340));
#4337 = ORIENTED_EDGE('',*,*,#4286,.F.);
#4338 = ORIENTED_EDGE('',*,*,#2631,.T.);
#4339 = ORIENTED_EDGE('',*,*,#4230,.T.);
#4340 = ORIENTED_EDGE('',*,*,#4341,.F.);
#4341 = EDGE_CURVE('',#4287,#4231,#4342,.T.);
#4342 = SURFACE_CURVE('',#4343,(#4347,#4354),.PCURVE_S1.);
#4343 = LINE('',#4344,#4345);
#4344 = CARTESIAN_POINT('',(9.225317547305,-9.02128129211,19.5));
#4345 = VECTOR('',#4346,1.);
#4346 = DIRECTION('',(0.866025403784,-0.5,0.));
#4347 = PCURVE('',#2647,#4348);
#4348 = DEFINITIONAL_REPRESENTATION('',(#4349),#4353);
#4349 = LINE('',#4350,#4351);
#4350 = CARTESIAN_POINT('',(-0.,0.353553390593));
#4351 = VECTOR('',#4352,1.);
#4352 = DIRECTION('',(-1.,0.));
#4353 = ( GEOMETRIC_REPRESENTATION_CONTEXT(2) 
PARAMETRIC_REPRESENTATION_CONTEXT() REPRESENTATION_CONTEXT('2D SPACE',''
  ) );
#4354 = PCURVE('',#4355,#4360);
#4355 = PLANE('',#4356);
#4356 = AXIS2_PLACEMENT_3D('',#4357,#4358,#4359);
#4357 = CARTESIAN_POINT('',(9.225317547305,-9.02128129211,20.));
#4358 = DIRECTION('',(-0.5,-0.866025403784,0.));
#4359 = DIRECTION('',(0.866025403784,-0.5,0.));
#4360 = DEFINITIONAL_REPRESENTATION('',(#4361),#4365);
#4361 = LINE('',#4362,#4363);
#4362 = CARTESIAN_POINT('',(0.,-0.5));
#4363 = VECTOR('',#4364,1.);
#4364 = DIRECTION('',(1.,0.));
#4365 = ( GEOMETRIC_REPRESENTATION_CONTEXT(2) 
PARAMETRIC_REPRESENTATION_CONTEXT() REPRESENTATION_CONTEXT('2D SPACE',''
  ) );
#4366 = ADVANCED_FACE('',(#4367),#2704,.F.);
#4367 = FACE_BOUND('',#4368,.T.);
#4368 = EDGE_LOOP('',(#4369,#4392,#4393,#4394));
#4369 = ORIENTED_EDGE('',*,*,#4370,.F.);
#4370 = EDGE_CURVE('',#2688,#4371,#4373,.T.);
#4371 = VERTEX_POINT('',#4372);
#4372 = CARTESIAN_POINT('',(-12.97435565298,5.527756813566,19.));
#4373 = SEAM_CURVE('',#4374,(#4378,#4385),.PCURVE_S1.);
#4374 = LINE('',#4375,#4376);
#4375 = CARTESIAN_POINT('',(-12.97435565298,5.527756813566,19.));
#4376 = VECTOR('',#4377,1.);
#4377 = DIRECTION('',(0.353553390593,0.612372435696,-0.707106781187));
#4378 = PCURVE('',#2704,#4379);
#4379 = DEFINITIONAL_REPRESENTATION('',(#4380),#4384);
#4380 = LINE('',#4381,#4382);
#4381 = CARTESIAN_POINT('',(0.,-0.));
#4382 = VECTOR('',#4383,1.);
#4383 = DIRECTION('',(0.,-1.));
#4384 = ( GEOMETRIC_REPRESENTATION_CONTEXT(2) 
PARAMETRIC_REPRESENTATION_CONTEXT() REPRESENTATION_CONTEXT('2D SPACE',''
  ) );
#4385 = PCURVE('',#2704,#4386);
#4386 = DEFINITIONAL_REPRESENTATION('',(#4387),#4391);
#4387 = LINE('',#4388,#4389);
#4388 = CARTESIAN_POINT('',(6.28318530718,-0.));
#4389 = VECTOR('',#4390,1.);
#4390 = DIRECTION('',(0.,-1.));
#4391 = ( GEOMETRIC_REPRESENTATION_CONTEXT(2) 
PARAMETRIC_REPRESENTATION_CONTEXT() REPRESENTATION_CONTEXT('2D SPACE',''
  ) );
#4392 = ORIENTED_EDGE('',*,*,#2687,.T.);
#4393 = ORIENTED_EDGE('',*,*,#4370,.T.);
#4394 = ORIENTED_EDGE('',*,*,#4395,.F.);
#4395 = EDGE_CURVE('',#4371,#4371,#4396,.T.);
#4396 = SURFACE_CURVE('',#4397,(#4402,#4409),.PCURVE_S1.);
#4397 = CIRCLE('',#4398,1.7);
#4398 = AXIS2_PLACEMENT_3D('',#4399,#4400,#4401);
#4399 = CARTESIAN_POINT('',(-12.12435565298,7.,19.));
#4400 = DIRECTION('',(0.,0.,1.));
#4401 = DIRECTION('',(-0.5,-0.866025403784,0.));
#4402 = PCURVE('',#2704,#4403);
#4403 = DEFINITIONAL_REPRESENTATION('',(#4404),#4408);
#4404 = LINE('',#4405,#4406);
#4405 = CARTESIAN_POINT('',(0.,-0.));
#4406 = VECTOR('',#4407,1.);
#4407 = DIRECTION('',(1.,-0.));
#4408 = ( GEOMETRIC_REPRESENTATION_CONTEXT(2) 
PARAMETRIC_REPRESENTATION_CONTEXT() REPRESENTATION_CONTEXT('2D SPACE',''
  ) );
#4409 = PCURVE('',#3761,#4410);
#4410 = DEFINITIONAL_REPRESENTATION('',(#4411),#4415);
#4411 = LINE('',#4412,#4413);
#4412 = CARTESIAN_POINT('',(0.,-1.));
#4413 = VECTOR('',#4414,1.);
#4414 = DIRECTION('',(1.,0.));
#4415 = ( GEOMETRIC_REPRESENTATION_CONTEXT(2) 
PARAMETRIC_REPRESENTATION_CONTEXT() REPRESENTATION_CONTEXT('2D SPACE',''
  ) );
#4416 = ADVANCED_FACE('',(#4417),#2761,.F.);
#4417 = FACE_BOUND('',#4418,.T.);
#4418 = EDGE_LOOP('',(#4419,#4442,#4443,#4444));
#4419 = ORIENTED_EDGE('',*,*,#4420,.F.);
#4420 = EDGE_CURVE('',#2745,#4421,#4423,.T.);
#4421 = VERTEX_POINT('',#4422);
#4422 = CARTESIAN_POINT('',(11.274355652982,8.472243186434,19.));
#4423 = SEAM_CURVE('',#4424,(#4428,#4435),.PCURVE_S1.);
#4424 = LINE('',#4425,#4426);
#4425 = CARTESIAN_POINT('',(11.274355652982,8.472243186434,19.));
#4426 = VECTOR('',#4427,1.);
#4427 = DIRECTION('',(0.353553390593,-0.612372435696,-0.707106781187));
#4428 = PCURVE('',#2761,#4429);
#4429 = DEFINITIONAL_REPRESENTATION('',(#4430),#4434);
#4430 = LINE('',#4431,#4432);
#4431 = CARTESIAN_POINT('',(0.,-0.));
#4432 = VECTOR('',#4433,1.);
#4433 = DIRECTION('',(0.,-1.));
#4434 = ( GEOMETRIC_REPRESENTATION_CONTEXT(2) 
PARAMETRIC_REPRESENTATION_CONTEXT() REPRESENTATION_CONTEXT('2D SPACE',''
  ) );
#4435 = PCURVE('',#2761,#4436);
#4436 = DEFINITIONAL_REPRESENTATION('',(#4437),#4441);
#4437 = LINE('',#4438,#4439);
#4438 = CARTESIAN_POINT('',(6.28318530718,-0.));
#4439 = VECTOR('',#4440,1.);
#4440 = DIRECTION('',(0.,-1.));
#4441 = ( GEOMETRIC_REPRESENTATION_CONTEXT(2) 
PARAMETRIC_REPRESENTATION_CONTEXT() REPRESENTATION_CONTEXT('2D SPACE',''
  ) );
#4442 = ORIENTED_EDGE('',*,*,#2744,.T.);
#4443 = ORIENTED_EDGE('',*,*,#4420,.T.);
#4444 = ORIENTED_EDGE('',*,*,#4445,.F.);
#4445 = EDGE_CURVE('',#4421,#4421,#4446,.T.);
#4446 = SURFACE_CURVE('',#4447,(#4452,#4459),.PCURVE_S1.);
#4447 = CIRCLE('',#4448,1.7);
#4448 = AXIS2_PLACEMENT_3D('',#4449,#4450,#4451);
#4449 = CARTESIAN_POINT('',(12.124355652982,7.,19.));
#4450 = DIRECTION('',(0.,0.,1.));
#4451 = DIRECTION('',(-0.5,0.866025403784,0.));
#4452 = PCURVE('',#2761,#4453);
#4453 = DEFINITIONAL_REPRESENTATION('',(#4454),#4458);
#4454 = LINE('',#4455,#4456);
#4455 = CARTESIAN_POINT('',(0.,-0.));
#4456 = VECTOR('',#4457,1.);
#4457 = DIRECTION('',(1.,-0.));
#4458 = ( GEOMETRIC_REPRESENTATION_CONTEXT(2) 
PARAMETRIC_REPRESENTATION_CONTEXT() REPRESENTATION_CONTEXT('2D SPACE',''
  ) );
#4459 = PCURVE('',#3873,#4460);
#4460 = DEFINITIONAL_REPRESENTATION('',(#4461),#4465);
#4461 = LINE('',#4462,#4463);
#4462 = CARTESIAN_POINT('',(0.,-1.));
#4463 = VECTOR('',#4464,1.);
#4464 = DIRECTION('',(1.,0.));
#4465 = ( GEOMETRIC_REPRESENTATION_CONTEXT(2) 
PARAMETRIC_REPRESENTATION_CONTEXT() REPRESENTATION_CONTEXT('2D SPACE',''
  ) );
#4466 = ADVANCED_FACE('',(#4467),#2793,.F.);
#4467 = FACE_BOUND('',#4468,.T.);
#4468 = EDGE_LOOP('',(#4469,#4492,#4493,#4516));
#4469 = ORIENTED_EDGE('',*,*,#4470,.F.);
#4470 = EDGE_CURVE('',#2776,#4471,#4473,.T.);
#4471 = VERTEX_POINT('',#4472);
#4472 = CARTESIAN_POINT('',(-3.2,12.5,19.5));
#4473 = SURFACE_CURVE('',#4474,(#4478,#4485),.PCURVE_S1.);
#4474 = LINE('',#4475,#4476);
#4475 = CARTESIAN_POINT('',(-2.833333333333,12.866666666667,
    19.133333333333));
#4476 = VECTOR('',#4477,1.);
#4477 = DIRECTION('',(0.57735026919,0.57735026919,-0.57735026919));
#4478 = PCURVE('',#2793,#4479);
#4479 = DEFINITIONAL_REPRESENTATION('',(#4480),#4484);
#4480 = LINE('',#4481,#4482);
#4481 = CARTESIAN_POINT('',(-0.366666666667,0.872098363463));
#4482 = VECTOR('',#4483,1.);
#4483 = DIRECTION('',(-0.57735026919,0.816496580928));
#4484 = ( GEOMETRIC_REPRESENTATION_CONTEXT(2) 
PARAMETRIC_REPRESENTATION_CONTEXT() REPRESENTATION_CONTEXT('2D SPACE',''
  ) );
#4485 = PCURVE('',#2821,#4486);
#4486 = DEFINITIONAL_REPRESENTATION('',(#4487),#4491);
#4487 = LINE('',#4488,#4489);
#4488 = CARTESIAN_POINT('',(-2.833333333333,0.872098363463));
#4489 = VECTOR('',#4490,1.);
#4490 = DIRECTION('',(0.57735026919,0.816496580928));
#4491 = ( GEOMETRIC_REPRESENTATION_CONTEXT(2) 
PARAMETRIC_REPRESENTATION_CONTEXT() REPRESENTATION_CONTEXT('2D SPACE',''
  ) );
#4492 = ORIENTED_EDGE('',*,*,#2775,.T.);
#4493 = ORIENTED_EDGE('',*,*,#4494,.T.);
#4494 = EDGE_CURVE('',#2778,#4495,#4497,.T.);
#4495 = VERTEX_POINT('',#4496);
#4496 = CARTESIAN_POINT('',(3.2,12.5,19.5));
#4497 = SURFACE_CURVE('',#4498,(#4502,#4509),.PCURVE_S1.);
#4498 = LINE('',#4499,#4500);
#4499 = CARTESIAN_POINT('',(2.3,13.4,18.6));
#4500 = VECTOR('',#4501,1.);
#4501 = DIRECTION('',(-0.57735026919,0.57735026919,-0.57735026919));
#4502 = PCURVE('',#2793,#4503);
#4503 = DEFINITIONAL_REPRESENTATION('',(#4504),#4508);
#4504 = LINE('',#4505,#4506);
#4505 = CARTESIAN_POINT('',(-5.5,1.626345596729));
#4506 = VECTOR('',#4507,1.);
#4507 = DIRECTION('',(0.57735026919,0.816496580928));
#4508 = ( GEOMETRIC_REPRESENTATION_CONTEXT(2) 
PARAMETRIC_REPRESENTATION_CONTEXT() REPRESENTATION_CONTEXT('2D SPACE',''
  ) );
#4509 = PCURVE('',#2875,#4510);
#4510 = DEFINITIONAL_REPRESENTATION('',(#4511),#4515);
#4511 = LINE('',#4512,#4513);
#4512 = CARTESIAN_POINT('',(-0.9,1.626345596729));
#4513 = VECTOR('',#4514,1.);
#4514 = DIRECTION('',(-0.57735026919,0.816496580928));
#4515 = ( GEOMETRIC_REPRESENTATION_CONTEXT(2) 
PARAMETRIC_REPRESENTATION_CONTEXT() REPRESENTATION_CONTEXT('2D SPACE',''
  ) );
#4516 = ORIENTED_EDGE('',*,*,#4517,.F.);
#4517 = EDGE_CURVE('',#4471,#4495,#4518,.T.);
#4518 = SURFACE_CURVE('',#4519,(#4523,#4530),.PCURVE_S1.);
#4519 = LINE('',#4520,#4521);
#4520 = CARTESIAN_POINT('',(-3.2,12.5,19.5));
#4521 = VECTOR('',#4522,1.);
#4522 = DIRECTION('',(1.,0.,0.));
#4523 = PCURVE('',#2793,#4524);
#4524 = DEFINITIONAL_REPRESENTATION('',(#4525),#4529);
#4525 = LINE('',#4526,#4527);
#4526 = CARTESIAN_POINT('',(-0.,0.353553390593));
#4527 = VECTOR('',#4528,1.);
#4528 = DIRECTION('',(-1.,0.));
#4529 = ( GEOMETRIC_REPRESENTATION_CONTEXT(2) 
PARAMETRIC_REPRESENTATION_CONTEXT() REPRESENTATION_CONTEXT('2D SPACE',''
  ) );
#4530 = PCURVE('',#4531,#4536);
#4531 = PLANE('',#4532);
#4532 = AXIS2_PLACEMENT_3D('',#4533,#4534,#4535);
#4533 = CARTESIAN_POINT('',(-3.2,12.5,20.));
#4534 = DIRECTION('',(0.,-1.,0.));
#4535 = DIRECTION('',(1.,0.,0.));
#4536 = DEFINITIONAL_REPRESENTATION('',(#4537),#4541);
#4537 = LINE('',#4538,#4539);
#4538 = CARTESIAN_POINT('',(0.,-0.5));
#4539 = VECTOR('',#4540,1.);
#4540 = DIRECTION('',(1.,0.));
#4541 = ( GEOMETRIC_REPRESENTATION_CONTEXT(2) 
PARAMETRIC_REPRESENTATION_CONTEXT() REPRESENTATION_CONTEXT('2D SPACE',''
  ) );
#4542 = ADVANCED_FACE('',(#4543),#2821,.F.);
#4543 = FACE_BOUND('',#4544,.T.);
#4544 = EDGE_LOOP('',(#4545,#4568,#4569,#4570));
#4545 = ORIENTED_EDGE('',*,*,#4546,.F.);
#4546 = EDGE_CURVE('',#2806,#4547,#4549,.T.);
#4547 = VERTEX_POINT('',#4548);
#4548 = CARTESIAN_POINT('',(-3.2,15.7,19.5));
#4549 = SURFACE_CURVE('',#4550,(#4554,#4561),.PCURVE_S1.);
#4550 = LINE('',#4551,#4552);
#4551 = CARTESIAN_POINT('',(-2.3,14.8,18.6));
#4552 = VECTOR('',#4553,1.);
#4553 = DIRECTION('',(0.57735026919,-0.57735026919,-0.57735026919));
#4554 = PCURVE('',#2821,#4555);
#4555 = DEFINITIONAL_REPRESENTATION('',(#4556),#4560);
#4556 = LINE('',#4557,#4558);
#4557 = CARTESIAN_POINT('',(-0.9,1.626345596729));
#4558 = VECTOR('',#4559,1.);
#4559 = DIRECTION('',(-0.57735026919,0.816496580928));
#4560 = ( GEOMETRIC_REPRESENTATION_CONTEXT(2) 
PARAMETRIC_REPRESENTATION_CONTEXT() REPRESENTATION_CONTEXT('2D SPACE',''
  ) );
#4561 = PCURVE('',#2849,#4562);
#4562 = DEFINITIONAL_REPRESENTATION('',(#4563),#4567);
#4563 = LINE('',#4564,#4565);
#4564 = CARTESIAN_POINT('',(-5.5,1.626345596729));
#4565 = VECTOR('',#4566,1.);
#4566 = DIRECTION('',(0.57735026919,0.816496580928));
#4567 = ( GEOMETRIC_REPRESENTATION_CONTEXT(2) 
PARAMETRIC_REPRESENTATION_CONTEXT() REPRESENTATION_CONTEXT('2D SPACE',''
  ) );
#4568 = ORIENTED_EDGE('',*,*,#2805,.T.);
#4569 = ORIENTED_EDGE('',*,*,#4470,.T.);
#4570 = ORIENTED_EDGE('',*,*,#4571,.F.);
#4571 = EDGE_CURVE('',#4547,#4471,#4572,.T.);
#4572 = SURFACE_CURVE('',#4573,(#4577,#4584),.PCURVE_S1.);
#4573 = LINE('',#4574,#4575);
#4574 = CARTESIAN_POINT('',(-3.2,15.7,19.5));
#4575 = VECTOR('',#4576,1.);
#4576 = DIRECTION('',(0.,-1.,0.));
#4577 = PCURVE('',#2821,#4578);
#4578 = DEFINITIONAL_REPRESENTATION('',(#4579),#4583);
#4579 = LINE('',#4580,#4581);
#4580 = CARTESIAN_POINT('',(-0.,0.353553390593));
#4581 = VECTOR('',#4582,1.);
#4582 = DIRECTION('',(-1.,0.));
#4583 = ( GEOMETRIC_REPRESENTATION_CONTEXT(2) 
PARAMETRIC_REPRESENTATION_CONTEXT() REPRESENTATION_CONTEXT('2D SPACE',''
  ) );
#4584 = PCURVE('',#4585,#4590);
#4585 = PLANE('',#4586);
#4586 = AXIS2_PLACEMENT_3D('',#4587,#4588,#4589);
#4587 = CARTESIAN_POINT('',(-3.2,15.7,20.));
#4588 = DIRECTION('',(-1.,0.,0.));
#4589 = DIRECTION('',(0.,-1.,0.));
#4590 = DEFINITIONAL_REPRESENTATION('',(#4591),#4595);
#4591 = LINE('',#4592,#4593);
#4592 = CARTESIAN_POINT('',(0.,-0.5));
#4593 = VECTOR('',#4594,1.);
#4594 = DIRECTION('',(1.,0.));
#4595 = ( GEOMETRIC_REPRESENTATION_CONTEXT(2) 
PARAMETRIC_REPRESENTATION_CONTEXT() REPRESENTATION_CONTEXT('2D SPACE',''
  ) );
#4596 = ADVANCED_FACE('',(#4597),#2875,.F.);
#4597 = FACE_BOUND('',#4598,.T.);
#4598 = EDGE_LOOP('',(#4599,#4600,#4601,#4624));
#4599 = ORIENTED_EDGE('',*,*,#4494,.F.);
#4600 = ORIENTED_EDGE('',*,*,#2861,.T.);
#4601 = ORIENTED_EDGE('',*,*,#4602,.T.);
#4602 = EDGE_CURVE('',#2834,#4603,#4605,.T.);
#4603 = VERTEX_POINT('',#4604);
#4604 = CARTESIAN_POINT('',(3.2,15.7,19.5));
#4605 = SURFACE_CURVE('',#4606,(#4610,#4617),.PCURVE_S1.);
#4606 = LINE('',#4607,#4608);
#4607 = CARTESIAN_POINT('',(2.833333333333,15.333333333333,
    19.133333333333));
#4608 = VECTOR('',#4609,1.);
#4609 = DIRECTION('',(-0.57735026919,-0.57735026919,-0.57735026919));
#4610 = PCURVE('',#2875,#4611);
#4611 = DEFINITIONAL_REPRESENTATION('',(#4612),#4616);
#4612 = LINE('',#4613,#4614);
#4613 = CARTESIAN_POINT('',(-2.833333333333,0.872098363463));
#4614 = VECTOR('',#4615,1.);
#4615 = DIRECTION('',(0.57735026919,0.816496580928));
#4616 = ( GEOMETRIC_REPRESENTATION_CONTEXT(2) 
PARAMETRIC_REPRESENTATION_CONTEXT() REPRESENTATION_CONTEXT('2D SPACE',''
  ) );
#4617 = PCURVE('',#2849,#4618);
#4618 = DEFINITIONAL_REPRESENTATION('',(#4619),#4623);
#4619 = LINE('',#4620,#4621);
#4620 = CARTESIAN_POINT('',(-0.366666666667,0.872098363463));
#4621 = VECTOR('',#4622,1.);
#4622 = DIRECTION('',(-0.57735026919,0.816496580928));
#4623 = ( GEOMETRIC_REPRESENTATION_CONTEXT(2) 
PARAMETRIC_REPRESENTATION_CONTEXT() REPRESENTATION_CONTEXT('2D SPACE',''
  ) );
#4624 = ORIENTED_EDGE('',*,*,#4625,.F.);
#4625 = EDGE_CURVE('',#4495,#4603,#4626,.T.);
#4626 = SURFACE_CURVE('',#4627,(#4631,#4638),.PCURVE_S1.);
#4627 = LINE('',#4628,#4629);
#4628 = CARTESIAN_POINT('',(3.2,12.5,19.5));
#4629 = VECTOR('',#4630,1.);
#4630 = DIRECTION('',(0.,1.,0.));
#4631 = PCURVE('',#2875,#4632);
#4632 = DEFINITIONAL_REPRESENTATION('',(#4633),#4637);
#4633 = LINE('',#4634,#4635);
#4634 = CARTESIAN_POINT('',(-0.,0.353553390593));
#4635 = VECTOR('',#4636,1.);
#4636 = DIRECTION('',(-1.,0.));
#4637 = ( GEOMETRIC_REPRESENTATION_CONTEXT(2) 
PARAMETRIC_REPRESENTATION_CONTEXT() REPRESENTATION_CONTEXT('2D SPACE',''
  ) );
#4638 = PCURVE('',#4639,#4644);
#4639 = PLANE('',#4640);
#4640 = AXIS2_PLACEMENT_3D('',#4641,#4642,#4643);
#4641 = CARTESIAN_POINT('',(3.2,12.5,20.));
#4642 = DIRECTION('',(1.,0.,0.));
#4643 = DIRECTION('',(0.,1.,0.));
#4644 = DEFINITIONAL_REPRESENTATION('',(#4645),#4649);
#4645 = LINE('',#4646,#4647);
#4646 = CARTESIAN_POINT('',(0.,-0.5));
#4647 = VECTOR('',#4648,1.);
#4648 = DIRECTION('',(1.,0.));
#4649 = ( GEOMETRIC_REPRESENTATION_CONTEXT(2) 
PARAMETRIC_REPRESENTATION_CONTEXT() REPRESENTATION_CONTEXT('2D SPACE',''
  ) );
#4650 = ADVANCED_FACE('',(#4651),#2849,.F.);
#4651 = FACE_BOUND('',#4652,.T.);
#4652 = EDGE_LOOP('',(#4653,#4654,#4655,#4656));
#4653 = ORIENTED_EDGE('',*,*,#4602,.F.);
#4654 = ORIENTED_EDGE('',*,*,#2833,.T.);
#4655 = ORIENTED_EDGE('',*,*,#4546,.T.);
#4656 = ORIENTED_EDGE('',*,*,#4657,.F.);
#4657 = EDGE_CURVE('',#4603,#4547,#4658,.T.);
#4658 = SURFACE_CURVE('',#4659,(#4663,#4670),.PCURVE_S1.);
#4659 = LINE('',#4660,#4661);
#4660 = CARTESIAN_POINT('',(3.2,15.7,19.5));
#4661 = VECTOR('',#4662,1.);
#4662 = DIRECTION('',(-1.,0.,0.));
#4663 = PCURVE('',#2849,#4664);
#4664 = DEFINITIONAL_REPRESENTATION('',(#4665),#4669);
#4665 = LINE('',#4666,#4667);
#4666 = CARTESIAN_POINT('',(0.,0.353553390593));
#4667 = VECTOR('',#4668,1.);
#4668 = DIRECTION('',(-1.,0.));
#4669 = ( GEOMETRIC_REPRESENTATION_CONTEXT(2) 
PARAMETRIC_REPRESENTATION_CONTEXT() REPRESENTATION_CONTEXT('2D SPACE',''
  ) );
#4670 = PCURVE('',#4671,#4676);
#4671 = PLANE('',#4672);
#4672 = AXIS2_PLACEMENT_3D('',#4673,#4674,#4675);
#4673 = CARTESIAN_POINT('',(3.2,15.7,20.));
#4674 = DIRECTION('',(0.,1.,0.));
#4675 = DIRECTION('',(-1.,0.,0.));
#4676 = DEFINITIONAL_REPRESENTATION('',(#4677),#4681);
#4677 = LINE('',#4678,#4679);
#4678 = CARTESIAN_POINT('',(0.,-0.5));
#4679 = VECTOR('',#4680,1.);
#4680 = DIRECTION('',(1.,0.));
#4681 = ( GEOMETRIC_REPRESENTATION_CONTEXT(2) 
PARAMETRIC_REPRESENTATION_CONTEXT() REPRESENTATION_CONTEXT('2D SPACE',''
  ) );
#4682 = ADVANCED_FACE('',(#4683,#4853),#2930,.F.);
#4683 = FACE_BOUND('',#4684,.F.);
#4684 = EDGE_LOOP('',(#4685,#4715,#4743,#4771,#4799,#4827));
#4685 = ORIENTED_EDGE('',*,*,#4686,.F.);
#4686 = EDGE_CURVE('',#4687,#4689,#4691,.T.);
#4687 = VERTEX_POINT('',#4688);
#4688 = CARTESIAN_POINT('',(-13.85640646055,-8.,11.5));
#4689 = VERTEX_POINT('',#4690);
#4690 = CARTESIAN_POINT('',(-15.37195091717,-5.375,13.25));
#4691 = SURFACE_CURVE('',#4692,(#4696,#4703),.PCURVE_S1.);
#4692 = LINE('',#4693,#4694);
#4693 = CARTESIAN_POINT('',(-13.85640646055,-8.,11.5));
#4694 = VECTOR('',#4695,1.);
#4695 = DIRECTION('',(-0.433012701892,0.75,0.5));
#4696 = PCURVE('',#2930,#4697);
#4697 = DEFINITIONAL_REPRESENTATION('',(#4698),#4702);
#4698 = LINE('',#4699,#4700);
#4699 = CARTESIAN_POINT('',(-3.5,4.2078E-13));
#4700 = VECTOR('',#4701,1.);
#4701 = DIRECTION('',(0.5,0.866025403784));
#4702 = ( GEOMETRIC_REPRESENTATION_CONTEXT(2) 
PARAMETRIC_REPRESENTATION_CONTEXT() REPRESENTATION_CONTEXT('2D SPACE',''
  ) );
#4703 = PCURVE('',#4704,#4709);
#4704 = PLANE('',#4705);
#4705 = AXIS2_PLACEMENT_3D('',#4706,#4707,#4708);
#4706 = CARTESIAN_POINT('',(-10.8253175473,-6.25,11.5));
#4707 = DIRECTION('',(-0.25,0.433012701892,-0.866025403784));
#4708 = DIRECTION('',(-0.433012701892,0.75,0.5));
#4709 = DEFINITIONAL_REPRESENTATION('',(#4710),#4714);
#4710 = LINE('',#4711,#4712);
#4711 = CARTESIAN_POINT('',(-8.813587877169E-16,-3.5));
#4712 = VECTOR('',#4713,1.);
#4713 = DIRECTION('',(1.,1.1E-16));
#4714 = ( GEOMETRIC_REPRESENTATION_CONTEXT(2) 
PARAMETRIC_REPRESENTATION_CONTEXT() REPRESENTATION_CONTEXT('2D SPACE',''
  ) );
#4715 = ORIENTED_EDGE('',*,*,#4716,.F.);
#4716 = EDGE_CURVE('',#4717,#4687,#4719,.T.);
#4717 = VERTEX_POINT('',#4718);
#4718 = CARTESIAN_POINT('',(-12.34086200393,-10.62499999999,
    13.249999999994));
#4719 = SURFACE_CURVE('',#4720,(#4724,#4731),.PCURVE_S1.);
#4720 = LINE('',#4721,#4722);
#4721 = CARTESIAN_POINT('',(-12.34086200393,-10.62499999999,
    13.249999999994));
#4722 = VECTOR('',#4723,1.);
#4723 = DIRECTION('',(-0.433012701892,0.75,-0.499999999999));
#4724 = PCURVE('',#2930,#4725);
#4725 = DEFINITIONAL_REPRESENTATION('',(#4726),#4730);
#4726 = LINE('',#4727,#4728);
#4727 = CARTESIAN_POINT('',(-1.750000000006,-3.031088913241));
#4728 = VECTOR('',#4729,1.);
#4729 = DIRECTION('',(-0.499999999999,0.866025403785));
#4730 = ( GEOMETRIC_REPRESENTATION_CONTEXT(2) 
PARAMETRIC_REPRESENTATION_CONTEXT() REPRESENTATION_CONTEXT('2D SPACE',''
  ) );
#4731 = PCURVE('',#4732,#4737);
#4732 = PLANE('',#4733);
#4733 = AXIS2_PLACEMENT_3D('',#4734,#4735,#4736);
#4734 = CARTESIAN_POINT('',(-9.309773090685,-8.874999999997,
    13.249999999994));
#4735 = DIRECTION('',(0.25,-0.433012701891,-0.866025403785));
#4736 = DIRECTION('',(-0.433012701892,0.75,-0.499999999999));
#4737 = DEFINITIONAL_REPRESENTATION('',(#4738),#4742);
#4738 = LINE('',#4739,#4740);
#4739 = CARTESIAN_POINT('',(1.656956031529E-15,-3.5));
#4740 = VECTOR('',#4741,1.);
#4741 = DIRECTION('',(1.,-1.1E-16));
#4742 = ( GEOMETRIC_REPRESENTATION_CONTEXT(2) 
PARAMETRIC_REPRESENTATION_CONTEXT() REPRESENTATION_CONTEXT('2D SPACE',''
  ) );
#4743 = ORIENTED_EDGE('',*,*,#4744,.F.);
#4744 = EDGE_CURVE('',#4745,#4717,#4747,.T.);
#4745 = VERTEX_POINT('',#4746);
#4746 = CARTESIAN_POINT('',(-12.34086200392,-10.625,16.749999999994));
#4747 = SURFACE_CURVE('',#4748,(#4752,#4759),.PCURVE_S1.);
#4748 = LINE('',#4749,#4750);
#4749 = CARTESIAN_POINT('',(-12.34086200392,-10.625,16.749999999994));
#4750 = VECTOR('',#4751,1.);
#4751 = DIRECTION('',(-1.030475E-12,1.78483505593E-12,-1.));
#4752 = PCURVE('',#2930,#4753);
#4753 = DEFINITIONAL_REPRESENTATION('',(#4754),#4758);
#4754 = LINE('',#4755,#4756);
#4755 = CARTESIAN_POINT('',(1.749999999994,-3.031088913249));
#4756 = VECTOR('',#4757,1.);
#4757 = DIRECTION('',(-1.,2.06095E-12));
#4758 = ( GEOMETRIC_REPRESENTATION_CONTEXT(2) 
PARAMETRIC_REPRESENTATION_CONTEXT() REPRESENTATION_CONTEXT('2D SPACE',''
  ) );
#4759 = PCURVE('',#4760,#4765);
#4760 = PLANE('',#4761);
#4761 = AXIS2_PLACEMENT_3D('',#4762,#4763,#4764);
#4762 = CARTESIAN_POINT('',(-9.309773090681,-8.875000000003,
    16.749999999994));
#4763 = DIRECTION('',(0.5,-0.866025403784,-2.06095E-12));
#4764 = DIRECTION('',(-1.030284474411E-12,1.78494505593E-12,-1.));
#4765 = DEFINITIONAL_REPRESENTATION('',(#4766),#4770);
#4766 = LINE('',#4767,#4768);
#4767 = CARTESIAN_POINT('',(-7.7E-16,-3.5));
#4768 = VECTOR('',#4769,1.);
#4769 = DIRECTION('',(1.,-2.2E-16));
#4770 = ( GEOMETRIC_REPRESENTATION_CONTEXT(2) 
PARAMETRIC_REPRESENTATION_CONTEXT() REPRESENTATION_CONTEXT('2D SPACE',''
  ) );
#4771 = ORIENTED_EDGE('',*,*,#4772,.F.);
#4772 = EDGE_CURVE('',#4773,#4745,#4775,.T.);
#4773 = VERTEX_POINT('',#4774);
#4774 = CARTESIAN_POINT('',(-13.85640646054,-8.000000000006,18.5));
#4775 = SURFACE_CURVE('',#4776,(#4780,#4787),.PCURVE_S1.);
#4776 = LINE('',#4777,#4778);
#4777 = CARTESIAN_POINT('',(-13.85640646054,-8.000000000006,18.5));
#4778 = VECTOR('',#4779,1.);
#4779 = DIRECTION('',(0.433012701892,-0.749999999999,-0.500000000002));
#4780 = PCURVE('',#2930,#4781);
#4781 = DEFINITIONAL_REPRESENTATION('',(#4782),#4786);
#4782 = LINE('',#4783,#4784);
#4783 = CARTESIAN_POINT('',(3.5,-6.50522E-12));
#4784 = VECTOR('',#4785,1.);
#4785 = DIRECTION('',(-0.500000000002,-0.866025403783));
#4786 = ( GEOMETRIC_REPRESENTATION_CONTEXT(2) 
PARAMETRIC_REPRESENTATION_CONTEXT() REPRESENTATION_CONTEXT('2D SPACE',''
  ) );
#4787 = PCURVE('',#4788,#4793);
#4788 = PLANE('',#4789);
#4789 = AXIS2_PLACEMENT_3D('',#4790,#4791,#4792);
#4790 = CARTESIAN_POINT('',(-10.8253175473,-6.250000000006,18.5));
#4791 = DIRECTION('',(0.250000000001,-0.433012701894,0.866025403783));
#4792 = DIRECTION('',(0.433012701892,-0.749999999999,-0.500000000002));
#4793 = DEFINITIONAL_REPRESENTATION('',(#4794),#4798);
#4794 = LINE('',#4795,#4796);
#4795 = CARTESIAN_POINT('',(6.593141827925E-16,-3.5));
#4796 = VECTOR('',#4797,1.);
#4797 = DIRECTION('',(1.,-1.1E-16));
#4798 = ( GEOMETRIC_REPRESENTATION_CONTEXT(2) 
PARAMETRIC_REPRESENTATION_CONTEXT() REPRESENTATION_CONTEXT('2D SPACE',''
  ) );
#4799 = ORIENTED_EDGE('',*,*,#4800,.F.);
#4800 = EDGE_CURVE('',#4801,#4773,#4803,.T.);
#4801 = VERTEX_POINT('',#4802);
#4802 = CARTESIAN_POINT('',(-15.37195091717,-5.375000000003,
    16.750000000006));
#4803 = SURFACE_CURVE('',#4804,(#4808,#4815),.PCURVE_S1.);
#4804 = LINE('',#4805,#4806);
#4805 = CARTESIAN_POINT('',(-15.37195091717,-5.375000000003,
    16.750000000006));
#4806 = VECTOR('',#4807,1.);
#4807 = DIRECTION('',(0.433012701893,-0.750000000001,0.499999999998));
#4808 = PCURVE('',#2930,#4809);
#4809 = DEFINITIONAL_REPRESENTATION('',(#4810),#4814);
#4810 = LINE('',#4811,#4812);
#4811 = CARTESIAN_POINT('',(1.750000000006,3.031088913243));
#4812 = VECTOR('',#4813,1.);
#4813 = DIRECTION('',(0.499999999998,-0.866025403785));
#4814 = ( GEOMETRIC_REPRESENTATION_CONTEXT(2) 
PARAMETRIC_REPRESENTATION_CONTEXT() REPRESENTATION_CONTEXT('2D SPACE',''
  ) );
#4815 = PCURVE('',#4816,#4821);
#4816 = PLANE('',#4817);
#4817 = AXIS2_PLACEMENT_3D('',#4818,#4819,#4820);
#4818 = CARTESIAN_POINT('',(-12.34086200392,-3.625000000003,
    16.750000000006));
#4819 = DIRECTION('',(-0.249999999999,0.433012701891,0.866025403785));
#4820 = DIRECTION('',(0.433012701893,-0.750000000001,0.499999999998));
#4821 = DEFINITIONAL_REPRESENTATION('',(#4822),#4826);
#4822 = LINE('',#4823,#4824);
#4823 = CARTESIAN_POINT('',(-7.687776118314E-16,-3.5));
#4824 = VECTOR('',#4825,1.);
#4825 = DIRECTION('',(1.,1.1E-16));
#4826 = ( GEOMETRIC_REPRESENTATION_CONTEXT(2) 
PARAMETRIC_REPRESENTATION_CONTEXT() REPRESENTATION_CONTEXT('2D SPACE',''
  ) );
#4827 = ORIENTED_EDGE('',*,*,#4828,.F.);
#4828 = EDGE_CURVE('',#4689,#4801,#4829,.T.);
#4829 = SURFACE_CURVE('',#4830,(#4834,#4841),.PCURVE_S1.);
#4830 = LINE('',#4831,#4832);
#4831 = CARTESIAN_POINT('',(-15.37195091717,-5.375,13.25));
#4832 = VECTOR('',#4833,1.);
#4833 = DIRECTION('',(4.94715E-13,-8.568715152664E-13,1.));
#4834 = PCURVE('',#2930,#4835);
#4835 = DEFINITIONAL_REPRESENTATION('',(#4836),#4840);
#4836 = LINE('',#4837,#4838);
#4837 = CARTESIAN_POINT('',(-1.75,3.031088913246));
#4838 = VECTOR('',#4839,1.);
#4839 = DIRECTION('',(1.,-9.8943E-13));
#4840 = ( GEOMETRIC_REPRESENTATION_CONTEXT(2) 
PARAMETRIC_REPRESENTATION_CONTEXT() REPRESENTATION_CONTEXT('2D SPACE',''
  ) );
#4841 = PCURVE('',#4842,#4847);
#4842 = PLANE('',#4843);
#4843 = AXIS2_PLACEMENT_3D('',#4844,#4845,#4846);
#4844 = CARTESIAN_POINT('',(-12.34086200392,-3.625,13.25));
#4845 = DIRECTION('',(-0.5,0.866025403784,9.8943E-13));
#4846 = DIRECTION('',(4.945244744112E-13,-8.569815152664E-13,1.));
#4847 = DEFINITIONAL_REPRESENTATION('',(#4848),#4852);
#4848 = LINE('',#4849,#4850);
#4849 = CARTESIAN_POINT('',(-2.782713678801E-15,-3.5));
#4850 = VECTOR('',#4851,1.);
#4851 = DIRECTION('',(1.,2.2E-16));
#4852 = ( GEOMETRIC_REPRESENTATION_CONTEXT(2) 
PARAMETRIC_REPRESENTATION_CONTEXT() REPRESENTATION_CONTEXT('2D SPACE',''
  ) );
#4853 = FACE_BOUND('',#4854,.F.);
#4854 = EDGE_LOOP('',(#4855));
#4855 = ORIENTED_EDGE('',*,*,#2915,.F.);
#4856 = ADVANCED_FACE('',(#4857,#5027),#2985,.F.);
#4857 = FACE_BOUND('',#4858,.F.);
#4858 = EDGE_LOOP('',(#4859,#4889,#4917,#4945,#4973,#5001));
#4859 = ORIENTED_EDGE('',*,*,#4860,.F.);
#4860 = EDGE_CURVE('',#4861,#4863,#4865,.T.);
#4861 = VERTEX_POINT('',#4862);
#4862 = CARTESIAN_POINT('',(13.856406460551,-8.,11.5));
#4863 = VERTEX_POINT('',#4864);
#4864 = CARTESIAN_POINT('',(12.340862003928,-10.625,13.25));
#4865 = SURFACE_CURVE('',#4866,(#4870,#4877),.PCURVE_S1.);
#4866 = LINE('',#4867,#4868);
#4867 = CARTESIAN_POINT('',(13.856406460551,-8.,11.5));
#4868 = VECTOR('',#4869,1.);
#4869 = DIRECTION('',(-0.433012701892,-0.75,0.5));
#4870 = PCURVE('',#2985,#4871);
#4871 = DEFINITIONAL_REPRESENTATION('',(#4872),#4876);
#4872 = LINE('',#4873,#4874);
#4873 = CARTESIAN_POINT('',(-3.5,4.2079E-13));
#4874 = VECTOR('',#4875,1.);
#4875 = DIRECTION('',(0.5,0.866025403784));
#4876 = ( GEOMETRIC_REPRESENTATION_CONTEXT(2) 
PARAMETRIC_REPRESENTATION_CONTEXT() REPRESENTATION_CONTEXT('2D SPACE',''
  ) );
#4877 = PCURVE('',#4878,#4883);
#4878 = PLANE('',#4879);
#4879 = AXIS2_PLACEMENT_3D('',#4880,#4881,#4882);
#4880 = CARTESIAN_POINT('',(10.825317547305,-6.25,11.5));
#4881 = DIRECTION('',(-0.25,-0.433012701892,-0.866025403784));
#4882 = DIRECTION('',(-0.433012701892,-0.75,0.5));
#4883 = DEFINITIONAL_REPRESENTATION('',(#4884),#4888);
#4884 = LINE('',#4885,#4886);
#4885 = CARTESIAN_POINT('',(-8.813587877169E-16,-3.5));
#4886 = VECTOR('',#4887,1.);
#4887 = DIRECTION('',(1.,1.1E-16));
#4888 = ( GEOMETRIC_REPRESENTATION_CONTEXT(2) 
PARAMETRIC_REPRESENTATION_CONTEXT() REPRESENTATION_CONTEXT('2D SPACE',''
  ) );
#4889 = ORIENTED_EDGE('',*,*,#4890,.F.);
#4890 = EDGE_CURVE('',#4891,#4861,#4893,.T.);
#4891 = VERTEX_POINT('',#4892);
#4892 = CARTESIAN_POINT('',(15.371950917172,-5.375000000003,
    13.249999999994));
#4893 = SURFACE_CURVE('',#4894,(#4898,#4905),.PCURVE_S1.);
#4894 = LINE('',#4895,#4896);
#4895 = CARTESIAN_POINT('',(15.371950917172,-5.375000000003,
    13.249999999994));
#4896 = VECTOR('',#4897,1.);
#4897 = DIRECTION('',(-0.433012701892,-0.75,-0.499999999999));
#4898 = PCURVE('',#2985,#4899);
#4899 = DEFINITIONAL_REPRESENTATION('',(#4900),#4904);
#4900 = LINE('',#4901,#4902);
#4901 = CARTESIAN_POINT('',(-1.750000000006,-3.031088913241));
#4902 = VECTOR('',#4903,1.);
#4903 = DIRECTION('',(-0.499999999999,0.866025403785));
#4904 = ( GEOMETRIC_REPRESENTATION_CONTEXT(2) 
PARAMETRIC_REPRESENTATION_CONTEXT() REPRESENTATION_CONTEXT('2D SPACE',''
  ) );
#4905 = PCURVE('',#4906,#4911);
#4906 = PLANE('',#4907);
#4907 = AXIS2_PLACEMENT_3D('',#4908,#4909,#4910);
#4908 = CARTESIAN_POINT('',(12.340862003926,-3.625000000003,
    13.249999999994));
#4909 = DIRECTION('',(0.25,0.433012701891,-0.866025403785));
#4910 = DIRECTION('',(-0.433012701892,-0.75,-0.499999999999));
#4911 = DEFINITIONAL_REPRESENTATION('',(#4912),#4916);
#4912 = LINE('',#4913,#4914);
#4913 = CARTESIAN_POINT('',(1.656956031529E-15,-3.5));
#4914 = VECTOR('',#4915,1.);
#4915 = DIRECTION('',(1.,-1.1E-16));
#4916 = ( GEOMETRIC_REPRESENTATION_CONTEXT(2) 
PARAMETRIC_REPRESENTATION_CONTEXT() REPRESENTATION_CONTEXT('2D SPACE',''
  ) );
#4917 = ORIENTED_EDGE('',*,*,#4918,.F.);
#4918 = EDGE_CURVE('',#4919,#4891,#4921,.T.);
#4919 = VERTEX_POINT('',#4920);
#4920 = CARTESIAN_POINT('',(15.371950917176,-5.374999999997,
    16.749999999994));
#4921 = SURFACE_CURVE('',#4922,(#4926,#4933),.PCURVE_S1.);
#4922 = LINE('',#4923,#4924);
#4923 = CARTESIAN_POINT('',(15.371950917176,-5.374999999997,
    16.749999999994));
#4924 = VECTOR('',#4925,1.);
#4925 = DIRECTION('',(-1.030475E-12,-1.78483505593E-12,-1.));
#4926 = PCURVE('',#2985,#4927);
#4927 = DEFINITIONAL_REPRESENTATION('',(#4928),#4932);
#4928 = LINE('',#4929,#4930);
#4929 = CARTESIAN_POINT('',(1.749999999994,-3.031088913249));
#4930 = VECTOR('',#4931,1.);
#4931 = DIRECTION('',(-1.,2.06095E-12));
#4932 = ( GEOMETRIC_REPRESENTATION_CONTEXT(2) 
PARAMETRIC_REPRESENTATION_CONTEXT() REPRESENTATION_CONTEXT('2D SPACE',''
  ) );
#4933 = PCURVE('',#4934,#4939);
#4934 = PLANE('',#4935);
#4935 = AXIS2_PLACEMENT_3D('',#4936,#4937,#4938);
#4936 = CARTESIAN_POINT('',(12.34086200393,-3.624999999997,
    16.749999999994));
#4937 = DIRECTION('',(0.5,0.866025403784,-2.06095E-12));
#4938 = DIRECTION('',(-1.030665525589E-12,-1.78472505593E-12,-1.));
#4939 = DEFINITIONAL_REPRESENTATION('',(#4940),#4944);
#4940 = LINE('',#4941,#4942);
#4941 = CARTESIAN_POINT('',(-7.7E-16,-3.5));
#4942 = VECTOR('',#4943,1.);
#4943 = DIRECTION('',(1.,-2.2E-16));
#4944 = ( GEOMETRIC_REPRESENTATION_CONTEXT(2) 
PARAMETRIC_REPRESENTATION_CONTEXT() REPRESENTATION_CONTEXT('2D SPACE',''
  ) );
#4945 = ORIENTED_EDGE('',*,*,#4946,.F.);
#4946 = EDGE_CURVE('',#4947,#4919,#4949,.T.);
#4947 = VERTEX_POINT('',#4948);
#4948 = CARTESIAN_POINT('',(13.856406460554,-7.999999999994,18.5));
#4949 = SURFACE_CURVE('',#4950,(#4954,#4961),.PCURVE_S1.);
#4950 = LINE('',#4951,#4952);
#4951 = CARTESIAN_POINT('',(13.856406460554,-7.999999999994,18.5));
#4952 = VECTOR('',#4953,1.);
#4953 = DIRECTION('',(0.433012701892,0.749999999999,-0.500000000002));
#4954 = PCURVE('',#2985,#4955);
#4955 = DEFINITIONAL_REPRESENTATION('',(#4956),#4960);
#4956 = LINE('',#4957,#4958);
#4957 = CARTESIAN_POINT('',(3.5,-6.50521E-12));
#4958 = VECTOR('',#4959,1.);
#4959 = DIRECTION('',(-0.500000000002,-0.866025403783));
#4960 = ( GEOMETRIC_REPRESENTATION_CONTEXT(2) 
PARAMETRIC_REPRESENTATION_CONTEXT() REPRESENTATION_CONTEXT('2D SPACE',''
  ) );
#4961 = PCURVE('',#4962,#4967);
#4962 = PLANE('',#4963);
#4963 = AXIS2_PLACEMENT_3D('',#4964,#4965,#4966);
#4964 = CARTESIAN_POINT('',(10.825317547309,-6.249999999994,18.5));
#4965 = DIRECTION('',(0.250000000001,0.433012701894,0.866025403783));
#4966 = DIRECTION('',(0.433012701892,0.749999999999,-0.500000000002));
#4967 = DEFINITIONAL_REPRESENTATION('',(#4968),#4972);
#4968 = LINE('',#4969,#4970);
#4969 = CARTESIAN_POINT('',(6.593141827925E-16,-3.5));
#4970 = VECTOR('',#4971,1.);
#4971 = DIRECTION('',(1.,-1.1E-16));
#4972 = ( GEOMETRIC_REPRESENTATION_CONTEXT(2) 
PARAMETRIC_REPRESENTATION_CONTEXT() REPRESENTATION_CONTEXT('2D SPACE',''
  ) );
#4973 = ORIENTED_EDGE('',*,*,#4974,.F.);
#4974 = EDGE_CURVE('',#4975,#4947,#4977,.T.);
#4975 = VERTEX_POINT('',#4976);
#4976 = CARTESIAN_POINT('',(12.34086200393,-10.62499999999,
    16.750000000006));
#4977 = SURFACE_CURVE('',#4978,(#4982,#4989),.PCURVE_S1.);
#4978 = LINE('',#4979,#4980);
#4979 = CARTESIAN_POINT('',(12.34086200393,-10.62499999999,
    16.750000000006));
#4980 = VECTOR('',#4981,1.);
#4981 = DIRECTION('',(0.433012701893,0.750000000001,0.499999999998));
#4982 = PCURVE('',#2985,#4983);
#4983 = DEFINITIONAL_REPRESENTATION('',(#4984),#4988);
#4984 = LINE('',#4985,#4986);
#4985 = CARTESIAN_POINT('',(1.750000000006,3.031088913243));
#4986 = VECTOR('',#4987,1.);
#4987 = DIRECTION('',(0.499999999998,-0.866025403785));
#4988 = ( GEOMETRIC_REPRESENTATION_CONTEXT(2) 
PARAMETRIC_REPRESENTATION_CONTEXT() REPRESENTATION_CONTEXT('2D SPACE',''
  ) );
#4989 = PCURVE('',#4990,#4995);
#4990 = PLANE('',#4991);
#4991 = AXIS2_PLACEMENT_3D('',#4992,#4993,#4994);
#4992 = CARTESIAN_POINT('',(9.309773090684,-8.874999999997,
    16.750000000006));
#4993 = DIRECTION('',(-0.249999999999,-0.433012701891,0.866025403785));
#4994 = DIRECTION('',(0.433012701893,0.750000000001,0.499999999998));
#4995 = DEFINITIONAL_REPRESENTATION('',(#4996),#5000);
#4996 = LINE('',#4997,#4998);
#4997 = CARTESIAN_POINT('',(-7.687776118314E-16,-3.5));
#4998 = VECTOR('',#4999,1.);
#4999 = DIRECTION('',(1.,1.1E-16));
#5000 = ( GEOMETRIC_REPRESENTATION_CONTEXT(2) 
PARAMETRIC_REPRESENTATION_CONTEXT() REPRESENTATION_CONTEXT('2D SPACE',''
  ) );
#5001 = ORIENTED_EDGE('',*,*,#5002,.F.);
#5002 = EDGE_CURVE('',#4863,#4975,#5003,.T.);
#5003 = SURFACE_CURVE('',#5004,(#5008,#5015),.PCURVE_S1.);
#5004 = LINE('',#5005,#5006);
#5005 = CARTESIAN_POINT('',(12.340862003928,-10.625,13.25));
#5006 = VECTOR('',#5007,1.);
#5007 = DIRECTION('',(4.94715E-13,8.568715152664E-13,1.));
#5008 = PCURVE('',#2985,#5009);
#5009 = DEFINITIONAL_REPRESENTATION('',(#5010),#5014);
#5010 = LINE('',#5011,#5012);
#5011 = CARTESIAN_POINT('',(-1.75,3.031088913246));
#5012 = VECTOR('',#5013,1.);
#5013 = DIRECTION('',(1.,-9.8943E-13));
#5014 = ( GEOMETRIC_REPRESENTATION_CONTEXT(2) 
PARAMETRIC_REPRESENTATION_CONTEXT() REPRESENTATION_CONTEXT('2D SPACE',''
  ) );
#5015 = PCURVE('',#5016,#5021);
#5016 = PLANE('',#5017);
#5017 = AXIS2_PLACEMENT_3D('',#5018,#5019,#5020);
#5018 = CARTESIAN_POINT('',(9.309773090683,-8.875,13.25));
#5019 = DIRECTION('',(-0.5,-0.866025403784,9.8943E-13));
#5020 = DIRECTION('',(4.949055255888E-13,8.567615152664E-13,1.));
#5021 = DEFINITIONAL_REPRESENTATION('',(#5022),#5026);
#5022 = LINE('',#5023,#5024);
#5023 = CARTESIAN_POINT('',(-2.782713678801E-15,-3.5));
#5024 = VECTOR('',#5025,1.);
#5025 = DIRECTION('',(1.,2.2E-16));
#5026 = ( GEOMETRIC_REPRESENTATION_CONTEXT(2) 
PARAMETRIC_REPRESENTATION_CONTEXT() REPRESENTATION_CONTEXT('2D SPACE',''
  ) );
#5027 = FACE_BOUND('',#5028,.F.);
#5028 = EDGE_LOOP('',(#5029));
#5029 = ORIENTED_EDGE('',*,*,#2970,.F.);
#5030 = ADVANCED_FACE('',(#5031),#3018,.F.);
#5031 = FACE_BOUND('',#5032,.F.);
#5032 = EDGE_LOOP('',(#5033,#5063,#5084,#5085,#5108,#5131));
#5033 = ORIENTED_EDGE('',*,*,#5034,.F.);
#5034 = EDGE_CURVE('',#5035,#5037,#5039,.T.);
#5035 = VERTEX_POINT('',#5036);
#5036 = CARTESIAN_POINT('',(0.,12.5,11.5));
#5037 = VERTEX_POINT('',#5038);
#5038 = CARTESIAN_POINT('',(2.598076211353,12.5,13.));
#5039 = SURFACE_CURVE('',#5040,(#5044,#5051),.PCURVE_S1.);
#5040 = LINE('',#5041,#5042);
#5041 = CARTESIAN_POINT('',(0.,12.5,11.5));
#5042 = VECTOR('',#5043,1.);
#5043 = DIRECTION('',(0.866025403784,0.,0.5));
#5044 = PCURVE('',#3018,#5045);
#5045 = DEFINITIONAL_REPRESENTATION('',(#5046),#5050);
#5046 = LINE('',#5047,#5048);
#5047 = CARTESIAN_POINT('',(-6.830888329984E-31,3.552713678801E-15));
#5048 = VECTOR('',#5049,1.);
#5049 = DIRECTION('',(1.,1.1E-16));
#5050 = ( GEOMETRIC_REPRESENTATION_CONTEXT(2) 
PARAMETRIC_REPRESENTATION_CONTEXT() REPRESENTATION_CONTEXT('2D SPACE',''
  ) );
#5051 = PCURVE('',#5052,#5057);
#5052 = PLANE('',#5053);
#5053 = AXIS2_PLACEMENT_3D('',#5054,#5055,#5056);
#5054 = CARTESIAN_POINT('',(-4.2079E-13,12.5,15.));
#5055 = DIRECTION('',(0.,1.,0.));
#5056 = DIRECTION('',(0.,0.,1.));
#5057 = DEFINITIONAL_REPRESENTATION('',(#5058),#5062);
#5058 = LINE('',#5059,#5060);
#5059 = CARTESIAN_POINT('',(-3.5,4.2079E-13));
#5060 = VECTOR('',#5061,1.);
#5061 = DIRECTION('',(0.5,0.866025403784));
#5062 = ( GEOMETRIC_REPRESENTATION_CONTEXT(2) 
PARAMETRIC_REPRESENTATION_CONTEXT() REPRESENTATION_CONTEXT('2D SPACE',''
  ) );
#5063 = ORIENTED_EDGE('',*,*,#5064,.T.);
#5064 = EDGE_CURVE('',#5035,#3001,#5065,.T.);
#5065 = SURFACE_CURVE('',#5066,(#5070,#5077),.PCURVE_S1.);
#5066 = LINE('',#5067,#5068);
#5067 = CARTESIAN_POINT('',(0.,12.5,11.5));
#5068 = VECTOR('',#5069,1.);
#5069 = DIRECTION('',(0.,1.,-2.2E-16));
#5070 = PCURVE('',#3018,#5071);
#5071 = DEFINITIONAL_REPRESENTATION('',(#5072),#5076);
#5072 = LINE('',#5073,#5074);
#5073 = CARTESIAN_POINT('',(0.,0.));
#5074 = VECTOR('',#5075,1.);
#5075 = DIRECTION('',(-5.176899690513E-30,-1.));
#5076 = ( GEOMETRIC_REPRESENTATION_CONTEXT(2) 
PARAMETRIC_REPRESENTATION_CONTEXT() REPRESENTATION_CONTEXT('2D SPACE',''
  ) );
#5077 = PCURVE('',#3046,#5078);
#5078 = DEFINITIONAL_REPRESENTATION('',(#5079),#5083);
#5079 = LINE('',#5080,#5081);
#5080 = CARTESIAN_POINT('',(3.499999999994,1.391356839401E-15));
#5081 = VECTOR('',#5082,1.);
#5082 = DIRECTION('',(-1.988792297772E-28,-1.));
#5083 = ( GEOMETRIC_REPRESENTATION_CONTEXT(2) 
PARAMETRIC_REPRESENTATION_CONTEXT() REPRESENTATION_CONTEXT('2D SPACE',''
  ) );
#5084 = ORIENTED_EDGE('',*,*,#3000,.T.);
#5085 = ORIENTED_EDGE('',*,*,#5086,.F.);
#5086 = EDGE_CURVE('',#5087,#3003,#5089,.T.);
#5087 = VERTEX_POINT('',#5088);
#5088 = CARTESIAN_POINT('',(3.031088913246,15.7,13.25));
#5089 = SURFACE_CURVE('',#5090,(#5094,#5101),.PCURVE_S1.);
#5090 = LINE('',#5091,#5092);
#5091 = CARTESIAN_POINT('',(3.031088913246,12.5,13.25));
#5092 = VECTOR('',#5093,1.);
#5093 = DIRECTION('',(0.,1.,-2.2E-16));
#5094 = PCURVE('',#3018,#5095);
#5095 = DEFINITIONAL_REPRESENTATION('',(#5096),#5100);
#5096 = LINE('',#5097,#5098);
#5097 = CARTESIAN_POINT('',(3.5,-1.3913568394E-15));
#5098 = VECTOR('',#5099,1.);
#5099 = DIRECTION('',(-5.176899690513E-30,-1.));
#5100 = ( GEOMETRIC_REPRESENTATION_CONTEXT(2) 
PARAMETRIC_REPRESENTATION_CONTEXT() REPRESENTATION_CONTEXT('2D SPACE',''
  ) );
#5101 = PCURVE('',#3156,#5102);
#5102 = DEFINITIONAL_REPRESENTATION('',(#5103),#5107);
#5103 = LINE('',#5104,#5105);
#5104 = CARTESIAN_POINT('',(0.,0.));
#5105 = VECTOR('',#5106,1.);
#5106 = DIRECTION('',(0.,-1.));
#5107 = ( GEOMETRIC_REPRESENTATION_CONTEXT(2) 
PARAMETRIC_REPRESENTATION_CONTEXT() REPRESENTATION_CONTEXT('2D SPACE',''
  ) );
#5108 = ORIENTED_EDGE('',*,*,#5109,.F.);
#5109 = EDGE_CURVE('',#5110,#5087,#5112,.T.);
#5110 = VERTEX_POINT('',#5111);
#5111 = CARTESIAN_POINT('',(2.598076211353,15.7,13.));
#5112 = SURFACE_CURVE('',#5113,(#5117,#5124),.PCURVE_S1.);
#5113 = LINE('',#5114,#5115);
#5114 = CARTESIAN_POINT('',(3.040303983042,15.7,13.255320323028));
#5115 = VECTOR('',#5116,1.);
#5116 = DIRECTION('',(0.866025403784,0.,0.5));
#5117 = PCURVE('',#3018,#5118);
#5118 = DEFINITIONAL_REPRESENTATION('',(#5119),#5123);
#5119 = LINE('',#5120,#5121);
#5120 = CARTESIAN_POINT('',(3.510640646055,-3.2));
#5121 = VECTOR('',#5122,1.);
#5122 = DIRECTION('',(1.,1.1E-16));
#5123 = ( GEOMETRIC_REPRESENTATION_CONTEXT(2) 
PARAMETRIC_REPRESENTATION_CONTEXT() REPRESENTATION_CONTEXT('2D SPACE',''
  ) );
#5124 = PCURVE('',#4671,#5125);
#5125 = DEFINITIONAL_REPRESENTATION('',(#5126),#5130);
#5126 = LINE('',#5127,#5128);
#5127 = CARTESIAN_POINT('',(0.159696016958,-6.744679676972));
#5128 = VECTOR('',#5129,1.);
#5129 = DIRECTION('',(-0.866025403784,0.5));
#5130 = ( GEOMETRIC_REPRESENTATION_CONTEXT(2) 
PARAMETRIC_REPRESENTATION_CONTEXT() REPRESENTATION_CONTEXT('2D SPACE',''
  ) );
#5131 = ORIENTED_EDGE('',*,*,#5132,.T.);
#5132 = EDGE_CURVE('',#5110,#5037,#5133,.T.);
#5133 = SURFACE_CURVE('',#5134,(#5138,#5145),.PCURVE_S1.);
#5134 = LINE('',#5135,#5136);
#5135 = CARTESIAN_POINT('',(2.598076211353,13.3,13.));
#5136 = VECTOR('',#5137,1.);
#5137 = DIRECTION('',(-3.8E-16,-1.,0.));
#5138 = PCURVE('',#3018,#5139);
#5139 = DEFINITIONAL_REPRESENTATION('',(#5140),#5144);
#5140 = LINE('',#5141,#5142);
#5141 = CARTESIAN_POINT('',(3.,-0.8));
#5142 = VECTOR('',#5143,1.);
#5143 = DIRECTION('',(-4.390896534381E-16,1.));
#5144 = ( GEOMETRIC_REPRESENTATION_CONTEXT(2) 
PARAMETRIC_REPRESENTATION_CONTEXT() REPRESENTATION_CONTEXT('2D SPACE',''
  ) );
#5145 = PCURVE('',#5146,#5151);
#5146 = PLANE('',#5147);
#5147 = AXIS2_PLACEMENT_3D('',#5148,#5149,#5150);
#5148 = CARTESIAN_POINT('',(0.,14.1,13.));
#5149 = DIRECTION('',(0.,0.,1.));
#5150 = DIRECTION('',(1.,0.,0.));
#5151 = DEFINITIONAL_REPRESENTATION('',(#5152),#5156);
#5152 = LINE('',#5153,#5154);
#5153 = CARTESIAN_POINT('',(2.598076211353,-0.8));
#5154 = VECTOR('',#5155,1.);
#5155 = DIRECTION('',(-3.8E-16,-1.));
#5156 = ( GEOMETRIC_REPRESENTATION_CONTEXT(2) 
PARAMETRIC_REPRESENTATION_CONTEXT() REPRESENTATION_CONTEXT('2D SPACE',''
  ) );
#5157 = ADVANCED_FACE('',(#5158),#3046,.F.);
#5158 = FACE_BOUND('',#5159,.F.);
#5159 = EDGE_LOOP('',(#5160,#5185,#5206,#5207,#5208,#5231));
#5160 = ORIENTED_EDGE('',*,*,#5161,.F.);
#5161 = EDGE_CURVE('',#5162,#5164,#5166,.T.);
#5162 = VERTEX_POINT('',#5163);
#5163 = CARTESIAN_POINT('',(-3.031088913242,15.7,13.249999999994));
#5164 = VERTEX_POINT('',#5165);
#5165 = CARTESIAN_POINT('',(-2.59807621136,15.7,13.));
#5166 = SURFACE_CURVE('',#5167,(#5171,#5178),.PCURVE_S1.);
#5167 = LINE('',#5168,#5169);
#5168 = CARTESIAN_POINT('',(-2.155848439659,15.7,12.744679676966));
#5169 = VECTOR('',#5170,1.);
#5170 = DIRECTION('',(0.866025403785,0.,-0.499999999999));
#5171 = PCURVE('',#3046,#5172);
#5172 = DEFINITIONAL_REPRESENTATION('',(#5173),#5177);
#5173 = LINE('',#5174,#5175);
#5174 = CARTESIAN_POINT('',(1.010640646057,-3.2));
#5175 = VECTOR('',#5176,1.);
#5176 = DIRECTION('',(1.,-1.1E-16));
#5177 = ( GEOMETRIC_REPRESENTATION_CONTEXT(2) 
PARAMETRIC_REPRESENTATION_CONTEXT() REPRESENTATION_CONTEXT('2D SPACE',''
  ) );
#5178 = PCURVE('',#4671,#5179);
#5179 = DEFINITIONAL_REPRESENTATION('',(#5180),#5184);
#5180 = LINE('',#5181,#5182);
#5181 = CARTESIAN_POINT('',(5.355848439659,-7.255320323034));
#5182 = VECTOR('',#5183,1.);
#5183 = DIRECTION('',(-0.866025403785,-0.499999999999));
#5184 = ( GEOMETRIC_REPRESENTATION_CONTEXT(2) 
PARAMETRIC_REPRESENTATION_CONTEXT() REPRESENTATION_CONTEXT('2D SPACE',''
  ) );
#5185 = ORIENTED_EDGE('',*,*,#5186,.T.);
#5186 = EDGE_CURVE('',#5162,#3031,#5187,.T.);
#5187 = SURFACE_CURVE('',#5188,(#5192,#5199),.PCURVE_S1.);
#5188 = LINE('',#5189,#5190);
#5189 = CARTESIAN_POINT('',(-3.031088913242,12.5,13.249999999994));
#5190 = VECTOR('',#5191,1.);
#5191 = DIRECTION('',(0.,1.,-2.2E-16));
#5192 = PCURVE('',#3046,#5193);
#5193 = DEFINITIONAL_REPRESENTATION('',(#5194),#5198);
#5194 = LINE('',#5195,#5196);
#5195 = CARTESIAN_POINT('',(0.,0.));
#5196 = VECTOR('',#5197,1.);
#5197 = DIRECTION('',(-1.988792297772E-28,-1.));
#5198 = ( GEOMETRIC_REPRESENTATION_CONTEXT(2) 
PARAMETRIC_REPRESENTATION_CONTEXT() REPRESENTATION_CONTEXT('2D SPACE',''
  ) );
#5199 = PCURVE('',#3074,#5200);
#5200 = DEFINITIONAL_REPRESENTATION('',(#5201),#5205);
#5201 = LINE('',#5202,#5203);
#5202 = CARTESIAN_POINT('',(3.5,-7.7E-16));
#5203 = VECTOR('',#5204,1.);
#5204 = DIRECTION('',(0.,-1.));
#5205 = ( GEOMETRIC_REPRESENTATION_CONTEXT(2) 
PARAMETRIC_REPRESENTATION_CONTEXT() REPRESENTATION_CONTEXT('2D SPACE',''
  ) );
#5206 = ORIENTED_EDGE('',*,*,#3030,.T.);
#5207 = ORIENTED_EDGE('',*,*,#5064,.F.);
#5208 = ORIENTED_EDGE('',*,*,#5209,.F.);
#5209 = EDGE_CURVE('',#5210,#5035,#5212,.T.);
#5210 = VERTEX_POINT('',#5211);
#5211 = CARTESIAN_POINT('',(-2.59807621136,12.5,13.));
#5212 = SURFACE_CURVE('',#5213,(#5217,#5224),.PCURVE_S1.);
#5213 = LINE('',#5214,#5215);
#5214 = CARTESIAN_POINT('',(-3.031088913242,12.5,13.249999999994));
#5215 = VECTOR('',#5216,1.);
#5216 = DIRECTION('',(0.866025403785,0.,-0.499999999999));
#5217 = PCURVE('',#3046,#5218);
#5218 = DEFINITIONAL_REPRESENTATION('',(#5219),#5223);
#5219 = LINE('',#5220,#5221);
#5220 = CARTESIAN_POINT('',(7.691850745539E-16,5.329070518201E-15));
#5221 = VECTOR('',#5222,1.);
#5222 = DIRECTION('',(1.,-1.1E-16));
#5223 = ( GEOMETRIC_REPRESENTATION_CONTEXT(2) 
PARAMETRIC_REPRESENTATION_CONTEXT() REPRESENTATION_CONTEXT('2D SPACE',''
  ) );
#5224 = PCURVE('',#5052,#5225);
#5225 = DEFINITIONAL_REPRESENTATION('',(#5226),#5230);
#5226 = LINE('',#5227,#5228);
#5227 = CARTESIAN_POINT('',(-1.750000000006,-3.031088913241));
#5228 = VECTOR('',#5229,1.);
#5229 = DIRECTION('',(-0.499999999999,0.866025403785));
#5230 = ( GEOMETRIC_REPRESENTATION_CONTEXT(2) 
PARAMETRIC_REPRESENTATION_CONTEXT() REPRESENTATION_CONTEXT('2D SPACE',''
  ) );
#5231 = ORIENTED_EDGE('',*,*,#5232,.T.);
#5232 = EDGE_CURVE('',#5210,#5164,#5233,.T.);
#5233 = SURFACE_CURVE('',#5234,(#5238,#5245),.PCURVE_S1.);
#5234 = LINE('',#5235,#5236);
#5235 = CARTESIAN_POINT('',(-2.59807621136,13.3,13.));
#5236 = VECTOR('',#5237,1.);
#5237 = DIRECTION('',(-3.8E-16,1.,0.));
#5238 = PCURVE('',#3046,#5239);
#5239 = DEFINITIONAL_REPRESENTATION('',(#5240),#5244);
#5240 = LINE('',#5241,#5242);
#5241 = CARTESIAN_POINT('',(0.499999999988,-0.8));
#5242 = VECTOR('',#5243,1.);
#5243 = DIRECTION('',(-4.390896534383E-16,-1.));
#5244 = ( GEOMETRIC_REPRESENTATION_CONTEXT(2) 
PARAMETRIC_REPRESENTATION_CONTEXT() REPRESENTATION_CONTEXT('2D SPACE',''
  ) );
#5245 = PCURVE('',#5246,#5251);
#5246 = PLANE('',#5247);
#5247 = AXIS2_PLACEMENT_3D('',#5248,#5249,#5250);
#5248 = CARTESIAN_POINT('',(0.,14.1,13.));
#5249 = DIRECTION('',(0.,0.,1.));
#5250 = DIRECTION('',(1.,0.,0.));
#5251 = DEFINITIONAL_REPRESENTATION('',(#5252),#5256);
#5252 = LINE('',#5253,#5254);
#5253 = CARTESIAN_POINT('',(-2.59807621136,-0.8));
#5254 = VECTOR('',#5255,1.);
#5255 = DIRECTION('',(-3.8E-16,1.));
#5256 = ( GEOMETRIC_REPRESENTATION_CONTEXT(2) 
PARAMETRIC_REPRESENTATION_CONTEXT() REPRESENTATION_CONTEXT('2D SPACE',''
  ) );
#5257 = ADVANCED_FACE('',(#5258),#3156,.F.);
#5258 = FACE_BOUND('',#5259,.F.);
#5259 = EDGE_LOOP('',(#5260,#5283,#5284,#5285));
#5260 = ORIENTED_EDGE('',*,*,#5261,.F.);
#5261 = EDGE_CURVE('',#5087,#5262,#5264,.T.);
#5262 = VERTEX_POINT('',#5263);
#5263 = CARTESIAN_POINT('',(3.031088913242,15.7,16.750000000006));
#5264 = SURFACE_CURVE('',#5265,(#5269,#5276),.PCURVE_S1.);
#5265 = LINE('',#5266,#5267);
#5266 = CARTESIAN_POINT('',(3.031088913242,15.7,16.625));
#5267 = VECTOR('',#5268,1.);
#5268 = DIRECTION('',(-9.8943E-13,0.,1.));
#5269 = PCURVE('',#3156,#5270);
#5270 = DEFINITIONAL_REPRESENTATION('',(#5271),#5275);
#5271 = LINE('',#5272,#5273);
#5272 = CARTESIAN_POINT('',(3.375,-3.2));
#5273 = VECTOR('',#5274,1.);
#5274 = DIRECTION('',(1.,2.2E-16));
#5275 = ( GEOMETRIC_REPRESENTATION_CONTEXT(2) 
PARAMETRIC_REPRESENTATION_CONTEXT() REPRESENTATION_CONTEXT('2D SPACE',''
  ) );
#5276 = PCURVE('',#4671,#5277);
#5277 = DEFINITIONAL_REPRESENTATION('',(#5278),#5282);
#5278 = LINE('',#5279,#5280);
#5279 = CARTESIAN_POINT('',(0.168911086758,-3.375));
#5280 = VECTOR('',#5281,1.);
#5281 = DIRECTION('',(9.8943E-13,1.));
#5282 = ( GEOMETRIC_REPRESENTATION_CONTEXT(2) 
PARAMETRIC_REPRESENTATION_CONTEXT() REPRESENTATION_CONTEXT('2D SPACE',''
  ) );
#5283 = ORIENTED_EDGE('',*,*,#5086,.T.);
#5284 = ORIENTED_EDGE('',*,*,#3142,.T.);
#5285 = ORIENTED_EDGE('',*,*,#5286,.F.);
#5286 = EDGE_CURVE('',#5262,#3115,#5287,.T.);
#5287 = SURFACE_CURVE('',#5288,(#5292,#5299),.PCURVE_S1.);
#5288 = LINE('',#5289,#5290);
#5289 = CARTESIAN_POINT('',(3.031088913242,12.5,16.750000000006));
#5290 = VECTOR('',#5291,1.);
#5291 = DIRECTION('',(0.,1.,-2.2E-16));
#5292 = PCURVE('',#3156,#5293);
#5293 = DEFINITIONAL_REPRESENTATION('',(#5294),#5298);
#5294 = LINE('',#5295,#5296);
#5295 = CARTESIAN_POINT('',(3.500000000006,7.700000000012E-16));
#5296 = VECTOR('',#5297,1.);
#5297 = DIRECTION('',(0.,-1.));
#5298 = ( GEOMETRIC_REPRESENTATION_CONTEXT(2) 
PARAMETRIC_REPRESENTATION_CONTEXT() REPRESENTATION_CONTEXT('2D SPACE',''
  ) );
#5299 = PCURVE('',#3130,#5300);
#5300 = DEFINITIONAL_REPRESENTATION('',(#5301),#5305);
#5301 = LINE('',#5302,#5303);
#5302 = CARTESIAN_POINT('',(0.,0.));
#5303 = VECTOR('',#5304,1.);
#5304 = DIRECTION('',(3.718739611018E-28,-1.));
#5305 = ( GEOMETRIC_REPRESENTATION_CONTEXT(2) 
PARAMETRIC_REPRESENTATION_CONTEXT() REPRESENTATION_CONTEXT('2D SPACE',''
  ) );
#5306 = ADVANCED_FACE('',(#5307),#3074,.F.);
#5307 = FACE_BOUND('',#5308,.F.);
#5308 = EDGE_LOOP('',(#5309,#5332,#5353,#5354));
#5309 = ORIENTED_EDGE('',*,*,#5310,.F.);
#5310 = EDGE_CURVE('',#5311,#5162,#5313,.T.);
#5311 = VERTEX_POINT('',#5312);
#5312 = CARTESIAN_POINT('',(-3.031088913249,15.7,16.749999999994));
#5313 = SURFACE_CURVE('',#5314,(#5318,#5325),.PCURVE_S1.);
#5314 = LINE('',#5315,#5316);
#5315 = CARTESIAN_POINT('',(-3.031088913252,15.7,18.37499999999));
#5316 = VECTOR('',#5317,1.);
#5317 = DIRECTION('',(2.06095E-12,0.,-1.));
#5318 = PCURVE('',#3074,#5319);
#5319 = DEFINITIONAL_REPRESENTATION('',(#5320),#5324);
#5320 = LINE('',#5321,#5322);
#5321 = CARTESIAN_POINT('',(-1.624999999997,-3.2));
#5322 = VECTOR('',#5323,1.);
#5323 = DIRECTION('',(1.,-2.2E-16));
#5324 = ( GEOMETRIC_REPRESENTATION_CONTEXT(2) 
PARAMETRIC_REPRESENTATION_CONTEXT() REPRESENTATION_CONTEXT('2D SPACE',''
  ) );
#5325 = PCURVE('',#4671,#5326);
#5326 = DEFINITIONAL_REPRESENTATION('',(#5327),#5331);
#5327 = LINE('',#5328,#5329);
#5328 = CARTESIAN_POINT('',(6.231088913252,-1.62500000001));
#5329 = VECTOR('',#5330,1.);
#5330 = DIRECTION('',(-2.06095E-12,-1.));
#5331 = ( GEOMETRIC_REPRESENTATION_CONTEXT(2) 
PARAMETRIC_REPRESENTATION_CONTEXT() REPRESENTATION_CONTEXT('2D SPACE',''
  ) );
#5332 = ORIENTED_EDGE('',*,*,#5333,.T.);
#5333 = EDGE_CURVE('',#5311,#3059,#5334,.T.);
#5334 = SURFACE_CURVE('',#5335,(#5339,#5346),.PCURVE_S1.);
#5335 = LINE('',#5336,#5337);
#5336 = CARTESIAN_POINT('',(-3.031088913249,12.5,16.749999999994));
#5337 = VECTOR('',#5338,1.);
#5338 = DIRECTION('',(0.,1.,-2.2E-16));
#5339 = PCURVE('',#3074,#5340);
#5340 = DEFINITIONAL_REPRESENTATION('',(#5341),#5345);
#5341 = LINE('',#5342,#5343);
#5342 = CARTESIAN_POINT('',(0.,0.));
#5343 = VECTOR('',#5344,1.);
#5344 = DIRECTION('',(0.,-1.));
#5345 = ( GEOMETRIC_REPRESENTATION_CONTEXT(2) 
PARAMETRIC_REPRESENTATION_CONTEXT() REPRESENTATION_CONTEXT('2D SPACE',''
  ) );
#5346 = PCURVE('',#3102,#5347);
#5347 = DEFINITIONAL_REPRESENTATION('',(#5348),#5352);
#5348 = LINE('',#5349,#5350);
#5349 = CARTESIAN_POINT('',(3.5,-3.85E-16));
#5350 = VECTOR('',#5351,1.);
#5351 = DIRECTION('',(3.822400864345E-28,-1.));
#5352 = ( GEOMETRIC_REPRESENTATION_CONTEXT(2) 
PARAMETRIC_REPRESENTATION_CONTEXT() REPRESENTATION_CONTEXT('2D SPACE',''
  ) );
#5353 = ORIENTED_EDGE('',*,*,#3058,.T.);
#5354 = ORIENTED_EDGE('',*,*,#5186,.F.);
#5355 = ADVANCED_FACE('',(#5356),#3130,.F.);
#5356 = FACE_BOUND('',#5357,.F.);
#5357 = EDGE_LOOP('',(#5358,#5381,#5382,#5383));
#5358 = ORIENTED_EDGE('',*,*,#5359,.F.);
#5359 = EDGE_CURVE('',#5262,#5360,#5362,.T.);
#5360 = VERTEX_POINT('',#5361);
#5361 = CARTESIAN_POINT('',(-6.926E-12,15.7,18.5));
#5362 = SURFACE_CURVE('',#5363,(#5367,#5374),.PCURVE_S1.);
#5363 = LINE('',#5364,#5365);
#5364 = CARTESIAN_POINT('',(2.390784930204,15.7,17.119679676974));
#5365 = VECTOR('',#5366,1.);
#5366 = DIRECTION('',(-0.866025403785,0.,0.499999999998));
#5367 = PCURVE('',#3130,#5368);
#5368 = DEFINITIONAL_REPRESENTATION('',(#5369),#5373);
#5369 = LINE('',#5370,#5371);
#5370 = CARTESIAN_POINT('',(0.739359353939,-3.2));
#5371 = VECTOR('',#5372,1.);
#5372 = DIRECTION('',(1.,1.1E-16));
#5373 = ( GEOMETRIC_REPRESENTATION_CONTEXT(2) 
PARAMETRIC_REPRESENTATION_CONTEXT() REPRESENTATION_CONTEXT('2D SPACE',''
  ) );
#5374 = PCURVE('',#4671,#5375);
#5375 = DEFINITIONAL_REPRESENTATION('',(#5376),#5380);
#5376 = LINE('',#5377,#5378);
#5377 = CARTESIAN_POINT('',(0.809215069796,-2.880320323026));
#5378 = VECTOR('',#5379,1.);
#5379 = DIRECTION('',(0.866025403785,0.499999999998));
#5380 = ( GEOMETRIC_REPRESENTATION_CONTEXT(2) 
PARAMETRIC_REPRESENTATION_CONTEXT() REPRESENTATION_CONTEXT('2D SPACE',''
  ) );
#5381 = ORIENTED_EDGE('',*,*,#5286,.T.);
#5382 = ORIENTED_EDGE('',*,*,#3114,.T.);
#5383 = ORIENTED_EDGE('',*,*,#5384,.F.);
#5384 = EDGE_CURVE('',#5360,#3087,#5385,.T.);
#5385 = SURFACE_CURVE('',#5386,(#5390,#5397),.PCURVE_S1.);
#5386 = LINE('',#5387,#5388);
#5387 = CARTESIAN_POINT('',(-6.92601E-12,12.5,18.5));
#5388 = VECTOR('',#5389,1.);
#5389 = DIRECTION('',(0.,1.,-2.2E-16));
#5390 = PCURVE('',#3130,#5391);
#5391 = DEFINITIONAL_REPRESENTATION('',(#5392),#5396);
#5392 = LINE('',#5393,#5394);
#5393 = CARTESIAN_POINT('',(3.5,3.85E-16));
#5394 = VECTOR('',#5395,1.);
#5395 = DIRECTION('',(3.718739611018E-28,-1.));
#5396 = ( GEOMETRIC_REPRESENTATION_CONTEXT(2) 
PARAMETRIC_REPRESENTATION_CONTEXT() REPRESENTATION_CONTEXT('2D SPACE',''
  ) );
#5397 = PCURVE('',#3102,#5398);
#5398 = DEFINITIONAL_REPRESENTATION('',(#5399),#5403);
#5399 = LINE('',#5400,#5401);
#5400 = CARTESIAN_POINT('',(6.495190528627E-18,-1.970958118935E-36));
#5401 = VECTOR('',#5402,1.);
#5402 = DIRECTION('',(3.822400864345E-28,-1.));
#5403 = ( GEOMETRIC_REPRESENTATION_CONTEXT(2) 
PARAMETRIC_REPRESENTATION_CONTEXT() REPRESENTATION_CONTEXT('2D SPACE',''
  ) );
#5404 = ADVANCED_FACE('',(#5405),#3102,.F.);
#5405 = FACE_BOUND('',#5406,.F.);
#5406 = EDGE_LOOP('',(#5407,#5428,#5429,#5430));
#5407 = ORIENTED_EDGE('',*,*,#5408,.F.);
#5408 = EDGE_CURVE('',#5360,#5311,#5409,.T.);
#5409 = SURFACE_CURVE('',#5410,(#5414,#5421),.PCURVE_S1.);
#5410 = LINE('',#5411,#5412);
#5411 = CARTESIAN_POINT('',(1.524759526413,15.7,19.380320323032));
#5412 = VECTOR('',#5413,1.);
#5413 = DIRECTION('',(-0.866025403783,0.,-0.500000000002));
#5414 = PCURVE('',#3102,#5415);
#5415 = DEFINITIONAL_REPRESENTATION('',(#5416),#5420);
#5416 = LINE('',#5417,#5418);
#5417 = CARTESIAN_POINT('',(-1.760640646058,-3.2));
#5418 = VECTOR('',#5419,1.);
#5419 = DIRECTION('',(1.,-1.1E-16));
#5420 = ( GEOMETRIC_REPRESENTATION_CONTEXT(2) 
PARAMETRIC_REPRESENTATION_CONTEXT() REPRESENTATION_CONTEXT('2D SPACE',''
  ) );
#5421 = PCURVE('',#4671,#5422);
#5422 = DEFINITIONAL_REPRESENTATION('',(#5423),#5427);
#5423 = LINE('',#5424,#5425);
#5424 = CARTESIAN_POINT('',(1.675240473587,-0.619679676968));
#5425 = VECTOR('',#5426,1.);
#5426 = DIRECTION('',(0.866025403783,-0.500000000002));
#5427 = ( GEOMETRIC_REPRESENTATION_CONTEXT(2) 
PARAMETRIC_REPRESENTATION_CONTEXT() REPRESENTATION_CONTEXT('2D SPACE',''
  ) );
#5428 = ORIENTED_EDGE('',*,*,#5384,.T.);
#5429 = ORIENTED_EDGE('',*,*,#3086,.T.);
#5430 = ORIENTED_EDGE('',*,*,#5333,.F.);
#5431 = ADVANCED_FACE('',(#5432),#3312,.F.);
#5432 = FACE_BOUND('',#5433,.F.);
#5433 = EDGE_LOOP('',(#5434,#5435,#5458,#5489));
#5434 = ORIENTED_EDGE('',*,*,#3200,.F.);
#5435 = ORIENTED_EDGE('',*,*,#5436,.T.);
#5436 = EDGE_CURVE('',#3201,#5437,#5439,.T.);
#5437 = VERTEX_POINT('',#5438);
#5438 = CARTESIAN_POINT('',(1.7,12.,15.));
#5439 = SEAM_CURVE('',#5440,(#5444,#5451),.PCURVE_S1.);
#5440 = LINE('',#5441,#5442);
#5441 = CARTESIAN_POINT('',(1.7,3.33E-15,15.));
#5442 = VECTOR('',#5443,1.);
#5443 = DIRECTION('',(0.,1.,-2.2E-16));
#5444 = PCURVE('',#3312,#5445);
#5445 = DEFINITIONAL_REPRESENTATION('',(#5446),#5450);
#5446 = LINE('',#5447,#5448);
#5447 = CARTESIAN_POINT('',(6.28318530718,0.));
#5448 = VECTOR('',#5449,1.);
#5449 = DIRECTION('',(0.,-1.));
#5450 = ( GEOMETRIC_REPRESENTATION_CONTEXT(2) 
PARAMETRIC_REPRESENTATION_CONTEXT() REPRESENTATION_CONTEXT('2D SPACE',''
  ) );
#5451 = PCURVE('',#3312,#5452);
#5452 = DEFINITIONAL_REPRESENTATION('',(#5453),#5457);
#5453 = LINE('',#5454,#5455);
#5454 = CARTESIAN_POINT('',(0.,0.));
#5455 = VECTOR('',#5456,1.);
#5456 = DIRECTION('',(0.,-1.));
#5457 = ( GEOMETRIC_REPRESENTATION_CONTEXT(2) 
PARAMETRIC_REPRESENTATION_CONTEXT() REPRESENTATION_CONTEXT('2D SPACE',''
  ) );
#5458 = ORIENTED_EDGE('',*,*,#5459,.T.);
#5459 = EDGE_CURVE('',#5437,#5437,#5460,.T.);
#5460 = SURFACE_CURVE('',#5461,(#5466,#5473),.PCURVE_S1.);
#5461 = CIRCLE('',#5462,1.7);
#5462 = AXIS2_PLACEMENT_3D('',#5463,#5464,#5465);
#5463 = CARTESIAN_POINT('',(0.,12.,15.));
#5464 = DIRECTION('',(0.,-1.,2.2E-16));
#5465 = DIRECTION('',(1.,0.,0.));
#5466 = PCURVE('',#3312,#5467);
#5467 = DEFINITIONAL_REPRESENTATION('',(#5468),#5472);
#5468 = LINE('',#5469,#5470);
#5469 = CARTESIAN_POINT('',(0.,-12.));
#5470 = VECTOR('',#5471,1.);
#5471 = DIRECTION('',(1.,0.));
#5472 = ( GEOMETRIC_REPRESENTATION_CONTEXT(2) 
PARAMETRIC_REPRESENTATION_CONTEXT() REPRESENTATION_CONTEXT('2D SPACE',''
  ) );
#5473 = PCURVE('',#5474,#5479);
#5474 = PLANE('',#5475);
#5475 = AXIS2_PLACEMENT_3D('',#5476,#5477,#5478);
#5476 = CARTESIAN_POINT('',(-1.7E-16,12.,15.));
#5477 = DIRECTION('',(0.,1.,0.));
#5478 = DIRECTION('',(0.,0.,1.));
#5479 = DEFINITIONAL_REPRESENTATION('',(#5480),#5488);
#5480 = ( BOUNDED_CURVE() B_SPLINE_CURVE(2,(#5481,#5482,#5483,#5484,
#5485,#5486,#5487),.UNSPECIFIED.,.T.,.F.) B_SPLINE_CURVE_WITH_KNOTS((1,2
    ,2,2,2,1),(-2.094395102393,0.,2.094395102393,4.188790204786,
6.28318530718,8.377580409573),.UNSPECIFIED.) CURVE() 
GEOMETRIC_REPRESENTATION_ITEM() RATIONAL_B_SPLINE_CURVE((1.,0.5,1.,0.5,
1.,0.5,1.)) REPRESENTATION_ITEM('') );
#5481 = CARTESIAN_POINT('',(0.,1.7));
#5482 = CARTESIAN_POINT('',(2.944486372867,1.7));
#5483 = CARTESIAN_POINT('',(1.472243186434,-0.85));
#5484 = CARTESIAN_POINT('',(4.163799117101E-16,-3.4));
#5485 = CARTESIAN_POINT('',(-1.472243186434,-0.85));
#5486 = CARTESIAN_POINT('',(-2.944486372867,1.7));
#5487 = CARTESIAN_POINT('',(0.,1.7));
#5488 = ( GEOMETRIC_REPRESENTATION_CONTEXT(2) 
PARAMETRIC_REPRESENTATION_CONTEXT() REPRESENTATION_CONTEXT('2D SPACE',''
  ) );
#5489 = ORIENTED_EDGE('',*,*,#5436,.F.);
#5490 = ADVANCED_FACE('',(#5491),#3486,.F.);
#5491 = FACE_BOUND('',#5492,.F.);
#5492 = EDGE_LOOP('',(#5493,#5494,#5517,#5548));
#5493 = ORIENTED_EDGE('',*,*,#3374,.F.);
#5494 = ORIENTED_EDGE('',*,*,#5495,.T.);
#5495 = EDGE_CURVE('',#3375,#5496,#5498,.T.);
#5496 = VERTEX_POINT('',#5497);
#5497 = CARTESIAN_POINT('',(-11.24230484541,-4.527756813566,15.));
#5498 = SEAM_CURVE('',#5499,(#5503,#5510),.PCURVE_S1.);
#5499 = LINE('',#5500,#5501);
#5500 = CARTESIAN_POINT('',(-0.85,1.472243186434,15.));
#5501 = VECTOR('',#5502,1.);
#5502 = DIRECTION('',(-0.866025403784,-0.5,-2.2E-16));
#5503 = PCURVE('',#3486,#5504);
#5504 = DEFINITIONAL_REPRESENTATION('',(#5505),#5509);
#5505 = LINE('',#5506,#5507);
#5506 = CARTESIAN_POINT('',(6.28318530718,0.));
#5507 = VECTOR('',#5508,1.);
#5508 = DIRECTION('',(0.,-1.));
#5509 = ( GEOMETRIC_REPRESENTATION_CONTEXT(2) 
PARAMETRIC_REPRESENTATION_CONTEXT() REPRESENTATION_CONTEXT('2D SPACE',''
  ) );
#5510 = PCURVE('',#3486,#5511);
#5511 = DEFINITIONAL_REPRESENTATION('',(#5512),#5516);
#5512 = LINE('',#5513,#5514);
#5513 = CARTESIAN_POINT('',(0.,0.));
#5514 = VECTOR('',#5515,1.);
#5515 = DIRECTION('',(0.,-1.));
#5516 = ( GEOMETRIC_REPRESENTATION_CONTEXT(2) 
PARAMETRIC_REPRESENTATION_CONTEXT() REPRESENTATION_CONTEXT('2D SPACE',''
  ) );
#5517 = ORIENTED_EDGE('',*,*,#5518,.T.);
#5518 = EDGE_CURVE('',#5496,#5496,#5519,.T.);
#5519 = SURFACE_CURVE('',#5520,(#5525,#5532),.PCURVE_S1.);
#5520 = CIRCLE('',#5521,1.7);
#5521 = AXIS2_PLACEMENT_3D('',#5522,#5523,#5524);
#5522 = CARTESIAN_POINT('',(-10.39230484541,-6.,15.));
#5523 = DIRECTION('',(0.866025403784,0.5,-4.E-17));
#5524 = DIRECTION('',(-0.5,0.866025403784,7.E-17));
#5525 = PCURVE('',#3486,#5526);
#5526 = DEFINITIONAL_REPRESENTATION('',(#5527),#5531);
#5527 = LINE('',#5528,#5529);
#5528 = CARTESIAN_POINT('',(0.,-12.));
#5529 = VECTOR('',#5530,1.);
#5530 = DIRECTION('',(1.,0.));
#5531 = ( GEOMETRIC_REPRESENTATION_CONTEXT(2) 
PARAMETRIC_REPRESENTATION_CONTEXT() REPRESENTATION_CONTEXT('2D SPACE',''
  ) );
#5532 = PCURVE('',#5533,#5538);
#5533 = PLANE('',#5534);
#5534 = AXIS2_PLACEMENT_3D('',#5535,#5536,#5537);
#5535 = CARTESIAN_POINT('',(-10.39230484541,-6.,15.));
#5536 = DIRECTION('',(-0.866025403784,-0.5,0.));
#5537 = DIRECTION('',(0.,0.,1.));
#5538 = DEFINITIONAL_REPRESENTATION('',(#5539),#5547);
#5539 = ( BOUNDED_CURVE() B_SPLINE_CURVE(2,(#5540,#5541,#5542,#5543,
#5544,#5545,#5546),.UNSPECIFIED.,.T.,.F.) B_SPLINE_CURVE_WITH_KNOTS((1,2
    ,2,2,2,1),(-2.094395102393,0.,2.094395102393,4.188790204786,
6.28318530718,8.377580409573),.UNSPECIFIED.) CURVE() 
GEOMETRIC_REPRESENTATION_ITEM() RATIONAL_B_SPLINE_CURVE((1.,0.5,1.,0.5,
1.,0.5,1.)) REPRESENTATION_ITEM('') );
#5540 = CARTESIAN_POINT('',(1.19E-16,1.7));
#5541 = CARTESIAN_POINT('',(2.944486372867,1.7));
#5542 = CARTESIAN_POINT('',(1.472243186434,-0.85));
#5543 = CARTESIAN_POINT('',(1.783799117101E-16,-3.4));
#5544 = CARTESIAN_POINT('',(-1.472243186434,-0.85));
#5545 = CARTESIAN_POINT('',(-2.944486372867,1.7));
#5546 = CARTESIAN_POINT('',(1.19E-16,1.7));
#5547 = ( GEOMETRIC_REPRESENTATION_CONTEXT(2) 
PARAMETRIC_REPRESENTATION_CONTEXT() REPRESENTATION_CONTEXT('2D SPACE',''
  ) );
#5548 = ORIENTED_EDGE('',*,*,#5495,.F.);
#5549 = ADVANCED_FACE('',(#5550),#3660,.F.);
#5550 = FACE_BOUND('',#5551,.F.);
#5551 = EDGE_LOOP('',(#5552,#5553,#5576,#5607));
#5552 = ORIENTED_EDGE('',*,*,#3548,.F.);
#5553 = ORIENTED_EDGE('',*,*,#5554,.T.);
#5554 = EDGE_CURVE('',#3549,#5555,#5557,.T.);
#5555 = VERTEX_POINT('',#5556);
#5556 = CARTESIAN_POINT('',(9.542304845413,-7.472243186434,15.));
#5557 = SEAM_CURVE('',#5558,(#5562,#5569),.PCURVE_S1.);
#5558 = LINE('',#5559,#5560);
#5559 = CARTESIAN_POINT('',(-0.85,-1.472243186434,15.));
#5560 = VECTOR('',#5561,1.);
#5561 = DIRECTION('',(0.866025403784,-0.5,-2.2E-16));
#5562 = PCURVE('',#3660,#5563);
#5563 = DEFINITIONAL_REPRESENTATION('',(#5564),#5568);
#5564 = LINE('',#5565,#5566);
#5565 = CARTESIAN_POINT('',(6.28318530718,0.));
#5566 = VECTOR('',#5567,1.);
#5567 = DIRECTION('',(0.,-1.));
#5568 = ( GEOMETRIC_REPRESENTATION_CONTEXT(2) 
PARAMETRIC_REPRESENTATION_CONTEXT() REPRESENTATION_CONTEXT('2D SPACE',''
  ) );
#5569 = PCURVE('',#3660,#5570);
#5570 = DEFINITIONAL_REPRESENTATION('',(#5571),#5575);
#5571 = LINE('',#5572,#5573);
#5572 = CARTESIAN_POINT('',(0.,0.));
#5573 = VECTOR('',#5574,1.);
#5574 = DIRECTION('',(0.,-1.));
#5575 = ( GEOMETRIC_REPRESENTATION_CONTEXT(2) 
PARAMETRIC_REPRESENTATION_CONTEXT() REPRESENTATION_CONTEXT('2D SPACE',''
  ) );
#5576 = ORIENTED_EDGE('',*,*,#5577,.T.);
#5577 = EDGE_CURVE('',#5555,#5555,#5578,.T.);
#5578 = SURFACE_CURVE('',#5579,(#5584,#5591),.PCURVE_S1.);
#5579 = CIRCLE('',#5580,1.7);
#5580 = AXIS2_PLACEMENT_3D('',#5581,#5582,#5583);
#5581 = CARTESIAN_POINT('',(10.392304845413,-6.,15.));
#5582 = DIRECTION('',(-0.866025403784,0.5,1.5E-16));
#5583 = DIRECTION('',(-0.5,-0.866025403784,2.6E-16));
#5584 = PCURVE('',#3660,#5585);
#5585 = DEFINITIONAL_REPRESENTATION('',(#5586),#5590);
#5586 = LINE('',#5587,#5588);
#5587 = CARTESIAN_POINT('',(0.,-12.));
#5588 = VECTOR('',#5589,1.);
#5589 = DIRECTION('',(1.,0.));
#5590 = ( GEOMETRIC_REPRESENTATION_CONTEXT(2) 
PARAMETRIC_REPRESENTATION_CONTEXT() REPRESENTATION_CONTEXT('2D SPACE',''
  ) );
#5591 = PCURVE('',#5592,#5597);
#5592 = PLANE('',#5593);
#5593 = AXIS2_PLACEMENT_3D('',#5594,#5595,#5596);
#5594 = CARTESIAN_POINT('',(10.392304845413,-6.,15.));
#5595 = DIRECTION('',(0.866025403784,-0.5,0.));
#5596 = DIRECTION('',(0.,0.,1.));
#5597 = DEFINITIONAL_REPRESENTATION('',(#5598),#5606);
#5598 = ( BOUNDED_CURVE() B_SPLINE_CURVE(2,(#5599,#5600,#5601,#5602,
#5603,#5604,#5605),.UNSPECIFIED.,.T.,.F.) B_SPLINE_CURVE_WITH_KNOTS((1,2
    ,2,2,2,1),(-2.094395102393,0.,2.094395102393,4.188790204786,
6.28318530718,8.377580409573),.UNSPECIFIED.) CURVE() 
GEOMETRIC_REPRESENTATION_ITEM() RATIONAL_B_SPLINE_CURVE((1.,0.5,1.,0.5,
1.,0.5,1.)) REPRESENTATION_ITEM('') );
#5599 = CARTESIAN_POINT('',(1.11001410364E-14,1.7));
#5600 = CARTESIAN_POINT('',(2.944486372867,1.7));
#5601 = CARTESIAN_POINT('',(1.472243186434,-0.85));
#5602 = CARTESIAN_POINT('',(1.019052094811E-14,-3.4));
#5603 = CARTESIAN_POINT('',(-1.472243186434,-0.85));
#5604 = CARTESIAN_POINT('',(-2.944486372867,1.7));
#5605 = CARTESIAN_POINT('',(1.11001410364E-14,1.7));
#5606 = ( GEOMETRIC_REPRESENTATION_CONTEXT(2) 
PARAMETRIC_REPRESENTATION_CONTEXT() REPRESENTATION_CONTEXT('2D SPACE',''
  ) );
#5607 = ORIENTED_EDGE('',*,*,#5554,.F.);
#5608 = ADVANCED_FACE('',(#5609),#3761,.F.);
#5609 = FACE_BOUND('',#5610,.F.);
#5610 = EDGE_LOOP('',(#5611,#5632,#5633,#5634));
#5611 = ORIENTED_EDGE('',*,*,#5612,.F.);
#5612 = EDGE_CURVE('',#4371,#3724,#5613,.T.);
#5613 = SEAM_CURVE('',#5614,(#5618,#5625),.PCURVE_S1.);
#5614 = LINE('',#5615,#5616);
#5615 = CARTESIAN_POINT('',(-12.97435565298,5.527756813566,20.));
#5616 = VECTOR('',#5617,1.);
#5617 = DIRECTION('',(0.,0.,-1.));
#5618 = PCURVE('',#3761,#5619);
#5619 = DEFINITIONAL_REPRESENTATION('',(#5620),#5624);
#5620 = LINE('',#5621,#5622);
#5621 = CARTESIAN_POINT('',(6.28318530718,0.));
#5622 = VECTOR('',#5623,1.);
#5623 = DIRECTION('',(0.,-1.));
#5624 = ( GEOMETRIC_REPRESENTATION_CONTEXT(2) 
PARAMETRIC_REPRESENTATION_CONTEXT() REPRESENTATION_CONTEXT('2D SPACE',''
  ) );
#5625 = PCURVE('',#3761,#5626);
#5626 = DEFINITIONAL_REPRESENTATION('',(#5627),#5631);
#5627 = LINE('',#5628,#5629);
#5628 = CARTESIAN_POINT('',(0.,0.));
#5629 = VECTOR('',#5630,1.);
#5630 = DIRECTION('',(0.,-1.));
#5631 = ( GEOMETRIC_REPRESENTATION_CONTEXT(2) 
PARAMETRIC_REPRESENTATION_CONTEXT() REPRESENTATION_CONTEXT('2D SPACE',''
  ) );
#5632 = ORIENTED_EDGE('',*,*,#4395,.F.);
#5633 = ORIENTED_EDGE('',*,*,#5612,.T.);
#5634 = ORIENTED_EDGE('',*,*,#3746,.T.);
#5635 = ADVANCED_FACE('',(#5636),#3816,.F.);
#5636 = FACE_BOUND('',#5637,.F.);
#5637 = EDGE_LOOP('',(#5638,#5659,#5660,#5661));
#5638 = ORIENTED_EDGE('',*,*,#5639,.F.);
#5639 = EDGE_CURVE('',#4105,#3779,#5640,.T.);
#5640 = SEAM_CURVE('',#5641,(#5645,#5652),.PCURVE_S1.);
#5641 = LINE('',#5642,#5643);
#5642 = CARTESIAN_POINT('',(1.7,-14.,20.));
#5643 = VECTOR('',#5644,1.);
#5644 = DIRECTION('',(-0.,-0.,-1.));
#5645 = PCURVE('',#3816,#5646);
#5646 = DEFINITIONAL_REPRESENTATION('',(#5647),#5651);
#5647 = LINE('',#5648,#5649);
#5648 = CARTESIAN_POINT('',(6.28318530718,0.));
#5649 = VECTOR('',#5650,1.);
#5650 = DIRECTION('',(0.,-1.));
#5651 = ( GEOMETRIC_REPRESENTATION_CONTEXT(2) 
PARAMETRIC_REPRESENTATION_CONTEXT() REPRESENTATION_CONTEXT('2D SPACE',''
  ) );
#5652 = PCURVE('',#3816,#5653);
#5653 = DEFINITIONAL_REPRESENTATION('',(#5654),#5658);
#5654 = LINE('',#5655,#5656);
#5655 = CARTESIAN_POINT('',(0.,0.));
#5656 = VECTOR('',#5657,1.);
#5657 = DIRECTION('',(0.,-1.));
#5658 = ( GEOMETRIC_REPRESENTATION_CONTEXT(2) 
PARAMETRIC_REPRESENTATION_CONTEXT() REPRESENTATION_CONTEXT('2D SPACE',''
  ) );
#5659 = ORIENTED_EDGE('',*,*,#4129,.F.);
#5660 = ORIENTED_EDGE('',*,*,#5639,.T.);
#5661 = ORIENTED_EDGE('',*,*,#3801,.T.);
#5662 = ADVANCED_FACE('',(#5663),#3873,.F.);
#5663 = FACE_BOUND('',#5664,.F.);
#5664 = EDGE_LOOP('',(#5665,#5686,#5687,#5688));
#5665 = ORIENTED_EDGE('',*,*,#5666,.F.);
#5666 = EDGE_CURVE('',#4421,#3834,#5667,.T.);
#5667 = SEAM_CURVE('',#5668,(#5672,#5679),.PCURVE_S1.);
#5668 = LINE('',#5669,#5670);
#5669 = CARTESIAN_POINT('',(11.274355652982,8.472243186434,20.));
#5670 = VECTOR('',#5671,1.);
#5671 = DIRECTION('',(0.,0.,-1.));
#5672 = PCURVE('',#3873,#5673);
#5673 = DEFINITIONAL_REPRESENTATION('',(#5674),#5678);
#5674 = LINE('',#5675,#5676);
#5675 = CARTESIAN_POINT('',(6.28318530718,0.));
#5676 = VECTOR('',#5677,1.);
#5677 = DIRECTION('',(0.,-1.));
#5678 = ( GEOMETRIC_REPRESENTATION_CONTEXT(2) 
PARAMETRIC_REPRESENTATION_CONTEXT() REPRESENTATION_CONTEXT('2D SPACE',''
  ) );
#5679 = PCURVE('',#3873,#5680);
#5680 = DEFINITIONAL_REPRESENTATION('',(#5681),#5685);
#5681 = LINE('',#5682,#5683);
#5682 = CARTESIAN_POINT('',(0.,0.));
#5683 = VECTOR('',#5684,1.);
#5684 = DIRECTION('',(0.,-1.));
#5685 = ( GEOMETRIC_REPRESENTATION_CONTEXT(2) 
PARAMETRIC_REPRESENTATION_CONTEXT() REPRESENTATION_CONTEXT('2D SPACE',''
  ) );
#5686 = ORIENTED_EDGE('',*,*,#4445,.F.);
#5687 = ORIENTED_EDGE('',*,*,#5666,.T.);
#5688 = ORIENTED_EDGE('',*,*,#3858,.T.);
#5689 = ADVANCED_FACE('',(#5690),#3949,.F.);
#5690 = FACE_BOUND('',#5691,.F.);
#5691 = EDGE_LOOP('',(#5692,#5693,#5716,#5744));
#5692 = ORIENTED_EDGE('',*,*,#3935,.F.);
#5693 = ORIENTED_EDGE('',*,*,#5694,.T.);
#5694 = EDGE_CURVE('',#3889,#5695,#5697,.T.);
#5695 = VERTEX_POINT('',#5696);
#5696 = CARTESIAN_POINT('',(-11.99659883941,-10.62128129211,13.));
#5697 = SURFACE_CURVE('',#5698,(#5702,#5709),.PCURVE_S1.);
#5698 = LINE('',#5699,#5700);
#5699 = CARTESIAN_POINT('',(-11.99659883941,-10.62128129211,20.));
#5700 = VECTOR('',#5701,1.);
#5701 = DIRECTION('',(0.,0.,-1.));
#5702 = PCURVE('',#3949,#5703);
#5703 = DEFINITIONAL_REPRESENTATION('',(#5704),#5708);
#5704 = LINE('',#5705,#5706);
#5705 = CARTESIAN_POINT('',(0.,0.));
#5706 = VECTOR('',#5707,1.);
#5707 = DIRECTION('',(0.,-1.));
#5708 = ( GEOMETRIC_REPRESENTATION_CONTEXT(2) 
PARAMETRIC_REPRESENTATION_CONTEXT() REPRESENTATION_CONTEXT('2D SPACE',''
  ) );
#5709 = PCURVE('',#4003,#5710);
#5710 = DEFINITIONAL_REPRESENTATION('',(#5711),#5715);
#5711 = LINE('',#5712,#5713);
#5712 = CARTESIAN_POINT('',(6.4,0.));
#5713 = VECTOR('',#5714,1.);
#5714 = DIRECTION('',(0.,-1.));
#5715 = ( GEOMETRIC_REPRESENTATION_CONTEXT(2) 
PARAMETRIC_REPRESENTATION_CONTEXT() REPRESENTATION_CONTEXT('2D SPACE',''
  ) );
#5716 = ORIENTED_EDGE('',*,*,#5717,.T.);
#5717 = EDGE_CURVE('',#5695,#5718,#5720,.T.);
#5718 = VERTEX_POINT('',#5719);
#5719 = CARTESIAN_POINT('',(-9.225317547305,-9.02128129211,13.));
#5720 = SURFACE_CURVE('',#5721,(#5725,#5732),.PCURVE_S1.);
#5721 = LINE('',#5722,#5723);
#5722 = CARTESIAN_POINT('',(-11.99659883941,-10.62128129211,13.));
#5723 = VECTOR('',#5724,1.);
#5724 = DIRECTION('',(0.866025403784,0.5,0.));
#5725 = PCURVE('',#3949,#5726);
#5726 = DEFINITIONAL_REPRESENTATION('',(#5727),#5731);
#5727 = LINE('',#5728,#5729);
#5728 = CARTESIAN_POINT('',(0.,-7.));
#5729 = VECTOR('',#5730,1.);
#5730 = DIRECTION('',(1.,0.));
#5731 = ( GEOMETRIC_REPRESENTATION_CONTEXT(2) 
PARAMETRIC_REPRESENTATION_CONTEXT() REPRESENTATION_CONTEXT('2D SPACE',''
  ) );
#5732 = PCURVE('',#5733,#5738);
#5733 = PLANE('',#5734);
#5734 = AXIS2_PLACEMENT_3D('',#5735,#5736,#5737);
#5735 = CARTESIAN_POINT('',(-12.21095819336,-7.05,13.));
#5736 = DIRECTION('',(0.,0.,1.));
#5737 = DIRECTION('',(-0.5,0.866025403784,0.));
#5738 = DEFINITIONAL_REPRESENTATION('',(#5739),#5743);
#5739 = LINE('',#5740,#5741);
#5740 = CARTESIAN_POINT('',(-3.2,1.6));
#5741 = VECTOR('',#5742,1.);
#5742 = DIRECTION('',(0.,-1.));
#5743 = ( GEOMETRIC_REPRESENTATION_CONTEXT(2) 
PARAMETRIC_REPRESENTATION_CONTEXT() REPRESENTATION_CONTEXT('2D SPACE',''
  ) );
#5744 = ORIENTED_EDGE('',*,*,#5745,.F.);
#5745 = EDGE_CURVE('',#3913,#5718,#5746,.T.);
#5746 = SURFACE_CURVE('',#5747,(#5751,#5758),.PCURVE_S1.);
#5747 = LINE('',#5748,#5749);
#5748 = CARTESIAN_POINT('',(-9.225317547305,-9.02128129211,20.));
#5749 = VECTOR('',#5750,1.);
#5750 = DIRECTION('',(0.,0.,-1.));
#5751 = PCURVE('',#3949,#5752);
#5752 = DEFINITIONAL_REPRESENTATION('',(#5753),#5757);
#5753 = LINE('',#5754,#5755);
#5754 = CARTESIAN_POINT('',(3.2,0.));
#5755 = VECTOR('',#5756,1.);
#5756 = DIRECTION('',(0.,-1.));
#5757 = ( GEOMETRIC_REPRESENTATION_CONTEXT(2) 
PARAMETRIC_REPRESENTATION_CONTEXT() REPRESENTATION_CONTEXT('2D SPACE',''
  ) );
#5758 = PCURVE('',#4057,#5759);
#5759 = DEFINITIONAL_REPRESENTATION('',(#5760),#5764);
#5760 = LINE('',#5761,#5762);
#5761 = CARTESIAN_POINT('',(0.,0.));
#5762 = VECTOR('',#5763,1.);
#5763 = DIRECTION('',(0.,-1.));
#5764 = ( GEOMETRIC_REPRESENTATION_CONTEXT(2) 
PARAMETRIC_REPRESENTATION_CONTEXT() REPRESENTATION_CONTEXT('2D SPACE',''
  ) );
#5765 = ADVANCED_FACE('',(#5766),#4003,.F.);
#5766 = FACE_BOUND('',#5767,.F.);
#5767 = EDGE_LOOP('',(#5768,#5769,#5792,#5820,#5843,#5866,#5889,#5912,
    #5935,#5958,#5979));
#5768 = ORIENTED_EDGE('',*,*,#3989,.F.);
#5769 = ORIENTED_EDGE('',*,*,#5770,.T.);
#5770 = EDGE_CURVE('',#3965,#5771,#5773,.T.);
#5771 = VERTEX_POINT('',#5772);
#5772 = CARTESIAN_POINT('',(-15.19659883941,-5.07871870789,13.));
#5773 = SURFACE_CURVE('',#5774,(#5778,#5785),.PCURVE_S1.);
#5774 = LINE('',#5775,#5776);
#5775 = CARTESIAN_POINT('',(-15.19659883941,-5.07871870789,20.));
#5776 = VECTOR('',#5777,1.);
#5777 = DIRECTION('',(0.,0.,-1.));
#5778 = PCURVE('',#4003,#5779);
#5779 = DEFINITIONAL_REPRESENTATION('',(#5780),#5784);
#5780 = LINE('',#5781,#5782);
#5781 = CARTESIAN_POINT('',(0.,0.));
#5782 = VECTOR('',#5783,1.);
#5783 = DIRECTION('',(0.,-1.));
#5784 = ( GEOMETRIC_REPRESENTATION_CONTEXT(2) 
PARAMETRIC_REPRESENTATION_CONTEXT() REPRESENTATION_CONTEXT('2D SPACE',''
  ) );
#5785 = PCURVE('',#4089,#5786);
#5786 = DEFINITIONAL_REPRESENTATION('',(#5787),#5791);
#5787 = LINE('',#5788,#5789);
#5788 = CARTESIAN_POINT('',(3.2,0.));
#5789 = VECTOR('',#5790,1.);
#5790 = DIRECTION('',(0.,-1.));
#5791 = ( GEOMETRIC_REPRESENTATION_CONTEXT(2) 
PARAMETRIC_REPRESENTATION_CONTEXT() REPRESENTATION_CONTEXT('2D SPACE',''
  ) );
#5792 = ORIENTED_EDGE('',*,*,#5793,.T.);
#5793 = EDGE_CURVE('',#5771,#5794,#5796,.T.);
#5794 = VERTEX_POINT('',#5795);
#5795 = CARTESIAN_POINT('',(-14.89563694509,-5.6,13.));
#5796 = SURFACE_CURVE('',#5797,(#5801,#5808),.PCURVE_S1.);
#5797 = LINE('',#5798,#5799);
#5798 = CARTESIAN_POINT('',(-15.19659883941,-5.07871870789,13.));
#5799 = VECTOR('',#5800,1.);
#5800 = DIRECTION('',(0.5,-0.866025403784,-0.));
#5801 = PCURVE('',#4003,#5802);
#5802 = DEFINITIONAL_REPRESENTATION('',(#5803),#5807);
#5803 = LINE('',#5804,#5805);
#5804 = CARTESIAN_POINT('',(0.,-7.));
#5805 = VECTOR('',#5806,1.);
#5806 = DIRECTION('',(1.,0.));
#5807 = ( GEOMETRIC_REPRESENTATION_CONTEXT(2) 
PARAMETRIC_REPRESENTATION_CONTEXT() REPRESENTATION_CONTEXT('2D SPACE',''
  ) );
#5808 = PCURVE('',#5809,#5814);
#5809 = PLANE('',#5810);
#5810 = AXIS2_PLACEMENT_3D('',#5811,#5812,#5813);
#5811 = CARTESIAN_POINT('',(-12.21095819336,-7.05,13.));
#5812 = DIRECTION('',(0.,0.,1.));
#5813 = DIRECTION('',(-0.5,0.866025403784,0.));
#5814 = DEFINITIONAL_REPRESENTATION('',(#5815),#5819);
#5815 = LINE('',#5816,#5817);
#5816 = CARTESIAN_POINT('',(3.2,1.6));
#5817 = VECTOR('',#5818,1.);
#5818 = DIRECTION('',(-1.,0.));
#5819 = ( GEOMETRIC_REPRESENTATION_CONTEXT(2) 
PARAMETRIC_REPRESENTATION_CONTEXT() REPRESENTATION_CONTEXT('2D SPACE',''
  ) );
#5820 = ORIENTED_EDGE('',*,*,#5821,.T.);
#5821 = EDGE_CURVE('',#5794,#5822,#5824,.T.);
#5822 = VERTEX_POINT('',#5823);
#5823 = CARTESIAN_POINT('',(-15.11214329603,-5.225,13.25));
#5824 = SURFACE_CURVE('',#5825,(#5829,#5836),.PCURVE_S1.);
#5825 = LINE('',#5826,#5827);
#5826 = CARTESIAN_POINT('',(-15.11675083093,-5.217019515459,
    13.255320323028));
#5827 = VECTOR('',#5828,1.);
#5828 = DIRECTION('',(-0.433012701892,0.75,0.5));
#5829 = PCURVE('',#4003,#5830);
#5830 = DEFINITIONAL_REPRESENTATION('',(#5831),#5835);
#5831 = LINE('',#5832,#5833);
#5832 = CARTESIAN_POINT('',(0.159696016958,-6.744679676972));
#5833 = VECTOR('',#5834,1.);
#5834 = DIRECTION('',(-0.866025403784,0.5));
#5835 = ( GEOMETRIC_REPRESENTATION_CONTEXT(2) 
PARAMETRIC_REPRESENTATION_CONTEXT() REPRESENTATION_CONTEXT('2D SPACE',''
  ) );
#5836 = PCURVE('',#4704,#5837);
#5837 = DEFINITIONAL_REPRESENTATION('',(#5838),#5842);
#5838 = LINE('',#5839,#5840);
#5839 = CARTESIAN_POINT('',(3.510640646055,-3.2));
#5840 = VECTOR('',#5841,1.);
#5841 = DIRECTION('',(1.,3.32044604925E-16));
#5842 = ( GEOMETRIC_REPRESENTATION_CONTEXT(2) 
PARAMETRIC_REPRESENTATION_CONTEXT() REPRESENTATION_CONTEXT('2D SPACE',''
  ) );
#5843 = ORIENTED_EDGE('',*,*,#5844,.T.);
#5844 = EDGE_CURVE('',#5822,#5845,#5847,.T.);
#5845 = VERTEX_POINT('',#5846);
#5846 = CARTESIAN_POINT('',(-15.11214329603,-5.225000000003,
    16.750000000006));
#5847 = SURFACE_CURVE('',#5848,(#5852,#5859),.PCURVE_S1.);
#5848 = LINE('',#5849,#5850);
#5849 = CARTESIAN_POINT('',(-15.11214329603,-5.225000000003,16.625));
#5850 = VECTOR('',#5851,1.);
#5851 = DIRECTION('',(4.9498E-13,-8.568E-13,1.));
#5852 = PCURVE('',#4003,#5853);
#5853 = DEFINITIONAL_REPRESENTATION('',(#5854),#5858);
#5854 = LINE('',#5855,#5856);
#5855 = CARTESIAN_POINT('',(0.168911086758,-3.375));
#5856 = VECTOR('',#5857,1.);
#5857 = DIRECTION('',(9.895005659625E-13,1.));
#5858 = ( GEOMETRIC_REPRESENTATION_CONTEXT(2) 
PARAMETRIC_REPRESENTATION_CONTEXT() REPRESENTATION_CONTEXT('2D SPACE',''
  ) );
#5859 = PCURVE('',#4842,#5860);
#5860 = DEFINITIONAL_REPRESENTATION('',(#5861),#5865);
#5861 = LINE('',#5862,#5863);
#5862 = CARTESIAN_POINT('',(3.375,-3.2));
#5863 = VECTOR('',#5864,1.);
#5864 = DIRECTION('',(1.,4.852543652216E-16));
#5865 = ( GEOMETRIC_REPRESENTATION_CONTEXT(2) 
PARAMETRIC_REPRESENTATION_CONTEXT() REPRESENTATION_CONTEXT('2D SPACE',''
  ) );
#5866 = ORIENTED_EDGE('',*,*,#5867,.T.);
#5867 = EDGE_CURVE('',#5845,#5868,#5870,.T.);
#5868 = VERTEX_POINT('',#5869);
#5869 = CARTESIAN_POINT('',(-13.59659883941,-7.850000000006,18.5));
#5870 = SURFACE_CURVE('',#5871,(#5875,#5882),.PCURVE_S1.);
#5871 = LINE('',#5872,#5873);
#5872 = CARTESIAN_POINT('',(-14.79199130451,-5.779519515458,
    17.119679676974));
#5873 = VECTOR('',#5874,1.);
#5874 = DIRECTION('',(0.433012701893,-0.750000000001,0.499999999998));
#5875 = PCURVE('',#4003,#5876);
#5876 = DEFINITIONAL_REPRESENTATION('',(#5877),#5881);
#5877 = LINE('',#5878,#5879);
#5878 = CARTESIAN_POINT('',(0.809215069796,-2.880320323026));
#5879 = VECTOR('',#5880,1.);
#5880 = DIRECTION('',(0.866025403785,0.499999999998));
#5881 = ( GEOMETRIC_REPRESENTATION_CONTEXT(2) 
PARAMETRIC_REPRESENTATION_CONTEXT() REPRESENTATION_CONTEXT('2D SPACE',''
  ) );
#5882 = PCURVE('',#4816,#5883);
#5883 = DEFINITIONAL_REPRESENTATION('',(#5884),#5888);
#5884 = LINE('',#5885,#5886);
#5885 = CARTESIAN_POINT('',(0.739359353939,-3.2));
#5886 = VECTOR('',#5887,1.);
#5887 = DIRECTION('',(1.,2.210223024625E-16));
#5888 = ( GEOMETRIC_REPRESENTATION_CONTEXT(2) 
PARAMETRIC_REPRESENTATION_CONTEXT() REPRESENTATION_CONTEXT('2D SPACE',''
  ) );
#5889 = ORIENTED_EDGE('',*,*,#5890,.T.);
#5890 = EDGE_CURVE('',#5868,#5891,#5893,.T.);
#5891 = VERTEX_POINT('',#5892);
#5892 = CARTESIAN_POINT('',(-12.08105438279,-10.475,16.749999999994));
#5893 = SURFACE_CURVE('',#5894,(#5898,#5905),.PCURVE_S1.);
#5894 = LINE('',#5895,#5896);
#5895 = CARTESIAN_POINT('',(-14.35897860262,-6.529519515464,
    19.380320323032));
#5896 = VECTOR('',#5897,1.);
#5897 = DIRECTION('',(0.433012701892,-0.749999999999,-0.500000000002));
#5898 = PCURVE('',#4003,#5899);
#5899 = DEFINITIONAL_REPRESENTATION('',(#5900),#5904);
#5900 = LINE('',#5901,#5902);
#5901 = CARTESIAN_POINT('',(1.675240473587,-0.619679676968));
#5902 = VECTOR('',#5903,1.);
#5903 = DIRECTION('',(0.866025403783,-0.500000000002));
#5904 = ( GEOMETRIC_REPRESENTATION_CONTEXT(2) 
PARAMETRIC_REPRESENTATION_CONTEXT() REPRESENTATION_CONTEXT('2D SPACE',''
  ) );
#5905 = PCURVE('',#4788,#5906);
#5906 = DEFINITIONAL_REPRESENTATION('',(#5907),#5911);
#5907 = LINE('',#5908,#5909);
#5908 = CARTESIAN_POINT('',(-1.760640646058,-3.2));
#5909 = VECTOR('',#5910,1.);
#5910 = DIRECTION('',(1.,-3.875557561563E-16));
#5911 = ( GEOMETRIC_REPRESENTATION_CONTEXT(2) 
PARAMETRIC_REPRESENTATION_CONTEXT() REPRESENTATION_CONTEXT('2D SPACE',''
  ) );
#5912 = ORIENTED_EDGE('',*,*,#5913,.T.);
#5913 = EDGE_CURVE('',#5891,#5914,#5916,.T.);
#5914 = VERTEX_POINT('',#5915);
#5915 = CARTESIAN_POINT('',(-12.08105438279,-10.47499999999,
    13.249999999994));
#5916 = SURFACE_CURVE('',#5917,(#5921,#5928),.PCURVE_S1.);
#5917 = LINE('',#5918,#5919);
#5918 = CARTESIAN_POINT('',(-12.08105438278,-10.475,18.374999999991));
#5919 = VECTOR('',#5920,1.);
#5920 = DIRECTION('',(-1.03074E-12,1.78477E-12,-1.));
#5921 = PCURVE('',#4003,#5922);
#5922 = DEFINITIONAL_REPRESENTATION('',(#5923),#5927);
#5923 = LINE('',#5924,#5925);
#5924 = CARTESIAN_POINT('',(6.231088913252,-1.62500000001));
#5925 = VECTOR('',#5926,1.);
#5926 = DIRECTION('',(-2.061026159912E-12,-1.));
#5927 = ( GEOMETRIC_REPRESENTATION_CONTEXT(2) 
PARAMETRIC_REPRESENTATION_CONTEXT() REPRESENTATION_CONTEXT('2D SPACE',''
  ) );
#5928 = PCURVE('',#4760,#5929);
#5929 = DEFINITIONAL_REPRESENTATION('',(#5930),#5934);
#5930 = LINE('',#5931,#5932);
#5931 = CARTESIAN_POINT('',(-1.624999999997,-3.2));
#5932 = VECTOR('',#5933,1.);
#5933 = DIRECTION('',(1.,-4.820246967726E-16));
#5934 = ( GEOMETRIC_REPRESENTATION_CONTEXT(2) 
PARAMETRIC_REPRESENTATION_CONTEXT() REPRESENTATION_CONTEXT('2D SPACE',''
  ) );
#5935 = ORIENTED_EDGE('',*,*,#5936,.T.);
#5936 = EDGE_CURVE('',#5914,#5937,#5939,.T.);
#5937 = VERTEX_POINT('',#5938);
#5938 = CARTESIAN_POINT('',(-12.29756073373,-10.1,13.));
#5939 = SURFACE_CURVE('',#5940,(#5944,#5951),.PCURVE_S1.);
#5940 = LINE('',#5941,#5942);
#5941 = CARTESIAN_POINT('',(-12.51867461958,-9.717019515454,
    12.744679676966));
#5942 = VECTOR('',#5943,1.);
#5943 = DIRECTION('',(-0.433012701892,0.75,-0.499999999999));
#5944 = PCURVE('',#4003,#5945);
#5945 = DEFINITIONAL_REPRESENTATION('',(#5946),#5950);
#5946 = LINE('',#5947,#5948);
#5947 = CARTESIAN_POINT('',(5.355848439659,-7.255320323034));
#5948 = VECTOR('',#5949,1.);
#5949 = DIRECTION('',(-0.866025403785,-0.499999999999));
#5950 = ( GEOMETRIC_REPRESENTATION_CONTEXT(2) 
PARAMETRIC_REPRESENTATION_CONTEXT() REPRESENTATION_CONTEXT('2D SPACE',''
  ) );
#5951 = PCURVE('',#4732,#5952);
#5952 = DEFINITIONAL_REPRESENTATION('',(#5953),#5957);
#5953 = LINE('',#5954,#5955);
#5954 = CARTESIAN_POINT('',(1.010640646057,-3.2));
#5955 = VECTOR('',#5956,1.);
#5956 = DIRECTION('',(1.,-2.210223024625E-16));
#5957 = ( GEOMETRIC_REPRESENTATION_CONTEXT(2) 
PARAMETRIC_REPRESENTATION_CONTEXT() REPRESENTATION_CONTEXT('2D SPACE',''
  ) );
#5958 = ORIENTED_EDGE('',*,*,#5959,.T.);
#5959 = EDGE_CURVE('',#5937,#5695,#5960,.T.);
#5960 = SURFACE_CURVE('',#5961,(#5965,#5972),.PCURVE_S1.);
#5961 = LINE('',#5962,#5963);
#5962 = CARTESIAN_POINT('',(-15.19659883941,-5.07871870789,13.));
#5963 = VECTOR('',#5964,1.);
#5964 = DIRECTION('',(0.5,-0.866025403784,-0.));
#5965 = PCURVE('',#4003,#5966);
#5966 = DEFINITIONAL_REPRESENTATION('',(#5967),#5971);
#5967 = LINE('',#5968,#5969);
#5968 = CARTESIAN_POINT('',(0.,-7.));
#5969 = VECTOR('',#5970,1.);
#5970 = DIRECTION('',(1.,0.));
#5971 = ( GEOMETRIC_REPRESENTATION_CONTEXT(2) 
PARAMETRIC_REPRESENTATION_CONTEXT() REPRESENTATION_CONTEXT('2D SPACE',''
  ) );
#5972 = PCURVE('',#5733,#5973);
#5973 = DEFINITIONAL_REPRESENTATION('',(#5974),#5978);
#5974 = LINE('',#5975,#5976);
#5975 = CARTESIAN_POINT('',(3.2,1.6));
#5976 = VECTOR('',#5977,1.);
#5977 = DIRECTION('',(-1.,0.));
#5978 = ( GEOMETRIC_REPRESENTATION_CONTEXT(2) 
PARAMETRIC_REPRESENTATION_CONTEXT() REPRESENTATION_CONTEXT('2D SPACE',''
  ) );
#5979 = ORIENTED_EDGE('',*,*,#5694,.F.);
#5980 = ADVANCED_FACE('',(#5981),#4057,.F.);
#5981 = FACE_BOUND('',#5982,.F.);
#5982 = EDGE_LOOP('',(#5983,#5984,#5985,#6008,#6036,#6059,#6082,#6105,
    #6128,#6151,#6174));
#5983 = ORIENTED_EDGE('',*,*,#4043,.F.);
#5984 = ORIENTED_EDGE('',*,*,#5745,.T.);
#5985 = ORIENTED_EDGE('',*,*,#5986,.T.);
#5986 = EDGE_CURVE('',#5718,#5987,#5989,.T.);
#5987 = VERTEX_POINT('',#5988);
#5988 = CARTESIAN_POINT('',(-9.526279441626,-8.500000000005,13.));
#5989 = SURFACE_CURVE('',#5990,(#5994,#6001),.PCURVE_S1.);
#5990 = LINE('',#5991,#5992);
#5991 = CARTESIAN_POINT('',(-9.225317547305,-9.02128129211,13.));
#5992 = VECTOR('',#5993,1.);
#5993 = DIRECTION('',(-0.5,0.866025403784,0.));
#5994 = PCURVE('',#4057,#5995);
#5995 = DEFINITIONAL_REPRESENTATION('',(#5996),#6000);
#5996 = LINE('',#5997,#5998);
#5997 = CARTESIAN_POINT('',(0.,-7.));
#5998 = VECTOR('',#5999,1.);
#5999 = DIRECTION('',(1.,0.));
#6000 = ( GEOMETRIC_REPRESENTATION_CONTEXT(2) 
PARAMETRIC_REPRESENTATION_CONTEXT() REPRESENTATION_CONTEXT('2D SPACE',''
  ) );
#6001 = PCURVE('',#5733,#6002);
#6002 = DEFINITIONAL_REPRESENTATION('',(#6003),#6007);
#6003 = LINE('',#6004,#6005);
#6004 = CARTESIAN_POINT('',(-3.2,-1.6));
#6005 = VECTOR('',#6006,1.);
#6006 = DIRECTION('',(1.,0.));
#6007 = ( GEOMETRIC_REPRESENTATION_CONTEXT(2) 
PARAMETRIC_REPRESENTATION_CONTEXT() REPRESENTATION_CONTEXT('2D SPACE',''
  ) );
#6008 = ORIENTED_EDGE('',*,*,#6009,.F.);
#6009 = EDGE_CURVE('',#6010,#5987,#6012,.T.);
#6010 = VERTEX_POINT('',#6011);
#6011 = CARTESIAN_POINT('',(-9.309773090685,-8.874999999997,
    13.249999999994));
#6012 = SURFACE_CURVE('',#6013,(#6017,#6024),.PCURVE_S1.);
#6013 = LINE('',#6014,#6015);
#6014 = CARTESIAN_POINT('',(-9.309773090685,-8.874999999997,
    13.249999999994));
#6015 = VECTOR('',#6016,1.);
#6016 = DIRECTION('',(-0.433012701892,0.75,-0.499999999999));
#6017 = PCURVE('',#4057,#6018);
#6018 = DEFINITIONAL_REPRESENTATION('',(#6019),#6023);
#6019 = LINE('',#6020,#6021);
#6020 = CARTESIAN_POINT('',(0.168911086758,-6.750000000006));
#6021 = VECTOR('',#6022,1.);
#6022 = DIRECTION('',(0.866025403785,-0.499999999999));
#6023 = ( GEOMETRIC_REPRESENTATION_CONTEXT(2) 
PARAMETRIC_REPRESENTATION_CONTEXT() REPRESENTATION_CONTEXT('2D SPACE',''
  ) );
#6024 = PCURVE('',#6025,#6030);
#6025 = PLANE('',#6026);
#6026 = AXIS2_PLACEMENT_3D('',#6027,#6028,#6029);
#6027 = CARTESIAN_POINT('',(-10.8253175473,-6.25,15.));
#6028 = DIRECTION('',(-0.866025403784,-0.5,0.));
#6029 = DIRECTION('',(0.,0.,1.));
#6030 = DEFINITIONAL_REPRESENTATION('',(#6031),#6035);
#6031 = LINE('',#6032,#6033);
#6032 = CARTESIAN_POINT('',(-1.750000000006,-3.031088913241));
#6033 = VECTOR('',#6034,1.);
#6034 = DIRECTION('',(-0.499999999999,0.866025403785));
#6035 = ( GEOMETRIC_REPRESENTATION_CONTEXT(2) 
PARAMETRIC_REPRESENTATION_CONTEXT() REPRESENTATION_CONTEXT('2D SPACE',''
  ) );
#6036 = ORIENTED_EDGE('',*,*,#6037,.F.);
#6037 = EDGE_CURVE('',#6038,#6010,#6040,.T.);
#6038 = VERTEX_POINT('',#6039);
#6039 = CARTESIAN_POINT('',(-9.309773090681,-8.875000000003,
    16.749999999994));
#6040 = SURFACE_CURVE('',#6041,(#6045,#6052),.PCURVE_S1.);
#6041 = LINE('',#6042,#6043);
#6042 = CARTESIAN_POINT('',(-9.309773090681,-8.875000000003,
    16.749999999994));
#6043 = VECTOR('',#6044,1.);
#6044 = DIRECTION('',(-1.030475E-12,1.78483505593E-12,-1.));
#6045 = PCURVE('',#4057,#6046);
#6046 = DEFINITIONAL_REPRESENTATION('',(#6047),#6051);
#6047 = LINE('',#6048,#6049);
#6048 = CARTESIAN_POINT('',(0.168911086751,-3.250000000006));
#6049 = VECTOR('',#6050,1.);
#6050 = DIRECTION('',(2.06095E-12,-1.));
#6051 = ( GEOMETRIC_REPRESENTATION_CONTEXT(2) 
PARAMETRIC_REPRESENTATION_CONTEXT() REPRESENTATION_CONTEXT('2D SPACE',''
  ) );
#6052 = PCURVE('',#6025,#6053);
#6053 = DEFINITIONAL_REPRESENTATION('',(#6054),#6058);
#6054 = LINE('',#6055,#6056);
#6055 = CARTESIAN_POINT('',(1.749999999994,-3.031088913249));
#6056 = VECTOR('',#6057,1.);
#6057 = DIRECTION('',(-1.,2.06095E-12));
#6058 = ( GEOMETRIC_REPRESENTATION_CONTEXT(2) 
PARAMETRIC_REPRESENTATION_CONTEXT() REPRESENTATION_CONTEXT('2D SPACE',''
  ) );
#6059 = ORIENTED_EDGE('',*,*,#6060,.F.);
#6060 = EDGE_CURVE('',#6061,#6038,#6063,.T.);
#6061 = VERTEX_POINT('',#6062);
#6062 = CARTESIAN_POINT('',(-10.8253175473,-6.250000000006,18.5));
#6063 = SURFACE_CURVE('',#6064,(#6068,#6075),.PCURVE_S1.);
#6064 = LINE('',#6065,#6066);
#6065 = CARTESIAN_POINT('',(-10.8253175473,-6.250000000006,18.5));
#6066 = VECTOR('',#6067,1.);
#6067 = DIRECTION('',(0.433012701892,-0.749999999999,-0.500000000002));
#6068 = PCURVE('',#4057,#6069);
#6069 = DEFINITIONAL_REPRESENTATION('',(#6070),#6074);
#6070 = LINE('',#6071,#6072);
#6071 = CARTESIAN_POINT('',(3.199999999993,-1.5));
#6072 = VECTOR('',#6073,1.);
#6073 = DIRECTION('',(-0.866025403783,-0.500000000002));
#6074 = ( GEOMETRIC_REPRESENTATION_CONTEXT(2) 
PARAMETRIC_REPRESENTATION_CONTEXT() REPRESENTATION_CONTEXT('2D SPACE',''
  ) );
#6075 = PCURVE('',#6025,#6076);
#6076 = DEFINITIONAL_REPRESENTATION('',(#6077),#6081);
#6077 = LINE('',#6078,#6079);
#6078 = CARTESIAN_POINT('',(3.5,-6.50522E-12));
#6079 = VECTOR('',#6080,1.);
#6080 = DIRECTION('',(-0.500000000002,-0.866025403783));
#6081 = ( GEOMETRIC_REPRESENTATION_CONTEXT(2) 
PARAMETRIC_REPRESENTATION_CONTEXT() REPRESENTATION_CONTEXT('2D SPACE',''
  ) );
#6082 = ORIENTED_EDGE('',*,*,#6083,.F.);
#6083 = EDGE_CURVE('',#6084,#6061,#6086,.T.);
#6084 = VERTEX_POINT('',#6085);
#6085 = CARTESIAN_POINT('',(-12.34086200392,-3.625000000003,
    16.750000000006));
#6086 = SURFACE_CURVE('',#6087,(#6091,#6098),.PCURVE_S1.);
#6087 = LINE('',#6088,#6089);
#6088 = CARTESIAN_POINT('',(-12.34086200392,-3.625000000003,
    16.750000000006));
#6089 = VECTOR('',#6090,1.);
#6090 = DIRECTION('',(0.433012701893,-0.750000000001,0.499999999998));
#6091 = PCURVE('',#4057,#6092);
#6092 = DEFINITIONAL_REPRESENTATION('',(#6093),#6097);
#6093 = LINE('',#6094,#6095);
#6094 = CARTESIAN_POINT('',(6.231088913242,-3.249999999994));
#6095 = VECTOR('',#6096,1.);
#6096 = DIRECTION('',(-0.866025403785,0.499999999998));
#6097 = ( GEOMETRIC_REPRESENTATION_CONTEXT(2) 
PARAMETRIC_REPRESENTATION_CONTEXT() REPRESENTATION_CONTEXT('2D SPACE',''
  ) );
#6098 = PCURVE('',#6025,#6099);
#6099 = DEFINITIONAL_REPRESENTATION('',(#6100),#6104);
#6100 = LINE('',#6101,#6102);
#6101 = CARTESIAN_POINT('',(1.750000000006,3.031088913243));
#6102 = VECTOR('',#6103,1.);
#6103 = DIRECTION('',(0.499999999998,-0.866025403785));
#6104 = ( GEOMETRIC_REPRESENTATION_CONTEXT(2) 
PARAMETRIC_REPRESENTATION_CONTEXT() REPRESENTATION_CONTEXT('2D SPACE',''
  ) );
#6105 = ORIENTED_EDGE('',*,*,#6106,.F.);
#6106 = EDGE_CURVE('',#6107,#6084,#6109,.T.);
#6107 = VERTEX_POINT('',#6108);
#6108 = CARTESIAN_POINT('',(-12.34086200392,-3.625,13.25));
#6109 = SURFACE_CURVE('',#6110,(#6114,#6121),.PCURVE_S1.);
#6110 = LINE('',#6111,#6112);
#6111 = CARTESIAN_POINT('',(-12.34086200392,-3.625,13.25));
#6112 = VECTOR('',#6113,1.);
#6113 = DIRECTION('',(4.94715E-13,-8.568715152664E-13,1.));
#6114 = PCURVE('',#4057,#6115);
#6115 = DEFINITIONAL_REPRESENTATION('',(#6116),#6120);
#6116 = LINE('',#6117,#6118);
#6117 = CARTESIAN_POINT('',(6.231088913246,-6.75));
#6118 = VECTOR('',#6119,1.);
#6119 = DIRECTION('',(-9.8943E-13,1.));
#6120 = ( GEOMETRIC_REPRESENTATION_CONTEXT(2) 
PARAMETRIC_REPRESENTATION_CONTEXT() REPRESENTATION_CONTEXT('2D SPACE',''
  ) );
#6121 = PCURVE('',#6025,#6122);
#6122 = DEFINITIONAL_REPRESENTATION('',(#6123),#6127);
#6123 = LINE('',#6124,#6125);
#6124 = CARTESIAN_POINT('',(-1.75,3.031088913246));
#6125 = VECTOR('',#6126,1.);
#6126 = DIRECTION('',(1.,-9.8943E-13));
#6127 = ( GEOMETRIC_REPRESENTATION_CONTEXT(2) 
PARAMETRIC_REPRESENTATION_CONTEXT() REPRESENTATION_CONTEXT('2D SPACE',''
  ) );
#6128 = ORIENTED_EDGE('',*,*,#6129,.F.);
#6129 = EDGE_CURVE('',#6130,#6107,#6132,.T.);
#6130 = VERTEX_POINT('',#6131);
#6131 = CARTESIAN_POINT('',(-12.12435565298,-4.,13.));
#6132 = SURFACE_CURVE('',#6133,(#6137,#6144),.PCURVE_S1.);
#6133 = LINE('',#6134,#6135);
#6134 = CARTESIAN_POINT('',(-10.8253175473,-6.25,11.5));
#6135 = VECTOR('',#6136,1.);
#6136 = DIRECTION('',(-0.433012701892,0.75,0.5));
#6137 = PCURVE('',#4057,#6138);
#6138 = DEFINITIONAL_REPRESENTATION('',(#6139),#6143);
#6139 = LINE('',#6140,#6141);
#6140 = CARTESIAN_POINT('',(3.2,-8.5));
#6141 = VECTOR('',#6142,1.);
#6142 = DIRECTION('',(0.866025403784,0.5));
#6143 = ( GEOMETRIC_REPRESENTATION_CONTEXT(2) 
PARAMETRIC_REPRESENTATION_CONTEXT() REPRESENTATION_CONTEXT('2D SPACE',''
  ) );
#6144 = PCURVE('',#6025,#6145);
#6145 = DEFINITIONAL_REPRESENTATION('',(#6146),#6150);
#6146 = LINE('',#6147,#6148);
#6147 = CARTESIAN_POINT('',(-3.5,4.2078E-13));
#6148 = VECTOR('',#6149,1.);
#6149 = DIRECTION('',(0.5,0.866025403784));
#6150 = ( GEOMETRIC_REPRESENTATION_CONTEXT(2) 
PARAMETRIC_REPRESENTATION_CONTEXT() REPRESENTATION_CONTEXT('2D SPACE',''
  ) );
#6151 = ORIENTED_EDGE('',*,*,#6152,.T.);
#6152 = EDGE_CURVE('',#6130,#6153,#6155,.T.);
#6153 = VERTEX_POINT('',#6154);
#6154 = CARTESIAN_POINT('',(-12.4253175473,-3.47871870789,13.));
#6155 = SURFACE_CURVE('',#6156,(#6160,#6167),.PCURVE_S1.);
#6156 = LINE('',#6157,#6158);
#6157 = CARTESIAN_POINT('',(-9.225317547305,-9.02128129211,13.));
#6158 = VECTOR('',#6159,1.);
#6159 = DIRECTION('',(-0.5,0.866025403784,0.));
#6160 = PCURVE('',#4057,#6161);
#6161 = DEFINITIONAL_REPRESENTATION('',(#6162),#6166);
#6162 = LINE('',#6163,#6164);
#6163 = CARTESIAN_POINT('',(0.,-7.));
#6164 = VECTOR('',#6165,1.);
#6165 = DIRECTION('',(1.,0.));
#6166 = ( GEOMETRIC_REPRESENTATION_CONTEXT(2) 
PARAMETRIC_REPRESENTATION_CONTEXT() REPRESENTATION_CONTEXT('2D SPACE',''
  ) );
#6167 = PCURVE('',#5809,#6168);
#6168 = DEFINITIONAL_REPRESENTATION('',(#6169),#6173);
#6169 = LINE('',#6170,#6171);
#6170 = CARTESIAN_POINT('',(-3.2,-1.6));
#6171 = VECTOR('',#6172,1.);
#6172 = DIRECTION('',(1.,0.));
#6173 = ( GEOMETRIC_REPRESENTATION_CONTEXT(2) 
PARAMETRIC_REPRESENTATION_CONTEXT() REPRESENTATION_CONTEXT('2D SPACE',''
  ) );
#6174 = ORIENTED_EDGE('',*,*,#6175,.F.);
#6175 = EDGE_CURVE('',#4021,#6153,#6176,.T.);
#6176 = SURFACE_CURVE('',#6177,(#6181,#6188),.PCURVE_S1.);
#6177 = LINE('',#6178,#6179);
#6178 = CARTESIAN_POINT('',(-12.4253175473,-3.47871870789,20.));
#6179 = VECTOR('',#6180,1.);
#6180 = DIRECTION('',(0.,0.,-1.));
#6181 = PCURVE('',#4057,#6182);
#6182 = DEFINITIONAL_REPRESENTATION('',(#6183),#6187);
#6183 = LINE('',#6184,#6185);
#6184 = CARTESIAN_POINT('',(6.4,0.));
#6185 = VECTOR('',#6186,1.);
#6186 = DIRECTION('',(0.,-1.));
#6187 = ( GEOMETRIC_REPRESENTATION_CONTEXT(2) 
PARAMETRIC_REPRESENTATION_CONTEXT() REPRESENTATION_CONTEXT('2D SPACE',''
  ) );
#6188 = PCURVE('',#4089,#6189);
#6189 = DEFINITIONAL_REPRESENTATION('',(#6190),#6194);
#6190 = LINE('',#6191,#6192);
#6191 = CARTESIAN_POINT('',(0.,0.));
#6192 = VECTOR('',#6193,1.);
#6193 = DIRECTION('',(0.,-1.));
#6194 = ( GEOMETRIC_REPRESENTATION_CONTEXT(2) 
PARAMETRIC_REPRESENTATION_CONTEXT() REPRESENTATION_CONTEXT('2D SPACE',''
  ) );
#6195 = ADVANCED_FACE('',(#6196),#4089,.F.);
#6196 = FACE_BOUND('',#6197,.F.);
#6197 = EDGE_LOOP('',(#6198,#6199,#6200,#6221));
#6198 = ORIENTED_EDGE('',*,*,#4075,.F.);
#6199 = ORIENTED_EDGE('',*,*,#6175,.T.);
#6200 = ORIENTED_EDGE('',*,*,#6201,.T.);
#6201 = EDGE_CURVE('',#6153,#5771,#6202,.T.);
#6202 = SURFACE_CURVE('',#6203,(#6207,#6214),.PCURVE_S1.);
#6203 = LINE('',#6204,#6205);
#6204 = CARTESIAN_POINT('',(-12.4253175473,-3.47871870789,13.));
#6205 = VECTOR('',#6206,1.);
#6206 = DIRECTION('',(-0.866025403784,-0.5,0.));
#6207 = PCURVE('',#4089,#6208);
#6208 = DEFINITIONAL_REPRESENTATION('',(#6209),#6213);
#6209 = LINE('',#6210,#6211);
#6210 = CARTESIAN_POINT('',(0.,-7.));
#6211 = VECTOR('',#6212,1.);
#6212 = DIRECTION('',(1.,0.));
#6213 = ( GEOMETRIC_REPRESENTATION_CONTEXT(2) 
PARAMETRIC_REPRESENTATION_CONTEXT() REPRESENTATION_CONTEXT('2D SPACE',''
  ) );
#6214 = PCURVE('',#5809,#6215);
#6215 = DEFINITIONAL_REPRESENTATION('',(#6216),#6220);
#6216 = LINE('',#6217,#6218);
#6217 = CARTESIAN_POINT('',(3.2,-1.6));
#6218 = VECTOR('',#6219,1.);
#6219 = DIRECTION('',(0.,1.));
#6220 = ( GEOMETRIC_REPRESENTATION_CONTEXT(2) 
PARAMETRIC_REPRESENTATION_CONTEXT() REPRESENTATION_CONTEXT('2D SPACE',''
  ) );
#6221 = ORIENTED_EDGE('',*,*,#5770,.F.);
#6222 = ADVANCED_FACE('',(#6223),#4215,.F.);
#6223 = FACE_BOUND('',#6224,.F.);
#6224 = EDGE_LOOP('',(#6225,#6226,#6249,#6277));
#6225 = ORIENTED_EDGE('',*,*,#4201,.F.);
#6226 = ORIENTED_EDGE('',*,*,#6227,.T.);
#6227 = EDGE_CURVE('',#4155,#6228,#6230,.T.);
#6228 = VERTEX_POINT('',#6229);
#6229 = CARTESIAN_POINT('',(15.196598839416,-5.07871870789,13.));
#6230 = SURFACE_CURVE('',#6231,(#6235,#6242),.PCURVE_S1.);
#6231 = LINE('',#6232,#6233);
#6232 = CARTESIAN_POINT('',(15.196598839416,-5.07871870789,20.));
#6233 = VECTOR('',#6234,1.);
#6234 = DIRECTION('',(0.,0.,-1.));
#6235 = PCURVE('',#4215,#6236);
#6236 = DEFINITIONAL_REPRESENTATION('',(#6237),#6241);
#6237 = LINE('',#6238,#6239);
#6238 = CARTESIAN_POINT('',(0.,0.));
#6239 = VECTOR('',#6240,1.);
#6240 = DIRECTION('',(0.,-1.));
#6241 = ( GEOMETRIC_REPRESENTATION_CONTEXT(2) 
PARAMETRIC_REPRESENTATION_CONTEXT() REPRESENTATION_CONTEXT('2D SPACE',''
  ) );
#6242 = PCURVE('',#4269,#6243);
#6243 = DEFINITIONAL_REPRESENTATION('',(#6244),#6248);
#6244 = LINE('',#6245,#6246);
#6245 = CARTESIAN_POINT('',(6.4,0.));
#6246 = VECTOR('',#6247,1.);
#6247 = DIRECTION('',(0.,-1.));
#6248 = ( GEOMETRIC_REPRESENTATION_CONTEXT(2) 
PARAMETRIC_REPRESENTATION_CONTEXT() REPRESENTATION_CONTEXT('2D SPACE',''
  ) );
#6249 = ORIENTED_EDGE('',*,*,#6250,.T.);
#6250 = EDGE_CURVE('',#6228,#6251,#6253,.T.);
#6251 = VERTEX_POINT('',#6252);
#6252 = CARTESIAN_POINT('',(12.425317547305,-3.47871870789,13.));
#6253 = SURFACE_CURVE('',#6254,(#6258,#6265),.PCURVE_S1.);
#6254 = LINE('',#6255,#6256);
#6255 = CARTESIAN_POINT('',(15.196598839416,-5.07871870789,13.));
#6256 = VECTOR('',#6257,1.);
#6257 = DIRECTION('',(-0.866025403784,0.5,0.));
#6258 = PCURVE('',#4215,#6259);
#6259 = DEFINITIONAL_REPRESENTATION('',(#6260),#6264);
#6260 = LINE('',#6261,#6262);
#6261 = CARTESIAN_POINT('',(0.,-7.));
#6262 = VECTOR('',#6263,1.);
#6263 = DIRECTION('',(1.,0.));
#6264 = ( GEOMETRIC_REPRESENTATION_CONTEXT(2) 
PARAMETRIC_REPRESENTATION_CONTEXT() REPRESENTATION_CONTEXT('2D SPACE',''
  ) );
#6265 = PCURVE('',#6266,#6271);
#6266 = PLANE('',#6267);
#6267 = AXIS2_PLACEMENT_3D('',#6268,#6269,#6270);
#6268 = CARTESIAN_POINT('',(12.210958193361,-7.05,13.));
#6269 = DIRECTION('',(0.,0.,1.));
#6270 = DIRECTION('',(-0.5,-0.866025403784,0.));
#6271 = DEFINITIONAL_REPRESENTATION('',(#6272),#6276);
#6272 = LINE('',#6273,#6274);
#6273 = CARTESIAN_POINT('',(-3.2,1.6));
#6274 = VECTOR('',#6275,1.);
#6275 = DIRECTION('',(0.,-1.));
#6276 = ( GEOMETRIC_REPRESENTATION_CONTEXT(2) 
PARAMETRIC_REPRESENTATION_CONTEXT() REPRESENTATION_CONTEXT('2D SPACE',''
  ) );
#6277 = ORIENTED_EDGE('',*,*,#6278,.F.);
#6278 = EDGE_CURVE('',#4179,#6251,#6279,.T.);
#6279 = SURFACE_CURVE('',#6280,(#6284,#6291),.PCURVE_S1.);
#6280 = LINE('',#6281,#6282);
#6281 = CARTESIAN_POINT('',(12.425317547305,-3.47871870789,20.));
#6282 = VECTOR('',#6283,1.);
#6283 = DIRECTION('',(0.,0.,-1.));
#6284 = PCURVE('',#4215,#6285);
#6285 = DEFINITIONAL_REPRESENTATION('',(#6286),#6290);
#6286 = LINE('',#6287,#6288);
#6287 = CARTESIAN_POINT('',(3.2,0.));
#6288 = VECTOR('',#6289,1.);
#6289 = DIRECTION('',(0.,-1.));
#6290 = ( GEOMETRIC_REPRESENTATION_CONTEXT(2) 
PARAMETRIC_REPRESENTATION_CONTEXT() REPRESENTATION_CONTEXT('2D SPACE',''
  ) );
#6291 = PCURVE('',#4323,#6292);
#6292 = DEFINITIONAL_REPRESENTATION('',(#6293),#6297);
#6293 = LINE('',#6294,#6295);
#6294 = CARTESIAN_POINT('',(0.,0.));
#6295 = VECTOR('',#6296,1.);
#6296 = DIRECTION('',(0.,-1.));
#6297 = ( GEOMETRIC_REPRESENTATION_CONTEXT(2) 
PARAMETRIC_REPRESENTATION_CONTEXT() REPRESENTATION_CONTEXT('2D SPACE',''
  ) );
#6298 = ADVANCED_FACE('',(#6299),#4269,.F.);
#6299 = FACE_BOUND('',#6300,.F.);
#6300 = EDGE_LOOP('',(#6301,#6302,#6325,#6353,#6376,#6399,#6422,#6445,
    #6468,#6491,#6512));
#6301 = ORIENTED_EDGE('',*,*,#4255,.F.);
#6302 = ORIENTED_EDGE('',*,*,#6303,.T.);
#6303 = EDGE_CURVE('',#4231,#6304,#6306,.T.);
#6304 = VERTEX_POINT('',#6305);
#6305 = CARTESIAN_POINT('',(11.996598839416,-10.62128129211,13.));
#6306 = SURFACE_CURVE('',#6307,(#6311,#6318),.PCURVE_S1.);
#6307 = LINE('',#6308,#6309);
#6308 = CARTESIAN_POINT('',(11.996598839416,-10.62128129211,20.));
#6309 = VECTOR('',#6310,1.);
#6310 = DIRECTION('',(0.,0.,-1.));
#6311 = PCURVE('',#4269,#6312);
#6312 = DEFINITIONAL_REPRESENTATION('',(#6313),#6317);
#6313 = LINE('',#6314,#6315);
#6314 = CARTESIAN_POINT('',(0.,0.));
#6315 = VECTOR('',#6316,1.);
#6316 = DIRECTION('',(0.,-1.));
#6317 = ( GEOMETRIC_REPRESENTATION_CONTEXT(2) 
PARAMETRIC_REPRESENTATION_CONTEXT() REPRESENTATION_CONTEXT('2D SPACE',''
  ) );
#6318 = PCURVE('',#4355,#6319);
#6319 = DEFINITIONAL_REPRESENTATION('',(#6320),#6324);
#6320 = LINE('',#6321,#6322);
#6321 = CARTESIAN_POINT('',(3.2,0.));
#6322 = VECTOR('',#6323,1.);
#6323 = DIRECTION('',(0.,-1.));
#6324 = ( GEOMETRIC_REPRESENTATION_CONTEXT(2) 
PARAMETRIC_REPRESENTATION_CONTEXT() REPRESENTATION_CONTEXT('2D SPACE',''
  ) );
#6325 = ORIENTED_EDGE('',*,*,#6326,.T.);
#6326 = EDGE_CURVE('',#6304,#6327,#6329,.T.);
#6327 = VERTEX_POINT('',#6328);
#6328 = CARTESIAN_POINT('',(12.297560733739,-10.1,13.));
#6329 = SURFACE_CURVE('',#6330,(#6334,#6341),.PCURVE_S1.);
#6330 = LINE('',#6331,#6332);
#6331 = CARTESIAN_POINT('',(11.996598839416,-10.62128129211,13.));
#6332 = VECTOR('',#6333,1.);
#6333 = DIRECTION('',(0.5,0.866025403784,0.));
#6334 = PCURVE('',#4269,#6335);
#6335 = DEFINITIONAL_REPRESENTATION('',(#6336),#6340);
#6336 = LINE('',#6337,#6338);
#6337 = CARTESIAN_POINT('',(0.,-7.));
#6338 = VECTOR('',#6339,1.);
#6339 = DIRECTION('',(1.,0.));
#6340 = ( GEOMETRIC_REPRESENTATION_CONTEXT(2) 
PARAMETRIC_REPRESENTATION_CONTEXT() REPRESENTATION_CONTEXT('2D SPACE',''
  ) );
#6341 = PCURVE('',#6342,#6347);
#6342 = PLANE('',#6343);
#6343 = AXIS2_PLACEMENT_3D('',#6344,#6345,#6346);
#6344 = CARTESIAN_POINT('',(12.210958193361,-7.05,13.));
#6345 = DIRECTION('',(0.,0.,1.));
#6346 = DIRECTION('',(-0.5,-0.866025403784,0.));
#6347 = DEFINITIONAL_REPRESENTATION('',(#6348),#6352);
#6348 = LINE('',#6349,#6350);
#6349 = CARTESIAN_POINT('',(3.2,1.6));
#6350 = VECTOR('',#6351,1.);
#6351 = DIRECTION('',(-1.,0.));
#6352 = ( GEOMETRIC_REPRESENTATION_CONTEXT(2) 
PARAMETRIC_REPRESENTATION_CONTEXT() REPRESENTATION_CONTEXT('2D SPACE',''
  ) );
#6353 = ORIENTED_EDGE('',*,*,#6354,.T.);
#6354 = EDGE_CURVE('',#6327,#6355,#6357,.T.);
#6355 = VERTEX_POINT('',#6356);
#6356 = CARTESIAN_POINT('',(12.081054382793,-10.475,13.25));
#6357 = SURFACE_CURVE('',#6358,(#6362,#6369),.PCURVE_S1.);
#6358 = LINE('',#6359,#6360);
#6359 = CARTESIAN_POINT('',(12.076446847895,-10.48298048454,
    13.255320323028));
#6360 = VECTOR('',#6361,1.);
#6361 = DIRECTION('',(-0.433012701892,-0.75,0.5));
#6362 = PCURVE('',#4269,#6363);
#6363 = DEFINITIONAL_REPRESENTATION('',(#6364),#6368);
#6364 = LINE('',#6365,#6366);
#6365 = CARTESIAN_POINT('',(0.159696016958,-6.744679676972));
#6366 = VECTOR('',#6367,1.);
#6367 = DIRECTION('',(-0.866025403784,0.5));
#6368 = ( GEOMETRIC_REPRESENTATION_CONTEXT(2) 
PARAMETRIC_REPRESENTATION_CONTEXT() REPRESENTATION_CONTEXT('2D SPACE',''
  ) );
#6369 = PCURVE('',#4878,#6370);
#6370 = DEFINITIONAL_REPRESENTATION('',(#6371),#6375);
#6371 = LINE('',#6372,#6373);
#6372 = CARTESIAN_POINT('',(3.510640646055,-3.2));
#6373 = VECTOR('',#6374,1.);
#6374 = DIRECTION('',(1.,3.32044604925E-16));
#6375 = ( GEOMETRIC_REPRESENTATION_CONTEXT(2) 
PARAMETRIC_REPRESENTATION_CONTEXT() REPRESENTATION_CONTEXT('2D SPACE',''
  ) );
#6376 = ORIENTED_EDGE('',*,*,#6377,.T.);
#6377 = EDGE_CURVE('',#6355,#6378,#6380,.T.);
#6378 = VERTEX_POINT('',#6379);
#6379 = CARTESIAN_POINT('',(12.081054382795,-10.47499999999,
    16.750000000006));
#6380 = SURFACE_CURVE('',#6381,(#6385,#6392),.PCURVE_S1.);
#6381 = LINE('',#6382,#6383);
#6382 = CARTESIAN_POINT('',(12.081054382795,-10.47499999999,16.625));
#6383 = VECTOR('',#6384,1.);
#6384 = DIRECTION('',(4.9479E-13,8.5713E-13,1.));
#6385 = PCURVE('',#4269,#6386);
#6386 = DEFINITIONAL_REPRESENTATION('',(#6387),#6391);
#6387 = LINE('',#6388,#6389);
#6388 = CARTESIAN_POINT('',(0.168911086758,-3.375));
#6389 = VECTOR('',#6390,1.);
#6390 = DIRECTION('',(9.896913543458E-13,1.));
#6391 = ( GEOMETRIC_REPRESENTATION_CONTEXT(2) 
PARAMETRIC_REPRESENTATION_CONTEXT() REPRESENTATION_CONTEXT('2D SPACE',''
  ) );
#6392 = PCURVE('',#5016,#6393);
#6393 = DEFINITIONAL_REPRESENTATION('',(#6394),#6398);
#6394 = LINE('',#6395,#6396);
#6395 = CARTESIAN_POINT('',(3.375,-3.2));
#6396 = VECTOR('',#6397,1.);
#6397 = DIRECTION('',(1.,2.84290461498E-16));
#6398 = ( GEOMETRIC_REPRESENTATION_CONTEXT(2) 
PARAMETRIC_REPRESENTATION_CONTEXT() REPRESENTATION_CONTEXT('2D SPACE',''
  ) );
#6399 = ORIENTED_EDGE('',*,*,#6400,.T.);
#6400 = EDGE_CURVE('',#6378,#6401,#6403,.T.);
#6401 = VERTEX_POINT('',#6402);
#6402 = CARTESIAN_POINT('',(13.596598839419,-7.849999999994,18.5));
#6403 = SURFACE_CURVE('',#6404,(#6408,#6415),.PCURVE_S1.);
#6404 = LINE('',#6405,#6406);
#6405 = CARTESIAN_POINT('',(12.401206374313,-9.920480484542,
    17.119679676974));
#6406 = VECTOR('',#6407,1.);
#6407 = DIRECTION('',(0.433012701893,0.750000000001,0.499999999998));
#6408 = PCURVE('',#4269,#6409);
#6409 = DEFINITIONAL_REPRESENTATION('',(#6410),#6414);
#6410 = LINE('',#6411,#6412);
#6411 = CARTESIAN_POINT('',(0.809215069796,-2.880320323026));
#6412 = VECTOR('',#6413,1.);
#6413 = DIRECTION('',(0.866025403785,0.499999999998));
#6414 = ( GEOMETRIC_REPRESENTATION_CONTEXT(2) 
PARAMETRIC_REPRESENTATION_CONTEXT() REPRESENTATION_CONTEXT('2D SPACE',''
  ) );
#6415 = PCURVE('',#4990,#6416);
#6416 = DEFINITIONAL_REPRESENTATION('',(#6417),#6421);
#6417 = LINE('',#6418,#6419);
#6418 = CARTESIAN_POINT('',(0.739359353939,-3.2));
#6419 = VECTOR('',#6420,1.);
#6420 = DIRECTION('',(1.,5.448884876874E-17));
#6421 = ( GEOMETRIC_REPRESENTATION_CONTEXT(2) 
PARAMETRIC_REPRESENTATION_CONTEXT() REPRESENTATION_CONTEXT('2D SPACE',''
  ) );
#6422 = ORIENTED_EDGE('',*,*,#6423,.T.);
#6423 = EDGE_CURVE('',#6401,#6424,#6426,.T.);
#6424 = VERTEX_POINT('',#6425);
#6425 = CARTESIAN_POINT('',(15.11214329604,-5.224999999997,
    16.749999999994));
#6426 = SURFACE_CURVE('',#6427,(#6431,#6438),.PCURVE_S1.);
#6427 = LINE('',#6428,#6429);
#6428 = CARTESIAN_POINT('',(12.834219076209,-9.170480484536,
    19.380320323032));
#6429 = VECTOR('',#6430,1.);
#6430 = DIRECTION('',(0.433012701892,0.749999999999,-0.500000000002));
#6431 = PCURVE('',#4269,#6432);
#6432 = DEFINITIONAL_REPRESENTATION('',(#6433),#6437);
#6433 = LINE('',#6434,#6435);
#6434 = CARTESIAN_POINT('',(1.675240473587,-0.619679676968));
#6435 = VECTOR('',#6436,1.);
#6436 = DIRECTION('',(0.866025403783,-0.500000000002));
#6437 = ( GEOMETRIC_REPRESENTATION_CONTEXT(2) 
PARAMETRIC_REPRESENTATION_CONTEXT() REPRESENTATION_CONTEXT('2D SPACE',''
  ) );
#6438 = PCURVE('',#4962,#6439);
#6439 = DEFINITIONAL_REPRESENTATION('',(#6440),#6444);
#6440 = LINE('',#6441,#6442);
#6441 = CARTESIAN_POINT('',(-1.760640646058,-3.2));
#6442 = VECTOR('',#6443,1.);
#6443 = DIRECTION('',(1.,-2.765334536938E-16));
#6444 = ( GEOMETRIC_REPRESENTATION_CONTEXT(2) 
PARAMETRIC_REPRESENTATION_CONTEXT() REPRESENTATION_CONTEXT('2D SPACE',''
  ) );
#6445 = ORIENTED_EDGE('',*,*,#6446,.T.);
#6446 = EDGE_CURVE('',#6424,#6447,#6449,.T.);
#6447 = VERTEX_POINT('',#6448);
#6448 = CARTESIAN_POINT('',(15.112143296037,-5.225000000003,
    13.249999999994));
#6449 = SURFACE_CURVE('',#6450,(#6454,#6461),.PCURVE_S1.);
#6450 = LINE('',#6451,#6452);
#6451 = CARTESIAN_POINT('',(15.112143296042,-5.224999999994,
    18.37499999999));
#6452 = VECTOR('',#6453,1.);
#6453 = DIRECTION('',(-1.03055E-12,-1.7851E-12,-1.));
#6454 = PCURVE('',#4269,#6455);
#6455 = DEFINITIONAL_REPRESENTATION('',(#6456),#6460);
#6456 = LINE('',#6457,#6458);
#6457 = CARTESIAN_POINT('',(6.231088913252,-1.625000000009));
#6458 = VECTOR('',#6459,1.);
#6459 = DIRECTION('',(-2.061216948296E-12,-1.));
#6460 = ( GEOMETRIC_REPRESENTATION_CONTEXT(2) 
PARAMETRIC_REPRESENTATION_CONTEXT() REPRESENTATION_CONTEXT('2D SPACE',''
  ) );
#6461 = PCURVE('',#4934,#6462);
#6462 = DEFINITIONAL_REPRESENTATION('',(#6463),#6467);
#6463 = LINE('',#6464,#6465);
#6464 = CARTESIAN_POINT('',(-1.624999999997,-3.2));
#6465 = VECTOR('',#6466,1.);
#6466 = DIRECTION('',(1.,-2.875201299474E-16));
#6467 = ( GEOMETRIC_REPRESENTATION_CONTEXT(2) 
PARAMETRIC_REPRESENTATION_CONTEXT() REPRESENTATION_CONTEXT('2D SPACE',''
  ) );
#6468 = ORIENTED_EDGE('',*,*,#6469,.T.);
#6469 = EDGE_CURVE('',#6447,#6470,#6472,.T.);
#6470 = VERTEX_POINT('',#6471);
#6471 = CARTESIAN_POINT('',(14.895636945095,-5.599999999995,13.));
#6472 = SURFACE_CURVE('',#6473,(#6477,#6484),.PCURVE_S1.);
#6473 = LINE('',#6474,#6475);
#6474 = CARTESIAN_POINT('',(14.674523059245,-5.982980484546,
    12.744679676966));
#6475 = VECTOR('',#6476,1.);
#6476 = DIRECTION('',(-0.433012701892,-0.75,-0.499999999999));
#6477 = PCURVE('',#4269,#6478);
#6478 = DEFINITIONAL_REPRESENTATION('',(#6479),#6483);
#6479 = LINE('',#6480,#6481);
#6480 = CARTESIAN_POINT('',(5.355848439659,-7.255320323034));
#6481 = VECTOR('',#6482,1.);
#6482 = DIRECTION('',(-0.866025403785,-0.499999999999));
#6483 = ( GEOMETRIC_REPRESENTATION_CONTEXT(2) 
PARAMETRIC_REPRESENTATION_CONTEXT() REPRESENTATION_CONTEXT('2D SPACE',''
  ) );
#6484 = PCURVE('',#4906,#6485);
#6485 = DEFINITIONAL_REPRESENTATION('',(#6486),#6490);
#6486 = LINE('',#6487,#6488);
#6487 = CARTESIAN_POINT('',(1.010640646057,-3.2));
#6488 = VECTOR('',#6489,1.);
#6489 = DIRECTION('',(1.,-5.448884876874E-17));
#6490 = ( GEOMETRIC_REPRESENTATION_CONTEXT(2) 
PARAMETRIC_REPRESENTATION_CONTEXT() REPRESENTATION_CONTEXT('2D SPACE',''
  ) );
#6491 = ORIENTED_EDGE('',*,*,#6492,.T.);
#6492 = EDGE_CURVE('',#6470,#6228,#6493,.T.);
#6493 = SURFACE_CURVE('',#6494,(#6498,#6505),.PCURVE_S1.);
#6494 = LINE('',#6495,#6496);
#6495 = CARTESIAN_POINT('',(11.996598839416,-10.62128129211,13.));
#6496 = VECTOR('',#6497,1.);
#6497 = DIRECTION('',(0.5,0.866025403784,0.));
#6498 = PCURVE('',#4269,#6499);
#6499 = DEFINITIONAL_REPRESENTATION('',(#6500),#6504);
#6500 = LINE('',#6501,#6502);
#6501 = CARTESIAN_POINT('',(0.,-7.));
#6502 = VECTOR('',#6503,1.);
#6503 = DIRECTION('',(1.,0.));
#6504 = ( GEOMETRIC_REPRESENTATION_CONTEXT(2) 
PARAMETRIC_REPRESENTATION_CONTEXT() REPRESENTATION_CONTEXT('2D SPACE',''
  ) );
#6505 = PCURVE('',#6266,#6506);
#6506 = DEFINITIONAL_REPRESENTATION('',(#6507),#6511);
#6507 = LINE('',#6508,#6509);
#6508 = CARTESIAN_POINT('',(3.2,1.6));
#6509 = VECTOR('',#6510,1.);
#6510 = DIRECTION('',(-1.,0.));
#6511 = ( GEOMETRIC_REPRESENTATION_CONTEXT(2) 
PARAMETRIC_REPRESENTATION_CONTEXT() REPRESENTATION_CONTEXT('2D SPACE',''
  ) );
#6512 = ORIENTED_EDGE('',*,*,#6227,.F.);
#6513 = ADVANCED_FACE('',(#6514),#4323,.F.);
#6514 = FACE_BOUND('',#6515,.F.);
#6515 = EDGE_LOOP('',(#6516,#6517,#6518,#6541,#6569,#6592,#6615,#6638,
    #6661,#6684,#6707));
#6516 = ORIENTED_EDGE('',*,*,#4309,.F.);
#6517 = ORIENTED_EDGE('',*,*,#6278,.T.);
#6518 = ORIENTED_EDGE('',*,*,#6519,.T.);
#6519 = EDGE_CURVE('',#6251,#6520,#6522,.T.);
#6520 = VERTEX_POINT('',#6521);
#6521 = CARTESIAN_POINT('',(12.124355652985,-3.999999999995,13.));
#6522 = SURFACE_CURVE('',#6523,(#6527,#6534),.PCURVE_S1.);
#6523 = LINE('',#6524,#6525);
#6524 = CARTESIAN_POINT('',(12.425317547305,-3.47871870789,13.));
#6525 = VECTOR('',#6526,1.);
#6526 = DIRECTION('',(-0.5,-0.866025403784,0.));
#6527 = PCURVE('',#4323,#6528);
#6528 = DEFINITIONAL_REPRESENTATION('',(#6529),#6533);
#6529 = LINE('',#6530,#6531);
#6530 = CARTESIAN_POINT('',(0.,-7.));
#6531 = VECTOR('',#6532,1.);
#6532 = DIRECTION('',(1.,0.));
#6533 = ( GEOMETRIC_REPRESENTATION_CONTEXT(2) 
PARAMETRIC_REPRESENTATION_CONTEXT() REPRESENTATION_CONTEXT('2D SPACE',''
  ) );
#6534 = PCURVE('',#6266,#6535);
#6535 = DEFINITIONAL_REPRESENTATION('',(#6536),#6540);
#6536 = LINE('',#6537,#6538);
#6537 = CARTESIAN_POINT('',(-3.2,-1.6));
#6538 = VECTOR('',#6539,1.);
#6539 = DIRECTION('',(1.,0.));
#6540 = ( GEOMETRIC_REPRESENTATION_CONTEXT(2) 
PARAMETRIC_REPRESENTATION_CONTEXT() REPRESENTATION_CONTEXT('2D SPACE',''
  ) );
#6541 = ORIENTED_EDGE('',*,*,#6542,.F.);
#6542 = EDGE_CURVE('',#6543,#6520,#6545,.T.);
#6543 = VERTEX_POINT('',#6544);
#6544 = CARTESIAN_POINT('',(12.340862003926,-3.625000000003,
    13.249999999994));
#6545 = SURFACE_CURVE('',#6546,(#6550,#6557),.PCURVE_S1.);
#6546 = LINE('',#6547,#6548);
#6547 = CARTESIAN_POINT('',(12.340862003926,-3.625000000003,
    13.249999999994));
#6548 = VECTOR('',#6549,1.);
#6549 = DIRECTION('',(-0.433012701892,-0.75,-0.499999999999));
#6550 = PCURVE('',#4323,#6551);
#6551 = DEFINITIONAL_REPRESENTATION('',(#6552),#6556);
#6552 = LINE('',#6553,#6554);
#6553 = CARTESIAN_POINT('',(0.168911086758,-6.750000000006));
#6554 = VECTOR('',#6555,1.);
#6555 = DIRECTION('',(0.866025403785,-0.499999999999));
#6556 = ( GEOMETRIC_REPRESENTATION_CONTEXT(2) 
PARAMETRIC_REPRESENTATION_CONTEXT() REPRESENTATION_CONTEXT('2D SPACE',''
  ) );
#6557 = PCURVE('',#6558,#6563);
#6558 = PLANE('',#6559);
#6559 = AXIS2_PLACEMENT_3D('',#6560,#6561,#6562);
#6560 = CARTESIAN_POINT('',(10.825317547306,-6.25,15.));
#6561 = DIRECTION('',(0.866025403784,-0.5,0.));
#6562 = DIRECTION('',(0.,0.,1.));
#6563 = DEFINITIONAL_REPRESENTATION('',(#6564),#6568);
#6564 = LINE('',#6565,#6566);
#6565 = CARTESIAN_POINT('',(-1.750000000006,-3.031088913241));
#6566 = VECTOR('',#6567,1.);
#6567 = DIRECTION('',(-0.499999999999,0.866025403785));
#6568 = ( GEOMETRIC_REPRESENTATION_CONTEXT(2) 
PARAMETRIC_REPRESENTATION_CONTEXT() REPRESENTATION_CONTEXT('2D SPACE',''
  ) );
#6569 = ORIENTED_EDGE('',*,*,#6570,.F.);
#6570 = EDGE_CURVE('',#6571,#6543,#6573,.T.);
#6571 = VERTEX_POINT('',#6572);
#6572 = CARTESIAN_POINT('',(12.34086200393,-3.624999999997,
    16.749999999994));
#6573 = SURFACE_CURVE('',#6574,(#6578,#6585),.PCURVE_S1.);
#6574 = LINE('',#6575,#6576);
#6575 = CARTESIAN_POINT('',(12.34086200393,-3.624999999997,
    16.749999999994));
#6576 = VECTOR('',#6577,1.);
#6577 = DIRECTION('',(-1.030475E-12,-1.78483505593E-12,-1.));
#6578 = PCURVE('',#4323,#6579);
#6579 = DEFINITIONAL_REPRESENTATION('',(#6580),#6584);
#6580 = LINE('',#6581,#6582);
#6581 = CARTESIAN_POINT('',(0.168911086751,-3.250000000006));
#6582 = VECTOR('',#6583,1.);
#6583 = DIRECTION('',(2.06095E-12,-1.));
#6584 = ( GEOMETRIC_REPRESENTATION_CONTEXT(2) 
PARAMETRIC_REPRESENTATION_CONTEXT() REPRESENTATION_CONTEXT('2D SPACE',''
  ) );
#6585 = PCURVE('',#6558,#6586);
#6586 = DEFINITIONAL_REPRESENTATION('',(#6587),#6591);
#6587 = LINE('',#6588,#6589);
#6588 = CARTESIAN_POINT('',(1.749999999994,-3.031088913249));
#6589 = VECTOR('',#6590,1.);
#6590 = DIRECTION('',(-1.,2.06095E-12));
#6591 = ( GEOMETRIC_REPRESENTATION_CONTEXT(2) 
PARAMETRIC_REPRESENTATION_CONTEXT() REPRESENTATION_CONTEXT('2D SPACE',''
  ) );
#6592 = ORIENTED_EDGE('',*,*,#6593,.F.);
#6593 = EDGE_CURVE('',#6594,#6571,#6596,.T.);
#6594 = VERTEX_POINT('',#6595);
#6595 = CARTESIAN_POINT('',(10.825317547309,-6.249999999994,18.5));
#6596 = SURFACE_CURVE('',#6597,(#6601,#6608),.PCURVE_S1.);
#6597 = LINE('',#6598,#6599);
#6598 = CARTESIAN_POINT('',(10.825317547309,-6.249999999994,18.5));
#6599 = VECTOR('',#6600,1.);
#6600 = DIRECTION('',(0.433012701892,0.749999999999,-0.500000000002));
#6601 = PCURVE('',#4323,#6602);
#6602 = DEFINITIONAL_REPRESENTATION('',(#6603),#6607);
#6603 = LINE('',#6604,#6605);
#6604 = CARTESIAN_POINT('',(3.199999999993,-1.5));
#6605 = VECTOR('',#6606,1.);
#6606 = DIRECTION('',(-0.866025403783,-0.500000000002));
#6607 = ( GEOMETRIC_REPRESENTATION_CONTEXT(2) 
PARAMETRIC_REPRESENTATION_CONTEXT() REPRESENTATION_CONTEXT('2D SPACE',''
  ) );
#6608 = PCURVE('',#6558,#6609);
#6609 = DEFINITIONAL_REPRESENTATION('',(#6610),#6614);
#6610 = LINE('',#6611,#6612);
#6611 = CARTESIAN_POINT('',(3.5,-6.50521E-12));
#6612 = VECTOR('',#6613,1.);
#6613 = DIRECTION('',(-0.500000000002,-0.866025403783));
#6614 = ( GEOMETRIC_REPRESENTATION_CONTEXT(2) 
PARAMETRIC_REPRESENTATION_CONTEXT() REPRESENTATION_CONTEXT('2D SPACE',''
  ) );
#6615 = ORIENTED_EDGE('',*,*,#6616,.F.);
#6616 = EDGE_CURVE('',#6617,#6594,#6619,.T.);
#6617 = VERTEX_POINT('',#6618);
#6618 = CARTESIAN_POINT('',(9.309773090684,-8.874999999997,
    16.750000000006));
#6619 = SURFACE_CURVE('',#6620,(#6624,#6631),.PCURVE_S1.);
#6620 = LINE('',#6621,#6622);
#6621 = CARTESIAN_POINT('',(9.309773090684,-8.874999999997,
    16.750000000006));
#6622 = VECTOR('',#6623,1.);
#6623 = DIRECTION('',(0.433012701893,0.750000000001,0.499999999998));
#6624 = PCURVE('',#4323,#6625);
#6625 = DEFINITIONAL_REPRESENTATION('',(#6626),#6630);
#6626 = LINE('',#6627,#6628);
#6627 = CARTESIAN_POINT('',(6.231088913242,-3.249999999994));
#6628 = VECTOR('',#6629,1.);
#6629 = DIRECTION('',(-0.866025403785,0.499999999998));
#6630 = ( GEOMETRIC_REPRESENTATION_CONTEXT(2) 
PARAMETRIC_REPRESENTATION_CONTEXT() REPRESENTATION_CONTEXT('2D SPACE',''
  ) );
#6631 = PCURVE('',#6558,#6632);
#6632 = DEFINITIONAL_REPRESENTATION('',(#6633),#6637);
#6633 = LINE('',#6634,#6635);
#6634 = CARTESIAN_POINT('',(1.750000000006,3.031088913243));
#6635 = VECTOR('',#6636,1.);
#6636 = DIRECTION('',(0.499999999998,-0.866025403785));
#6637 = ( GEOMETRIC_REPRESENTATION_CONTEXT(2) 
PARAMETRIC_REPRESENTATION_CONTEXT() REPRESENTATION_CONTEXT('2D SPACE',''
  ) );
#6638 = ORIENTED_EDGE('',*,*,#6639,.F.);
#6639 = EDGE_CURVE('',#6640,#6617,#6642,.T.);
#6640 = VERTEX_POINT('',#6641);
#6641 = CARTESIAN_POINT('',(9.309773090683,-8.875,13.25));
#6642 = SURFACE_CURVE('',#6643,(#6647,#6654),.PCURVE_S1.);
#6643 = LINE('',#6644,#6645);
#6644 = CARTESIAN_POINT('',(9.309773090683,-8.875,13.25));
#6645 = VECTOR('',#6646,1.);
#6646 = DIRECTION('',(4.94715E-13,8.568715152664E-13,1.));
#6647 = PCURVE('',#4323,#6648);
#6648 = DEFINITIONAL_REPRESENTATION('',(#6649),#6653);
#6649 = LINE('',#6650,#6651);
#6650 = CARTESIAN_POINT('',(6.231088913246,-6.75));
#6651 = VECTOR('',#6652,1.);
#6652 = DIRECTION('',(-9.8943E-13,1.));
#6653 = ( GEOMETRIC_REPRESENTATION_CONTEXT(2) 
PARAMETRIC_REPRESENTATION_CONTEXT() REPRESENTATION_CONTEXT('2D SPACE',''
  ) );
#6654 = PCURVE('',#6558,#6655);
#6655 = DEFINITIONAL_REPRESENTATION('',(#6656),#6660);
#6656 = LINE('',#6657,#6658);
#6657 = CARTESIAN_POINT('',(-1.75,3.031088913246));
#6658 = VECTOR('',#6659,1.);
#6659 = DIRECTION('',(1.,-9.8943E-13));
#6660 = ( GEOMETRIC_REPRESENTATION_CONTEXT(2) 
PARAMETRIC_REPRESENTATION_CONTEXT() REPRESENTATION_CONTEXT('2D SPACE',''
  ) );
#6661 = ORIENTED_EDGE('',*,*,#6662,.F.);
#6662 = EDGE_CURVE('',#6663,#6640,#6665,.T.);
#6663 = VERTEX_POINT('',#6664);
#6664 = CARTESIAN_POINT('',(9.526279441629,-8.5,13.));
#6665 = SURFACE_CURVE('',#6666,(#6670,#6677),.PCURVE_S1.);
#6666 = LINE('',#6667,#6668);
#6667 = CARTESIAN_POINT('',(10.825317547305,-6.25,11.5));
#6668 = VECTOR('',#6669,1.);
#6669 = DIRECTION('',(-0.433012701892,-0.75,0.5));
#6670 = PCURVE('',#4323,#6671);
#6671 = DEFINITIONAL_REPRESENTATION('',(#6672),#6676);
#6672 = LINE('',#6673,#6674);
#6673 = CARTESIAN_POINT('',(3.2,-8.5));
#6674 = VECTOR('',#6675,1.);
#6675 = DIRECTION('',(0.866025403784,0.5));
#6676 = ( GEOMETRIC_REPRESENTATION_CONTEXT(2) 
PARAMETRIC_REPRESENTATION_CONTEXT() REPRESENTATION_CONTEXT('2D SPACE',''
  ) );
#6677 = PCURVE('',#6558,#6678);
#6678 = DEFINITIONAL_REPRESENTATION('',(#6679),#6683);
#6679 = LINE('',#6680,#6681);
#6680 = CARTESIAN_POINT('',(-3.5,4.2079E-13));
#6681 = VECTOR('',#6682,1.);
#6682 = DIRECTION('',(0.5,0.866025403784));
#6683 = ( GEOMETRIC_REPRESENTATION_CONTEXT(2) 
PARAMETRIC_REPRESENTATION_CONTEXT() REPRESENTATION_CONTEXT('2D SPACE',''
  ) );
#6684 = ORIENTED_EDGE('',*,*,#6685,.T.);
#6685 = EDGE_CURVE('',#6663,#6686,#6688,.T.);
#6686 = VERTEX_POINT('',#6687);
#6687 = CARTESIAN_POINT('',(9.225317547305,-9.02128129211,13.));
#6688 = SURFACE_CURVE('',#6689,(#6693,#6700),.PCURVE_S1.);
#6689 = LINE('',#6690,#6691);
#6690 = CARTESIAN_POINT('',(12.425317547305,-3.47871870789,13.));
#6691 = VECTOR('',#6692,1.);
#6692 = DIRECTION('',(-0.5,-0.866025403784,0.));
#6693 = PCURVE('',#4323,#6694);
#6694 = DEFINITIONAL_REPRESENTATION('',(#6695),#6699);
#6695 = LINE('',#6696,#6697);
#6696 = CARTESIAN_POINT('',(0.,-7.));
#6697 = VECTOR('',#6698,1.);
#6698 = DIRECTION('',(1.,0.));
#6699 = ( GEOMETRIC_REPRESENTATION_CONTEXT(2) 
PARAMETRIC_REPRESENTATION_CONTEXT() REPRESENTATION_CONTEXT('2D SPACE',''
  ) );
#6700 = PCURVE('',#6342,#6701);
#6701 = DEFINITIONAL_REPRESENTATION('',(#6702),#6706);
#6702 = LINE('',#6703,#6704);
#6703 = CARTESIAN_POINT('',(-3.2,-1.6));
#6704 = VECTOR('',#6705,1.);
#6705 = DIRECTION('',(1.,0.));
#6706 = ( GEOMETRIC_REPRESENTATION_CONTEXT(2) 
PARAMETRIC_REPRESENTATION_CONTEXT() REPRESENTATION_CONTEXT('2D SPACE',''
  ) );
#6707 = ORIENTED_EDGE('',*,*,#6708,.F.);
#6708 = EDGE_CURVE('',#4287,#6686,#6709,.T.);
#6709 = SURFACE_CURVE('',#6710,(#6714,#6721),.PCURVE_S1.);
#6710 = LINE('',#6711,#6712);
#6711 = CARTESIAN_POINT('',(9.225317547305,-9.02128129211,20.));
#6712 = VECTOR('',#6713,1.);
#6713 = DIRECTION('',(0.,0.,-1.));
#6714 = PCURVE('',#4323,#6715);
#6715 = DEFINITIONAL_REPRESENTATION('',(#6716),#6720);
#6716 = LINE('',#6717,#6718);
#6717 = CARTESIAN_POINT('',(6.4,0.));
#6718 = VECTOR('',#6719,1.);
#6719 = DIRECTION('',(0.,-1.));
#6720 = ( GEOMETRIC_REPRESENTATION_CONTEXT(2) 
PARAMETRIC_REPRESENTATION_CONTEXT() REPRESENTATION_CONTEXT('2D SPACE',''
  ) );
#6721 = PCURVE('',#4355,#6722);
#6722 = DEFINITIONAL_REPRESENTATION('',(#6723),#6727);
#6723 = LINE('',#6724,#6725);
#6724 = CARTESIAN_POINT('',(0.,0.));
#6725 = VECTOR('',#6726,1.);
#6726 = DIRECTION('',(0.,-1.));
#6727 = ( GEOMETRIC_REPRESENTATION_CONTEXT(2) 
PARAMETRIC_REPRESENTATION_CONTEXT() REPRESENTATION_CONTEXT('2D SPACE',''
  ) );
#6728 = ADVANCED_FACE('',(#6729),#4355,.F.);
#6729 = FACE_BOUND('',#6730,.F.);
#6730 = EDGE_LOOP('',(#6731,#6732,#6733,#6754));
#6731 = ORIENTED_EDGE('',*,*,#4341,.F.);
#6732 = ORIENTED_EDGE('',*,*,#6708,.T.);
#6733 = ORIENTED_EDGE('',*,*,#6734,.T.);
#6734 = EDGE_CURVE('',#6686,#6304,#6735,.T.);
#6735 = SURFACE_CURVE('',#6736,(#6740,#6747),.PCURVE_S1.);
#6736 = LINE('',#6737,#6738);
#6737 = CARTESIAN_POINT('',(9.225317547305,-9.02128129211,13.));
#6738 = VECTOR('',#6739,1.);
#6739 = DIRECTION('',(0.866025403784,-0.5,0.));
#6740 = PCURVE('',#4355,#6741);
#6741 = DEFINITIONAL_REPRESENTATION('',(#6742),#6746);
#6742 = LINE('',#6743,#6744);
#6743 = CARTESIAN_POINT('',(0.,-7.));
#6744 = VECTOR('',#6745,1.);
#6745 = DIRECTION('',(1.,0.));
#6746 = ( GEOMETRIC_REPRESENTATION_CONTEXT(2) 
PARAMETRIC_REPRESENTATION_CONTEXT() REPRESENTATION_CONTEXT('2D SPACE',''
  ) );
#6747 = PCURVE('',#6342,#6748);
#6748 = DEFINITIONAL_REPRESENTATION('',(#6749),#6753);
#6749 = LINE('',#6750,#6751);
#6750 = CARTESIAN_POINT('',(3.2,-1.6));
#6751 = VECTOR('',#6752,1.);
#6752 = DIRECTION('',(0.,1.));
#6753 = ( GEOMETRIC_REPRESENTATION_CONTEXT(2) 
PARAMETRIC_REPRESENTATION_CONTEXT() REPRESENTATION_CONTEXT('2D SPACE',''
  ) );
#6754 = ORIENTED_EDGE('',*,*,#6303,.F.);
#6755 = ADVANCED_FACE('',(#6756),#4531,.F.);
#6756 = FACE_BOUND('',#6757,.F.);
#6757 = EDGE_LOOP('',(#6758,#6781,#6782,#6805,#6826,#6854,#6877,#6900,
    #6923,#6946,#6967));
#6758 = ORIENTED_EDGE('',*,*,#6759,.F.);
#6759 = EDGE_CURVE('',#4495,#6760,#6762,.T.);
#6760 = VERTEX_POINT('',#6761);
#6761 = CARTESIAN_POINT('',(3.2,12.5,13.));
#6762 = SURFACE_CURVE('',#6763,(#6767,#6774),.PCURVE_S1.);
#6763 = LINE('',#6764,#6765);
#6764 = CARTESIAN_POINT('',(3.2,12.5,20.));
#6765 = VECTOR('',#6766,1.);
#6766 = DIRECTION('',(-0.,-0.,-1.));
#6767 = PCURVE('',#4531,#6768);
#6768 = DEFINITIONAL_REPRESENTATION('',(#6769),#6773);
#6769 = LINE('',#6770,#6771);
#6770 = CARTESIAN_POINT('',(6.4,0.));
#6771 = VECTOR('',#6772,1.);
#6772 = DIRECTION('',(0.,-1.));
#6773 = ( GEOMETRIC_REPRESENTATION_CONTEXT(2) 
PARAMETRIC_REPRESENTATION_CONTEXT() REPRESENTATION_CONTEXT('2D SPACE',''
  ) );
#6774 = PCURVE('',#4639,#6775);
#6775 = DEFINITIONAL_REPRESENTATION('',(#6776),#6780);
#6776 = LINE('',#6777,#6778);
#6777 = CARTESIAN_POINT('',(0.,0.));
#6778 = VECTOR('',#6779,1.);
#6779 = DIRECTION('',(0.,-1.));
#6780 = ( GEOMETRIC_REPRESENTATION_CONTEXT(2) 
PARAMETRIC_REPRESENTATION_CONTEXT() REPRESENTATION_CONTEXT('2D SPACE',''
  ) );
#6781 = ORIENTED_EDGE('',*,*,#4517,.F.);
#6782 = ORIENTED_EDGE('',*,*,#6783,.T.);
#6783 = EDGE_CURVE('',#4471,#6784,#6786,.T.);
#6784 = VERTEX_POINT('',#6785);
#6785 = CARTESIAN_POINT('',(-3.2,12.5,13.));
#6786 = SURFACE_CURVE('',#6787,(#6791,#6798),.PCURVE_S1.);
#6787 = LINE('',#6788,#6789);
#6788 = CARTESIAN_POINT('',(-3.2,12.5,20.));
#6789 = VECTOR('',#6790,1.);
#6790 = DIRECTION('',(-0.,-0.,-1.));
#6791 = PCURVE('',#4531,#6792);
#6792 = DEFINITIONAL_REPRESENTATION('',(#6793),#6797);
#6793 = LINE('',#6794,#6795);
#6794 = CARTESIAN_POINT('',(0.,0.));
#6795 = VECTOR('',#6796,1.);
#6796 = DIRECTION('',(0.,-1.));
#6797 = ( GEOMETRIC_REPRESENTATION_CONTEXT(2) 
PARAMETRIC_REPRESENTATION_CONTEXT() REPRESENTATION_CONTEXT('2D SPACE',''
  ) );
#6798 = PCURVE('',#4585,#6799);
#6799 = DEFINITIONAL_REPRESENTATION('',(#6800),#6804);
#6800 = LINE('',#6801,#6802);
#6801 = CARTESIAN_POINT('',(3.2,0.));
#6802 = VECTOR('',#6803,1.);
#6803 = DIRECTION('',(0.,-1.));
#6804 = ( GEOMETRIC_REPRESENTATION_CONTEXT(2) 
PARAMETRIC_REPRESENTATION_CONTEXT() REPRESENTATION_CONTEXT('2D SPACE',''
  ) );
#6805 = ORIENTED_EDGE('',*,*,#6806,.T.);
#6806 = EDGE_CURVE('',#6784,#5210,#6807,.T.);
#6807 = SURFACE_CURVE('',#6808,(#6812,#6819),.PCURVE_S1.);
#6808 = LINE('',#6809,#6810);
#6809 = CARTESIAN_POINT('',(-3.2,12.5,13.));
#6810 = VECTOR('',#6811,1.);
#6811 = DIRECTION('',(1.,0.,0.));
#6812 = PCURVE('',#4531,#6813);
#6813 = DEFINITIONAL_REPRESENTATION('',(#6814),#6818);
#6814 = LINE('',#6815,#6816);
#6815 = CARTESIAN_POINT('',(0.,-7.));
#6816 = VECTOR('',#6817,1.);
#6817 = DIRECTION('',(1.,0.));
#6818 = ( GEOMETRIC_REPRESENTATION_CONTEXT(2) 
PARAMETRIC_REPRESENTATION_CONTEXT() REPRESENTATION_CONTEXT('2D SPACE',''
  ) );
#6819 = PCURVE('',#5246,#6820);
#6820 = DEFINITIONAL_REPRESENTATION('',(#6821),#6825);
#6821 = LINE('',#6822,#6823);
#6822 = CARTESIAN_POINT('',(-3.2,-1.6));
#6823 = VECTOR('',#6824,1.);
#6824 = DIRECTION('',(1.,0.));
#6825 = ( GEOMETRIC_REPRESENTATION_CONTEXT(2) 
PARAMETRIC_REPRESENTATION_CONTEXT() REPRESENTATION_CONTEXT('2D SPACE',''
  ) );
#6826 = ORIENTED_EDGE('',*,*,#6827,.F.);
#6827 = EDGE_CURVE('',#6828,#5210,#6830,.T.);
#6828 = VERTEX_POINT('',#6829);
#6829 = CARTESIAN_POINT('',(-3.031088913242,12.5,13.249999999994));
#6830 = SURFACE_CURVE('',#6831,(#6835,#6842),.PCURVE_S1.);
#6831 = LINE('',#6832,#6833);
#6832 = CARTESIAN_POINT('',(-3.031088913242,12.5,13.249999999994));
#6833 = VECTOR('',#6834,1.);
#6834 = DIRECTION('',(0.866025403785,0.,-0.499999999999));
#6835 = PCURVE('',#4531,#6836);
#6836 = DEFINITIONAL_REPRESENTATION('',(#6837),#6841);
#6837 = LINE('',#6838,#6839);
#6838 = CARTESIAN_POINT('',(0.168911086758,-6.750000000006));
#6839 = VECTOR('',#6840,1.);
#6840 = DIRECTION('',(0.866025403785,-0.499999999999));
#6841 = ( GEOMETRIC_REPRESENTATION_CONTEXT(2) 
PARAMETRIC_REPRESENTATION_CONTEXT() REPRESENTATION_CONTEXT('2D SPACE',''
  ) );
#6842 = PCURVE('',#6843,#6848);
#6843 = PLANE('',#6844);
#6844 = AXIS2_PLACEMENT_3D('',#6845,#6846,#6847);
#6845 = CARTESIAN_POINT('',(-4.2079E-13,12.5,15.));
#6846 = DIRECTION('',(0.,1.,0.));
#6847 = DIRECTION('',(0.,0.,1.));
#6848 = DEFINITIONAL_REPRESENTATION('',(#6849),#6853);
#6849 = LINE('',#6850,#6851);
#6850 = CARTESIAN_POINT('',(-1.750000000006,-3.031088913241));
#6851 = VECTOR('',#6852,1.);
#6852 = DIRECTION('',(-0.499999999999,0.866025403785));
#6853 = ( GEOMETRIC_REPRESENTATION_CONTEXT(2) 
PARAMETRIC_REPRESENTATION_CONTEXT() REPRESENTATION_CONTEXT('2D SPACE',''
  ) );
#6854 = ORIENTED_EDGE('',*,*,#6855,.F.);
#6855 = EDGE_CURVE('',#6856,#6828,#6858,.T.);
#6856 = VERTEX_POINT('',#6857);
#6857 = CARTESIAN_POINT('',(-3.031088913249,12.5,16.749999999994));
#6858 = SURFACE_CURVE('',#6859,(#6863,#6870),.PCURVE_S1.);
#6859 = LINE('',#6860,#6861);
#6860 = CARTESIAN_POINT('',(-3.031088913249,12.5,16.749999999994));
#6861 = VECTOR('',#6862,1.);
#6862 = DIRECTION('',(2.06095E-12,0.,-1.));
#6863 = PCURVE('',#4531,#6864);
#6864 = DEFINITIONAL_REPRESENTATION('',(#6865),#6869);
#6865 = LINE('',#6866,#6867);
#6866 = CARTESIAN_POINT('',(0.168911086751,-3.250000000006));
#6867 = VECTOR('',#6868,1.);
#6868 = DIRECTION('',(2.06095E-12,-1.));
#6869 = ( GEOMETRIC_REPRESENTATION_CONTEXT(2) 
PARAMETRIC_REPRESENTATION_CONTEXT() REPRESENTATION_CONTEXT('2D SPACE',''
  ) );
#6870 = PCURVE('',#6843,#6871);
#6871 = DEFINITIONAL_REPRESENTATION('',(#6872),#6876);
#6872 = LINE('',#6873,#6874);
#6873 = CARTESIAN_POINT('',(1.749999999994,-3.031088913249));
#6874 = VECTOR('',#6875,1.);
#6875 = DIRECTION('',(-1.,2.06095E-12));
#6876 = ( GEOMETRIC_REPRESENTATION_CONTEXT(2) 
PARAMETRIC_REPRESENTATION_CONTEXT() REPRESENTATION_CONTEXT('2D SPACE',''
  ) );
#6877 = ORIENTED_EDGE('',*,*,#6878,.F.);
#6878 = EDGE_CURVE('',#6879,#6856,#6881,.T.);
#6879 = VERTEX_POINT('',#6880);
#6880 = CARTESIAN_POINT('',(-6.926E-12,12.5,18.5));
#6881 = SURFACE_CURVE('',#6882,(#6886,#6893),.PCURVE_S1.);
#6882 = LINE('',#6883,#6884);
#6883 = CARTESIAN_POINT('',(-6.926E-12,12.5,18.5));
#6884 = VECTOR('',#6885,1.);
#6885 = DIRECTION('',(-0.866025403783,-0.,-0.500000000002));
#6886 = PCURVE('',#4531,#6887);
#6887 = DEFINITIONAL_REPRESENTATION('',(#6888),#6892);
#6888 = LINE('',#6889,#6890);
#6889 = CARTESIAN_POINT('',(3.199999999993,-1.5));
#6890 = VECTOR('',#6891,1.);
#6891 = DIRECTION('',(-0.866025403783,-0.500000000002));
#6892 = ( GEOMETRIC_REPRESENTATION_CONTEXT(2) 
PARAMETRIC_REPRESENTATION_CONTEXT() REPRESENTATION_CONTEXT('2D SPACE',''
  ) );
#6893 = PCURVE('',#6843,#6894);
#6894 = DEFINITIONAL_REPRESENTATION('',(#6895),#6899);
#6895 = LINE('',#6896,#6897);
#6896 = CARTESIAN_POINT('',(3.5,-6.50521E-12));
#6897 = VECTOR('',#6898,1.);
#6898 = DIRECTION('',(-0.500000000002,-0.866025403783));
#6899 = ( GEOMETRIC_REPRESENTATION_CONTEXT(2) 
PARAMETRIC_REPRESENTATION_CONTEXT() REPRESENTATION_CONTEXT('2D SPACE',''
  ) );
#6900 = ORIENTED_EDGE('',*,*,#6901,.F.);
#6901 = EDGE_CURVE('',#6902,#6879,#6904,.T.);
#6902 = VERTEX_POINT('',#6903);
#6903 = CARTESIAN_POINT('',(3.031088913242,12.5,16.750000000006));
#6904 = SURFACE_CURVE('',#6905,(#6909,#6916),.PCURVE_S1.);
#6905 = LINE('',#6906,#6907);
#6906 = CARTESIAN_POINT('',(3.031088913242,12.5,16.750000000006));
#6907 = VECTOR('',#6908,1.);
#6908 = DIRECTION('',(-0.866025403785,0.,0.499999999998));
#6909 = PCURVE('',#4531,#6910);
#6910 = DEFINITIONAL_REPRESENTATION('',(#6911),#6915);
#6911 = LINE('',#6912,#6913);
#6912 = CARTESIAN_POINT('',(6.231088913242,-3.249999999994));
#6913 = VECTOR('',#6914,1.);
#6914 = DIRECTION('',(-0.866025403785,0.499999999998));
#6915 = ( GEOMETRIC_REPRESENTATION_CONTEXT(2) 
PARAMETRIC_REPRESENTATION_CONTEXT() REPRESENTATION_CONTEXT('2D SPACE',''
  ) );
#6916 = PCURVE('',#6843,#6917);
#6917 = DEFINITIONAL_REPRESENTATION('',(#6918),#6922);
#6918 = LINE('',#6919,#6920);
#6919 = CARTESIAN_POINT('',(1.750000000006,3.031088913243));
#6920 = VECTOR('',#6921,1.);
#6921 = DIRECTION('',(0.499999999998,-0.866025403785));
#6922 = ( GEOMETRIC_REPRESENTATION_CONTEXT(2) 
PARAMETRIC_REPRESENTATION_CONTEXT() REPRESENTATION_CONTEXT('2D SPACE',''
  ) );
#6923 = ORIENTED_EDGE('',*,*,#6924,.F.);
#6924 = EDGE_CURVE('',#6925,#6902,#6927,.T.);
#6925 = VERTEX_POINT('',#6926);
#6926 = CARTESIAN_POINT('',(3.031088913246,12.5,13.25));
#6927 = SURFACE_CURVE('',#6928,(#6932,#6939),.PCURVE_S1.);
#6928 = LINE('',#6929,#6930);
#6929 = CARTESIAN_POINT('',(3.031088913246,12.5,13.25));
#6930 = VECTOR('',#6931,1.);
#6931 = DIRECTION('',(-9.8943E-13,0.,1.));
#6932 = PCURVE('',#4531,#6933);
#6933 = DEFINITIONAL_REPRESENTATION('',(#6934),#6938);
#6934 = LINE('',#6935,#6936);
#6935 = CARTESIAN_POINT('',(6.231088913246,-6.75));
#6936 = VECTOR('',#6937,1.);
#6937 = DIRECTION('',(-9.8943E-13,1.));
#6938 = ( GEOMETRIC_REPRESENTATION_CONTEXT(2) 
PARAMETRIC_REPRESENTATION_CONTEXT() REPRESENTATION_CONTEXT('2D SPACE',''
  ) );
#6939 = PCURVE('',#6843,#6940);
#6940 = DEFINITIONAL_REPRESENTATION('',(#6941),#6945);
#6941 = LINE('',#6942,#6943);
#6942 = CARTESIAN_POINT('',(-1.75,3.031088913246));
#6943 = VECTOR('',#6944,1.);
#6944 = DIRECTION('',(1.,-9.8943E-13));
#6945 = ( GEOMETRIC_REPRESENTATION_CONTEXT(2) 
PARAMETRIC_REPRESENTATION_CONTEXT() REPRESENTATION_CONTEXT('2D SPACE',''
  ) );
#6946 = ORIENTED_EDGE('',*,*,#6947,.F.);
#6947 = EDGE_CURVE('',#5037,#6925,#6948,.T.);
#6948 = SURFACE_CURVE('',#6949,(#6953,#6960),.PCURVE_S1.);
#6949 = LINE('',#6950,#6951);
#6950 = CARTESIAN_POINT('',(0.,12.5,11.5));
#6951 = VECTOR('',#6952,1.);
#6952 = DIRECTION('',(0.866025403784,0.,0.5));
#6953 = PCURVE('',#4531,#6954);
#6954 = DEFINITIONAL_REPRESENTATION('',(#6955),#6959);
#6955 = LINE('',#6956,#6957);
#6956 = CARTESIAN_POINT('',(3.2,-8.5));
#6957 = VECTOR('',#6958,1.);
#6958 = DIRECTION('',(0.866025403784,0.5));
#6959 = ( GEOMETRIC_REPRESENTATION_CONTEXT(2) 
PARAMETRIC_REPRESENTATION_CONTEXT() REPRESENTATION_CONTEXT('2D SPACE',''
  ) );
#6960 = PCURVE('',#6843,#6961);
#6961 = DEFINITIONAL_REPRESENTATION('',(#6962),#6966);
#6962 = LINE('',#6963,#6964);
#6963 = CARTESIAN_POINT('',(-3.5,4.2079E-13));
#6964 = VECTOR('',#6965,1.);
#6965 = DIRECTION('',(0.5,0.866025403784));
#6966 = ( GEOMETRIC_REPRESENTATION_CONTEXT(2) 
PARAMETRIC_REPRESENTATION_CONTEXT() REPRESENTATION_CONTEXT('2D SPACE',''
  ) );
#6967 = ORIENTED_EDGE('',*,*,#6968,.T.);
#6968 = EDGE_CURVE('',#5037,#6760,#6969,.T.);
#6969 = SURFACE_CURVE('',#6970,(#6974,#6981),.PCURVE_S1.);
#6970 = LINE('',#6971,#6972);
#6971 = CARTESIAN_POINT('',(-3.2,12.5,13.));
#6972 = VECTOR('',#6973,1.);
#6973 = DIRECTION('',(1.,0.,0.));
#6974 = PCURVE('',#4531,#6975);
#6975 = DEFINITIONAL_REPRESENTATION('',(#6976),#6980);
#6976 = LINE('',#6977,#6978);
#6977 = CARTESIAN_POINT('',(0.,-7.));
#6978 = VECTOR('',#6979,1.);
#6979 = DIRECTION('',(1.,0.));
#6980 = ( GEOMETRIC_REPRESENTATION_CONTEXT(2) 
PARAMETRIC_REPRESENTATION_CONTEXT() REPRESENTATION_CONTEXT('2D SPACE',''
  ) );
#6981 = PCURVE('',#5146,#6982);
#6982 = DEFINITIONAL_REPRESENTATION('',(#6983),#6987);
#6983 = LINE('',#6984,#6985);
#6984 = CARTESIAN_POINT('',(-3.2,-1.6));
#6985 = VECTOR('',#6986,1.);
#6986 = DIRECTION('',(1.,0.));
#6987 = ( GEOMETRIC_REPRESENTATION_CONTEXT(2) 
PARAMETRIC_REPRESENTATION_CONTEXT() REPRESENTATION_CONTEXT('2D SPACE',''
  ) );
#6988 = ADVANCED_FACE('',(#6989),#4585,.F.);
#6989 = FACE_BOUND('',#6990,.F.);
#6990 = EDGE_LOOP('',(#6991,#7014,#7035,#7036));
#6991 = ORIENTED_EDGE('',*,*,#6992,.T.);
#6992 = EDGE_CURVE('',#4547,#6993,#6995,.T.);
#6993 = VERTEX_POINT('',#6994);
#6994 = CARTESIAN_POINT('',(-3.2,15.7,13.));
#6995 = SURFACE_CURVE('',#6996,(#7000,#7007),.PCURVE_S1.);
#6996 = LINE('',#6997,#6998);
#6997 = CARTESIAN_POINT('',(-3.2,15.7,20.));
#6998 = VECTOR('',#6999,1.);
#6999 = DIRECTION('',(-0.,-0.,-1.));
#7000 = PCURVE('',#4585,#7001);
#7001 = DEFINITIONAL_REPRESENTATION('',(#7002),#7006);
#7002 = LINE('',#7003,#7004);
#7003 = CARTESIAN_POINT('',(0.,0.));
#7004 = VECTOR('',#7005,1.);
#7005 = DIRECTION('',(0.,-1.));
#7006 = ( GEOMETRIC_REPRESENTATION_CONTEXT(2) 
PARAMETRIC_REPRESENTATION_CONTEXT() REPRESENTATION_CONTEXT('2D SPACE',''
  ) );
#7007 = PCURVE('',#4671,#7008);
#7008 = DEFINITIONAL_REPRESENTATION('',(#7009),#7013);
#7009 = LINE('',#7010,#7011);
#7010 = CARTESIAN_POINT('',(6.4,0.));
#7011 = VECTOR('',#7012,1.);
#7012 = DIRECTION('',(0.,-1.));
#7013 = ( GEOMETRIC_REPRESENTATION_CONTEXT(2) 
PARAMETRIC_REPRESENTATION_CONTEXT() REPRESENTATION_CONTEXT('2D SPACE',''
  ) );
#7014 = ORIENTED_EDGE('',*,*,#7015,.T.);
#7015 = EDGE_CURVE('',#6993,#6784,#7016,.T.);
#7016 = SURFACE_CURVE('',#7017,(#7021,#7028),.PCURVE_S1.);
#7017 = LINE('',#7018,#7019);
#7018 = CARTESIAN_POINT('',(-3.2,15.7,13.));
#7019 = VECTOR('',#7020,1.);
#7020 = DIRECTION('',(0.,-1.,0.));
#7021 = PCURVE('',#4585,#7022);
#7022 = DEFINITIONAL_REPRESENTATION('',(#7023),#7027);
#7023 = LINE('',#7024,#7025);
#7024 = CARTESIAN_POINT('',(0.,-7.));
#7025 = VECTOR('',#7026,1.);
#7026 = DIRECTION('',(1.,0.));
#7027 = ( GEOMETRIC_REPRESENTATION_CONTEXT(2) 
PARAMETRIC_REPRESENTATION_CONTEXT() REPRESENTATION_CONTEXT('2D SPACE',''
  ) );
#7028 = PCURVE('',#5246,#7029);
#7029 = DEFINITIONAL_REPRESENTATION('',(#7030),#7034);
#7030 = LINE('',#7031,#7032);
#7031 = CARTESIAN_POINT('',(-3.2,1.6));
#7032 = VECTOR('',#7033,1.);
#7033 = DIRECTION('',(0.,-1.));
#7034 = ( GEOMETRIC_REPRESENTATION_CONTEXT(2) 
PARAMETRIC_REPRESENTATION_CONTEXT() REPRESENTATION_CONTEXT('2D SPACE',''
  ) );
#7035 = ORIENTED_EDGE('',*,*,#6783,.F.);
#7036 = ORIENTED_EDGE('',*,*,#4571,.F.);
#7037 = ADVANCED_FACE('',(#7038),#4639,.F.);
#7038 = FACE_BOUND('',#7039,.F.);
#7039 = EDGE_LOOP('',(#7040,#7041,#7064,#7085));
#7040 = ORIENTED_EDGE('',*,*,#6759,.T.);
#7041 = ORIENTED_EDGE('',*,*,#7042,.T.);
#7042 = EDGE_CURVE('',#6760,#7043,#7045,.T.);
#7043 = VERTEX_POINT('',#7044);
#7044 = CARTESIAN_POINT('',(3.2,15.7,13.));
#7045 = SURFACE_CURVE('',#7046,(#7050,#7057),.PCURVE_S1.);
#7046 = LINE('',#7047,#7048);
#7047 = CARTESIAN_POINT('',(3.2,12.5,13.));
#7048 = VECTOR('',#7049,1.);
#7049 = DIRECTION('',(0.,1.,0.));
#7050 = PCURVE('',#4639,#7051);
#7051 = DEFINITIONAL_REPRESENTATION('',(#7052),#7056);
#7052 = LINE('',#7053,#7054);
#7053 = CARTESIAN_POINT('',(0.,-7.));
#7054 = VECTOR('',#7055,1.);
#7055 = DIRECTION('',(1.,0.));
#7056 = ( GEOMETRIC_REPRESENTATION_CONTEXT(2) 
PARAMETRIC_REPRESENTATION_CONTEXT() REPRESENTATION_CONTEXT('2D SPACE',''
  ) );
#7057 = PCURVE('',#5146,#7058);
#7058 = DEFINITIONAL_REPRESENTATION('',(#7059),#7063);
#7059 = LINE('',#7060,#7061);
#7060 = CARTESIAN_POINT('',(3.2,-1.6));
#7061 = VECTOR('',#7062,1.);
#7062 = DIRECTION('',(0.,1.));
#7063 = ( GEOMETRIC_REPRESENTATION_CONTEXT(2) 
PARAMETRIC_REPRESENTATION_CONTEXT() REPRESENTATION_CONTEXT('2D SPACE',''
  ) );
#7064 = ORIENTED_EDGE('',*,*,#7065,.F.);
#7065 = EDGE_CURVE('',#4603,#7043,#7066,.T.);
#7066 = SURFACE_CURVE('',#7067,(#7071,#7078),.PCURVE_S1.);
#7067 = LINE('',#7068,#7069);
#7068 = CARTESIAN_POINT('',(3.2,15.7,20.));
#7069 = VECTOR('',#7070,1.);
#7070 = DIRECTION('',(-0.,-0.,-1.));
#7071 = PCURVE('',#4639,#7072);
#7072 = DEFINITIONAL_REPRESENTATION('',(#7073),#7077);
#7073 = LINE('',#7074,#7075);
#7074 = CARTESIAN_POINT('',(3.2,0.));
#7075 = VECTOR('',#7076,1.);
#7076 = DIRECTION('',(0.,-1.));
#7077 = ( GEOMETRIC_REPRESENTATION_CONTEXT(2) 
PARAMETRIC_REPRESENTATION_CONTEXT() REPRESENTATION_CONTEXT('2D SPACE',''
  ) );
#7078 = PCURVE('',#4671,#7079);
#7079 = DEFINITIONAL_REPRESENTATION('',(#7080),#7084);
#7080 = LINE('',#7081,#7082);
#7081 = CARTESIAN_POINT('',(0.,0.));
#7082 = VECTOR('',#7083,1.);
#7083 = DIRECTION('',(0.,-1.));
#7084 = ( GEOMETRIC_REPRESENTATION_CONTEXT(2) 
PARAMETRIC_REPRESENTATION_CONTEXT() REPRESENTATION_CONTEXT('2D SPACE',''
  ) );
#7085 = ORIENTED_EDGE('',*,*,#4625,.F.);
#7086 = ADVANCED_FACE('',(#7087),#4671,.F.);
#7087 = FACE_BOUND('',#7088,.F.);
#7088 = EDGE_LOOP('',(#7089,#7090,#7091,#7092,#7113,#7114,#7115,#7116,
    #7117,#7118,#7119));
#7089 = ORIENTED_EDGE('',*,*,#6992,.F.);
#7090 = ORIENTED_EDGE('',*,*,#4657,.F.);
#7091 = ORIENTED_EDGE('',*,*,#7065,.T.);
#7092 = ORIENTED_EDGE('',*,*,#7093,.T.);
#7093 = EDGE_CURVE('',#7043,#5110,#7094,.T.);
#7094 = SURFACE_CURVE('',#7095,(#7099,#7106),.PCURVE_S1.);
#7095 = LINE('',#7096,#7097);
#7096 = CARTESIAN_POINT('',(3.2,15.7,13.));
#7097 = VECTOR('',#7098,1.);
#7098 = DIRECTION('',(-1.,0.,0.));
#7099 = PCURVE('',#4671,#7100);
#7100 = DEFINITIONAL_REPRESENTATION('',(#7101),#7105);
#7101 = LINE('',#7102,#7103);
#7102 = CARTESIAN_POINT('',(0.,-7.));
#7103 = VECTOR('',#7104,1.);
#7104 = DIRECTION('',(1.,0.));
#7105 = ( GEOMETRIC_REPRESENTATION_CONTEXT(2) 
PARAMETRIC_REPRESENTATION_CONTEXT() REPRESENTATION_CONTEXT('2D SPACE',''
  ) );
#7106 = PCURVE('',#5146,#7107);
#7107 = DEFINITIONAL_REPRESENTATION('',(#7108),#7112);
#7108 = LINE('',#7109,#7110);
#7109 = CARTESIAN_POINT('',(3.2,1.6));
#7110 = VECTOR('',#7111,1.);
#7111 = DIRECTION('',(-1.,0.));
#7112 = ( GEOMETRIC_REPRESENTATION_CONTEXT(2) 
PARAMETRIC_REPRESENTATION_CONTEXT() REPRESENTATION_CONTEXT('2D SPACE',''
  ) );
#7113 = ORIENTED_EDGE('',*,*,#5109,.T.);
#7114 = ORIENTED_EDGE('',*,*,#5261,.T.);
#7115 = ORIENTED_EDGE('',*,*,#5359,.T.);
#7116 = ORIENTED_EDGE('',*,*,#5408,.T.);
#7117 = ORIENTED_EDGE('',*,*,#5310,.T.);
#7118 = ORIENTED_EDGE('',*,*,#5161,.T.);
#7119 = ORIENTED_EDGE('',*,*,#7120,.T.);
#7120 = EDGE_CURVE('',#5164,#6993,#7121,.T.);
#7121 = SURFACE_CURVE('',#7122,(#7126,#7133),.PCURVE_S1.);
#7122 = LINE('',#7123,#7124);
#7123 = CARTESIAN_POINT('',(3.2,15.7,13.));
#7124 = VECTOR('',#7125,1.);
#7125 = DIRECTION('',(-1.,0.,0.));
#7126 = PCURVE('',#4671,#7127);
#7127 = DEFINITIONAL_REPRESENTATION('',(#7128),#7132);
#7128 = LINE('',#7129,#7130);
#7129 = CARTESIAN_POINT('',(0.,-7.));
#7130 = VECTOR('',#7131,1.);
#7131 = DIRECTION('',(1.,0.));
#7132 = ( GEOMETRIC_REPRESENTATION_CONTEXT(2) 
PARAMETRIC_REPRESENTATION_CONTEXT() REPRESENTATION_CONTEXT('2D SPACE',''
  ) );
#7133 = PCURVE('',#5246,#7134);
#7134 = DEFINITIONAL_REPRESENTATION('',(#7135),#7139);
#7135 = LINE('',#7136,#7137);
#7136 = CARTESIAN_POINT('',(3.2,1.6));
#7137 = VECTOR('',#7138,1.);
#7138 = DIRECTION('',(-1.,0.));
#7139 = ( GEOMETRIC_REPRESENTATION_CONTEXT(2) 
PARAMETRIC_REPRESENTATION_CONTEXT() REPRESENTATION_CONTEXT('2D SPACE',''
  ) );
#7140 = ADVANCED_FACE('',(#7141),#4704,.F.);
#7141 = FACE_BOUND('',#7142,.F.);
#7142 = EDGE_LOOP('',(#7143,#7171,#7192,#7193,#7214,#7215));
#7143 = ORIENTED_EDGE('',*,*,#7144,.F.);
#7144 = EDGE_CURVE('',#7145,#6130,#7147,.T.);
#7145 = VERTEX_POINT('',#7146);
#7146 = CARTESIAN_POINT('',(-10.8253175473,-6.25,11.5));
#7147 = SURFACE_CURVE('',#7148,(#7152,#7159),.PCURVE_S1.);
#7148 = LINE('',#7149,#7150);
#7149 = CARTESIAN_POINT('',(-10.8253175473,-6.25,11.5));
#7150 = VECTOR('',#7151,1.);
#7151 = DIRECTION('',(-0.433012701892,0.75,0.5));
#7152 = PCURVE('',#4704,#7153);
#7153 = DEFINITIONAL_REPRESENTATION('',(#7154),#7158);
#7154 = LINE('',#7155,#7156);
#7155 = CARTESIAN_POINT('',(-3.661926483275E-31,1.7763568394E-15));
#7156 = VECTOR('',#7157,1.);
#7157 = DIRECTION('',(1.,1.1E-16));
#7158 = ( GEOMETRIC_REPRESENTATION_CONTEXT(2) 
PARAMETRIC_REPRESENTATION_CONTEXT() REPRESENTATION_CONTEXT('2D SPACE',''
  ) );
#7159 = PCURVE('',#7160,#7165);
#7160 = PLANE('',#7161);
#7161 = AXIS2_PLACEMENT_3D('',#7162,#7163,#7164);
#7162 = CARTESIAN_POINT('',(-10.8253175473,-6.25,15.));
#7163 = DIRECTION('',(-0.866025403784,-0.5,0.));
#7164 = DIRECTION('',(0.,0.,1.));
#7165 = DEFINITIONAL_REPRESENTATION('',(#7166),#7170);
#7166 = LINE('',#7167,#7168);
#7167 = CARTESIAN_POINT('',(-3.5,4.2078E-13));
#7168 = VECTOR('',#7169,1.);
#7169 = DIRECTION('',(0.5,0.866025403784));
#7170 = ( GEOMETRIC_REPRESENTATION_CONTEXT(2) 
PARAMETRIC_REPRESENTATION_CONTEXT() REPRESENTATION_CONTEXT('2D SPACE',''
  ) );
#7171 = ORIENTED_EDGE('',*,*,#7172,.T.);
#7172 = EDGE_CURVE('',#7145,#4687,#7173,.T.);
#7173 = SURFACE_CURVE('',#7174,(#7178,#7185),.PCURVE_S1.);
#7174 = LINE('',#7175,#7176);
#7175 = CARTESIAN_POINT('',(-10.8253175473,-6.25,11.5));
#7176 = VECTOR('',#7177,1.);
#7177 = DIRECTION('',(-0.866025403784,-0.5,-2.2E-16));
#7178 = PCURVE('',#4704,#7179);
#7179 = DEFINITIONAL_REPRESENTATION('',(#7180),#7184);
#7180 = LINE('',#7181,#7182);
#7181 = CARTESIAN_POINT('',(0.,0.));
#7182 = VECTOR('',#7183,1.);
#7183 = DIRECTION('',(-5.213877545445E-30,-1.));
#7184 = ( GEOMETRIC_REPRESENTATION_CONTEXT(2) 
PARAMETRIC_REPRESENTATION_CONTEXT() REPRESENTATION_CONTEXT('2D SPACE',''
  ) );
#7185 = PCURVE('',#4732,#7186);
#7186 = DEFINITIONAL_REPRESENTATION('',(#7187),#7191);
#7187 = LINE('',#7188,#7189);
#7188 = CARTESIAN_POINT('',(3.499999999994,1.391356839401E-15));
#7189 = VECTOR('',#7190,1.);
#7190 = DIRECTION('',(-1.989038816805E-28,-1.));
#7191 = ( GEOMETRIC_REPRESENTATION_CONTEXT(2) 
PARAMETRIC_REPRESENTATION_CONTEXT() REPRESENTATION_CONTEXT('2D SPACE',''
  ) );
#7192 = ORIENTED_EDGE('',*,*,#4686,.T.);
#7193 = ORIENTED_EDGE('',*,*,#7194,.F.);
#7194 = EDGE_CURVE('',#5822,#4689,#7195,.T.);
#7195 = SURFACE_CURVE('',#7196,(#7200,#7207),.PCURVE_S1.);
#7196 = LINE('',#7197,#7198);
#7197 = CARTESIAN_POINT('',(-12.34086200392,-3.625,13.25));
#7198 = VECTOR('',#7199,1.);
#7199 = DIRECTION('',(-0.866025403784,-0.5,-2.2E-16));
#7200 = PCURVE('',#4704,#7201);
#7201 = DEFINITIONAL_REPRESENTATION('',(#7202),#7206);
#7202 = LINE('',#7203,#7204);
#7203 = CARTESIAN_POINT('',(3.5,-1.3913568394E-15));
#7204 = VECTOR('',#7205,1.);
#7205 = DIRECTION('',(-5.213877545445E-30,-1.));
#7206 = ( GEOMETRIC_REPRESENTATION_CONTEXT(2) 
PARAMETRIC_REPRESENTATION_CONTEXT() REPRESENTATION_CONTEXT('2D SPACE',''
  ) );
#7207 = PCURVE('',#4842,#7208);
#7208 = DEFINITIONAL_REPRESENTATION('',(#7209),#7213);
#7209 = LINE('',#7210,#7211);
#7210 = CARTESIAN_POINT('',(0.,0.));
#7211 = VECTOR('',#7212,1.);
#7212 = DIRECTION('',(0.,-1.));
#7213 = ( GEOMETRIC_REPRESENTATION_CONTEXT(2) 
PARAMETRIC_REPRESENTATION_CONTEXT() REPRESENTATION_CONTEXT('2D SPACE',''
  ) );
#7214 = ORIENTED_EDGE('',*,*,#5821,.F.);
#7215 = ORIENTED_EDGE('',*,*,#7216,.T.);
#7216 = EDGE_CURVE('',#5794,#6130,#7217,.T.);
#7217 = SURFACE_CURVE('',#7218,(#7222,#7229),.PCURVE_S1.);
#7218 = LINE('',#7219,#7220);
#7219 = CARTESIAN_POINT('',(-12.81717597601,-4.4,13.));
#7220 = VECTOR('',#7221,1.);
#7221 = DIRECTION('',(0.866025403784,0.5,-2.6E-16));
#7222 = PCURVE('',#4704,#7223);
#7223 = DEFINITIONAL_REPRESENTATION('',(#7224),#7228);
#7224 = LINE('',#7225,#7226);
#7225 = CARTESIAN_POINT('',(3.,-0.8));
#7226 = VECTOR('',#7227,1.);
#7227 = DIRECTION('',(-6.245925372767E-16,1.));
#7228 = ( GEOMETRIC_REPRESENTATION_CONTEXT(2) 
PARAMETRIC_REPRESENTATION_CONTEXT() REPRESENTATION_CONTEXT('2D SPACE',''
  ) );
#7229 = PCURVE('',#5809,#7230);
#7230 = DEFINITIONAL_REPRESENTATION('',(#7231),#7235);
#7231 = LINE('',#7232,#7233);
#7232 = CARTESIAN_POINT('',(2.598076211353,-0.8));
#7233 = VECTOR('',#7234,1.);
#7234 = DIRECTION('',(-4.440892098501E-16,-1.));
#7235 = ( GEOMETRIC_REPRESENTATION_CONTEXT(2) 
PARAMETRIC_REPRESENTATION_CONTEXT() REPRESENTATION_CONTEXT('2D SPACE',''
  ) );
#7236 = ADVANCED_FACE('',(#7237),#4732,.F.);
#7237 = FACE_BOUND('',#7238,.F.);
#7238 = EDGE_LOOP('',(#7239,#7240,#7261,#7262,#7263,#7284));
#7239 = ORIENTED_EDGE('',*,*,#5936,.F.);
#7240 = ORIENTED_EDGE('',*,*,#7241,.T.);
#7241 = EDGE_CURVE('',#5914,#4717,#7242,.T.);
#7242 = SURFACE_CURVE('',#7243,(#7247,#7254),.PCURVE_S1.);
#7243 = LINE('',#7244,#7245);
#7244 = CARTESIAN_POINT('',(-9.309773090685,-8.874999999997,
    13.249999999994));
#7245 = VECTOR('',#7246,1.);
#7246 = DIRECTION('',(-0.866025403784,-0.5,-2.2E-16));
#7247 = PCURVE('',#4732,#7248);
#7248 = DEFINITIONAL_REPRESENTATION('',(#7249),#7253);
#7249 = LINE('',#7250,#7251);
#7250 = CARTESIAN_POINT('',(0.,0.));
#7251 = VECTOR('',#7252,1.);
#7252 = DIRECTION('',(-1.989038816805E-28,-1.));
#7253 = ( GEOMETRIC_REPRESENTATION_CONTEXT(2) 
PARAMETRIC_REPRESENTATION_CONTEXT() REPRESENTATION_CONTEXT('2D SPACE',''
  ) );
#7254 = PCURVE('',#4760,#7255);
#7255 = DEFINITIONAL_REPRESENTATION('',(#7256),#7260);
#7256 = LINE('',#7257,#7258);
#7257 = CARTESIAN_POINT('',(3.5,-7.7E-16));
#7258 = VECTOR('',#7259,1.);
#7259 = DIRECTION('',(0.,-1.));
#7260 = ( GEOMETRIC_REPRESENTATION_CONTEXT(2) 
PARAMETRIC_REPRESENTATION_CONTEXT() REPRESENTATION_CONTEXT('2D SPACE',''
  ) );
#7261 = ORIENTED_EDGE('',*,*,#4716,.T.);
#7262 = ORIENTED_EDGE('',*,*,#7172,.F.);
#7263 = ORIENTED_EDGE('',*,*,#7264,.F.);
#7264 = EDGE_CURVE('',#5987,#7145,#7265,.T.);
#7265 = SURFACE_CURVE('',#7266,(#7270,#7277),.PCURVE_S1.);
#7266 = LINE('',#7267,#7268);
#7267 = CARTESIAN_POINT('',(-9.309773090685,-8.874999999997,
    13.249999999994));
#7268 = VECTOR('',#7269,1.);
#7269 = DIRECTION('',(-0.433012701892,0.75,-0.499999999999));
#7270 = PCURVE('',#4732,#7271);
#7271 = DEFINITIONAL_REPRESENTATION('',(#7272),#7276);
#7272 = LINE('',#7273,#7274);
#7273 = CARTESIAN_POINT('',(7.691850745539E-16,3.552713678801E-15));
#7274 = VECTOR('',#7275,1.);
#7275 = DIRECTION('',(1.,-1.1E-16));
#7276 = ( GEOMETRIC_REPRESENTATION_CONTEXT(2) 
PARAMETRIC_REPRESENTATION_CONTEXT() REPRESENTATION_CONTEXT('2D SPACE',''
  ) );
#7277 = PCURVE('',#7160,#7278);
#7278 = DEFINITIONAL_REPRESENTATION('',(#7279),#7283);
#7279 = LINE('',#7280,#7281);
#7280 = CARTESIAN_POINT('',(-1.750000000006,-3.031088913241));
#7281 = VECTOR('',#7282,1.);
#7282 = DIRECTION('',(-0.499999999999,0.866025403785));
#7283 = ( GEOMETRIC_REPRESENTATION_CONTEXT(2) 
PARAMETRIC_REPRESENTATION_CONTEXT() REPRESENTATION_CONTEXT('2D SPACE',''
  ) );
#7284 = ORIENTED_EDGE('',*,*,#7285,.T.);
#7285 = EDGE_CURVE('',#5987,#5937,#7286,.T.);
#7286 = SURFACE_CURVE('',#7287,(#7291,#7298),.PCURVE_S1.);
#7287 = LINE('',#7288,#7289);
#7288 = CARTESIAN_POINT('',(-10.21909976465,-8.900000000005,13.));
#7289 = VECTOR('',#7290,1.);
#7290 = DIRECTION('',(-0.866025403784,-0.5,2.6E-16));
#7291 = PCURVE('',#4732,#7292);
#7292 = DEFINITIONAL_REPRESENTATION('',(#7293),#7297);
#7293 = LINE('',#7294,#7295);
#7294 = CARTESIAN_POINT('',(0.499999999988,-0.8));
#7295 = VECTOR('',#7296,1.);
#7296 = DIRECTION('',(-5.765184701171E-16,-1.));
#7297 = ( GEOMETRIC_REPRESENTATION_CONTEXT(2) 
PARAMETRIC_REPRESENTATION_CONTEXT() REPRESENTATION_CONTEXT('2D SPACE',''
  ) );
#7298 = PCURVE('',#5733,#7299);
#7299 = DEFINITIONAL_REPRESENTATION('',(#7300),#7304);
#7300 = LINE('',#7301,#7302);
#7301 = CARTESIAN_POINT('',(-2.59807621136,-0.8));
#7302 = VECTOR('',#7303,1.);
#7303 = DIRECTION('',(-3.885780586188E-16,1.));
#7304 = ( GEOMETRIC_REPRESENTATION_CONTEXT(2) 
PARAMETRIC_REPRESENTATION_CONTEXT() REPRESENTATION_CONTEXT('2D SPACE',''
  ) );
#7305 = ADVANCED_FACE('',(#7306),#4842,.F.);
#7306 = FACE_BOUND('',#7307,.F.);
#7307 = EDGE_LOOP('',(#7308,#7309,#7310,#7311));
#7308 = ORIENTED_EDGE('',*,*,#5844,.F.);
#7309 = ORIENTED_EDGE('',*,*,#7194,.T.);
#7310 = ORIENTED_EDGE('',*,*,#4828,.T.);
#7311 = ORIENTED_EDGE('',*,*,#7312,.F.);
#7312 = EDGE_CURVE('',#5845,#4801,#7313,.T.);
#7313 = SURFACE_CURVE('',#7314,(#7318,#7325),.PCURVE_S1.);
#7314 = LINE('',#7315,#7316);
#7315 = CARTESIAN_POINT('',(-12.34086200392,-3.625000000003,
    16.750000000006));
#7316 = VECTOR('',#7317,1.);
#7317 = DIRECTION('',(-0.866025403784,-0.5,-2.2E-16));
#7318 = PCURVE('',#4842,#7319);
#7319 = DEFINITIONAL_REPRESENTATION('',(#7320),#7324);
#7320 = LINE('',#7321,#7322);
#7321 = CARTESIAN_POINT('',(3.500000000006,7.700000000012E-16));
#7322 = VECTOR('',#7323,1.);
#7323 = DIRECTION('',(0.,-1.));
#7324 = ( GEOMETRIC_REPRESENTATION_CONTEXT(2) 
PARAMETRIC_REPRESENTATION_CONTEXT() REPRESENTATION_CONTEXT('2D SPACE',''
  ) );
#7325 = PCURVE('',#4816,#7326);
#7326 = DEFINITIONAL_REPRESENTATION('',(#7327),#7331);
#7327 = LINE('',#7328,#7329);
#7328 = CARTESIAN_POINT('',(0.,0.));
#7329 = VECTOR('',#7330,1.);
#7330 = DIRECTION('',(3.718616351502E-28,-1.));
#7331 = ( GEOMETRIC_REPRESENTATION_CONTEXT(2) 
PARAMETRIC_REPRESENTATION_CONTEXT() REPRESENTATION_CONTEXT('2D SPACE',''
  ) );
#7332 = ADVANCED_FACE('',(#7333),#4760,.F.);
#7333 = FACE_BOUND('',#7334,.F.);
#7334 = EDGE_LOOP('',(#7335,#7336,#7357,#7358));
#7335 = ORIENTED_EDGE('',*,*,#5913,.F.);
#7336 = ORIENTED_EDGE('',*,*,#7337,.T.);
#7337 = EDGE_CURVE('',#5891,#4745,#7338,.T.);
#7338 = SURFACE_CURVE('',#7339,(#7343,#7350),.PCURVE_S1.);
#7339 = LINE('',#7340,#7341);
#7340 = CARTESIAN_POINT('',(-9.309773090681,-8.875000000003,
    16.749999999994));
#7341 = VECTOR('',#7342,1.);
#7342 = DIRECTION('',(-0.866025403784,-0.5,-2.2E-16));
#7343 = PCURVE('',#4760,#7344);
#7344 = DEFINITIONAL_REPRESENTATION('',(#7345),#7349);
#7345 = LINE('',#7346,#7347);
#7346 = CARTESIAN_POINT('',(0.,0.));
#7347 = VECTOR('',#7348,1.);
#7348 = DIRECTION('',(0.,-1.));
#7349 = ( GEOMETRIC_REPRESENTATION_CONTEXT(2) 
PARAMETRIC_REPRESENTATION_CONTEXT() REPRESENTATION_CONTEXT('2D SPACE',''
  ) );
#7350 = PCURVE('',#4788,#7351);
#7351 = DEFINITIONAL_REPRESENTATION('',(#7352),#7356);
#7352 = LINE('',#7353,#7354);
#7353 = CARTESIAN_POINT('',(3.5,-3.85E-16));
#7354 = VECTOR('',#7355,1.);
#7355 = DIRECTION('',(3.822400864345E-28,-1.));
#7356 = ( GEOMETRIC_REPRESENTATION_CONTEXT(2) 
PARAMETRIC_REPRESENTATION_CONTEXT() REPRESENTATION_CONTEXT('2D SPACE',''
  ) );
#7357 = ORIENTED_EDGE('',*,*,#4744,.T.);
#7358 = ORIENTED_EDGE('',*,*,#7241,.F.);
#7359 = ADVANCED_FACE('',(#7360),#4816,.F.);
#7360 = FACE_BOUND('',#7361,.F.);
#7361 = EDGE_LOOP('',(#7362,#7363,#7364,#7365));
#7362 = ORIENTED_EDGE('',*,*,#5867,.F.);
#7363 = ORIENTED_EDGE('',*,*,#7312,.T.);
#7364 = ORIENTED_EDGE('',*,*,#4800,.T.);
#7365 = ORIENTED_EDGE('',*,*,#7366,.F.);
#7366 = EDGE_CURVE('',#5868,#4773,#7367,.T.);
#7367 = SURFACE_CURVE('',#7368,(#7372,#7379),.PCURVE_S1.);
#7368 = LINE('',#7369,#7370);
#7369 = CARTESIAN_POINT('',(-10.8253175473,-6.250000000006,18.5));
#7370 = VECTOR('',#7371,1.);
#7371 = DIRECTION('',(-0.866025403784,-0.5,-2.2E-16));
#7372 = PCURVE('',#4816,#7373);
#7373 = DEFINITIONAL_REPRESENTATION('',(#7374),#7378);
#7374 = LINE('',#7375,#7376);
#7375 = CARTESIAN_POINT('',(3.5,3.85E-16));
#7376 = VECTOR('',#7377,1.);
#7377 = DIRECTION('',(3.718616351502E-28,-1.));
#7378 = ( GEOMETRIC_REPRESENTATION_CONTEXT(2) 
PARAMETRIC_REPRESENTATION_CONTEXT() REPRESENTATION_CONTEXT('2D SPACE',''
  ) );
#7379 = PCURVE('',#4788,#7380);
#7380 = DEFINITIONAL_REPRESENTATION('',(#7381),#7385);
#7381 = LINE('',#7382,#7383);
#7382 = CARTESIAN_POINT('',(-0.,0.));
#7383 = VECTOR('',#7384,1.);
#7384 = DIRECTION('',(3.822400864345E-28,-1.));
#7385 = ( GEOMETRIC_REPRESENTATION_CONTEXT(2) 
PARAMETRIC_REPRESENTATION_CONTEXT() REPRESENTATION_CONTEXT('2D SPACE',''
  ) );
#7386 = ADVANCED_FACE('',(#7387),#4788,.F.);
#7387 = FACE_BOUND('',#7388,.F.);
#7388 = EDGE_LOOP('',(#7389,#7390,#7391,#7392));
#7389 = ORIENTED_EDGE('',*,*,#5890,.F.);
#7390 = ORIENTED_EDGE('',*,*,#7366,.T.);
#7391 = ORIENTED_EDGE('',*,*,#4772,.T.);
#7392 = ORIENTED_EDGE('',*,*,#7337,.F.);
#7393 = ADVANCED_FACE('',(#7394),#4878,.F.);
#7394 = FACE_BOUND('',#7395,.F.);
#7395 = EDGE_LOOP('',(#7396,#7424,#7445,#7446,#7467,#7468));
#7396 = ORIENTED_EDGE('',*,*,#7397,.F.);
#7397 = EDGE_CURVE('',#7398,#6663,#7400,.T.);
#7398 = VERTEX_POINT('',#7399);
#7399 = CARTESIAN_POINT('',(10.825317547305,-6.25,11.5));
#7400 = SURFACE_CURVE('',#7401,(#7405,#7412),.PCURVE_S1.);
#7401 = LINE('',#7402,#7403);
#7402 = CARTESIAN_POINT('',(10.825317547305,-6.25,11.5));
#7403 = VECTOR('',#7404,1.);
#7404 = DIRECTION('',(-0.433012701892,-0.75,0.5));
#7405 = PCURVE('',#4878,#7406);
#7406 = DEFINITIONAL_REPRESENTATION('',(#7407),#7411);
#7407 = LINE('',#7408,#7409);
#7408 = CARTESIAN_POINT('',(-7.323852966549E-31,3.552713678801E-15));
#7409 = VECTOR('',#7410,1.);
#7410 = DIRECTION('',(1.,1.1E-16));
#7411 = ( GEOMETRIC_REPRESENTATION_CONTEXT(2) 
PARAMETRIC_REPRESENTATION_CONTEXT() REPRESENTATION_CONTEXT('2D SPACE',''
  ) );
#7412 = PCURVE('',#7413,#7418);
#7413 = PLANE('',#7414);
#7414 = AXIS2_PLACEMENT_3D('',#7415,#7416,#7417);
#7415 = CARTESIAN_POINT('',(10.825317547306,-6.25,15.));
#7416 = DIRECTION('',(0.866025403784,-0.5,0.));
#7417 = DIRECTION('',(0.,0.,1.));
#7418 = DEFINITIONAL_REPRESENTATION('',(#7419),#7423);
#7419 = LINE('',#7420,#7421);
#7420 = CARTESIAN_POINT('',(-3.5,4.2079E-13));
#7421 = VECTOR('',#7422,1.);
#7422 = DIRECTION('',(0.5,0.866025403784));
#7423 = ( GEOMETRIC_REPRESENTATION_CONTEXT(2) 
PARAMETRIC_REPRESENTATION_CONTEXT() REPRESENTATION_CONTEXT('2D SPACE',''
  ) );
#7424 = ORIENTED_EDGE('',*,*,#7425,.T.);
#7425 = EDGE_CURVE('',#7398,#4861,#7426,.T.);
#7426 = SURFACE_CURVE('',#7427,(#7431,#7438),.PCURVE_S1.);
#7427 = LINE('',#7428,#7429);
#7428 = CARTESIAN_POINT('',(10.825317547305,-6.25,11.5));
#7429 = VECTOR('',#7430,1.);
#7430 = DIRECTION('',(0.866025403784,-0.5,-2.2E-16));
#7431 = PCURVE('',#4878,#7432);
#7432 = DEFINITIONAL_REPRESENTATION('',(#7433),#7437);
#7433 = LINE('',#7434,#7435);
#7434 = CARTESIAN_POINT('',(0.,0.));
#7435 = VECTOR('',#7436,1.);
#7436 = DIRECTION('',(-5.176899690513E-30,-1.));
#7437 = ( GEOMETRIC_REPRESENTATION_CONTEXT(2) 
PARAMETRIC_REPRESENTATION_CONTEXT() REPRESENTATION_CONTEXT('2D SPACE',''
  ) );
#7438 = PCURVE('',#4906,#7439);
#7439 = DEFINITIONAL_REPRESENTATION('',(#7440),#7444);
#7440 = LINE('',#7441,#7442);
#7441 = CARTESIAN_POINT('',(3.499999999994,1.391356839401E-15));
#7442 = VECTOR('',#7443,1.);
#7443 = DIRECTION('',(-1.988792297772E-28,-1.));
#7444 = ( GEOMETRIC_REPRESENTATION_CONTEXT(2) 
PARAMETRIC_REPRESENTATION_CONTEXT() REPRESENTATION_CONTEXT('2D SPACE',''
  ) );
#7445 = ORIENTED_EDGE('',*,*,#4860,.T.);
#7446 = ORIENTED_EDGE('',*,*,#7447,.F.);
#7447 = EDGE_CURVE('',#6355,#4863,#7448,.T.);
#7448 = SURFACE_CURVE('',#7449,(#7453,#7460),.PCURVE_S1.);
#7449 = LINE('',#7450,#7451);
#7450 = CARTESIAN_POINT('',(9.309773090683,-8.875,13.25));
#7451 = VECTOR('',#7452,1.);
#7452 = DIRECTION('',(0.866025403784,-0.5,-2.2E-16));
#7453 = PCURVE('',#4878,#7454);
#7454 = DEFINITIONAL_REPRESENTATION('',(#7455),#7459);
#7455 = LINE('',#7456,#7457);
#7456 = CARTESIAN_POINT('',(3.5,-1.3913568394E-15));
#7457 = VECTOR('',#7458,1.);
#7458 = DIRECTION('',(-5.176899690513E-30,-1.));
#7459 = ( GEOMETRIC_REPRESENTATION_CONTEXT(2) 
PARAMETRIC_REPRESENTATION_CONTEXT() REPRESENTATION_CONTEXT('2D SPACE',''
  ) );
#7460 = PCURVE('',#5016,#7461);
#7461 = DEFINITIONAL_REPRESENTATION('',(#7462),#7466);
#7462 = LINE('',#7463,#7464);
#7463 = CARTESIAN_POINT('',(0.,0.));
#7464 = VECTOR('',#7465,1.);
#7465 = DIRECTION('',(0.,-1.));
#7466 = ( GEOMETRIC_REPRESENTATION_CONTEXT(2) 
PARAMETRIC_REPRESENTATION_CONTEXT() REPRESENTATION_CONTEXT('2D SPACE',''
  ) );
#7467 = ORIENTED_EDGE('',*,*,#6354,.F.);
#7468 = ORIENTED_EDGE('',*,*,#7469,.T.);
#7469 = EDGE_CURVE('',#6327,#6663,#7470,.T.);
#7470 = SURFACE_CURVE('',#7471,(#7475,#7482),.PCURVE_S1.);
#7471 = LINE('',#7472,#7473);
#7472 = CARTESIAN_POINT('',(10.219099764656,-8.9,13.));
#7473 = VECTOR('',#7474,1.);
#7474 = DIRECTION('',(-0.866025403784,0.5,-7.E-17));
#7475 = PCURVE('',#4878,#7476);
#7476 = DEFINITIONAL_REPRESENTATION('',(#7477),#7481);
#7477 = LINE('',#7478,#7479);
#7478 = CARTESIAN_POINT('',(3.,-0.8));
#7479 = VECTOR('',#7480,1.);
#7480 = DIRECTION('',(-6.738147387555E-16,1.));
#7481 = ( GEOMETRIC_REPRESENTATION_CONTEXT(2) 
PARAMETRIC_REPRESENTATION_CONTEXT() REPRESENTATION_CONTEXT('2D SPACE',''
  ) );
#7482 = PCURVE('',#6342,#7483);
#7483 = DEFINITIONAL_REPRESENTATION('',(#7484),#7488);
#7484 = LINE('',#7485,#7486);
#7485 = CARTESIAN_POINT('',(2.598076211353,-0.8));
#7486 = VECTOR('',#7487,1.);
#7487 = DIRECTION('',(-6.106226635438E-16,-1.));
#7488 = ( GEOMETRIC_REPRESENTATION_CONTEXT(2) 
PARAMETRIC_REPRESENTATION_CONTEXT() REPRESENTATION_CONTEXT('2D SPACE',''
  ) );
#7489 = ADVANCED_FACE('',(#7490),#4906,.F.);
#7490 = FACE_BOUND('',#7491,.F.);
#7491 = EDGE_LOOP('',(#7492,#7493,#7514,#7515,#7516,#7537));
#7492 = ORIENTED_EDGE('',*,*,#6469,.F.);
#7493 = ORIENTED_EDGE('',*,*,#7494,.T.);
#7494 = EDGE_CURVE('',#6447,#4891,#7495,.T.);
#7495 = SURFACE_CURVE('',#7496,(#7500,#7507),.PCURVE_S1.);
#7496 = LINE('',#7497,#7498);
#7497 = CARTESIAN_POINT('',(12.340862003926,-3.625000000003,
    13.249999999994));
#7498 = VECTOR('',#7499,1.);
#7499 = DIRECTION('',(0.866025403784,-0.5,-2.2E-16));
#7500 = PCURVE('',#4906,#7501);
#7501 = DEFINITIONAL_REPRESENTATION('',(#7502),#7506);
#7502 = LINE('',#7503,#7504);
#7503 = CARTESIAN_POINT('',(0.,0.));
#7504 = VECTOR('',#7505,1.);
#7505 = DIRECTION('',(-1.988792297772E-28,-1.));
#7506 = ( GEOMETRIC_REPRESENTATION_CONTEXT(2) 
PARAMETRIC_REPRESENTATION_CONTEXT() REPRESENTATION_CONTEXT('2D SPACE',''
  ) );
#7507 = PCURVE('',#4934,#7508);
#7508 = DEFINITIONAL_REPRESENTATION('',(#7509),#7513);
#7509 = LINE('',#7510,#7511);
#7510 = CARTESIAN_POINT('',(3.5,-7.7E-16));
#7511 = VECTOR('',#7512,1.);
#7512 = DIRECTION('',(0.,-1.));
#7513 = ( GEOMETRIC_REPRESENTATION_CONTEXT(2) 
PARAMETRIC_REPRESENTATION_CONTEXT() REPRESENTATION_CONTEXT('2D SPACE',''
  ) );
#7514 = ORIENTED_EDGE('',*,*,#4890,.T.);
#7515 = ORIENTED_EDGE('',*,*,#7425,.F.);
#7516 = ORIENTED_EDGE('',*,*,#7517,.F.);
#7517 = EDGE_CURVE('',#6520,#7398,#7518,.T.);
#7518 = SURFACE_CURVE('',#7519,(#7523,#7530),.PCURVE_S1.);
#7519 = LINE('',#7520,#7521);
#7520 = CARTESIAN_POINT('',(12.340862003926,-3.625000000003,
    13.249999999994));
#7521 = VECTOR('',#7522,1.);
#7522 = DIRECTION('',(-0.433012701892,-0.75,-0.499999999999));
#7523 = PCURVE('',#4906,#7524);
#7524 = DEFINITIONAL_REPRESENTATION('',(#7525),#7529);
#7525 = LINE('',#7526,#7527);
#7526 = CARTESIAN_POINT('',(7.691850745539E-16,5.329070518201E-15));
#7527 = VECTOR('',#7528,1.);
#7528 = DIRECTION('',(1.,-1.1E-16));
#7529 = ( GEOMETRIC_REPRESENTATION_CONTEXT(2) 
PARAMETRIC_REPRESENTATION_CONTEXT() REPRESENTATION_CONTEXT('2D SPACE',''
  ) );
#7530 = PCURVE('',#7413,#7531);
#7531 = DEFINITIONAL_REPRESENTATION('',(#7532),#7536);
#7532 = LINE('',#7533,#7534);
#7533 = CARTESIAN_POINT('',(-1.750000000006,-3.031088913241));
#7534 = VECTOR('',#7535,1.);
#7535 = DIRECTION('',(-0.499999999999,0.866025403785));
#7536 = ( GEOMETRIC_REPRESENTATION_CONTEXT(2) 
PARAMETRIC_REPRESENTATION_CONTEXT() REPRESENTATION_CONTEXT('2D SPACE',''
  ) );
#7537 = ORIENTED_EDGE('',*,*,#7538,.T.);
#7538 = EDGE_CURVE('',#6520,#6470,#7539,.T.);
#7539 = SURFACE_CURVE('',#7540,(#7544,#7551),.PCURVE_S1.);
#7540 = LINE('',#7541,#7542);
#7541 = CARTESIAN_POINT('',(12.817175976013,-4.399999999995,13.));
#7542 = VECTOR('',#7543,1.);
#7543 = DIRECTION('',(0.866025403784,-0.5,7.E-17));
#7544 = PCURVE('',#4906,#7545);
#7545 = DEFINITIONAL_REPRESENTATION('',(#7546),#7550);
#7546 = LINE('',#7547,#7548);
#7547 = CARTESIAN_POINT('',(0.499999999988,-0.8));
#7548 = VECTOR('',#7549,1.);
#7549 = DIRECTION('',(-3.372962686384E-16,-1.));
#7550 = ( GEOMETRIC_REPRESENTATION_CONTEXT(2) 
PARAMETRIC_REPRESENTATION_CONTEXT() REPRESENTATION_CONTEXT('2D SPACE',''
  ) );
#7551 = PCURVE('',#6266,#7552);
#7552 = DEFINITIONAL_REPRESENTATION('',(#7553),#7557);
#7553 = LINE('',#7554,#7555);
#7554 = CARTESIAN_POINT('',(-2.59807621136,-0.8));
#7555 = VECTOR('',#7556,1.);
#7556 = DIRECTION('',(-2.22044604925E-16,1.));
#7557 = ( GEOMETRIC_REPRESENTATION_CONTEXT(2) 
PARAMETRIC_REPRESENTATION_CONTEXT() REPRESENTATION_CONTEXT('2D SPACE',''
  ) );
#7558 = ADVANCED_FACE('',(#7559),#5016,.F.);
#7559 = FACE_BOUND('',#7560,.F.);
#7560 = EDGE_LOOP('',(#7561,#7562,#7563,#7564));
#7561 = ORIENTED_EDGE('',*,*,#6377,.F.);
#7562 = ORIENTED_EDGE('',*,*,#7447,.T.);
#7563 = ORIENTED_EDGE('',*,*,#5002,.T.);
#7564 = ORIENTED_EDGE('',*,*,#7565,.F.);
#7565 = EDGE_CURVE('',#6378,#4975,#7566,.T.);
#7566 = SURFACE_CURVE('',#7567,(#7571,#7578),.PCURVE_S1.);
#7567 = LINE('',#7568,#7569);
#7568 = CARTESIAN_POINT('',(9.309773090684,-8.874999999997,
    16.750000000006));
#7569 = VECTOR('',#7570,1.);
#7570 = DIRECTION('',(0.866025403784,-0.5,-2.2E-16));
#7571 = PCURVE('',#5016,#7572);
#7572 = DEFINITIONAL_REPRESENTATION('',(#7573),#7577);
#7573 = LINE('',#7574,#7575);
#7574 = CARTESIAN_POINT('',(3.500000000006,7.700000000012E-16));
#7575 = VECTOR('',#7576,1.);
#7576 = DIRECTION('',(0.,-1.));
#7577 = ( GEOMETRIC_REPRESENTATION_CONTEXT(2) 
PARAMETRIC_REPRESENTATION_CONTEXT() REPRESENTATION_CONTEXT('2D SPACE',''
  ) );
#7578 = PCURVE('',#4990,#7579);
#7579 = DEFINITIONAL_REPRESENTATION('',(#7580),#7584);
#7580 = LINE('',#7581,#7582);
#7581 = CARTESIAN_POINT('',(0.,0.));
#7582 = VECTOR('',#7583,1.);
#7583 = DIRECTION('',(3.718739611018E-28,-1.));
#7584 = ( GEOMETRIC_REPRESENTATION_CONTEXT(2) 
PARAMETRIC_REPRESENTATION_CONTEXT() REPRESENTATION_CONTEXT('2D SPACE',''
  ) );
#7585 = ADVANCED_FACE('',(#7586),#4934,.F.);
#7586 = FACE_BOUND('',#7587,.F.);
#7587 = EDGE_LOOP('',(#7588,#7589,#7610,#7611));
#7588 = ORIENTED_EDGE('',*,*,#6446,.F.);
#7589 = ORIENTED_EDGE('',*,*,#7590,.T.);
#7590 = EDGE_CURVE('',#6424,#4919,#7591,.T.);
#7591 = SURFACE_CURVE('',#7592,(#7596,#7603),.PCURVE_S1.);
#7592 = LINE('',#7593,#7594);
#7593 = CARTESIAN_POINT('',(12.34086200393,-3.624999999997,
    16.749999999994));
#7594 = VECTOR('',#7595,1.);
#7595 = DIRECTION('',(0.866025403784,-0.5,-2.2E-16));
#7596 = PCURVE('',#4934,#7597);
#7597 = DEFINITIONAL_REPRESENTATION('',(#7598),#7602);
#7598 = LINE('',#7599,#7600);
#7599 = CARTESIAN_POINT('',(0.,0.));
#7600 = VECTOR('',#7601,1.);
#7601 = DIRECTION('',(0.,-1.));
#7602 = ( GEOMETRIC_REPRESENTATION_CONTEXT(2) 
PARAMETRIC_REPRESENTATION_CONTEXT() REPRESENTATION_CONTEXT('2D SPACE',''
  ) );
#7603 = PCURVE('',#4962,#7604);
#7604 = DEFINITIONAL_REPRESENTATION('',(#7605),#7609);
#7605 = LINE('',#7606,#7607);
#7606 = CARTESIAN_POINT('',(3.5,-3.85E-16));
#7607 = VECTOR('',#7608,1.);
#7608 = DIRECTION('',(3.822400864345E-28,-1.));
#7609 = ( GEOMETRIC_REPRESENTATION_CONTEXT(2) 
PARAMETRIC_REPRESENTATION_CONTEXT() REPRESENTATION_CONTEXT('2D SPACE',''
  ) );
#7610 = ORIENTED_EDGE('',*,*,#4918,.T.);
#7611 = ORIENTED_EDGE('',*,*,#7494,.F.);
#7612 = ADVANCED_FACE('',(#7613),#4990,.F.);
#7613 = FACE_BOUND('',#7614,.F.);
#7614 = EDGE_LOOP('',(#7615,#7616,#7617,#7618));
#7615 = ORIENTED_EDGE('',*,*,#6400,.F.);
#7616 = ORIENTED_EDGE('',*,*,#7565,.T.);
#7617 = ORIENTED_EDGE('',*,*,#4974,.T.);
#7618 = ORIENTED_EDGE('',*,*,#7619,.F.);
#7619 = EDGE_CURVE('',#6401,#4947,#7620,.T.);
#7620 = SURFACE_CURVE('',#7621,(#7625,#7632),.PCURVE_S1.);
#7621 = LINE('',#7622,#7623);
#7622 = CARTESIAN_POINT('',(10.825317547309,-6.249999999994,18.5));
#7623 = VECTOR('',#7624,1.);
#7624 = DIRECTION('',(0.866025403784,-0.5,-2.2E-16));
#7625 = PCURVE('',#4990,#7626);
#7626 = DEFINITIONAL_REPRESENTATION('',(#7627),#7631);
#7627 = LINE('',#7628,#7629);
#7628 = CARTESIAN_POINT('',(3.5,3.85E-16));
#7629 = VECTOR('',#7630,1.);
#7630 = DIRECTION('',(3.718739611018E-28,-1.));
#7631 = ( GEOMETRIC_REPRESENTATION_CONTEXT(2) 
PARAMETRIC_REPRESENTATION_CONTEXT() REPRESENTATION_CONTEXT('2D SPACE',''
  ) );
#7632 = PCURVE('',#4962,#7633);
#7633 = DEFINITIONAL_REPRESENTATION('',(#7634),#7638);
#7634 = LINE('',#7635,#7636);
#7635 = CARTESIAN_POINT('',(6.495190528627E-18,-1.970958118935E-36));
#7636 = VECTOR('',#7637,1.);
#7637 = DIRECTION('',(3.822400864345E-28,-1.));
#7638 = ( GEOMETRIC_REPRESENTATION_CONTEXT(2) 
PARAMETRIC_REPRESENTATION_CONTEXT() REPRESENTATION_CONTEXT('2D SPACE',''
  ) );
#7639 = ADVANCED_FACE('',(#7640),#4962,.F.);
#7640 = FACE_BOUND('',#7641,.F.);
#7641 = EDGE_LOOP('',(#7642,#7643,#7644,#7645));
#7642 = ORIENTED_EDGE('',*,*,#6423,.F.);
#7643 = ORIENTED_EDGE('',*,*,#7619,.T.);
#7644 = ORIENTED_EDGE('',*,*,#4946,.T.);
#7645 = ORIENTED_EDGE('',*,*,#7590,.F.);
#7646 = ADVANCED_FACE('',(#7647),#5052,.T.);
#7647 = FACE_BOUND('',#7648,.T.);
#7648 = EDGE_LOOP('',(#7649,#7650,#7651,#7674));
#7649 = ORIENTED_EDGE('',*,*,#5034,.F.);
#7650 = ORIENTED_EDGE('',*,*,#5209,.F.);
#7651 = ORIENTED_EDGE('',*,*,#7652,.T.);
#7652 = EDGE_CURVE('',#5210,#7653,#7655,.T.);
#7653 = VERTEX_POINT('',#7654);
#7654 = CARTESIAN_POINT('',(5.416029E-09,12.5,13.));
#7655 = SURFACE_CURVE('',#7656,(#7660,#7667),.PCURVE_S1.);
#7656 = LINE('',#7657,#7658);
#7657 = CARTESIAN_POINT('',(-3.2,12.5,13.));
#7658 = VECTOR('',#7659,1.);
#7659 = DIRECTION('',(1.,0.,0.));
#7660 = PCURVE('',#5052,#7661);
#7661 = DEFINITIONAL_REPRESENTATION('',(#7662),#7666);
#7662 = LINE('',#7663,#7664);
#7663 = CARTESIAN_POINT('',(-2.,-3.2));
#7664 = VECTOR('',#7665,1.);
#7665 = DIRECTION('',(0.,1.));
#7666 = ( GEOMETRIC_REPRESENTATION_CONTEXT(2) 
PARAMETRIC_REPRESENTATION_CONTEXT() REPRESENTATION_CONTEXT('2D SPACE',''
  ) );
#7667 = PCURVE('',#6843,#7668);
#7668 = DEFINITIONAL_REPRESENTATION('',(#7669),#7673);
#7669 = LINE('',#7670,#7671);
#7670 = CARTESIAN_POINT('',(-2.,-3.2));
#7671 = VECTOR('',#7672,1.);
#7672 = DIRECTION('',(0.,1.));
#7673 = ( GEOMETRIC_REPRESENTATION_CONTEXT(2) 
PARAMETRIC_REPRESENTATION_CONTEXT() REPRESENTATION_CONTEXT('2D SPACE',''
  ) );
#7674 = ORIENTED_EDGE('',*,*,#7675,.T.);
#7675 = EDGE_CURVE('',#7653,#5037,#7676,.T.);
#7676 = SURFACE_CURVE('',#7677,(#7681,#7688),.PCURVE_S1.);
#7677 = LINE('',#7678,#7679);
#7678 = CARTESIAN_POINT('',(-3.2,12.5,13.));
#7679 = VECTOR('',#7680,1.);
#7680 = DIRECTION('',(1.,0.,0.));
#7681 = PCURVE('',#5052,#7682);
#7682 = DEFINITIONAL_REPRESENTATION('',(#7683),#7687);
#7683 = LINE('',#7684,#7685);
#7684 = CARTESIAN_POINT('',(-2.,-3.2));
#7685 = VECTOR('',#7686,1.);
#7686 = DIRECTION('',(0.,1.));
#7687 = ( GEOMETRIC_REPRESENTATION_CONTEXT(2) 
PARAMETRIC_REPRESENTATION_CONTEXT() REPRESENTATION_CONTEXT('2D SPACE',''
  ) );
#7688 = PCURVE('',#6843,#7689);
#7689 = DEFINITIONAL_REPRESENTATION('',(#7690),#7694);
#7690 = LINE('',#7691,#7692);
#7691 = CARTESIAN_POINT('',(-2.,-3.2));
#7692 = VECTOR('',#7693,1.);
#7693 = DIRECTION('',(0.,1.));
#7694 = ( GEOMETRIC_REPRESENTATION_CONTEXT(2) 
PARAMETRIC_REPRESENTATION_CONTEXT() REPRESENTATION_CONTEXT('2D SPACE',''
  ) );
#7695 = ADVANCED_FACE('',(#7696),#5146,.T.);
#7696 = FACE_BOUND('',#7697,.T.);
#7697 = EDGE_LOOP('',(#7698,#7699,#7700,#7701));
#7698 = ORIENTED_EDGE('',*,*,#7093,.T.);
#7699 = ORIENTED_EDGE('',*,*,#5132,.T.);
#7700 = ORIENTED_EDGE('',*,*,#6968,.T.);
#7701 = ORIENTED_EDGE('',*,*,#7042,.T.);
#7702 = ADVANCED_FACE('',(#7703),#5246,.T.);
#7703 = FACE_BOUND('',#7704,.T.);
#7704 = EDGE_LOOP('',(#7705,#7706,#7707,#7708));
#7705 = ORIENTED_EDGE('',*,*,#7120,.T.);
#7706 = ORIENTED_EDGE('',*,*,#7015,.T.);
#7707 = ORIENTED_EDGE('',*,*,#6806,.T.);
#7708 = ORIENTED_EDGE('',*,*,#5232,.T.);
#7709 = ADVANCED_FACE('',(#7710,#7745),#5474,.T.);
#7710 = FACE_BOUND('',#7711,.T.);
#7711 = EDGE_LOOP('',(#7712));
#7712 = ORIENTED_EDGE('',*,*,#7713,.F.);
#7713 = EDGE_CURVE('',#7714,#7714,#7716,.T.);
#7714 = VERTEX_POINT('',#7715);
#7715 = CARTESIAN_POINT('',(2.,12.,15.));
#7716 = SURFACE_CURVE('',#7717,(#7722,#7733),.PCURVE_S1.);
#7717 = CIRCLE('',#7718,2.);
#7718 = AXIS2_PLACEMENT_3D('',#7719,#7720,#7721);
#7719 = CARTESIAN_POINT('',(0.,12.,15.));
#7720 = DIRECTION('',(0.,-1.,0.));
#7721 = DIRECTION('',(1.,0.,0.));
#7722 = PCURVE('',#5474,#7723);
#7723 = DEFINITIONAL_REPRESENTATION('',(#7724),#7732);
#7724 = ( BOUNDED_CURVE() B_SPLINE_CURVE(2,(#7725,#7726,#7727,#7728,
#7729,#7730,#7731),.UNSPECIFIED.,.T.,.F.) B_SPLINE_CURVE_WITH_KNOTS((1,2
    ,2,2,2,1),(-2.094395102393,0.,2.094395102393,4.188790204786,
6.28318530718,8.377580409573),.UNSPECIFIED.) CURVE() 
GEOMETRIC_REPRESENTATION_ITEM() RATIONAL_B_SPLINE_CURVE((1.,0.5,1.,0.5,
1.,0.5,1.)) REPRESENTATION_ITEM('') );
#7725 = CARTESIAN_POINT('',(3.552713678801E-15,2.));
#7726 = CARTESIAN_POINT('',(3.464101615138,2.));
#7727 = CARTESIAN_POINT('',(1.732050807569,-1.));
#7728 = CARTESIAN_POINT('',(4.042572398459E-15,-4.));
#7729 = CARTESIAN_POINT('',(-1.732050807569,-1.));
#7730 = CARTESIAN_POINT('',(-3.464101615138,2.));
#7731 = CARTESIAN_POINT('',(3.552713678801E-15,2.));
#7732 = ( GEOMETRIC_REPRESENTATION_CONTEXT(2) 
PARAMETRIC_REPRESENTATION_CONTEXT() REPRESENTATION_CONTEXT('2D SPACE',''
  ) );
#7733 = PCURVE('',#7734,#7739);
#7734 = CYLINDRICAL_SURFACE('',#7735,2.);
#7735 = AXIS2_PLACEMENT_3D('',#7736,#7737,#7738);
#7736 = CARTESIAN_POINT('',(0.,19.,15.));
#7737 = DIRECTION('',(0.,1.,-2.2E-16));
#7738 = DIRECTION('',(1.,0.,0.));
#7739 = DEFINITIONAL_REPRESENTATION('',(#7740),#7744);
#7740 = LINE('',#7741,#7742);
#7741 = CARTESIAN_POINT('',(-0.,-7.));
#7742 = VECTOR('',#7743,1.);
#7743 = DIRECTION('',(-1.,0.));
#7744 = ( GEOMETRIC_REPRESENTATION_CONTEXT(2) 
PARAMETRIC_REPRESENTATION_CONTEXT() REPRESENTATION_CONTEXT('2D SPACE',''
  ) );
#7745 = FACE_BOUND('',#7746,.T.);
#7746 = EDGE_LOOP('',(#7747));
#7747 = ORIENTED_EDGE('',*,*,#5459,.T.);
#7748 = ADVANCED_FACE('',(#7749,#7784),#5533,.T.);
#7749 = FACE_BOUND('',#7750,.T.);
#7750 = EDGE_LOOP('',(#7751));
#7751 = ORIENTED_EDGE('',*,*,#7752,.F.);
#7752 = EDGE_CURVE('',#7753,#7753,#7755,.T.);
#7753 = VERTEX_POINT('',#7754);
#7754 = CARTESIAN_POINT('',(-11.39230484541,-4.267949192431,15.));
#7755 = SURFACE_CURVE('',#7756,(#7761,#7772),.PCURVE_S1.);
#7756 = CIRCLE('',#7757,2.);
#7757 = AXIS2_PLACEMENT_3D('',#7758,#7759,#7760);
#7758 = CARTESIAN_POINT('',(-10.39230484541,-6.,15.));
#7759 = DIRECTION('',(0.866025403784,0.5,-0.));
#7760 = DIRECTION('',(-0.5,0.866025403784,0.));
#7761 = PCURVE('',#5533,#7762);
#7762 = DEFINITIONAL_REPRESENTATION('',(#7763),#7771);
#7763 = ( BOUNDED_CURVE() B_SPLINE_CURVE(2,(#7764,#7765,#7766,#7767,
#7768,#7769,#7770),.UNSPECIFIED.,.T.,.F.) B_SPLINE_CURVE_WITH_KNOTS((1,2
    ,2,2,2,1),(-2.094395102393,0.,2.094395102393,4.188790204786,
6.28318530718,8.377580409573),.UNSPECIFIED.) CURVE() 
GEOMETRIC_REPRESENTATION_ITEM() RATIONAL_B_SPLINE_CURVE((1.,0.5,1.,0.5,
1.,0.5,1.)) REPRESENTATION_ITEM('') );
#7764 = CARTESIAN_POINT('',(3.552713678801E-15,2.));
#7765 = CARTESIAN_POINT('',(3.464101615138,2.));
#7766 = CARTESIAN_POINT('',(1.732050807569,-1.));
#7767 = CARTESIAN_POINT('',(4.042572398459E-15,-4.));
#7768 = CARTESIAN_POINT('',(-1.732050807569,-1.));
#7769 = CARTESIAN_POINT('',(-3.464101615138,2.));
#7770 = CARTESIAN_POINT('',(3.552713678801E-15,2.));
#7771 = ( GEOMETRIC_REPRESENTATION_CONTEXT(2) 
PARAMETRIC_REPRESENTATION_CONTEXT() REPRESENTATION_CONTEXT('2D SPACE',''
  ) );
#7772 = PCURVE('',#7773,#7778);
#7773 = CYLINDRICAL_SURFACE('',#7774,2.);
#7774 = AXIS2_PLACEMENT_3D('',#7775,#7776,#7777);
#7775 = CARTESIAN_POINT('',(-16.4544826719,-9.5,15.));
#7776 = DIRECTION('',(-0.866025403784,-0.5,-2.2E-16));
#7777 = DIRECTION('',(-0.5,0.866025403784,0.));
#7778 = DEFINITIONAL_REPRESENTATION('',(#7779),#7783);
#7779 = LINE('',#7780,#7781);
#7780 = CARTESIAN_POINT('',(-0.,-7.));
#7781 = VECTOR('',#7782,1.);
#7782 = DIRECTION('',(-1.,0.));
#7783 = ( GEOMETRIC_REPRESENTATION_CONTEXT(2) 
PARAMETRIC_REPRESENTATION_CONTEXT() REPRESENTATION_CONTEXT('2D SPACE',''
  ) );
#7784 = FACE_BOUND('',#7785,.T.);
#7785 = EDGE_LOOP('',(#7786));
#7786 = ORIENTED_EDGE('',*,*,#5518,.T.);
#7787 = ADVANCED_FACE('',(#7788,#7823),#5592,.T.);
#7788 = FACE_BOUND('',#7789,.T.);
#7789 = EDGE_LOOP('',(#7790));
#7790 = ORIENTED_EDGE('',*,*,#7791,.F.);
#7791 = EDGE_CURVE('',#7792,#7792,#7794,.T.);
#7792 = VERTEX_POINT('',#7793);
#7793 = CARTESIAN_POINT('',(9.392304845413,-7.732050807569,15.));
#7794 = SURFACE_CURVE('',#7795,(#7800,#7811),.PCURVE_S1.);
#7795 = CIRCLE('',#7796,2.);
#7796 = AXIS2_PLACEMENT_3D('',#7797,#7798,#7799);
#7797 = CARTESIAN_POINT('',(10.392304845413,-6.,15.));
#7798 = DIRECTION('',(-0.866025403784,0.5,0.));
#7799 = DIRECTION('',(-0.5,-0.866025403784,0.));
#7800 = PCURVE('',#5592,#7801);
#7801 = DEFINITIONAL_REPRESENTATION('',(#7802),#7810);
#7802 = ( BOUNDED_CURVE() B_SPLINE_CURVE(2,(#7803,#7804,#7805,#7806,
#7807,#7808,#7809),.UNSPECIFIED.,.T.,.F.) B_SPLINE_CURVE_WITH_KNOTS((1,2
    ,2,2,2,1),(-2.094395102393,0.,2.094395102393,4.188790204786,
6.28318530718,8.377580409573),.UNSPECIFIED.) CURVE() 
GEOMETRIC_REPRESENTATION_ITEM() RATIONAL_B_SPLINE_CURVE((1.,0.5,1.,0.5,
1.,0.5,1.)) REPRESENTATION_ITEM('') );
#7803 = CARTESIAN_POINT('',(3.552713678801E-15,2.));
#7804 = CARTESIAN_POINT('',(3.464101615138,2.));
#7805 = CARTESIAN_POINT('',(1.732050807569,-1.));
#7806 = CARTESIAN_POINT('',(4.042572398459E-15,-4.));
#7807 = CARTESIAN_POINT('',(-1.732050807569,-1.));
#7808 = CARTESIAN_POINT('',(-3.464101615138,2.));
#7809 = CARTESIAN_POINT('',(3.552713678801E-15,2.));
#7810 = ( GEOMETRIC_REPRESENTATION_CONTEXT(2) 
PARAMETRIC_REPRESENTATION_CONTEXT() REPRESENTATION_CONTEXT('2D SPACE',''
  ) );
#7811 = PCURVE('',#7812,#7817);
#7812 = CYLINDRICAL_SURFACE('',#7813,2.);
#7813 = AXIS2_PLACEMENT_3D('',#7814,#7815,#7816);
#7814 = CARTESIAN_POINT('',(16.454482671904,-9.5,15.));
#7815 = DIRECTION('',(0.866025403784,-0.5,-2.2E-16));
#7816 = DIRECTION('',(-0.5,-0.866025403784,0.));
#7817 = DEFINITIONAL_REPRESENTATION('',(#7818),#7822);
#7818 = LINE('',#7819,#7820);
#7819 = CARTESIAN_POINT('',(-0.,-7.));
#7820 = VECTOR('',#7821,1.);
#7821 = DIRECTION('',(-1.,0.));
#7822 = ( GEOMETRIC_REPRESENTATION_CONTEXT(2) 
PARAMETRIC_REPRESENTATION_CONTEXT() REPRESENTATION_CONTEXT('2D SPACE',''
  ) );
#7823 = FACE_BOUND('',#7824,.T.);
#7824 = EDGE_LOOP('',(#7825));
#7825 = ORIENTED_EDGE('',*,*,#5577,.T.);
#7826 = ADVANCED_FACE('',(#7827),#5733,.T.);
#7827 = FACE_BOUND('',#7828,.T.);
#7828 = EDGE_LOOP('',(#7829,#7830,#7831,#7832));
#7829 = ORIENTED_EDGE('',*,*,#5959,.T.);
#7830 = ORIENTED_EDGE('',*,*,#5717,.T.);
#7831 = ORIENTED_EDGE('',*,*,#5986,.T.);
#7832 = ORIENTED_EDGE('',*,*,#7285,.T.);
#7833 = ADVANCED_FACE('',(#7834),#5809,.T.);
#7834 = FACE_BOUND('',#7835,.T.);
#7835 = EDGE_LOOP('',(#7836,#7837,#7838,#7839));
#7836 = ORIENTED_EDGE('',*,*,#5793,.T.);
#7837 = ORIENTED_EDGE('',*,*,#7216,.T.);
#7838 = ORIENTED_EDGE('',*,*,#6152,.T.);
#7839 = ORIENTED_EDGE('',*,*,#6201,.T.);
#7840 = ADVANCED_FACE('',(#7841,#7893),#6025,.T.);
#7841 = FACE_BOUND('',#7842,.T.);
#7842 = EDGE_LOOP('',(#7843,#7844,#7867,#7888,#7889,#7890,#7891,#7892));
#7843 = ORIENTED_EDGE('',*,*,#6129,.F.);
#7844 = ORIENTED_EDGE('',*,*,#7845,.F.);
#7845 = EDGE_CURVE('',#7846,#6130,#7848,.T.);
#7846 = VERTEX_POINT('',#7847);
#7847 = CARTESIAN_POINT('',(-10.82531754064,-6.250000011533,13.));
#7848 = SURFACE_CURVE('',#7849,(#7853,#7860),.PCURVE_S1.);
#7849 = LINE('',#7850,#7851);
#7850 = CARTESIAN_POINT('',(-9.225317547305,-9.02128129211,13.));
#7851 = VECTOR('',#7852,1.);
#7852 = DIRECTION('',(-0.5,0.866025403784,0.));
#7853 = PCURVE('',#6025,#7854);
#7854 = DEFINITIONAL_REPRESENTATION('',(#7855),#7859);
#7855 = LINE('',#7856,#7857);
#7856 = CARTESIAN_POINT('',(-2.,-3.2));
#7857 = VECTOR('',#7858,1.);
#7858 = DIRECTION('',(0.,1.));
#7859 = ( GEOMETRIC_REPRESENTATION_CONTEXT(2) 
PARAMETRIC_REPRESENTATION_CONTEXT() REPRESENTATION_CONTEXT('2D SPACE',''
  ) );
#7860 = PCURVE('',#7160,#7861);
#7861 = DEFINITIONAL_REPRESENTATION('',(#7862),#7866);
#7862 = LINE('',#7863,#7864);
#7863 = CARTESIAN_POINT('',(-2.,-3.2));
#7864 = VECTOR('',#7865,1.);
#7865 = DIRECTION('',(0.,1.));
#7866 = ( GEOMETRIC_REPRESENTATION_CONTEXT(2) 
PARAMETRIC_REPRESENTATION_CONTEXT() REPRESENTATION_CONTEXT('2D SPACE',''
  ) );
#7867 = ORIENTED_EDGE('',*,*,#7868,.F.);
#7868 = EDGE_CURVE('',#5987,#7846,#7869,.T.);
#7869 = SURFACE_CURVE('',#7870,(#7874,#7881),.PCURVE_S1.);
#7870 = LINE('',#7871,#7872);
#7871 = CARTESIAN_POINT('',(-9.225317547305,-9.02128129211,13.));
#7872 = VECTOR('',#7873,1.);
#7873 = DIRECTION('',(-0.5,0.866025403784,0.));
#7874 = PCURVE('',#6025,#7875);
#7875 = DEFINITIONAL_REPRESENTATION('',(#7876),#7880);
#7876 = LINE('',#7877,#7878);
#7877 = CARTESIAN_POINT('',(-2.,-3.2));
#7878 = VECTOR('',#7879,1.);
#7879 = DIRECTION('',(0.,1.));
#7880 = ( GEOMETRIC_REPRESENTATION_CONTEXT(2) 
PARAMETRIC_REPRESENTATION_CONTEXT() REPRESENTATION_CONTEXT('2D SPACE',''
  ) );
#7881 = PCURVE('',#7160,#7882);
#7882 = DEFINITIONAL_REPRESENTATION('',(#7883),#7887);
#7883 = LINE('',#7884,#7885);
#7884 = CARTESIAN_POINT('',(-2.,-3.2));
#7885 = VECTOR('',#7886,1.);
#7886 = DIRECTION('',(0.,1.));
#7887 = ( GEOMETRIC_REPRESENTATION_CONTEXT(2) 
PARAMETRIC_REPRESENTATION_CONTEXT() REPRESENTATION_CONTEXT('2D SPACE',''
  ) );
#7888 = ORIENTED_EDGE('',*,*,#6009,.F.);
#7889 = ORIENTED_EDGE('',*,*,#6037,.F.);
#7890 = ORIENTED_EDGE('',*,*,#6060,.F.);
#7891 = ORIENTED_EDGE('',*,*,#6083,.F.);
#7892 = ORIENTED_EDGE('',*,*,#6106,.F.);
#7893 = FACE_BOUND('',#7894,.T.);
#7894 = EDGE_LOOP('',(#7895,#7921));
#7895 = ORIENTED_EDGE('',*,*,#7896,.F.);
#7896 = EDGE_CURVE('',#7897,#7899,#7901,.T.);
#7897 = VERTEX_POINT('',#7898);
#7898 = CARTESIAN_POINT('',(-10.82531754064,-6.250000011533,13.));
#7899 = VERTEX_POINT('',#7900);
#7900 = CARTESIAN_POINT('',(-11.8253175473,-4.517949192431,15.));
#7901 = SURFACE_CURVE('',#7902,(#7907,#7914),.PCURVE_S1.);
#7902 = CIRCLE('',#7903,2.);
#7903 = AXIS2_PLACEMENT_3D('',#7904,#7905,#7906);
#7904 = CARTESIAN_POINT('',(-10.8253175473,-6.25,15.));
#7905 = DIRECTION('',(-0.866025403784,-0.5,4.E-17));
#7906 = DIRECTION('',(-0.5,0.866025403784,7.E-17));
#7907 = PCURVE('',#6025,#7908);
#7908 = DEFINITIONAL_REPRESENTATION('',(#7909),#7913);
#7909 = CIRCLE('',#7910,2.);
#7910 = AXIS2_PLACEMENT_2D('',#7911,#7912);
#7911 = CARTESIAN_POINT('',(2.735589532676E-13,4.189376177568E-13));
#7912 = DIRECTION('',(7.E-17,1.));
#7913 = ( GEOMETRIC_REPRESENTATION_CONTEXT(2) 
PARAMETRIC_REPRESENTATION_CONTEXT() REPRESENTATION_CONTEXT('2D SPACE',''
  ) );
#7914 = PCURVE('',#7773,#7915);
#7915 = DEFINITIONAL_REPRESENTATION('',(#7916),#7920);
#7916 = LINE('',#7917,#7918);
#7917 = CARTESIAN_POINT('',(-6.28318530718,-6.5));
#7918 = VECTOR('',#7919,1.);
#7919 = DIRECTION('',(1.,-0.));
#7920 = ( GEOMETRIC_REPRESENTATION_CONTEXT(2) 
PARAMETRIC_REPRESENTATION_CONTEXT() REPRESENTATION_CONTEXT('2D SPACE',''
  ) );
#7921 = ORIENTED_EDGE('',*,*,#7922,.F.);
#7922 = EDGE_CURVE('',#7899,#7897,#7923,.T.);
#7923 = SURFACE_CURVE('',#7924,(#7929,#7936),.PCURVE_S1.);
#7924 = CIRCLE('',#7925,2.);
#7925 = AXIS2_PLACEMENT_3D('',#7926,#7927,#7928);
#7926 = CARTESIAN_POINT('',(-10.8253175473,-6.25,15.));
#7927 = DIRECTION('',(-0.866025403784,-0.5,4.E-17));
#7928 = DIRECTION('',(-0.5,0.866025403784,7.E-17));
#7929 = PCURVE('',#6025,#7930);
#7930 = DEFINITIONAL_REPRESENTATION('',(#7931),#7935);
#7931 = CIRCLE('',#7932,2.);
#7932 = AXIS2_PLACEMENT_2D('',#7933,#7934);
#7933 = CARTESIAN_POINT('',(2.735589532676E-13,4.189376177568E-13));
#7934 = DIRECTION('',(7.E-17,1.));
#7935 = ( GEOMETRIC_REPRESENTATION_CONTEXT(2) 
PARAMETRIC_REPRESENTATION_CONTEXT() REPRESENTATION_CONTEXT('2D SPACE',''
  ) );
#7936 = PCURVE('',#7773,#7937);
#7937 = DEFINITIONAL_REPRESENTATION('',(#7938),#7942);
#7938 = LINE('',#7939,#7940);
#7939 = CARTESIAN_POINT('',(-6.28318530718,-6.5));
#7940 = VECTOR('',#7941,1.);
#7941 = DIRECTION('',(1.,-0.));
#7942 = ( GEOMETRIC_REPRESENTATION_CONTEXT(2) 
PARAMETRIC_REPRESENTATION_CONTEXT() REPRESENTATION_CONTEXT('2D SPACE',''
  ) );
#7943 = ADVANCED_FACE('',(#7944),#6266,.T.);
#7944 = FACE_BOUND('',#7945,.T.);
#7945 = EDGE_LOOP('',(#7946,#7947,#7948,#7949));
#7946 = ORIENTED_EDGE('',*,*,#6492,.T.);
#7947 = ORIENTED_EDGE('',*,*,#6250,.T.);
#7948 = ORIENTED_EDGE('',*,*,#6519,.T.);
#7949 = ORIENTED_EDGE('',*,*,#7538,.T.);
#7950 = ADVANCED_FACE('',(#7951),#6342,.T.);
#7951 = FACE_BOUND('',#7952,.T.);
#7952 = EDGE_LOOP('',(#7953,#7954,#7955,#7956));
#7953 = ORIENTED_EDGE('',*,*,#6326,.T.);
#7954 = ORIENTED_EDGE('',*,*,#7469,.T.);
#7955 = ORIENTED_EDGE('',*,*,#6685,.T.);
#7956 = ORIENTED_EDGE('',*,*,#6734,.T.);
#7957 = ADVANCED_FACE('',(#7958,#8010),#6558,.T.);
#7958 = FACE_BOUND('',#7959,.T.);
#7959 = EDGE_LOOP('',(#7960,#7961,#7984,#8005,#8006,#8007,#8008,#8009));
#7960 = ORIENTED_EDGE('',*,*,#6662,.F.);
#7961 = ORIENTED_EDGE('',*,*,#7962,.F.);
#7962 = EDGE_CURVE('',#7963,#6663,#7965,.T.);
#7963 = VERTEX_POINT('',#7964);
#7964 = CARTESIAN_POINT('',(10.825317547305,-6.25,13.));
#7965 = SURFACE_CURVE('',#7966,(#7970,#7977),.PCURVE_S1.);
#7966 = LINE('',#7967,#7968);
#7967 = CARTESIAN_POINT('',(12.425317547305,-3.47871870789,13.));
#7968 = VECTOR('',#7969,1.);
#7969 = DIRECTION('',(-0.5,-0.866025403784,0.));
#7970 = PCURVE('',#6558,#7971);
#7971 = DEFINITIONAL_REPRESENTATION('',(#7972),#7976);
#7972 = LINE('',#7973,#7974);
#7973 = CARTESIAN_POINT('',(-2.,-3.2));
#7974 = VECTOR('',#7975,1.);
#7975 = DIRECTION('',(0.,1.));
#7976 = ( GEOMETRIC_REPRESENTATION_CONTEXT(2) 
PARAMETRIC_REPRESENTATION_CONTEXT() REPRESENTATION_CONTEXT('2D SPACE',''
  ) );
#7977 = PCURVE('',#7413,#7978);
#7978 = DEFINITIONAL_REPRESENTATION('',(#7979),#7983);
#7979 = LINE('',#7980,#7981);
#7980 = CARTESIAN_POINT('',(-2.,-3.2));
#7981 = VECTOR('',#7982,1.);
#7982 = DIRECTION('',(0.,1.));
#7983 = ( GEOMETRIC_REPRESENTATION_CONTEXT(2) 
PARAMETRIC_REPRESENTATION_CONTEXT() REPRESENTATION_CONTEXT('2D SPACE',''
  ) );
#7984 = ORIENTED_EDGE('',*,*,#7985,.F.);
#7985 = EDGE_CURVE('',#6520,#7963,#7986,.T.);
#7986 = SURFACE_CURVE('',#7987,(#7991,#7998),.PCURVE_S1.);
#7987 = LINE('',#7988,#7989);
#7988 = CARTESIAN_POINT('',(12.425317547305,-3.47871870789,13.));
#7989 = VECTOR('',#7990,1.);
#7990 = DIRECTION('',(-0.5,-0.866025403784,0.));
#7991 = PCURVE('',#6558,#7992);
#7992 = DEFINITIONAL_REPRESENTATION('',(#7993),#7997);
#7993 = LINE('',#7994,#7995);
#7994 = CARTESIAN_POINT('',(-2.,-3.2));
#7995 = VECTOR('',#7996,1.);
#7996 = DIRECTION('',(0.,1.));
#7997 = ( GEOMETRIC_REPRESENTATION_CONTEXT(2) 
PARAMETRIC_REPRESENTATION_CONTEXT() REPRESENTATION_CONTEXT('2D SPACE',''
  ) );
#7998 = PCURVE('',#7413,#7999);
#7999 = DEFINITIONAL_REPRESENTATION('',(#8000),#8004);
#8000 = LINE('',#8001,#8002);
#8001 = CARTESIAN_POINT('',(-2.,-3.2));
#8002 = VECTOR('',#8003,1.);
#8003 = DIRECTION('',(0.,1.));
#8004 = ( GEOMETRIC_REPRESENTATION_CONTEXT(2) 
PARAMETRIC_REPRESENTATION_CONTEXT() REPRESENTATION_CONTEXT('2D SPACE',''
  ) );
#8005 = ORIENTED_EDGE('',*,*,#6542,.F.);
#8006 = ORIENTED_EDGE('',*,*,#6570,.F.);
#8007 = ORIENTED_EDGE('',*,*,#6593,.F.);
#8008 = ORIENTED_EDGE('',*,*,#6616,.F.);
#8009 = ORIENTED_EDGE('',*,*,#6639,.F.);
#8010 = FACE_BOUND('',#8011,.T.);
#8011 = EDGE_LOOP('',(#8012,#8038));
#8012 = ORIENTED_EDGE('',*,*,#8013,.F.);
#8013 = EDGE_CURVE('',#8014,#8016,#8018,.T.);
#8014 = VERTEX_POINT('',#8015);
#8015 = CARTESIAN_POINT('',(10.825317547305,-6.25,13.));
#8016 = VERTEX_POINT('',#8017);
#8017 = CARTESIAN_POINT('',(9.825317547305,-7.982050807569,15.));
#8018 = SURFACE_CURVE('',#8019,(#8024,#8031),.PCURVE_S1.);
#8019 = CIRCLE('',#8020,2.);
#8020 = AXIS2_PLACEMENT_3D('',#8021,#8022,#8023);
#8021 = CARTESIAN_POINT('',(10.825317547305,-6.25,15.));
#8022 = DIRECTION('',(0.866025403784,-0.5,-1.5E-16));
#8023 = DIRECTION('',(-0.5,-0.866025403784,2.6E-16));
#8024 = PCURVE('',#6558,#8025);
#8025 = DEFINITIONAL_REPRESENTATION('',(#8026),#8030);
#8026 = CIRCLE('',#8027,2.);
#8027 = AXIS2_PLACEMENT_2D('',#8028,#8029);
#8028 = CARTESIAN_POINT('',(2.806643806252E-13,4.19481719372E-13));
#8029 = DIRECTION('',(2.6E-16,1.));
#8030 = ( GEOMETRIC_REPRESENTATION_CONTEXT(2) 
PARAMETRIC_REPRESENTATION_CONTEXT() REPRESENTATION_CONTEXT('2D SPACE',''
  ) );
#8031 = PCURVE('',#7812,#8032);
#8032 = DEFINITIONAL_REPRESENTATION('',(#8033),#8037);
#8033 = LINE('',#8034,#8035);
#8034 = CARTESIAN_POINT('',(-6.28318530718,-6.5));
#8035 = VECTOR('',#8036,1.);
#8036 = DIRECTION('',(1.,-0.));
#8037 = ( GEOMETRIC_REPRESENTATION_CONTEXT(2) 
PARAMETRIC_REPRESENTATION_CONTEXT() REPRESENTATION_CONTEXT('2D SPACE',''
  ) );
#8038 = ORIENTED_EDGE('',*,*,#8039,.F.);
#8039 = EDGE_CURVE('',#8016,#8014,#8040,.T.);
#8040 = SURFACE_CURVE('',#8041,(#8046,#8053),.PCURVE_S1.);
#8041 = CIRCLE('',#8042,2.);
#8042 = AXIS2_PLACEMENT_3D('',#8043,#8044,#8045);
#8043 = CARTESIAN_POINT('',(10.825317547305,-6.25,15.));
#8044 = DIRECTION('',(0.866025403784,-0.5,-1.5E-16));
#8045 = DIRECTION('',(-0.5,-0.866025403784,2.6E-16));
#8046 = PCURVE('',#6558,#8047);
#8047 = DEFINITIONAL_REPRESENTATION('',(#8048),#8052);
#8048 = CIRCLE('',#8049,2.);
#8049 = AXIS2_PLACEMENT_2D('',#8050,#8051);
#8050 = CARTESIAN_POINT('',(2.806643806252E-13,4.19481719372E-13));
#8051 = DIRECTION('',(2.6E-16,1.));
#8052 = ( GEOMETRIC_REPRESENTATION_CONTEXT(2) 
PARAMETRIC_REPRESENTATION_CONTEXT() REPRESENTATION_CONTEXT('2D SPACE',''
  ) );
#8053 = PCURVE('',#7812,#8054);
#8054 = DEFINITIONAL_REPRESENTATION('',(#8055),#8059);
#8055 = LINE('',#8056,#8057);
#8056 = CARTESIAN_POINT('',(-6.28318530718,-6.5));
#8057 = VECTOR('',#8058,1.);
#8058 = DIRECTION('',(1.,-0.));
#8059 = ( GEOMETRIC_REPRESENTATION_CONTEXT(2) 
PARAMETRIC_REPRESENTATION_CONTEXT() REPRESENTATION_CONTEXT('2D SPACE',''
  ) );
#8060 = ADVANCED_FACE('',(#8061,#8071),#6843,.T.);
#8061 = FACE_BOUND('',#8062,.T.);
#8062 = EDGE_LOOP('',(#8063,#8064,#8065,#8066,#8067,#8068,#8069,#8070));
#8063 = ORIENTED_EDGE('',*,*,#6947,.F.);
#8064 = ORIENTED_EDGE('',*,*,#7675,.F.);
#8065 = ORIENTED_EDGE('',*,*,#7652,.F.);
#8066 = ORIENTED_EDGE('',*,*,#6827,.F.);
#8067 = ORIENTED_EDGE('',*,*,#6855,.F.);
#8068 = ORIENTED_EDGE('',*,*,#6878,.F.);
#8069 = ORIENTED_EDGE('',*,*,#6901,.F.);
#8070 = ORIENTED_EDGE('',*,*,#6924,.F.);
#8071 = FACE_BOUND('',#8072,.T.);
#8072 = EDGE_LOOP('',(#8073,#8099));
#8073 = ORIENTED_EDGE('',*,*,#8074,.F.);
#8074 = EDGE_CURVE('',#8075,#8077,#8079,.T.);
#8075 = VERTEX_POINT('',#8076);
#8076 = CARTESIAN_POINT('',(5.416029E-09,12.5,13.));
#8077 = VERTEX_POINT('',#8078);
#8078 = CARTESIAN_POINT('',(2.,12.5,15.));
#8079 = SURFACE_CURVE('',#8080,(#8085,#8092),.PCURVE_S1.);
#8080 = CIRCLE('',#8081,2.);
#8081 = AXIS2_PLACEMENT_3D('',#8082,#8083,#8084);
#8082 = CARTESIAN_POINT('',(0.,12.5,15.));
#8083 = DIRECTION('',(0.,1.,-2.2E-16));
#8084 = DIRECTION('',(1.,0.,0.));
#8085 = PCURVE('',#6843,#8086);
#8086 = DEFINITIONAL_REPRESENTATION('',(#8087),#8091);
#8087 = CIRCLE('',#8088,2.);
#8088 = AXIS2_PLACEMENT_2D('',#8089,#8090);
#8089 = CARTESIAN_POINT('',(2.735589532676E-13,4.2079E-13));
#8090 = DIRECTION('',(0.,1.));
#8091 = ( GEOMETRIC_REPRESENTATION_CONTEXT(2) 
PARAMETRIC_REPRESENTATION_CONTEXT() REPRESENTATION_CONTEXT('2D SPACE',''
  ) );
#8092 = PCURVE('',#7734,#8093);
#8093 = DEFINITIONAL_REPRESENTATION('',(#8094),#8098);
#8094 = LINE('',#8095,#8096);
#8095 = CARTESIAN_POINT('',(-6.28318530718,-6.5));
#8096 = VECTOR('',#8097,1.);
#8097 = DIRECTION('',(1.,-0.));
#8098 = ( GEOMETRIC_REPRESENTATION_CONTEXT(2) 
PARAMETRIC_REPRESENTATION_CONTEXT() REPRESENTATION_CONTEXT('2D SPACE',''
  ) );
#8099 = ORIENTED_EDGE('',*,*,#8100,.F.);
#8100 = EDGE_CURVE('',#8077,#8075,#8101,.T.);
#8101 = SURFACE_CURVE('',#8102,(#8107,#8114),.PCURVE_S1.);
#8102 = CIRCLE('',#8103,2.);
#8103 = AXIS2_PLACEMENT_3D('',#8104,#8105,#8106);
#8104 = CARTESIAN_POINT('',(0.,12.5,15.));
#8105 = DIRECTION('',(0.,1.,-2.2E-16));
#8106 = DIRECTION('',(1.,0.,0.));
#8107 = PCURVE('',#6843,#8108);
#8108 = DEFINITIONAL_REPRESENTATION('',(#8109),#8113);
#8109 = CIRCLE('',#8110,2.);
#8110 = AXIS2_PLACEMENT_2D('',#8111,#8112);
#8111 = CARTESIAN_POINT('',(2.735589532676E-13,4.2079E-13));
#8112 = DIRECTION('',(0.,1.));
#8113 = ( GEOMETRIC_REPRESENTATION_CONTEXT(2) 
PARAMETRIC_REPRESENTATION_CONTEXT() REPRESENTATION_CONTEXT('2D SPACE',''
  ) );
#8114 = PCURVE('',#7734,#8115);
#8115 = DEFINITIONAL_REPRESENTATION('',(#8116),#8120);
#8116 = LINE('',#8117,#8118);
#8117 = CARTESIAN_POINT('',(-6.28318530718,-6.5));
#8118 = VECTOR('',#8119,1.);
#8119 = DIRECTION('',(1.,-0.));
#8120 = ( GEOMETRIC_REPRESENTATION_CONTEXT(2) 
PARAMETRIC_REPRESENTATION_CONTEXT() REPRESENTATION_CONTEXT('2D SPACE',''
  ) );
#8121 = ADVANCED_FACE('',(#8122),#7160,.T.);
#8122 = FACE_BOUND('',#8123,.T.);
#8123 = EDGE_LOOP('',(#8124,#8125,#8126,#8127));
#8124 = ORIENTED_EDGE('',*,*,#7144,.F.);
#8125 = ORIENTED_EDGE('',*,*,#7264,.F.);
#8126 = ORIENTED_EDGE('',*,*,#7868,.T.);
#8127 = ORIENTED_EDGE('',*,*,#7845,.T.);
#8128 = ADVANCED_FACE('',(#8129),#7413,.T.);
#8129 = FACE_BOUND('',#8130,.T.);
#8130 = EDGE_LOOP('',(#8131,#8132,#8133,#8134));
#8131 = ORIENTED_EDGE('',*,*,#7397,.F.);
#8132 = ORIENTED_EDGE('',*,*,#7517,.F.);
#8133 = ORIENTED_EDGE('',*,*,#7985,.T.);
#8134 = ORIENTED_EDGE('',*,*,#7962,.T.);
#8135 = ADVANCED_FACE('',(#8136),#7734,.F.);
#8136 = FACE_BOUND('',#8137,.T.);
#8137 = EDGE_LOOP('',(#8138,#8159,#8160,#8161,#8162));
#8138 = ORIENTED_EDGE('',*,*,#8139,.F.);
#8139 = EDGE_CURVE('',#8077,#7714,#8140,.T.);
#8140 = SEAM_CURVE('',#8141,(#8145,#8152),.PCURVE_S1.);
#8141 = LINE('',#8142,#8143);
#8142 = CARTESIAN_POINT('',(2.,19.,15.));
#8143 = VECTOR('',#8144,1.);
#8144 = DIRECTION('',(0.,-1.,2.2E-16));
#8145 = PCURVE('',#7734,#8146);
#8146 = DEFINITIONAL_REPRESENTATION('',(#8147),#8151);
#8147 = LINE('',#8148,#8149);
#8148 = CARTESIAN_POINT('',(-6.28318530718,0.));
#8149 = VECTOR('',#8150,1.);
#8150 = DIRECTION('',(-0.,-1.));
#8151 = ( GEOMETRIC_REPRESENTATION_CONTEXT(2) 
PARAMETRIC_REPRESENTATION_CONTEXT() REPRESENTATION_CONTEXT('2D SPACE',''
  ) );
#8152 = PCURVE('',#7734,#8153);
#8153 = DEFINITIONAL_REPRESENTATION('',(#8154),#8158);
#8154 = LINE('',#8155,#8156);
#8155 = CARTESIAN_POINT('',(-0.,0.));
#8156 = VECTOR('',#8157,1.);
#8157 = DIRECTION('',(-0.,-1.));
#8158 = ( GEOMETRIC_REPRESENTATION_CONTEXT(2) 
PARAMETRIC_REPRESENTATION_CONTEXT() REPRESENTATION_CONTEXT('2D SPACE',''
  ) );
#8159 = ORIENTED_EDGE('',*,*,#8100,.T.);
#8160 = ORIENTED_EDGE('',*,*,#8074,.T.);
#8161 = ORIENTED_EDGE('',*,*,#8139,.T.);
#8162 = ORIENTED_EDGE('',*,*,#7713,.T.);
#8163 = ADVANCED_FACE('',(#8164),#7773,.F.);
#8164 = FACE_BOUND('',#8165,.T.);
#8165 = EDGE_LOOP('',(#8166,#8187,#8188,#8189,#8190));
#8166 = ORIENTED_EDGE('',*,*,#8167,.F.);
#8167 = EDGE_CURVE('',#7899,#7753,#8168,.T.);
#8168 = SEAM_CURVE('',#8169,(#8173,#8180),.PCURVE_S1.);
#8169 = LINE('',#8170,#8171);
#8170 = CARTESIAN_POINT('',(-17.4544826719,-7.767949192431,15.));
#8171 = VECTOR('',#8172,1.);
#8172 = DIRECTION('',(0.866025403784,0.5,2.2E-16));
#8173 = PCURVE('',#7773,#8174);
#8174 = DEFINITIONAL_REPRESENTATION('',(#8175),#8179);
#8175 = LINE('',#8176,#8177);
#8176 = CARTESIAN_POINT('',(-6.28318530718,0.));
#8177 = VECTOR('',#8178,1.);
#8178 = DIRECTION('',(-0.,-1.));
#8179 = ( GEOMETRIC_REPRESENTATION_CONTEXT(2) 
PARAMETRIC_REPRESENTATION_CONTEXT() REPRESENTATION_CONTEXT('2D SPACE',''
  ) );
#8180 = PCURVE('',#7773,#8181);
#8181 = DEFINITIONAL_REPRESENTATION('',(#8182),#8186);
#8182 = LINE('',#8183,#8184);
#8183 = CARTESIAN_POINT('',(-0.,0.));
#8184 = VECTOR('',#8185,1.);
#8185 = DIRECTION('',(-0.,-1.));
#8186 = ( GEOMETRIC_REPRESENTATION_CONTEXT(2) 
PARAMETRIC_REPRESENTATION_CONTEXT() REPRESENTATION_CONTEXT('2D SPACE',''
  ) );
#8187 = ORIENTED_EDGE('',*,*,#7922,.T.);
#8188 = ORIENTED_EDGE('',*,*,#7896,.T.);
#8189 = ORIENTED_EDGE('',*,*,#8167,.T.);
#8190 = ORIENTED_EDGE('',*,*,#7752,.T.);
#8191 = ADVANCED_FACE('',(#8192),#7812,.F.);
#8192 = FACE_BOUND('',#8193,.T.);
#8193 = EDGE_LOOP('',(#8194,#8215,#8216,#8217,#8218));
#8194 = ORIENTED_EDGE('',*,*,#8195,.F.);
#8195 = EDGE_CURVE('',#8016,#7792,#8196,.T.);
#8196 = SEAM_CURVE('',#8197,(#8201,#8208),.PCURVE_S1.);
#8197 = LINE('',#8198,#8199);
#8198 = CARTESIAN_POINT('',(15.454482671904,-11.23205080756,15.));
#8199 = VECTOR('',#8200,1.);
#8200 = DIRECTION('',(-0.866025403784,0.5,2.2E-16));
#8201 = PCURVE('',#7812,#8202);
#8202 = DEFINITIONAL_REPRESENTATION('',(#8203),#8207);
#8203 = LINE('',#8204,#8205);
#8204 = CARTESIAN_POINT('',(-6.28318530718,0.));
#8205 = VECTOR('',#8206,1.);
#8206 = DIRECTION('',(-0.,-1.));
#8207 = ( GEOMETRIC_REPRESENTATION_CONTEXT(2) 
PARAMETRIC_REPRESENTATION_CONTEXT() REPRESENTATION_CONTEXT('2D SPACE',''
  ) );
#8208 = PCURVE('',#7812,#8209);
#8209 = DEFINITIONAL_REPRESENTATION('',(#8210),#8214);
#8210 = LINE('',#8211,#8212);
#8211 = CARTESIAN_POINT('',(-0.,0.));
#8212 = VECTOR('',#8213,1.);
#8213 = DIRECTION('',(-0.,-1.));
#8214 = ( GEOMETRIC_REPRESENTATION_CONTEXT(2) 
PARAMETRIC_REPRESENTATION_CONTEXT() REPRESENTATION_CONTEXT('2D SPACE',''
  ) );
#8215 = ORIENTED_EDGE('',*,*,#8039,.T.);
#8216 = ORIENTED_EDGE('',*,*,#8013,.T.);
#8217 = ORIENTED_EDGE('',*,*,#8195,.T.);
#8218 = ORIENTED_EDGE('',*,*,#7791,.T.);
#8219 = ( GEOMETRIC_REPRESENTATION_CONTEXT(3) 
GLOBAL_UNCERTAINTY_ASSIGNED_CONTEXT((#8223)) 
GLOBAL_UNIT_ASSIGNED_CONTEXT((#8220,#8221,#8222)) REPRESENTATION_CONTEXT
('Context #1','3D Context with UNIT and UNCERTAINTY') );
#8220 = ( LENGTH_UNIT() NAMED_UNIT(*) SI_UNIT(.MILLI.,.METRE.) );
#8221 = ( NAMED_UNIT(*) PLANE_ANGLE_UNIT() SI_UNIT($,.RADIAN.) );
#8222 = ( NAMED_UNIT(*) SI_UNIT($,.STERADIAN.) SOLID_ANGLE_UNIT() );
#8223 = UNCERTAINTY_MEASURE_WITH_UNIT(LENGTH_MEASURE(1.E-05),#8220,
  'distance_accuracy_value','confusion accuracy');
#8224 = PRODUCT_RELATED_PRODUCT_CATEGORY('part',$,(#7));
#8225 = MECHANICAL_DESIGN_GEOMETRIC_PRESENTATION_REPRESENTATION('',(
    #8226),#8219);
#8226 = STYLED_ITEM('color',(#8227),#15);
#8227 = PRESENTATION_STYLE_ASSIGNMENT((#8228,#8234));
#8228 = SURFACE_STYLE_USAGE(.BOTH.,#8229);
#8229 = SURFACE_SIDE_STYLE('',(#8230));
#8230 = SURFACE_STYLE_FILL_AREA(#8231);
#8231 = FILL_AREA_STYLE('',(#8232));
#8232 = FILL_AREA_STYLE_COLOUR('',#8233);
#8233 = COLOUR_RGB('',0.447058818107,0.474509808674,0.501960817233);
#8234 = CURVE_STYLE('',#8235,POSITIVE_LENGTH_MEASURE(0.1),#8236);
#8235 = DRAUGHTING_PRE_DEFINED_CURVE_FONT('continuous');
#8236 = COLOUR_RGB('',9.803921802644E-02,9.803921802644E-02,
  9.803921802644E-02);
ENDSEC;
END-ISO-10303-21;
