ISO-10303-21;
HEADER;
FILE_DESCRIPTION(('FreeCAD Model'),'2;1');
FILE_NAME('Open CASCADE Shape Model','2026-05-05T20:05:58',(''),(''),
  'Open CASCADE STEP processor 7.8','FreeCAD','Unknown');
FILE_SCHEMA(('AUTOMOTIVE_DESIGN { 1 0 10303 214 1 1 1 1 }'));
ENDSEC;
DATA;
#1 = APPLICATION_PROTOCOL_DEFINITION('international standard',
  'automotive_design',2000,#2);
#2 = APPLICATION_CONTEXT(
  'core data for automotive mechanical design processes');
#3 = SHAPE_DEFINITION_REPRESENTATION(#4,#10);
#4 = PRODUCT_DEFINITION_SHAPE('','',#5);
#5 = PRODUCT_DEFINITION('design','',#6,#9);
#6 = PRODUCT_DEFINITION_FORMATION('','',#7);
#7 = PRODUCT('Body','Body','',(#8));
#8 = PRODUCT_CONTEXT('',#2,'mechanical');
#9 = PRODUCT_DEFINITION_CONTEXT('part definition',#2,'design');
#10 = ADVANCED_BREP_SHAPE_REPRESENTATION('',(#11,#15),#16467);
#11 = AXIS2_PLACEMENT_3D('',#12,#13,#14);
#12 = CARTESIAN_POINT('',(0.,0.,0.));
#13 = DIRECTION('',(0.,0.,1.));
#14 = DIRECTION('',(1.,0.,-0.));
#15 = MANIFOLD_SOLID_BREP('',#16);
#16 = CLOSED_SHELL('',(#17,#703,#977,#1026,#1243,#1270,#1325,#1380,#1654
    ,#1703,#1920,#1947,#2221,#2270,#2487,#2514,#2541,#2568,#2678,#2727,
    #2776,#2874,#2901,#2908,#2992,#3627,#4978,#5005,#5032,#5142,#5191,
    #5240,#5338,#5365,#5372,#5451,#5478,#5505,#5615,#5664,#5713,#5811,
    #5838,#5845,#5924,#6029,#6115,#6142,#6149,#6178,#6233,#6314,#6395,
    #6450,#6505,#6560,#6615,#6668,#6754,#6781,#6788,#6841,#6927,#6954,
    #6961,#7011,#7245,#7719,#7726,#7756,#7786,#7813,#7840,#7988,#8108,
    #8230,#8350,#8470,#8562,#8629,#8678,#8726,#8777,#8827,#8876,#8927,
    #8977,#9026,#9077,#9127,#9176,#9227,#9277,#9326,#9377,#9427,#9459,
    #9648,#9837,#10026,#10215,#10404,#10593,#10640,#10803,#10829,#10876,
    #11039,#11065,#11112,#11275,#11301,#11348,#11511,#11537,#11584,
    #11747,#11773,#11820,#11983,#12009,#12016,#12204,#12253,#12348,
    #12375,#12382,#12566,#12615,#12686,#12693,#12700,#12884,#12911,
    #12984,#13011,#13018,#13202,#13251,#13322,#13329,#13336,#13520,
    #13547,#13620,#13647,#13654,#13834,#13861,#13910,#13917,#13993,
    #14042,#14091,#14118,#14194,#14243,#14292,#14319,#14395,#14444,
    #14493,#14520,#14596,#14645,#14694,#14721,#14797,#14846,#14895,
    #14922,#14998,#15047,#15096,#15123,#15176,#15202,#15249,#15302,
    #15328,#15381,#15407,#15434,#15487,#15513,#15566,#15592,#15619,
    #15672,#15698,#15751,#15777,#15804,#15857,#15883,#15936,#15962,
    #15989,#16042,#16068,#16121,#16147,#16154,#16207,#16233,#16240,
    #16247,#16254,#16261,#16268,#16275,#16301,#16327,#16353,#16359,
    #16365,#16391,#16417,#16423,#16429,#16455,#16461));
#17 = ADVANCED_FACE('',(#18,#229,#260,#291,#497),#32,.F.);
#18 = FACE_BOUND('',#19,.F.);
#19 = EDGE_LOOP('',(#20,#55,#83,#111,#134,#157,#185,#208));
#20 = ORIENTED_EDGE('',*,*,#21,.T.);
#21 = EDGE_CURVE('',#22,#24,#26,.T.);
#22 = VERTEX_POINT('',#23);
#23 = CARTESIAN_POINT('',(30.,3.,14.8));
#24 = VERTEX_POINT('',#25);
#25 = CARTESIAN_POINT('',(30.,4.,14.8));
#26 = SURFACE_CURVE('',#27,(#31,#43),.PCURVE_S1.);
#27 = LINE('',#28,#29);
#28 = CARTESIAN_POINT('',(30.,-1.5,14.8));
#29 = VECTOR('',#30,1.);
#30 = DIRECTION('',(0.,1.,0.));
#31 = PCURVE('',#32,#37);
#32 = PLANE('',#33);
#33 = AXIS2_PLACEMENT_3D('',#34,#35,#36);
#34 = CARTESIAN_POINT('',(30.,0.,0.));
#35 = DIRECTION('',(1.,0.,0.));
#36 = DIRECTION('',(0.,1.,0.));
#37 = DEFINITIONAL_REPRESENTATION('',(#38),#42);
#38 = LINE('',#39,#40);
#39 = CARTESIAN_POINT('',(-1.5,14.8));
#40 = VECTOR('',#41,1.);
#41 = DIRECTION('',(1.,0.));
#42 = ( GEOMETRIC_REPRESENTATION_CONTEXT(2) 
PARAMETRIC_REPRESENTATION_CONTEXT() REPRESENTATION_CONTEXT('2D SPACE',''
  ) );
#43 = PCURVE('',#44,#49);
#44 = PLANE('',#45);
#45 = AXIS2_PLACEMENT_3D('',#46,#47,#48);
#46 = CARTESIAN_POINT('',(30.,-3.,14.8));
#47 = DIRECTION('',(0.,0.,1.));
#48 = DIRECTION('',(0.,1.,0.));
#49 = DEFINITIONAL_REPRESENTATION('',(#50),#54);
#50 = LINE('',#51,#52);
#51 = CARTESIAN_POINT('',(1.5,0.));
#52 = VECTOR('',#53,1.);
#53 = DIRECTION('',(1.,0.));
#54 = ( GEOMETRIC_REPRESENTATION_CONTEXT(2) 
PARAMETRIC_REPRESENTATION_CONTEXT() REPRESENTATION_CONTEXT('2D SPACE',''
  ) );
#55 = ORIENTED_EDGE('',*,*,#56,.T.);
#56 = EDGE_CURVE('',#24,#57,#59,.T.);
#57 = VERTEX_POINT('',#58);
#58 = CARTESIAN_POINT('',(30.,4.,12.));
#59 = SURFACE_CURVE('',#60,(#64,#71),.PCURVE_S1.);
#60 = LINE('',#61,#62);
#61 = CARTESIAN_POINT('',(30.,4.,14.8));
#62 = VECTOR('',#63,1.);
#63 = DIRECTION('',(0.,0.,-1.));
#64 = PCURVE('',#32,#65);
#65 = DEFINITIONAL_REPRESENTATION('',(#66),#70);
#66 = LINE('',#67,#68);
#67 = CARTESIAN_POINT('',(4.,14.8));
#68 = VECTOR('',#69,1.);
#69 = DIRECTION('',(0.,-1.));
#70 = ( GEOMETRIC_REPRESENTATION_CONTEXT(2) 
PARAMETRIC_REPRESENTATION_CONTEXT() REPRESENTATION_CONTEXT('2D SPACE',''
  ) );
#71 = PCURVE('',#72,#77);
#72 = PLANE('',#73);
#73 = AXIS2_PLACEMENT_3D('',#74,#75,#76);
#74 = CARTESIAN_POINT('',(30.5,3.5,14.8));
#75 = DIRECTION('',(-0.707106781187,-0.707106781187,0.));
#76 = DIRECTION('',(-0.,0.,-1.));
#77 = DEFINITIONAL_REPRESENTATION('',(#78),#82);
#78 = LINE('',#79,#80);
#79 = CARTESIAN_POINT('',(0.,-0.707106781187));
#80 = VECTOR('',#81,1.);
#81 = DIRECTION('',(1.,0.));
#82 = ( GEOMETRIC_REPRESENTATION_CONTEXT(2) 
PARAMETRIC_REPRESENTATION_CONTEXT() REPRESENTATION_CONTEXT('2D SPACE',''
  ) );
#83 = ORIENTED_EDGE('',*,*,#84,.F.);
#84 = EDGE_CURVE('',#85,#57,#87,.T.);
#85 = VERTEX_POINT('',#86);
#86 = CARTESIAN_POINT('',(30.,3.,12.));
#87 = SURFACE_CURVE('',#88,(#92,#99),.PCURVE_S1.);
#88 = LINE('',#89,#90);
#89 = CARTESIAN_POINT('',(30.,1.5,12.));
#90 = VECTOR('',#91,1.);
#91 = DIRECTION('',(0.,1.,0.));
#92 = PCURVE('',#32,#93);
#93 = DEFINITIONAL_REPRESENTATION('',(#94),#98);
#94 = LINE('',#95,#96);
#95 = CARTESIAN_POINT('',(1.5,12.));
#96 = VECTOR('',#97,1.);
#97 = DIRECTION('',(1.,0.));
#98 = ( GEOMETRIC_REPRESENTATION_CONTEXT(2) 
PARAMETRIC_REPRESENTATION_CONTEXT() REPRESENTATION_CONTEXT('2D SPACE',''
  ) );
#99 = PCURVE('',#100,#105);
#100 = PLANE('',#101);
#101 = AXIS2_PLACEMENT_3D('',#102,#103,#104);
#102 = CARTESIAN_POINT('',(30.,3.,12.));
#103 = DIRECTION('',(0.,0.,-1.));
#104 = DIRECTION('',(0.,-1.,0.));
#105 = DEFINITIONAL_REPRESENTATION('',(#106),#110);
#106 = LINE('',#107,#108);
#107 = CARTESIAN_POINT('',(1.5,0.));
#108 = VECTOR('',#109,1.);
#109 = DIRECTION('',(-1.,-0.));
#110 = ( GEOMETRIC_REPRESENTATION_CONTEXT(2) 
PARAMETRIC_REPRESENTATION_CONTEXT() REPRESENTATION_CONTEXT('2D SPACE',''
  ) );
#111 = ORIENTED_EDGE('',*,*,#112,.T.);
#112 = EDGE_CURVE('',#85,#113,#115,.T.);
#113 = VERTEX_POINT('',#114);
#114 = CARTESIAN_POINT('',(30.,-3.,12.));
#115 = SURFACE_CURVE('',#116,(#120,#127),.PCURVE_S1.);
#116 = LINE('',#117,#118);
#117 = CARTESIAN_POINT('',(30.,3.,12.));
#118 = VECTOR('',#119,1.);
#119 = DIRECTION('',(0.,-1.,0.));
#120 = PCURVE('',#32,#121);
#121 = DEFINITIONAL_REPRESENTATION('',(#122),#126);
#122 = LINE('',#123,#124);
#123 = CARTESIAN_POINT('',(3.,12.));
#124 = VECTOR('',#125,1.);
#125 = DIRECTION('',(-1.,0.));
#126 = ( GEOMETRIC_REPRESENTATION_CONTEXT(2) 
PARAMETRIC_REPRESENTATION_CONTEXT() REPRESENTATION_CONTEXT('2D SPACE',''
  ) );
#127 = PCURVE('',#100,#128);
#128 = DEFINITIONAL_REPRESENTATION('',(#129),#133);
#129 = LINE('',#130,#131);
#130 = CARTESIAN_POINT('',(0.,-0.));
#131 = VECTOR('',#132,1.);
#132 = DIRECTION('',(1.,0.));
#133 = ( GEOMETRIC_REPRESENTATION_CONTEXT(2) 
PARAMETRIC_REPRESENTATION_CONTEXT() REPRESENTATION_CONTEXT('2D SPACE',''
  ) );
#134 = ORIENTED_EDGE('',*,*,#135,.T.);
#135 = EDGE_CURVE('',#113,#136,#138,.T.);
#136 = VERTEX_POINT('',#137);
#137 = CARTESIAN_POINT('',(30.,-4.,12.));
#138 = SURFACE_CURVE('',#139,(#143,#150),.PCURVE_S1.);
#139 = LINE('',#140,#141);
#140 = CARTESIAN_POINT('',(30.,1.5,12.));
#141 = VECTOR('',#142,1.);
#142 = DIRECTION('',(0.,-1.,0.));
#143 = PCURVE('',#32,#144);
#144 = DEFINITIONAL_REPRESENTATION('',(#145),#149);
#145 = LINE('',#146,#147);
#146 = CARTESIAN_POINT('',(1.5,12.));
#147 = VECTOR('',#148,1.);
#148 = DIRECTION('',(-1.,0.));
#149 = ( GEOMETRIC_REPRESENTATION_CONTEXT(2) 
PARAMETRIC_REPRESENTATION_CONTEXT() REPRESENTATION_CONTEXT('2D SPACE',''
  ) );
#150 = PCURVE('',#100,#151);
#151 = DEFINITIONAL_REPRESENTATION('',(#152),#156);
#152 = LINE('',#153,#154);
#153 = CARTESIAN_POINT('',(1.5,0.));
#154 = VECTOR('',#155,1.);
#155 = DIRECTION('',(1.,0.));
#156 = ( GEOMETRIC_REPRESENTATION_CONTEXT(2) 
PARAMETRIC_REPRESENTATION_CONTEXT() REPRESENTATION_CONTEXT('2D SPACE',''
  ) );
#157 = ORIENTED_EDGE('',*,*,#158,.T.);
#158 = EDGE_CURVE('',#136,#159,#161,.T.);
#159 = VERTEX_POINT('',#160);
#160 = CARTESIAN_POINT('',(30.,-4.,14.8));
#161 = SURFACE_CURVE('',#162,(#166,#173),.PCURVE_S1.);
#162 = LINE('',#163,#164);
#163 = CARTESIAN_POINT('',(30.,-4.,12.));
#164 = VECTOR('',#165,1.);
#165 = DIRECTION('',(0.,0.,1.));
#166 = PCURVE('',#32,#167);
#167 = DEFINITIONAL_REPRESENTATION('',(#168),#172);
#168 = LINE('',#169,#170);
#169 = CARTESIAN_POINT('',(-4.,12.));
#170 = VECTOR('',#171,1.);
#171 = DIRECTION('',(0.,1.));
#172 = ( GEOMETRIC_REPRESENTATION_CONTEXT(2) 
PARAMETRIC_REPRESENTATION_CONTEXT() REPRESENTATION_CONTEXT('2D SPACE',''
  ) );
#173 = PCURVE('',#174,#179);
#174 = PLANE('',#175);
#175 = AXIS2_PLACEMENT_3D('',#176,#177,#178);
#176 = CARTESIAN_POINT('',(30.5,-3.5,12.));
#177 = DIRECTION('',(-0.707106781187,0.707106781187,0.));
#178 = DIRECTION('',(0.,0.,1.));
#179 = DEFINITIONAL_REPRESENTATION('',(#180),#184);
#180 = LINE('',#181,#182);
#181 = CARTESIAN_POINT('',(0.,-0.707106781187));
#182 = VECTOR('',#183,1.);
#183 = DIRECTION('',(1.,0.));
#184 = ( GEOMETRIC_REPRESENTATION_CONTEXT(2) 
PARAMETRIC_REPRESENTATION_CONTEXT() REPRESENTATION_CONTEXT('2D SPACE',''
  ) );
#185 = ORIENTED_EDGE('',*,*,#186,.F.);
#186 = EDGE_CURVE('',#187,#159,#189,.T.);
#187 = VERTEX_POINT('',#188);
#188 = CARTESIAN_POINT('',(30.,-3.,14.8));
#189 = SURFACE_CURVE('',#190,(#194,#201),.PCURVE_S1.);
#190 = LINE('',#191,#192);
#191 = CARTESIAN_POINT('',(30.,-1.5,14.8));
#192 = VECTOR('',#193,1.);
#193 = DIRECTION('',(0.,-1.,0.));
#194 = PCURVE('',#32,#195);
#195 = DEFINITIONAL_REPRESENTATION('',(#196),#200);
#196 = LINE('',#197,#198);
#197 = CARTESIAN_POINT('',(-1.5,14.8));
#198 = VECTOR('',#199,1.);
#199 = DIRECTION('',(-1.,0.));
#200 = ( GEOMETRIC_REPRESENTATION_CONTEXT(2) 
PARAMETRIC_REPRESENTATION_CONTEXT() REPRESENTATION_CONTEXT('2D SPACE',''
  ) );
#201 = PCURVE('',#44,#202);
#202 = DEFINITIONAL_REPRESENTATION('',(#203),#207);
#203 = LINE('',#204,#205);
#204 = CARTESIAN_POINT('',(1.5,0.));
#205 = VECTOR('',#206,1.);
#206 = DIRECTION('',(-1.,0.));
#207 = ( GEOMETRIC_REPRESENTATION_CONTEXT(2) 
PARAMETRIC_REPRESENTATION_CONTEXT() REPRESENTATION_CONTEXT('2D SPACE',''
  ) );
#208 = ORIENTED_EDGE('',*,*,#209,.T.);
#209 = EDGE_CURVE('',#187,#22,#210,.T.);
#210 = SURFACE_CURVE('',#211,(#215,#222),.PCURVE_S1.);
#211 = LINE('',#212,#213);
#212 = CARTESIAN_POINT('',(30.,-3.,14.8));
#213 = VECTOR('',#214,1.);
#214 = DIRECTION('',(0.,1.,0.));
#215 = PCURVE('',#32,#216);
#216 = DEFINITIONAL_REPRESENTATION('',(#217),#221);
#217 = LINE('',#218,#219);
#218 = CARTESIAN_POINT('',(-3.,14.8));
#219 = VECTOR('',#220,1.);
#220 = DIRECTION('',(1.,0.));
#221 = ( GEOMETRIC_REPRESENTATION_CONTEXT(2) 
PARAMETRIC_REPRESENTATION_CONTEXT() REPRESENTATION_CONTEXT('2D SPACE',''
  ) );
#222 = PCURVE('',#44,#223);
#223 = DEFINITIONAL_REPRESENTATION('',(#224),#228);
#224 = LINE('',#225,#226);
#225 = CARTESIAN_POINT('',(0.,0.));
#226 = VECTOR('',#227,1.);
#227 = DIRECTION('',(1.,0.));
#228 = ( GEOMETRIC_REPRESENTATION_CONTEXT(2) 
PARAMETRIC_REPRESENTATION_CONTEXT() REPRESENTATION_CONTEXT('2D SPACE',''
  ) );
#229 = FACE_BOUND('',#230,.F.);
#230 = EDGE_LOOP('',(#231));
#231 = ORIENTED_EDGE('',*,*,#232,.F.);
#232 = EDGE_CURVE('',#233,#233,#235,.T.);
#233 = VERTEX_POINT('',#234);
#234 = CARTESIAN_POINT('',(30.,11.2,0.));
#235 = SURFACE_CURVE('',#236,(#241,#248),.PCURVE_S1.);
#236 = CIRCLE('',#237,11.2);
#237 = AXIS2_PLACEMENT_3D('',#238,#239,#240);
#238 = CARTESIAN_POINT('',(30.,0.,0.));
#239 = DIRECTION('',(1.,0.,0.));
#240 = DIRECTION('',(0.,1.,0.));
#241 = PCURVE('',#32,#242);
#242 = DEFINITIONAL_REPRESENTATION('',(#243),#247);
#243 = CIRCLE('',#244,11.2);
#244 = AXIS2_PLACEMENT_2D('',#245,#246);
#245 = CARTESIAN_POINT('',(0.,0.));
#246 = DIRECTION('',(1.,0.));
#247 = ( GEOMETRIC_REPRESENTATION_CONTEXT(2) 
PARAMETRIC_REPRESENTATION_CONTEXT() REPRESENTATION_CONTEXT('2D SPACE',''
  ) );
#248 = PCURVE('',#249,#254);
#249 = CONICAL_SURFACE('',#250,10.2,0.785398163397);
#250 = AXIS2_PLACEMENT_3D('',#251,#252,#253);
#251 = CARTESIAN_POINT('',(31.,0.,0.));
#252 = DIRECTION('',(-1.,-0.,-0.));
#253 = DIRECTION('',(0.,1.,0.));
#254 = DEFINITIONAL_REPRESENTATION('',(#255),#259);
#255 = LINE('',#256,#257);
#256 = CARTESIAN_POINT('',(0.,1.));
#257 = VECTOR('',#258,1.);
#258 = DIRECTION('',(-1.,-0.));
#259 = ( GEOMETRIC_REPRESENTATION_CONTEXT(2) 
PARAMETRIC_REPRESENTATION_CONTEXT() REPRESENTATION_CONTEXT('2D SPACE',''
  ) );
#260 = FACE_BOUND('',#261,.F.);
#261 = EDGE_LOOP('',(#262));
#262 = ORIENTED_EDGE('',*,*,#263,.T.);
#263 = EDGE_CURVE('',#264,#264,#266,.T.);
#264 = VERTEX_POINT('',#265);
#265 = CARTESIAN_POINT('',(30.,25.6,0.));
#266 = SURFACE_CURVE('',#267,(#272,#279),.PCURVE_S1.);
#267 = CIRCLE('',#268,25.6);
#268 = AXIS2_PLACEMENT_3D('',#269,#270,#271);
#269 = CARTESIAN_POINT('',(30.,0.,0.));
#270 = DIRECTION('',(1.,0.,0.));
#271 = DIRECTION('',(0.,1.,0.));
#272 = PCURVE('',#32,#273);
#273 = DEFINITIONAL_REPRESENTATION('',(#274),#278);
#274 = CIRCLE('',#275,25.6);
#275 = AXIS2_PLACEMENT_2D('',#276,#277);
#276 = CARTESIAN_POINT('',(0.,0.));
#277 = DIRECTION('',(1.,0.));
#278 = ( GEOMETRIC_REPRESENTATION_CONTEXT(2) 
PARAMETRIC_REPRESENTATION_CONTEXT() REPRESENTATION_CONTEXT('2D SPACE',''
  ) );
#279 = PCURVE('',#280,#285);
#280 = CONICAL_SURFACE('',#281,25.6,0.898432357394);
#281 = AXIS2_PLACEMENT_3D('',#282,#283,#284);
#282 = CARTESIAN_POINT('',(30.,0.,0.));
#283 = DIRECTION('',(1.,0.,0.));
#284 = DIRECTION('',(0.,1.,0.));
#285 = DEFINITIONAL_REPRESENTATION('',(#286),#290);
#286 = LINE('',#287,#288);
#287 = CARTESIAN_POINT('',(0.,-0.));
#288 = VECTOR('',#289,1.);
#289 = DIRECTION('',(1.,-0.));
#290 = ( GEOMETRIC_REPRESENTATION_CONTEXT(2) 
PARAMETRIC_REPRESENTATION_CONTEXT() REPRESENTATION_CONTEXT('2D SPACE',''
  ) );
#291 = FACE_BOUND('',#292,.F.);
#292 = EDGE_LOOP('',(#293,#323,#351,#379,#402,#425,#453,#476));
#293 = ORIENTED_EDGE('',*,*,#294,.T.);
#294 = EDGE_CURVE('',#295,#297,#299,.T.);
#295 = VERTEX_POINT('',#296);
#296 = CARTESIAN_POINT('',(30.,-14.31717597601,-4.801923788647));
#297 = VERTEX_POINT('',#298);
#298 = CARTESIAN_POINT('',(30.,-14.81717597601,-3.935898384862));
#299 = SURFACE_CURVE('',#300,(#304,#311),.PCURVE_S1.);
#300 = LINE('',#301,#302);
#301 = CARTESIAN_POINT('',(30.,-12.06717597601,-8.699038105677));
#302 = VECTOR('',#303,1.);
#303 = DIRECTION('',(0.,-0.5,0.866025403784));
#304 = PCURVE('',#32,#305);
#305 = DEFINITIONAL_REPRESENTATION('',(#306),#310);
#306 = LINE('',#307,#308);
#307 = CARTESIAN_POINT('',(-12.06717597601,-8.699038105677));
#308 = VECTOR('',#309,1.);
#309 = DIRECTION('',(-0.5,0.866025403784));
#310 = ( GEOMETRIC_REPRESENTATION_CONTEXT(2) 
PARAMETRIC_REPRESENTATION_CONTEXT() REPRESENTATION_CONTEXT('2D SPACE',''
  ) );
#311 = PCURVE('',#312,#317);
#312 = PLANE('',#313);
#313 = AXIS2_PLACEMENT_3D('',#314,#315,#316);
#314 = CARTESIAN_POINT('',(30.,-11.31717597601,-9.998076211353));
#315 = DIRECTION('',(0.,-0.866025403784,-0.5));
#316 = DIRECTION('',(0.,-0.5,0.866025403784));
#317 = DEFINITIONAL_REPRESENTATION('',(#318),#322);
#318 = LINE('',#319,#320);
#319 = CARTESIAN_POINT('',(1.5,7.105427357601E-15));
#320 = VECTOR('',#321,1.);
#321 = DIRECTION('',(1.,0.));
#322 = ( GEOMETRIC_REPRESENTATION_CONTEXT(2) 
PARAMETRIC_REPRESENTATION_CONTEXT() REPRESENTATION_CONTEXT('2D SPACE',''
  ) );
#323 = ORIENTED_EDGE('',*,*,#324,.T.);
#324 = EDGE_CURVE('',#297,#325,#327,.T.);
#325 = VERTEX_POINT('',#326);
#326 = CARTESIAN_POINT('',(30.,-12.39230484541,-2.535898384862));
#327 = SURFACE_CURVE('',#328,(#332,#339),.PCURVE_S1.);
#328 = LINE('',#329,#330);
#329 = CARTESIAN_POINT('',(30.,-14.81717597601,-3.935898384862));
#330 = VECTOR('',#331,1.);
#331 = DIRECTION('',(0.,0.866025403784,0.5));
#332 = PCURVE('',#32,#333);
#333 = DEFINITIONAL_REPRESENTATION('',(#334),#338);
#334 = LINE('',#335,#336);
#335 = CARTESIAN_POINT('',(-14.81717597601,-3.935898384862));
#336 = VECTOR('',#337,1.);
#337 = DIRECTION('',(0.866025403784,0.5));
#338 = ( GEOMETRIC_REPRESENTATION_CONTEXT(2) 
PARAMETRIC_REPRESENTATION_CONTEXT() REPRESENTATION_CONTEXT('2D SPACE',''
  ) );
#339 = PCURVE('',#340,#345);
#340 = PLANE('',#341);
#341 = AXIS2_PLACEMENT_3D('',#342,#343,#344);
#342 = CARTESIAN_POINT('',(30.5,-14.56717597601,-4.368911086754));
#343 = DIRECTION('',(-0.707106781187,0.353553390593,-0.612372435696));
#344 = DIRECTION('',(-8.326672684689E-17,0.866025403784,0.5));
#345 = DEFINITIONAL_REPRESENTATION('',(#346),#350);
#346 = LINE('',#347,#348);
#347 = CARTESIAN_POINT('',(-1.942890293094E-16,-0.707106781187));
#348 = VECTOR('',#349,1.);
#349 = DIRECTION('',(1.,-1.110223024625E-16));
#350 = ( GEOMETRIC_REPRESENTATION_CONTEXT(2) 
PARAMETRIC_REPRESENTATION_CONTEXT() REPRESENTATION_CONTEXT('2D SPACE',''
  ) );
#351 = ORIENTED_EDGE('',*,*,#352,.F.);
#352 = EDGE_CURVE('',#353,#325,#355,.T.);
#353 = VERTEX_POINT('',#354);
#354 = CARTESIAN_POINT('',(30.,-11.89230484541,-3.401923788647));
#355 = SURFACE_CURVE('',#356,(#360,#367),.PCURVE_S1.);
#356 = LINE('',#357,#358);
#357 = CARTESIAN_POINT('',(30.,-11.14230484541,-4.700961894323));
#358 = VECTOR('',#359,1.);
#359 = DIRECTION('',(0.,-0.5,0.866025403784));
#360 = PCURVE('',#32,#361);
#361 = DEFINITIONAL_REPRESENTATION('',(#362),#366);
#362 = LINE('',#363,#364);
#363 = CARTESIAN_POINT('',(-11.14230484541,-4.700961894323));
#364 = VECTOR('',#365,1.);
#365 = DIRECTION('',(-0.5,0.866025403784));
#366 = ( GEOMETRIC_REPRESENTATION_CONTEXT(2) 
PARAMETRIC_REPRESENTATION_CONTEXT() REPRESENTATION_CONTEXT('2D SPACE',''
  ) );
#367 = PCURVE('',#368,#373);
#368 = PLANE('',#369);
#369 = AXIS2_PLACEMENT_3D('',#370,#371,#372);
#370 = CARTESIAN_POINT('',(30.,-11.89230484541,-3.401923788647));
#371 = DIRECTION('',(0.,0.866025403784,0.5));
#372 = DIRECTION('',(0.,0.5,-0.866025403784));
#373 = DEFINITIONAL_REPRESENTATION('',(#374),#378);
#374 = LINE('',#375,#376);
#375 = CARTESIAN_POINT('',(1.5,7.105427357601E-15));
#376 = VECTOR('',#377,1.);
#377 = DIRECTION('',(-1.,-0.));
#378 = ( GEOMETRIC_REPRESENTATION_CONTEXT(2) 
PARAMETRIC_REPRESENTATION_CONTEXT() REPRESENTATION_CONTEXT('2D SPACE',''
  ) );
#379 = ORIENTED_EDGE('',*,*,#380,.T.);
#380 = EDGE_CURVE('',#353,#381,#383,.T.);
#381 = VERTEX_POINT('',#382);
#382 = CARTESIAN_POINT('',(30.,-8.892304845413,-8.598076211353));
#383 = SURFACE_CURVE('',#384,(#388,#395),.PCURVE_S1.);
#384 = LINE('',#385,#386);
#385 = CARTESIAN_POINT('',(30.,-11.89230484541,-3.401923788647));
#386 = VECTOR('',#387,1.);
#387 = DIRECTION('',(0.,0.5,-0.866025403784));
#388 = PCURVE('',#32,#389);
#389 = DEFINITIONAL_REPRESENTATION('',(#390),#394);
#390 = LINE('',#391,#392);
#391 = CARTESIAN_POINT('',(-11.89230484541,-3.401923788647));
#392 = VECTOR('',#393,1.);
#393 = DIRECTION('',(0.5,-0.866025403784));
#394 = ( GEOMETRIC_REPRESENTATION_CONTEXT(2) 
PARAMETRIC_REPRESENTATION_CONTEXT() REPRESENTATION_CONTEXT('2D SPACE',''
  ) );
#395 = PCURVE('',#368,#396);
#396 = DEFINITIONAL_REPRESENTATION('',(#397),#401);
#397 = LINE('',#398,#399);
#398 = CARTESIAN_POINT('',(0.,-0.));
#399 = VECTOR('',#400,1.);
#400 = DIRECTION('',(1.,0.));
#401 = ( GEOMETRIC_REPRESENTATION_CONTEXT(2) 
PARAMETRIC_REPRESENTATION_CONTEXT() REPRESENTATION_CONTEXT('2D SPACE',''
  ) );
#402 = ORIENTED_EDGE('',*,*,#403,.T.);
#403 = EDGE_CURVE('',#381,#404,#406,.T.);
#404 = VERTEX_POINT('',#405);
#405 = CARTESIAN_POINT('',(30.,-8.392304845413,-9.464101615138));
#406 = SURFACE_CURVE('',#407,(#411,#418),.PCURVE_S1.);
#407 = LINE('',#408,#409);
#408 = CARTESIAN_POINT('',(30.,-11.14230484541,-4.700961894323));
#409 = VECTOR('',#410,1.);
#410 = DIRECTION('',(0.,0.5,-0.866025403784));
#411 = PCURVE('',#32,#412);
#412 = DEFINITIONAL_REPRESENTATION('',(#413),#417);
#413 = LINE('',#414,#415);
#414 = CARTESIAN_POINT('',(-11.14230484541,-4.700961894323));
#415 = VECTOR('',#416,1.);
#416 = DIRECTION('',(0.5,-0.866025403784));
#417 = ( GEOMETRIC_REPRESENTATION_CONTEXT(2) 
PARAMETRIC_REPRESENTATION_CONTEXT() REPRESENTATION_CONTEXT('2D SPACE',''
  ) );
#418 = PCURVE('',#368,#419);
#419 = DEFINITIONAL_REPRESENTATION('',(#420),#424);
#420 = LINE('',#421,#422);
#421 = CARTESIAN_POINT('',(1.5,7.105427357601E-15));
#422 = VECTOR('',#423,1.);
#423 = DIRECTION('',(1.,0.));
#424 = ( GEOMETRIC_REPRESENTATION_CONTEXT(2) 
PARAMETRIC_REPRESENTATION_CONTEXT() REPRESENTATION_CONTEXT('2D SPACE',''
  ) );
#425 = ORIENTED_EDGE('',*,*,#426,.T.);
#426 = EDGE_CURVE('',#404,#427,#429,.T.);
#427 = VERTEX_POINT('',#428);
#428 = CARTESIAN_POINT('',(30.,-10.81717597601,-10.86410161513));
#429 = SURFACE_CURVE('',#430,(#434,#441),.PCURVE_S1.);
#430 = LINE('',#431,#432);
#431 = CARTESIAN_POINT('',(30.,-8.392304845413,-9.464101615138));
#432 = VECTOR('',#433,1.);
#433 = DIRECTION('',(0.,-0.866025403784,-0.5));
#434 = PCURVE('',#32,#435);
#435 = DEFINITIONAL_REPRESENTATION('',(#436),#440);
#436 = LINE('',#437,#438);
#437 = CARTESIAN_POINT('',(-8.392304845413,-9.464101615138));
#438 = VECTOR('',#439,1.);
#439 = DIRECTION('',(-0.866025403784,-0.5));
#440 = ( GEOMETRIC_REPRESENTATION_CONTEXT(2) 
PARAMETRIC_REPRESENTATION_CONTEXT() REPRESENTATION_CONTEXT('2D SPACE',''
  ) );
#441 = PCURVE('',#442,#447);
#442 = PLANE('',#443);
#443 = AXIS2_PLACEMENT_3D('',#444,#445,#446);
#444 = CARTESIAN_POINT('',(30.5,-8.642304845413,-9.031088913246));
#445 = DIRECTION('',(-0.707106781187,-0.353553390593,0.612372435696));
#446 = DIRECTION('',(-8.326672684689E-17,-0.866025403784,-0.5));
#447 = DEFINITIONAL_REPRESENTATION('',(#448),#452);
#448 = LINE('',#449,#450);
#449 = CARTESIAN_POINT('',(-3.608224830032E-16,-0.707106781187));
#450 = VECTOR('',#451,1.);
#451 = DIRECTION('',(1.,-5.551115123126E-17));
#452 = ( GEOMETRIC_REPRESENTATION_CONTEXT(2) 
PARAMETRIC_REPRESENTATION_CONTEXT() REPRESENTATION_CONTEXT('2D SPACE',''
  ) );
#453 = ORIENTED_EDGE('',*,*,#454,.F.);
#454 = EDGE_CURVE('',#455,#427,#457,.T.);
#455 = VERTEX_POINT('',#456);
#456 = CARTESIAN_POINT('',(30.,-11.31717597601,-9.998076211353));
#457 = SURFACE_CURVE('',#458,(#462,#469),.PCURVE_S1.);
#458 = LINE('',#459,#460);
#459 = CARTESIAN_POINT('',(30.,-12.06717597601,-8.699038105677));
#460 = VECTOR('',#461,1.);
#461 = DIRECTION('',(0.,0.5,-0.866025403784));
#462 = PCURVE('',#32,#463);
#463 = DEFINITIONAL_REPRESENTATION('',(#464),#468);
#464 = LINE('',#465,#466);
#465 = CARTESIAN_POINT('',(-12.06717597601,-8.699038105677));
#466 = VECTOR('',#467,1.);
#467 = DIRECTION('',(0.5,-0.866025403784));
#468 = ( GEOMETRIC_REPRESENTATION_CONTEXT(2) 
PARAMETRIC_REPRESENTATION_CONTEXT() REPRESENTATION_CONTEXT('2D SPACE',''
  ) );
#469 = PCURVE('',#312,#470);
#470 = DEFINITIONAL_REPRESENTATION('',(#471),#475);
#471 = LINE('',#472,#473);
#472 = CARTESIAN_POINT('',(1.5,7.105427357601E-15));
#473 = VECTOR('',#474,1.);
#474 = DIRECTION('',(-1.,0.));
#475 = ( GEOMETRIC_REPRESENTATION_CONTEXT(2) 
PARAMETRIC_REPRESENTATION_CONTEXT() REPRESENTATION_CONTEXT('2D SPACE',''
  ) );
#476 = ORIENTED_EDGE('',*,*,#477,.T.);
#477 = EDGE_CURVE('',#455,#295,#478,.T.);
#478 = SURFACE_CURVE('',#479,(#483,#490),.PCURVE_S1.);
#479 = LINE('',#480,#481);
#480 = CARTESIAN_POINT('',(30.,-11.31717597601,-9.998076211353));
#481 = VECTOR('',#482,1.);
#482 = DIRECTION('',(0.,-0.5,0.866025403784));
#483 = PCURVE('',#32,#484);
#484 = DEFINITIONAL_REPRESENTATION('',(#485),#489);
#485 = LINE('',#486,#487);
#486 = CARTESIAN_POINT('',(-11.31717597601,-9.998076211353));
#487 = VECTOR('',#488,1.);
#488 = DIRECTION('',(-0.5,0.866025403784));
#489 = ( GEOMETRIC_REPRESENTATION_CONTEXT(2) 
PARAMETRIC_REPRESENTATION_CONTEXT() REPRESENTATION_CONTEXT('2D SPACE',''
  ) );
#490 = PCURVE('',#312,#491);
#491 = DEFINITIONAL_REPRESENTATION('',(#492),#496);
#492 = LINE('',#493,#494);
#493 = CARTESIAN_POINT('',(0.,0.));
#494 = VECTOR('',#495,1.);
#495 = DIRECTION('',(1.,0.));
#496 = ( GEOMETRIC_REPRESENTATION_CONTEXT(2) 
PARAMETRIC_REPRESENTATION_CONTEXT() REPRESENTATION_CONTEXT('2D SPACE',''
  ) );
#497 = FACE_BOUND('',#498,.F.);
#498 = EDGE_LOOP('',(#499,#529,#557,#585,#608,#631,#659,#682));
#499 = ORIENTED_EDGE('',*,*,#500,.T.);
#500 = EDGE_CURVE('',#501,#503,#505,.T.);
#501 = VERTEX_POINT('',#502);
#502 = CARTESIAN_POINT('',(30.,11.31717597601,-9.998076211353));
#503 = VERTEX_POINT('',#504);
#504 = CARTESIAN_POINT('',(30.,10.81717597601,-10.86410161513));
#505 = SURFACE_CURVE('',#506,(#510,#517),.PCURVE_S1.);
#506 = LINE('',#507,#508);
#507 = CARTESIAN_POINT('',(30.,13.56717597601,-6.100961894323));
#508 = VECTOR('',#509,1.);
#509 = DIRECTION('',(0.,-0.5,-0.866025403784));
#510 = PCURVE('',#32,#511);
#511 = DEFINITIONAL_REPRESENTATION('',(#512),#516);
#512 = LINE('',#513,#514);
#513 = CARTESIAN_POINT('',(13.56717597601,-6.100961894323));
#514 = VECTOR('',#515,1.);
#515 = DIRECTION('',(-0.5,-0.866025403784));
#516 = ( GEOMETRIC_REPRESENTATION_CONTEXT(2) 
PARAMETRIC_REPRESENTATION_CONTEXT() REPRESENTATION_CONTEXT('2D SPACE',''
  ) );
#517 = PCURVE('',#518,#523);
#518 = PLANE('',#519);
#519 = AXIS2_PLACEMENT_3D('',#520,#521,#522);
#520 = CARTESIAN_POINT('',(30.,14.31717597601,-4.801923788647));
#521 = DIRECTION('',(0.,0.866025403784,-0.5));
#522 = DIRECTION('',(0.,-0.5,-0.866025403784));
#523 = DEFINITIONAL_REPRESENTATION('',(#524),#528);
#524 = LINE('',#525,#526);
#525 = CARTESIAN_POINT('',(1.5,-1.42108547152E-14));
#526 = VECTOR('',#527,1.);
#527 = DIRECTION('',(1.,0.));
#528 = ( GEOMETRIC_REPRESENTATION_CONTEXT(2) 
PARAMETRIC_REPRESENTATION_CONTEXT() REPRESENTATION_CONTEXT('2D SPACE',''
  ) );
#529 = ORIENTED_EDGE('',*,*,#530,.T.);
#530 = EDGE_CURVE('',#503,#531,#533,.T.);
#531 = VERTEX_POINT('',#532);
#532 = CARTESIAN_POINT('',(30.,8.392304845413,-9.464101615138));
#533 = SURFACE_CURVE('',#534,(#538,#545),.PCURVE_S1.);
#534 = LINE('',#535,#536);
#535 = CARTESIAN_POINT('',(30.,10.81717597601,-10.86410161513));
#536 = VECTOR('',#537,1.);
#537 = DIRECTION('',(0.,-0.866025403784,0.5));
#538 = PCURVE('',#32,#539);
#539 = DEFINITIONAL_REPRESENTATION('',(#540),#544);
#540 = LINE('',#541,#542);
#541 = CARTESIAN_POINT('',(10.81717597601,-10.86410161513));
#542 = VECTOR('',#543,1.);
#543 = DIRECTION('',(-0.866025403784,0.5));
#544 = ( GEOMETRIC_REPRESENTATION_CONTEXT(2) 
PARAMETRIC_REPRESENTATION_CONTEXT() REPRESENTATION_CONTEXT('2D SPACE',''
  ) );
#545 = PCURVE('',#546,#551);
#546 = PLANE('',#547);
#547 = AXIS2_PLACEMENT_3D('',#548,#549,#550);
#548 = CARTESIAN_POINT('',(30.5,11.06717597601,-10.43108891324));
#549 = DIRECTION('',(-0.707106781187,0.353553390593,0.612372435696));
#550 = DIRECTION('',(0.,-0.866025403784,0.5));
#551 = DEFINITIONAL_REPRESENTATION('',(#552),#556);
#552 = LINE('',#553,#554);
#553 = CARTESIAN_POINT('',(2.775557561563E-17,-0.707106781187));
#554 = VECTOR('',#555,1.);
#555 = DIRECTION('',(1.,0.));
#556 = ( GEOMETRIC_REPRESENTATION_CONTEXT(2) 
PARAMETRIC_REPRESENTATION_CONTEXT() REPRESENTATION_CONTEXT('2D SPACE',''
  ) );
#557 = ORIENTED_EDGE('',*,*,#558,.F.);
#558 = EDGE_CURVE('',#559,#531,#561,.T.);
#559 = VERTEX_POINT('',#560);
#560 = CARTESIAN_POINT('',(30.,8.892304845413,-8.598076211353));
#561 = SURFACE_CURVE('',#562,(#566,#573),.PCURVE_S1.);
#562 = LINE('',#563,#564);
#563 = CARTESIAN_POINT('',(30.,9.642304845413,-7.299038105677));
#564 = VECTOR('',#565,1.);
#565 = DIRECTION('',(0.,-0.5,-0.866025403784));
#566 = PCURVE('',#32,#567);
#567 = DEFINITIONAL_REPRESENTATION('',(#568),#572);
#568 = LINE('',#569,#570);
#569 = CARTESIAN_POINT('',(9.642304845413,-7.299038105677));
#570 = VECTOR('',#571,1.);
#571 = DIRECTION('',(-0.5,-0.866025403784));
#572 = ( GEOMETRIC_REPRESENTATION_CONTEXT(2) 
PARAMETRIC_REPRESENTATION_CONTEXT() REPRESENTATION_CONTEXT('2D SPACE',''
  ) );
#573 = PCURVE('',#574,#579);
#574 = PLANE('',#575);
#575 = AXIS2_PLACEMENT_3D('',#576,#577,#578);
#576 = CARTESIAN_POINT('',(30.,8.892304845413,-8.598076211353));
#577 = DIRECTION('',(0.,-0.866025403784,0.5));
#578 = DIRECTION('',(0.,0.5,0.866025403784));
#579 = DEFINITIONAL_REPRESENTATION('',(#580),#584);
#580 = LINE('',#581,#582);
#581 = CARTESIAN_POINT('',(1.5,-1.42108547152E-14));
#582 = VECTOR('',#583,1.);
#583 = DIRECTION('',(-1.,-0.));
#584 = ( GEOMETRIC_REPRESENTATION_CONTEXT(2) 
PARAMETRIC_REPRESENTATION_CONTEXT() REPRESENTATION_CONTEXT('2D SPACE',''
  ) );
#585 = ORIENTED_EDGE('',*,*,#586,.T.);
#586 = EDGE_CURVE('',#559,#587,#589,.T.);
#587 = VERTEX_POINT('',#588);
#588 = CARTESIAN_POINT('',(30.,11.892304845413,-3.401923788647));
#589 = SURFACE_CURVE('',#590,(#594,#601),.PCURVE_S1.);
#590 = LINE('',#591,#592);
#591 = CARTESIAN_POINT('',(30.,8.892304845413,-8.598076211353));
#592 = VECTOR('',#593,1.);
#593 = DIRECTION('',(0.,0.5,0.866025403784));
#594 = PCURVE('',#32,#595);
#595 = DEFINITIONAL_REPRESENTATION('',(#596),#600);
#596 = LINE('',#597,#598);
#597 = CARTESIAN_POINT('',(8.892304845413,-8.598076211353));
#598 = VECTOR('',#599,1.);
#599 = DIRECTION('',(0.5,0.866025403784));
#600 = ( GEOMETRIC_REPRESENTATION_CONTEXT(2) 
PARAMETRIC_REPRESENTATION_CONTEXT() REPRESENTATION_CONTEXT('2D SPACE',''
  ) );
#601 = PCURVE('',#574,#602);
#602 = DEFINITIONAL_REPRESENTATION('',(#603),#607);
#603 = LINE('',#604,#605);
#604 = CARTESIAN_POINT('',(0.,-0.));
#605 = VECTOR('',#606,1.);
#606 = DIRECTION('',(1.,0.));
#607 = ( GEOMETRIC_REPRESENTATION_CONTEXT(2) 
PARAMETRIC_REPRESENTATION_CONTEXT() REPRESENTATION_CONTEXT('2D SPACE',''
  ) );
#608 = ORIENTED_EDGE('',*,*,#609,.T.);
#609 = EDGE_CURVE('',#587,#610,#612,.T.);
#610 = VERTEX_POINT('',#611);
#611 = CARTESIAN_POINT('',(30.,12.392304845413,-2.535898384862));
#612 = SURFACE_CURVE('',#613,(#617,#624),.PCURVE_S1.);
#613 = LINE('',#614,#615);
#614 = CARTESIAN_POINT('',(30.,9.642304845413,-7.299038105677));
#615 = VECTOR('',#616,1.);
#616 = DIRECTION('',(0.,0.5,0.866025403784));
#617 = PCURVE('',#32,#618);
#618 = DEFINITIONAL_REPRESENTATION('',(#619),#623);
#619 = LINE('',#620,#621);
#620 = CARTESIAN_POINT('',(9.642304845413,-7.299038105677));
#621 = VECTOR('',#622,1.);
#622 = DIRECTION('',(0.5,0.866025403784));
#623 = ( GEOMETRIC_REPRESENTATION_CONTEXT(2) 
PARAMETRIC_REPRESENTATION_CONTEXT() REPRESENTATION_CONTEXT('2D SPACE',''
  ) );
#624 = PCURVE('',#574,#625);
#625 = DEFINITIONAL_REPRESENTATION('',(#626),#630);
#626 = LINE('',#627,#628);
#627 = CARTESIAN_POINT('',(1.5,-1.42108547152E-14));
#628 = VECTOR('',#629,1.);
#629 = DIRECTION('',(1.,0.));
#630 = ( GEOMETRIC_REPRESENTATION_CONTEXT(2) 
PARAMETRIC_REPRESENTATION_CONTEXT() REPRESENTATION_CONTEXT('2D SPACE',''
  ) );
#631 = ORIENTED_EDGE('',*,*,#632,.T.);
#632 = EDGE_CURVE('',#610,#633,#635,.T.);
#633 = VERTEX_POINT('',#634);
#634 = CARTESIAN_POINT('',(30.,14.81717597601,-3.935898384862));
#635 = SURFACE_CURVE('',#636,(#640,#647),.PCURVE_S1.);
#636 = LINE('',#637,#638);
#637 = CARTESIAN_POINT('',(30.,12.392304845413,-2.535898384862));
#638 = VECTOR('',#639,1.);
#639 = DIRECTION('',(0.,0.866025403784,-0.5));
#640 = PCURVE('',#32,#641);
#641 = DEFINITIONAL_REPRESENTATION('',(#642),#646);
#642 = LINE('',#643,#644);
#643 = CARTESIAN_POINT('',(12.392304845413,-2.535898384862));
#644 = VECTOR('',#645,1.);
#645 = DIRECTION('',(0.866025403784,-0.5));
#646 = ( GEOMETRIC_REPRESENTATION_CONTEXT(2) 
PARAMETRIC_REPRESENTATION_CONTEXT() REPRESENTATION_CONTEXT('2D SPACE',''
  ) );
#647 = PCURVE('',#648,#653);
#648 = PLANE('',#649);
#649 = AXIS2_PLACEMENT_3D('',#650,#651,#652);
#650 = CARTESIAN_POINT('',(30.5,12.142304845413,-2.968911086754));
#651 = DIRECTION('',(-0.707106781187,-0.353553390593,-0.612372435696));
#652 = DIRECTION('',(0.,0.866025403784,-0.5));
#653 = DEFINITIONAL_REPRESENTATION('',(#654),#658);
#654 = LINE('',#655,#656);
#655 = CARTESIAN_POINT('',(-1.942890293094E-16,-0.707106781187));
#656 = VECTOR('',#657,1.);
#657 = DIRECTION('',(1.,0.));
#658 = ( GEOMETRIC_REPRESENTATION_CONTEXT(2) 
PARAMETRIC_REPRESENTATION_CONTEXT() REPRESENTATION_CONTEXT('2D SPACE',''
  ) );
#659 = ORIENTED_EDGE('',*,*,#660,.F.);
#660 = EDGE_CURVE('',#661,#633,#663,.T.);
#661 = VERTEX_POINT('',#662);
#662 = CARTESIAN_POINT('',(30.,14.31717597601,-4.801923788647));
#663 = SURFACE_CURVE('',#664,(#668,#675),.PCURVE_S1.);
#664 = LINE('',#665,#666);
#665 = CARTESIAN_POINT('',(30.,13.56717597601,-6.100961894323));
#666 = VECTOR('',#667,1.);
#667 = DIRECTION('',(0.,0.5,0.866025403784));
#668 = PCURVE('',#32,#669);
#669 = DEFINITIONAL_REPRESENTATION('',(#670),#674);
#670 = LINE('',#671,#672);
#671 = CARTESIAN_POINT('',(13.56717597601,-6.100961894323));
#672 = VECTOR('',#673,1.);
#673 = DIRECTION('',(0.5,0.866025403784));
#674 = ( GEOMETRIC_REPRESENTATION_CONTEXT(2) 
PARAMETRIC_REPRESENTATION_CONTEXT() REPRESENTATION_CONTEXT('2D SPACE',''
  ) );
#675 = PCURVE('',#518,#676);
#676 = DEFINITIONAL_REPRESENTATION('',(#677),#681);
#677 = LINE('',#678,#679);
#678 = CARTESIAN_POINT('',(1.5,-1.42108547152E-14));
#679 = VECTOR('',#680,1.);
#680 = DIRECTION('',(-1.,0.));
#681 = ( GEOMETRIC_REPRESENTATION_CONTEXT(2) 
PARAMETRIC_REPRESENTATION_CONTEXT() REPRESENTATION_CONTEXT('2D SPACE',''
  ) );
#682 = ORIENTED_EDGE('',*,*,#683,.T.);
#683 = EDGE_CURVE('',#661,#501,#684,.T.);
#684 = SURFACE_CURVE('',#685,(#689,#696),.PCURVE_S1.);
#685 = LINE('',#686,#687);
#686 = CARTESIAN_POINT('',(30.,14.31717597601,-4.801923788647));
#687 = VECTOR('',#688,1.);
#688 = DIRECTION('',(0.,-0.5,-0.866025403784));
#689 = PCURVE('',#32,#690);
#690 = DEFINITIONAL_REPRESENTATION('',(#691),#695);
#691 = LINE('',#692,#693);
#692 = CARTESIAN_POINT('',(14.31717597601,-4.801923788647));
#693 = VECTOR('',#694,1.);
#694 = DIRECTION('',(-0.5,-0.866025403784));
#695 = ( GEOMETRIC_REPRESENTATION_CONTEXT(2) 
PARAMETRIC_REPRESENTATION_CONTEXT() REPRESENTATION_CONTEXT('2D SPACE',''
  ) );
#696 = PCURVE('',#518,#697);
#697 = DEFINITIONAL_REPRESENTATION('',(#698),#702);
#698 = LINE('',#699,#700);
#699 = CARTESIAN_POINT('',(0.,0.));
#700 = VECTOR('',#701,1.);
#701 = DIRECTION('',(1.,0.));
#702 = ( GEOMETRIC_REPRESENTATION_CONTEXT(2) 
PARAMETRIC_REPRESENTATION_CONTEXT() REPRESENTATION_CONTEXT('2D SPACE',''
  ) );
#703 = ADVANCED_FACE('',(#704),#44,.F.);
#704 = FACE_BOUND('',#705,.F.);
#705 = EDGE_LOOP('',(#706,#736,#757,#758,#759,#760,#783,#811,#839,#867,
    #895,#923,#951));
#706 = ORIENTED_EDGE('',*,*,#707,.F.);
#707 = EDGE_CURVE('',#708,#710,#712,.T.);
#708 = VERTEX_POINT('',#709);
#709 = CARTESIAN_POINT('',(31.,3.,14.8));
#710 = VERTEX_POINT('',#711);
#711 = CARTESIAN_POINT('',(34.,3.,14.8));
#712 = SURFACE_CURVE('',#713,(#717,#724),.PCURVE_S1.);
#713 = LINE('',#714,#715);
#714 = CARTESIAN_POINT('',(30.,3.,14.8));
#715 = VECTOR('',#716,1.);
#716 = DIRECTION('',(1.,0.,0.));
#717 = PCURVE('',#44,#718);
#718 = DEFINITIONAL_REPRESENTATION('',(#719),#723);
#719 = LINE('',#720,#721);
#720 = CARTESIAN_POINT('',(6.,0.));
#721 = VECTOR('',#722,1.);
#722 = DIRECTION('',(0.,-1.));
#723 = ( GEOMETRIC_REPRESENTATION_CONTEXT(2) 
PARAMETRIC_REPRESENTATION_CONTEXT() REPRESENTATION_CONTEXT('2D SPACE',''
  ) );
#724 = PCURVE('',#725,#730);
#725 = PLANE('',#726);
#726 = AXIS2_PLACEMENT_3D('',#727,#728,#729);
#727 = CARTESIAN_POINT('',(30.,3.,14.8));
#728 = DIRECTION('',(0.,1.,0.));
#729 = DIRECTION('',(0.,0.,-1.));
#730 = DEFINITIONAL_REPRESENTATION('',(#731),#735);
#731 = LINE('',#732,#733);
#732 = CARTESIAN_POINT('',(0.,0.));
#733 = VECTOR('',#734,1.);
#734 = DIRECTION('',(0.,-1.));
#735 = ( GEOMETRIC_REPRESENTATION_CONTEXT(2) 
PARAMETRIC_REPRESENTATION_CONTEXT() REPRESENTATION_CONTEXT('2D SPACE',''
  ) );
#736 = ORIENTED_EDGE('',*,*,#737,.F.);
#737 = EDGE_CURVE('',#24,#708,#738,.T.);
#738 = SURFACE_CURVE('',#739,(#743,#750),.PCURVE_S1.);
#739 = LINE('',#740,#741);
#740 = CARTESIAN_POINT('',(32.,2.,14.8));
#741 = VECTOR('',#742,1.);
#742 = DIRECTION('',(0.707106781187,-0.707106781187,0.));
#743 = PCURVE('',#44,#744);
#744 = DEFINITIONAL_REPRESENTATION('',(#745),#749);
#745 = LINE('',#746,#747);
#746 = CARTESIAN_POINT('',(5.,-2.));
#747 = VECTOR('',#748,1.);
#748 = DIRECTION('',(-0.707106781187,-0.707106781187));
#749 = ( GEOMETRIC_REPRESENTATION_CONTEXT(2) 
PARAMETRIC_REPRESENTATION_CONTEXT() REPRESENTATION_CONTEXT('2D SPACE',''
  ) );
#750 = PCURVE('',#72,#751);
#751 = DEFINITIONAL_REPRESENTATION('',(#752),#756);
#752 = LINE('',#753,#754);
#753 = CARTESIAN_POINT('',(-0.,2.12132034356));
#754 = VECTOR('',#755,1.);
#755 = DIRECTION('',(-0.,1.));
#756 = ( GEOMETRIC_REPRESENTATION_CONTEXT(2) 
PARAMETRIC_REPRESENTATION_CONTEXT() REPRESENTATION_CONTEXT('2D SPACE',''
  ) );
#757 = ORIENTED_EDGE('',*,*,#21,.F.);
#758 = ORIENTED_EDGE('',*,*,#209,.F.);
#759 = ORIENTED_EDGE('',*,*,#186,.T.);
#760 = ORIENTED_EDGE('',*,*,#761,.T.);
#761 = EDGE_CURVE('',#159,#762,#764,.T.);
#762 = VERTEX_POINT('',#763);
#763 = CARTESIAN_POINT('',(31.,-3.,14.8));
#764 = SURFACE_CURVE('',#765,(#769,#776),.PCURVE_S1.);
#765 = LINE('',#766,#767);
#766 = CARTESIAN_POINT('',(30.5,-3.5,14.8));
#767 = VECTOR('',#768,1.);
#768 = DIRECTION('',(0.707106781187,0.707106781187,0.));
#769 = PCURVE('',#44,#770);
#770 = DEFINITIONAL_REPRESENTATION('',(#771),#775);
#771 = LINE('',#772,#773);
#772 = CARTESIAN_POINT('',(-0.5,-0.5));
#773 = VECTOR('',#774,1.);
#774 = DIRECTION('',(0.707106781187,-0.707106781187));
#775 = ( GEOMETRIC_REPRESENTATION_CONTEXT(2) 
PARAMETRIC_REPRESENTATION_CONTEXT() REPRESENTATION_CONTEXT('2D SPACE',''
  ) );
#776 = PCURVE('',#174,#777);
#777 = DEFINITIONAL_REPRESENTATION('',(#778),#782);
#778 = LINE('',#779,#780);
#779 = CARTESIAN_POINT('',(2.8,3.140184917368E-16));
#780 = VECTOR('',#781,1.);
#781 = DIRECTION('',(0.,1.));
#782 = ( GEOMETRIC_REPRESENTATION_CONTEXT(2) 
PARAMETRIC_REPRESENTATION_CONTEXT() REPRESENTATION_CONTEXT('2D SPACE',''
  ) );
#783 = ORIENTED_EDGE('',*,*,#784,.T.);
#784 = EDGE_CURVE('',#762,#785,#787,.T.);
#785 = VERTEX_POINT('',#786);
#786 = CARTESIAN_POINT('',(34.,-3.,14.8));
#787 = SURFACE_CURVE('',#788,(#792,#799),.PCURVE_S1.);
#788 = LINE('',#789,#790);
#789 = CARTESIAN_POINT('',(30.,-3.,14.8));
#790 = VECTOR('',#791,1.);
#791 = DIRECTION('',(1.,0.,0.));
#792 = PCURVE('',#44,#793);
#793 = DEFINITIONAL_REPRESENTATION('',(#794),#798);
#794 = LINE('',#795,#796);
#795 = CARTESIAN_POINT('',(0.,0.));
#796 = VECTOR('',#797,1.);
#797 = DIRECTION('',(0.,-1.));
#798 = ( GEOMETRIC_REPRESENTATION_CONTEXT(2) 
PARAMETRIC_REPRESENTATION_CONTEXT() REPRESENTATION_CONTEXT('2D SPACE',''
  ) );
#799 = PCURVE('',#800,#805);
#800 = PLANE('',#801);
#801 = AXIS2_PLACEMENT_3D('',#802,#803,#804);
#802 = CARTESIAN_POINT('',(30.,-3.,12.));
#803 = DIRECTION('',(0.,-1.,0.));
#804 = DIRECTION('',(0.,0.,1.));
#805 = DEFINITIONAL_REPRESENTATION('',(#806),#810);
#806 = LINE('',#807,#808);
#807 = CARTESIAN_POINT('',(2.8,0.));
#808 = VECTOR('',#809,1.);
#809 = DIRECTION('',(0.,-1.));
#810 = ( GEOMETRIC_REPRESENTATION_CONTEXT(2) 
PARAMETRIC_REPRESENTATION_CONTEXT() REPRESENTATION_CONTEXT('2D SPACE',''
  ) );
#811 = ORIENTED_EDGE('',*,*,#812,.T.);
#812 = EDGE_CURVE('',#785,#813,#815,.T.);
#813 = VERTEX_POINT('',#814);
#814 = CARTESIAN_POINT('',(34.,-2.814582562299,14.8));
#815 = SURFACE_CURVE('',#816,(#820,#827),.PCURVE_S1.);
#816 = LINE('',#817,#818);
#817 = CARTESIAN_POINT('',(34.,-3.,14.8));
#818 = VECTOR('',#819,1.);
#819 = DIRECTION('',(0.,1.,0.));
#820 = PCURVE('',#44,#821);
#821 = DEFINITIONAL_REPRESENTATION('',(#822),#826);
#822 = LINE('',#823,#824);
#823 = CARTESIAN_POINT('',(0.,-4.));
#824 = VECTOR('',#825,1.);
#825 = DIRECTION('',(1.,0.));
#826 = ( GEOMETRIC_REPRESENTATION_CONTEXT(2) 
PARAMETRIC_REPRESENTATION_CONTEXT() REPRESENTATION_CONTEXT('2D SPACE',''
  ) );
#827 = PCURVE('',#828,#833);
#828 = PLANE('',#829);
#829 = AXIS2_PLACEMENT_3D('',#830,#831,#832);
#830 = CARTESIAN_POINT('',(34.,3.E-16,13.4));
#831 = DIRECTION('',(1.,0.,0.));
#832 = DIRECTION('',(0.,0.,1.));
#833 = DEFINITIONAL_REPRESENTATION('',(#834),#838);
#834 = LINE('',#835,#836);
#835 = CARTESIAN_POINT('',(1.4,3.));
#836 = VECTOR('',#837,1.);
#837 = DIRECTION('',(0.,-1.));
#838 = ( GEOMETRIC_REPRESENTATION_CONTEXT(2) 
PARAMETRIC_REPRESENTATION_CONTEXT() REPRESENTATION_CONTEXT('2D SPACE',''
  ) );
#839 = ORIENTED_EDGE('',*,*,#840,.F.);
#840 = EDGE_CURVE('',#841,#813,#843,.T.);
#841 = VERTEX_POINT('',#842);
#842 = CARTESIAN_POINT('',(33.374999999998,-2.814582562299,14.8));
#843 = SURFACE_CURVE('',#844,(#848,#855),.PCURVE_S1.);
#844 = LINE('',#845,#846);
#845 = CARTESIAN_POINT('',(31.687499999999,-2.814582562298,14.8));
#846 = VECTOR('',#847,1.);
#847 = DIRECTION('',(1.,-4.0733E-13,0.));
#848 = PCURVE('',#44,#849);
#849 = DEFINITIONAL_REPRESENTATION('',(#850),#854);
#850 = LINE('',#851,#852);
#851 = CARTESIAN_POINT('',(0.185417437702,-1.687499999999));
#852 = VECTOR('',#853,1.);
#853 = DIRECTION('',(-4.0733E-13,-1.));
#854 = ( GEOMETRIC_REPRESENTATION_CONTEXT(2) 
PARAMETRIC_REPRESENTATION_CONTEXT() REPRESENTATION_CONTEXT('2D SPACE',''
  ) );
#855 = PCURVE('',#856,#861);
#856 = PLANE('',#857);
#857 = AXIS2_PLACEMENT_3D('',#858,#859,#860);
#858 = CARTESIAN_POINT('',(33.374999999998,-2.814582562299,12.));
#859 = DIRECTION('',(4.0733E-13,1.,0.));
#860 = DIRECTION('',(1.,-4.0733E-13,0.));
#861 = DEFINITIONAL_REPRESENTATION('',(#862),#866);
#862 = LINE('',#863,#864);
#863 = CARTESIAN_POINT('',(-1.687499999999,-2.8));
#864 = VECTOR('',#865,1.);
#865 = DIRECTION('',(1.,0.));
#866 = ( GEOMETRIC_REPRESENTATION_CONTEXT(2) 
PARAMETRIC_REPRESENTATION_CONTEXT() REPRESENTATION_CONTEXT('2D SPACE',''
  ) );
#867 = ORIENTED_EDGE('',*,*,#868,.F.);
#868 = EDGE_CURVE('',#869,#841,#871,.T.);
#869 = VERTEX_POINT('',#870);
#870 = CARTESIAN_POINT('',(31.749999999999,2.708E-12,14.8));
#871 = SURFACE_CURVE('',#872,(#876,#883),.PCURVE_S1.);
#872 = LINE('',#873,#874);
#873 = CARTESIAN_POINT('',(32.180769052838,-0.746113885844,14.8));
#874 = VECTOR('',#875,1.);
#875 = DIRECTION('',(0.499999999999,-0.866025403785,0.));
#876 = PCURVE('',#44,#877);
#877 = DEFINITIONAL_REPRESENTATION('',(#878),#882);
#878 = LINE('',#879,#880);
#879 = CARTESIAN_POINT('',(2.253886114156,-2.180769052838));
#880 = VECTOR('',#881,1.);
#881 = DIRECTION('',(-0.866025403785,-0.499999999999));
#882 = ( GEOMETRIC_REPRESENTATION_CONTEXT(2) 
PARAMETRIC_REPRESENTATION_CONTEXT() REPRESENTATION_CONTEXT('2D SPACE',''
  ) );
#883 = PCURVE('',#884,#889);
#884 = PLANE('',#885);
#885 = AXIS2_PLACEMENT_3D('',#886,#887,#888);
#886 = CARTESIAN_POINT('',(31.749999999999,2.70761E-12,12.));
#887 = DIRECTION('',(0.866025403785,0.499999999999,0.));
#888 = DIRECTION('',(0.499999999999,-0.866025403785,0.));
#889 = DEFINITIONAL_REPRESENTATION('',(#890),#894);
#890 = LINE('',#891,#892);
#891 = CARTESIAN_POINT('',(0.861538105679,-2.8));
#892 = VECTOR('',#893,1.);
#893 = DIRECTION('',(1.,0.));
#894 = ( GEOMETRIC_REPRESENTATION_CONTEXT(2) 
PARAMETRIC_REPRESENTATION_CONTEXT() REPRESENTATION_CONTEXT('2D SPACE',''
  ) );
#895 = ORIENTED_EDGE('',*,*,#896,.F.);
#896 = EDGE_CURVE('',#897,#869,#899,.T.);
#897 = VERTEX_POINT('',#898);
#898 = CARTESIAN_POINT('',(33.375000000003,2.814582562302,14.8));
#899 = SURFACE_CURVE('',#900,(#904,#911),.PCURVE_S1.);
#900 = LINE('',#901,#902);
#901 = CARTESIAN_POINT('',(31.694230947161,-9.659483300339E-02,14.8));
#902 = VECTOR('',#903,1.);
#903 = DIRECTION('',(-0.500000000001,-0.866025403784,0.));
#904 = PCURVE('',#44,#905);
#905 = DEFINITIONAL_REPRESENTATION('',(#906),#910);
#906 = LINE('',#907,#908);
#907 = CARTESIAN_POINT('',(2.903405166997,-1.694230947161));
#908 = VECTOR('',#909,1.);
#909 = DIRECTION('',(-0.866025403784,0.500000000001));
#910 = ( GEOMETRIC_REPRESENTATION_CONTEXT(2) 
PARAMETRIC_REPRESENTATION_CONTEXT() REPRESENTATION_CONTEXT('2D SPACE',''
  ) );
#911 = PCURVE('',#912,#917);
#912 = PLANE('',#913);
#913 = AXIS2_PLACEMENT_3D('',#914,#915,#916);
#914 = CARTESIAN_POINT('',(33.375000000003,2.814582562302,12.));
#915 = DIRECTION('',(0.866025403784,-0.500000000001,0.));
#916 = DIRECTION('',(-0.500000000001,-0.866025403784,0.));
#917 = DEFINITIONAL_REPRESENTATION('',(#918),#922);
#918 = LINE('',#919,#920);
#919 = CARTESIAN_POINT('',(3.361538105678,-2.8));
#920 = VECTOR('',#921,1.);
#921 = DIRECTION('',(1.,0.));
#922 = ( GEOMETRIC_REPRESENTATION_CONTEXT(2) 
PARAMETRIC_REPRESENTATION_CONTEXT() REPRESENTATION_CONTEXT('2D SPACE',''
  ) );
#923 = ORIENTED_EDGE('',*,*,#924,.F.);
#924 = EDGE_CURVE('',#925,#897,#927,.T.);
#925 = VERTEX_POINT('',#926);
#926 = CARTESIAN_POINT('',(34.,2.814582562302,14.8));
#927 = SURFACE_CURVE('',#928,(#932,#939),.PCURVE_S1.);
#928 = LINE('',#929,#930);
#929 = CARTESIAN_POINT('',(33.3125,2.814582562302,14.8));
#930 = VECTOR('',#931,1.);
#931 = DIRECTION('',(-1.,-8.1617E-13,0.));
#932 = PCURVE('',#44,#933);
#933 = DEFINITIONAL_REPRESENTATION('',(#934),#938);
#934 = LINE('',#935,#936);
#935 = CARTESIAN_POINT('',(5.814582562302,-3.3125));
#936 = VECTOR('',#937,1.);
#937 = DIRECTION('',(-8.1617E-13,1.));
#938 = ( GEOMETRIC_REPRESENTATION_CONTEXT(2) 
PARAMETRIC_REPRESENTATION_CONTEXT() REPRESENTATION_CONTEXT('2D SPACE',''
  ) );
#939 = PCURVE('',#940,#945);
#940 = PLANE('',#941);
#941 = AXIS2_PLACEMENT_3D('',#942,#943,#944);
#942 = CARTESIAN_POINT('',(36.625000000004,2.814582562305,12.));
#943 = DIRECTION('',(8.1617E-13,-1.,0.));
#944 = DIRECTION('',(-1.,-8.1617E-13,0.));
#945 = DEFINITIONAL_REPRESENTATION('',(#946),#950);
#946 = LINE('',#947,#948);
#947 = CARTESIAN_POINT('',(3.312500000004,-2.8));
#948 = VECTOR('',#949,1.);
#949 = DIRECTION('',(1.,0.));
#950 = ( GEOMETRIC_REPRESENTATION_CONTEXT(2) 
PARAMETRIC_REPRESENTATION_CONTEXT() REPRESENTATION_CONTEXT('2D SPACE',''
  ) );
#951 = ORIENTED_EDGE('',*,*,#952,.T.);
#952 = EDGE_CURVE('',#925,#710,#953,.T.);
#953 = SURFACE_CURVE('',#954,(#958,#965),.PCURVE_S1.);
#954 = LINE('',#955,#956);
#955 = CARTESIAN_POINT('',(34.,-3.,14.8));
#956 = VECTOR('',#957,1.);
#957 = DIRECTION('',(0.,1.,0.));
#958 = PCURVE('',#44,#959);
#959 = DEFINITIONAL_REPRESENTATION('',(#960),#964);
#960 = LINE('',#961,#962);
#961 = CARTESIAN_POINT('',(0.,-4.));
#962 = VECTOR('',#963,1.);
#963 = DIRECTION('',(1.,0.));
#964 = ( GEOMETRIC_REPRESENTATION_CONTEXT(2) 
PARAMETRIC_REPRESENTATION_CONTEXT() REPRESENTATION_CONTEXT('2D SPACE',''
  ) );
#965 = PCURVE('',#966,#971);
#966 = PLANE('',#967);
#967 = AXIS2_PLACEMENT_3D('',#968,#969,#970);
#968 = CARTESIAN_POINT('',(34.,3.E-16,13.4));
#969 = DIRECTION('',(1.,0.,0.));
#970 = DIRECTION('',(0.,0.,1.));
#971 = DEFINITIONAL_REPRESENTATION('',(#972),#976);
#972 = LINE('',#973,#974);
#973 = CARTESIAN_POINT('',(1.4,3.));
#974 = VECTOR('',#975,1.);
#975 = DIRECTION('',(0.,-1.));
#976 = ( GEOMETRIC_REPRESENTATION_CONTEXT(2) 
PARAMETRIC_REPRESENTATION_CONTEXT() REPRESENTATION_CONTEXT('2D SPACE',''
  ) );
#977 = ADVANCED_FACE('',(#978),#72,.T.);
#978 = FACE_BOUND('',#979,.T.);
#979 = EDGE_LOOP('',(#980,#981,#982,#1005));
#980 = ORIENTED_EDGE('',*,*,#737,.F.);
#981 = ORIENTED_EDGE('',*,*,#56,.T.);
#982 = ORIENTED_EDGE('',*,*,#983,.T.);
#983 = EDGE_CURVE('',#57,#984,#986,.T.);
#984 = VERTEX_POINT('',#985);
#985 = CARTESIAN_POINT('',(31.,3.,12.));
#986 = SURFACE_CURVE('',#987,(#991,#998),.PCURVE_S1.);
#987 = LINE('',#988,#989);
#988 = CARTESIAN_POINT('',(30.5,3.5,12.));
#989 = VECTOR('',#990,1.);
#990 = DIRECTION('',(0.707106781187,-0.707106781187,0.));
#991 = PCURVE('',#72,#992);
#992 = DEFINITIONAL_REPRESENTATION('',(#993),#997);
#993 = LINE('',#994,#995);
#994 = CARTESIAN_POINT('',(2.8,0.));
#995 = VECTOR('',#996,1.);
#996 = DIRECTION('',(-0.,1.));
#997 = ( GEOMETRIC_REPRESENTATION_CONTEXT(2) 
PARAMETRIC_REPRESENTATION_CONTEXT() REPRESENTATION_CONTEXT('2D SPACE',''
  ) );
#998 = PCURVE('',#100,#999);
#999 = DEFINITIONAL_REPRESENTATION('',(#1000),#1004);
#1000 = LINE('',#1001,#1002);
#1001 = CARTESIAN_POINT('',(-0.5,-0.5));
#1002 = VECTOR('',#1003,1.);
#1003 = DIRECTION('',(0.707106781187,-0.707106781187));
#1004 = ( GEOMETRIC_REPRESENTATION_CONTEXT(2) 
PARAMETRIC_REPRESENTATION_CONTEXT() REPRESENTATION_CONTEXT('2D SPACE',''
  ) );
#1005 = ORIENTED_EDGE('',*,*,#1006,.F.);
#1006 = EDGE_CURVE('',#708,#984,#1007,.T.);
#1007 = SURFACE_CURVE('',#1008,(#1012,#1019),.PCURVE_S1.);
#1008 = LINE('',#1009,#1010);
#1009 = CARTESIAN_POINT('',(31.,3.,14.8));
#1010 = VECTOR('',#1011,1.);
#1011 = DIRECTION('',(0.,0.,-1.));
#1012 = PCURVE('',#72,#1013);
#1013 = DEFINITIONAL_REPRESENTATION('',(#1014),#1018);
#1014 = LINE('',#1015,#1016);
#1015 = CARTESIAN_POINT('',(-0.,0.707106781187));
#1016 = VECTOR('',#1017,1.);
#1017 = DIRECTION('',(1.,0.));
#1018 = ( GEOMETRIC_REPRESENTATION_CONTEXT(2) 
PARAMETRIC_REPRESENTATION_CONTEXT() REPRESENTATION_CONTEXT('2D SPACE',''
  ) );
#1019 = PCURVE('',#725,#1020);
#1020 = DEFINITIONAL_REPRESENTATION('',(#1021),#1025);
#1021 = LINE('',#1022,#1023);
#1022 = CARTESIAN_POINT('',(0.,-1.));
#1023 = VECTOR('',#1024,1.);
#1024 = DIRECTION('',(1.,0.));
#1025 = ( GEOMETRIC_REPRESENTATION_CONTEXT(2) 
PARAMETRIC_REPRESENTATION_CONTEXT() REPRESENTATION_CONTEXT('2D SPACE',''
  ) );
#1026 = ADVANCED_FACE('',(#1027),#100,.F.);
#1027 = FACE_BOUND('',#1028,.F.);
#1028 = EDGE_LOOP('',(#1029,#1054,#1075,#1076,#1077,#1078,#1079,#1102,
    #1125,#1153,#1176,#1199,#1222));
#1029 = ORIENTED_EDGE('',*,*,#1030,.F.);
#1030 = EDGE_CURVE('',#1031,#1033,#1035,.T.);
#1031 = VERTEX_POINT('',#1032);
#1032 = CARTESIAN_POINT('',(31.,-3.,12.));
#1033 = VERTEX_POINT('',#1034);
#1034 = CARTESIAN_POINT('',(34.,-3.,12.));
#1035 = SURFACE_CURVE('',#1036,(#1040,#1047),.PCURVE_S1.);
#1036 = LINE('',#1037,#1038);
#1037 = CARTESIAN_POINT('',(30.,-3.,12.));
#1038 = VECTOR('',#1039,1.);
#1039 = DIRECTION('',(1.,0.,0.));
#1040 = PCURVE('',#100,#1041);
#1041 = DEFINITIONAL_REPRESENTATION('',(#1042),#1046);
#1042 = LINE('',#1043,#1044);
#1043 = CARTESIAN_POINT('',(6.,0.));
#1044 = VECTOR('',#1045,1.);
#1045 = DIRECTION('',(0.,-1.));
#1046 = ( GEOMETRIC_REPRESENTATION_CONTEXT(2) 
PARAMETRIC_REPRESENTATION_CONTEXT() REPRESENTATION_CONTEXT('2D SPACE',''
  ) );
#1047 = PCURVE('',#800,#1048);
#1048 = DEFINITIONAL_REPRESENTATION('',(#1049),#1053);
#1049 = LINE('',#1050,#1051);
#1050 = CARTESIAN_POINT('',(0.,0.));
#1051 = VECTOR('',#1052,1.);
#1052 = DIRECTION('',(0.,-1.));
#1053 = ( GEOMETRIC_REPRESENTATION_CONTEXT(2) 
PARAMETRIC_REPRESENTATION_CONTEXT() REPRESENTATION_CONTEXT('2D SPACE',''
  ) );
#1054 = ORIENTED_EDGE('',*,*,#1055,.F.);
#1055 = EDGE_CURVE('',#136,#1031,#1056,.T.);
#1056 = SURFACE_CURVE('',#1057,(#1061,#1068),.PCURVE_S1.);
#1057 = LINE('',#1058,#1059);
#1058 = CARTESIAN_POINT('',(32.,-2.,12.));
#1059 = VECTOR('',#1060,1.);
#1060 = DIRECTION('',(0.707106781187,0.707106781187,0.));
#1061 = PCURVE('',#100,#1062);
#1062 = DEFINITIONAL_REPRESENTATION('',(#1063),#1067);
#1063 = LINE('',#1064,#1065);
#1064 = CARTESIAN_POINT('',(5.,-2.));
#1065 = VECTOR('',#1066,1.);
#1066 = DIRECTION('',(-0.707106781187,-0.707106781187));
#1067 = ( GEOMETRIC_REPRESENTATION_CONTEXT(2) 
PARAMETRIC_REPRESENTATION_CONTEXT() REPRESENTATION_CONTEXT('2D SPACE',''
  ) );
#1068 = PCURVE('',#174,#1069);
#1069 = DEFINITIONAL_REPRESENTATION('',(#1070),#1074);
#1070 = LINE('',#1071,#1072);
#1071 = CARTESIAN_POINT('',(0.,2.12132034356));
#1072 = VECTOR('',#1073,1.);
#1073 = DIRECTION('',(0.,1.));
#1074 = ( GEOMETRIC_REPRESENTATION_CONTEXT(2) 
PARAMETRIC_REPRESENTATION_CONTEXT() REPRESENTATION_CONTEXT('2D SPACE',''
  ) );
#1075 = ORIENTED_EDGE('',*,*,#135,.F.);
#1076 = ORIENTED_EDGE('',*,*,#112,.F.);
#1077 = ORIENTED_EDGE('',*,*,#84,.T.);
#1078 = ORIENTED_EDGE('',*,*,#983,.T.);
#1079 = ORIENTED_EDGE('',*,*,#1080,.T.);
#1080 = EDGE_CURVE('',#984,#1081,#1083,.T.);
#1081 = VERTEX_POINT('',#1082);
#1082 = CARTESIAN_POINT('',(34.,3.,12.));
#1083 = SURFACE_CURVE('',#1084,(#1088,#1095),.PCURVE_S1.);
#1084 = LINE('',#1085,#1086);
#1085 = CARTESIAN_POINT('',(30.,3.,12.));
#1086 = VECTOR('',#1087,1.);
#1087 = DIRECTION('',(1.,0.,0.));
#1088 = PCURVE('',#100,#1089);
#1089 = DEFINITIONAL_REPRESENTATION('',(#1090),#1094);
#1090 = LINE('',#1091,#1092);
#1091 = CARTESIAN_POINT('',(0.,-0.));
#1092 = VECTOR('',#1093,1.);
#1093 = DIRECTION('',(0.,-1.));
#1094 = ( GEOMETRIC_REPRESENTATION_CONTEXT(2) 
PARAMETRIC_REPRESENTATION_CONTEXT() REPRESENTATION_CONTEXT('2D SPACE',''
  ) );
#1095 = PCURVE('',#725,#1096);
#1096 = DEFINITIONAL_REPRESENTATION('',(#1097),#1101);
#1097 = LINE('',#1098,#1099);
#1098 = CARTESIAN_POINT('',(2.8,0.));
#1099 = VECTOR('',#1100,1.);
#1100 = DIRECTION('',(0.,-1.));
#1101 = ( GEOMETRIC_REPRESENTATION_CONTEXT(2) 
PARAMETRIC_REPRESENTATION_CONTEXT() REPRESENTATION_CONTEXT('2D SPACE',''
  ) );
#1102 = ORIENTED_EDGE('',*,*,#1103,.T.);
#1103 = EDGE_CURVE('',#1081,#1104,#1106,.T.);
#1104 = VERTEX_POINT('',#1105);
#1105 = CARTESIAN_POINT('',(34.,2.814582562302,12.));
#1106 = SURFACE_CURVE('',#1107,(#1111,#1118),.PCURVE_S1.);
#1107 = LINE('',#1108,#1109);
#1108 = CARTESIAN_POINT('',(34.,3.,12.));
#1109 = VECTOR('',#1110,1.);
#1110 = DIRECTION('',(0.,-1.,0.));
#1111 = PCURVE('',#100,#1112);
#1112 = DEFINITIONAL_REPRESENTATION('',(#1113),#1117);
#1113 = LINE('',#1114,#1115);
#1114 = CARTESIAN_POINT('',(0.,-4.));
#1115 = VECTOR('',#1116,1.);
#1116 = DIRECTION('',(1.,0.));
#1117 = ( GEOMETRIC_REPRESENTATION_CONTEXT(2) 
PARAMETRIC_REPRESENTATION_CONTEXT() REPRESENTATION_CONTEXT('2D SPACE',''
  ) );
#1118 = PCURVE('',#966,#1119);
#1119 = DEFINITIONAL_REPRESENTATION('',(#1120),#1124);
#1120 = LINE('',#1121,#1122);
#1121 = CARTESIAN_POINT('',(-1.4,-3.));
#1122 = VECTOR('',#1123,1.);
#1123 = DIRECTION('',(0.,1.));
#1124 = ( GEOMETRIC_REPRESENTATION_CONTEXT(2) 
PARAMETRIC_REPRESENTATION_CONTEXT() REPRESENTATION_CONTEXT('2D SPACE',''
  ) );
#1125 = ORIENTED_EDGE('',*,*,#1126,.T.);
#1126 = EDGE_CURVE('',#1104,#1127,#1129,.T.);
#1127 = VERTEX_POINT('',#1128);
#1128 = CARTESIAN_POINT('',(33.375000000003,2.814582562302,12.));
#1129 = SURFACE_CURVE('',#1130,(#1134,#1141),.PCURVE_S1.);
#1130 = LINE('',#1131,#1132);
#1131 = CARTESIAN_POINT('',(36.625000000004,2.814582562305,12.));
#1132 = VECTOR('',#1133,1.);
#1133 = DIRECTION('',(-1.,-8.1617E-13,0.));
#1134 = PCURVE('',#100,#1135);
#1135 = DEFINITIONAL_REPRESENTATION('',(#1136),#1140);
#1136 = LINE('',#1137,#1138);
#1137 = CARTESIAN_POINT('',(0.185417437695,-6.625000000004));
#1138 = VECTOR('',#1139,1.);
#1139 = DIRECTION('',(8.1617E-13,1.));
#1140 = ( GEOMETRIC_REPRESENTATION_CONTEXT(2) 
PARAMETRIC_REPRESENTATION_CONTEXT() REPRESENTATION_CONTEXT('2D SPACE',''
  ) );
#1141 = PCURVE('',#1142,#1147);
#1142 = PLANE('',#1143);
#1143 = AXIS2_PLACEMENT_3D('',#1144,#1145,#1146);
#1144 = CARTESIAN_POINT('',(35.000000000001,1.70634E-12,12.));
#1145 = DIRECTION('',(0.,0.,1.));
#1146 = DIRECTION('',(1.,0.,0.));
#1147 = DEFINITIONAL_REPRESENTATION('',(#1148),#1152);
#1148 = LINE('',#1149,#1150);
#1149 = CARTESIAN_POINT('',(1.625000000004,2.814582562303));
#1150 = VECTOR('',#1151,1.);
#1151 = DIRECTION('',(-1.,-8.1617E-13));
#1152 = ( GEOMETRIC_REPRESENTATION_CONTEXT(2) 
PARAMETRIC_REPRESENTATION_CONTEXT() REPRESENTATION_CONTEXT('2D SPACE',''
  ) );
#1153 = ORIENTED_EDGE('',*,*,#1154,.T.);
#1154 = EDGE_CURVE('',#1127,#1155,#1157,.T.);
#1155 = VERTEX_POINT('',#1156);
#1156 = CARTESIAN_POINT('',(31.749999999999,2.708E-12,12.));
#1157 = SURFACE_CURVE('',#1158,(#1162,#1169),.PCURVE_S1.);
#1158 = LINE('',#1159,#1160);
#1159 = CARTESIAN_POINT('',(33.375000000003,2.814582562302,12.));
#1160 = VECTOR('',#1161,1.);
#1161 = DIRECTION('',(-0.500000000001,-0.866025403784,0.));
#1162 = PCURVE('',#100,#1163);
#1163 = DEFINITIONAL_REPRESENTATION('',(#1164),#1168);
#1164 = LINE('',#1165,#1166);
#1165 = CARTESIAN_POINT('',(0.185417437698,-3.375000000003));
#1166 = VECTOR('',#1167,1.);
#1167 = DIRECTION('',(0.866025403784,0.500000000001));
#1168 = ( GEOMETRIC_REPRESENTATION_CONTEXT(2) 
PARAMETRIC_REPRESENTATION_CONTEXT() REPRESENTATION_CONTEXT('2D SPACE',''
  ) );
#1169 = PCURVE('',#1142,#1170);
#1170 = DEFINITIONAL_REPRESENTATION('',(#1171),#1175);
#1171 = LINE('',#1172,#1173);
#1172 = CARTESIAN_POINT('',(-1.624999999998,2.8145825623));
#1173 = VECTOR('',#1174,1.);
#1174 = DIRECTION('',(-0.500000000001,-0.866025403784));
#1175 = ( GEOMETRIC_REPRESENTATION_CONTEXT(2) 
PARAMETRIC_REPRESENTATION_CONTEXT() REPRESENTATION_CONTEXT('2D SPACE',''
  ) );
#1176 = ORIENTED_EDGE('',*,*,#1177,.T.);
#1177 = EDGE_CURVE('',#1155,#1178,#1180,.T.);
#1178 = VERTEX_POINT('',#1179);
#1179 = CARTESIAN_POINT('',(33.374999999998,-2.814582562299,12.));
#1180 = SURFACE_CURVE('',#1181,(#1185,#1192),.PCURVE_S1.);
#1181 = LINE('',#1182,#1183);
#1182 = CARTESIAN_POINT('',(31.749999999999,2.70761E-12,12.));
#1183 = VECTOR('',#1184,1.);
#1184 = DIRECTION('',(0.499999999999,-0.866025403785,0.));
#1185 = PCURVE('',#100,#1186);
#1186 = DEFINITIONAL_REPRESENTATION('',(#1187),#1191);
#1187 = LINE('',#1188,#1189);
#1188 = CARTESIAN_POINT('',(2.999999999997,-1.749999999999));
#1189 = VECTOR('',#1190,1.);
#1190 = DIRECTION('',(0.866025403785,-0.499999999999));
#1191 = ( GEOMETRIC_REPRESENTATION_CONTEXT(2) 
PARAMETRIC_REPRESENTATION_CONTEXT() REPRESENTATION_CONTEXT('2D SPACE',''
  ) );
#1192 = PCURVE('',#1142,#1193);
#1193 = DEFINITIONAL_REPRESENTATION('',(#1194),#1198);
#1194 = LINE('',#1195,#1196);
#1195 = CARTESIAN_POINT('',(-3.250000000001,1.00127E-12));
#1196 = VECTOR('',#1197,1.);
#1197 = DIRECTION('',(0.499999999999,-0.866025403785));
#1198 = ( GEOMETRIC_REPRESENTATION_CONTEXT(2) 
PARAMETRIC_REPRESENTATION_CONTEXT() REPRESENTATION_CONTEXT('2D SPACE',''
  ) );
#1199 = ORIENTED_EDGE('',*,*,#1200,.T.);
#1200 = EDGE_CURVE('',#1178,#1201,#1203,.T.);
#1201 = VERTEX_POINT('',#1202);
#1202 = CARTESIAN_POINT('',(34.,-2.814582562299,12.));
#1203 = SURFACE_CURVE('',#1204,(#1208,#1215),.PCURVE_S1.);
#1204 = LINE('',#1205,#1206);
#1205 = CARTESIAN_POINT('',(33.374999999998,-2.814582562299,12.));
#1206 = VECTOR('',#1207,1.);
#1207 = DIRECTION('',(1.,-4.0733E-13,0.));
#1208 = PCURVE('',#100,#1209);
#1209 = DEFINITIONAL_REPRESENTATION('',(#1210),#1214);
#1210 = LINE('',#1211,#1212);
#1211 = CARTESIAN_POINT('',(5.814582562299,-3.374999999998));
#1212 = VECTOR('',#1213,1.);
#1213 = DIRECTION('',(4.0733E-13,-1.));
#1214 = ( GEOMETRIC_REPRESENTATION_CONTEXT(2) 
PARAMETRIC_REPRESENTATION_CONTEXT() REPRESENTATION_CONTEXT('2D SPACE',''
  ) );
#1215 = PCURVE('',#1142,#1216);
#1216 = DEFINITIONAL_REPRESENTATION('',(#1217),#1221);
#1217 = LINE('',#1218,#1219);
#1218 = CARTESIAN_POINT('',(-1.625000000003,-2.814582562301));
#1219 = VECTOR('',#1220,1.);
#1220 = DIRECTION('',(1.,-4.0733E-13));
#1221 = ( GEOMETRIC_REPRESENTATION_CONTEXT(2) 
PARAMETRIC_REPRESENTATION_CONTEXT() REPRESENTATION_CONTEXT('2D SPACE',''
  ) );
#1222 = ORIENTED_EDGE('',*,*,#1223,.T.);
#1223 = EDGE_CURVE('',#1201,#1033,#1224,.T.);
#1224 = SURFACE_CURVE('',#1225,(#1229,#1236),.PCURVE_S1.);
#1225 = LINE('',#1226,#1227);
#1226 = CARTESIAN_POINT('',(34.,3.,12.));
#1227 = VECTOR('',#1228,1.);
#1228 = DIRECTION('',(0.,-1.,0.));
#1229 = PCURVE('',#100,#1230);
#1230 = DEFINITIONAL_REPRESENTATION('',(#1231),#1235);
#1231 = LINE('',#1232,#1233);
#1232 = CARTESIAN_POINT('',(0.,-4.));
#1233 = VECTOR('',#1234,1.);
#1234 = DIRECTION('',(1.,0.));
#1235 = ( GEOMETRIC_REPRESENTATION_CONTEXT(2) 
PARAMETRIC_REPRESENTATION_CONTEXT() REPRESENTATION_CONTEXT('2D SPACE',''
  ) );
#1236 = PCURVE('',#828,#1237);
#1237 = DEFINITIONAL_REPRESENTATION('',(#1238),#1242);
#1238 = LINE('',#1239,#1240);
#1239 = CARTESIAN_POINT('',(-1.4,-3.));
#1240 = VECTOR('',#1241,1.);
#1241 = DIRECTION('',(0.,1.));
#1242 = ( GEOMETRIC_REPRESENTATION_CONTEXT(2) 
PARAMETRIC_REPRESENTATION_CONTEXT() REPRESENTATION_CONTEXT('2D SPACE',''
  ) );
#1243 = ADVANCED_FACE('',(#1244),#174,.T.);
#1244 = FACE_BOUND('',#1245,.T.);
#1245 = EDGE_LOOP('',(#1246,#1247,#1248,#1249));
#1246 = ORIENTED_EDGE('',*,*,#1055,.F.);
#1247 = ORIENTED_EDGE('',*,*,#158,.T.);
#1248 = ORIENTED_EDGE('',*,*,#761,.T.);
#1249 = ORIENTED_EDGE('',*,*,#1250,.F.);
#1250 = EDGE_CURVE('',#1031,#762,#1251,.T.);
#1251 = SURFACE_CURVE('',#1252,(#1256,#1263),.PCURVE_S1.);
#1252 = LINE('',#1253,#1254);
#1253 = CARTESIAN_POINT('',(31.,-3.,12.));
#1254 = VECTOR('',#1255,1.);
#1255 = DIRECTION('',(0.,0.,1.));
#1256 = PCURVE('',#174,#1257);
#1257 = DEFINITIONAL_REPRESENTATION('',(#1258),#1262);
#1258 = LINE('',#1259,#1260);
#1259 = CARTESIAN_POINT('',(0.,0.707106781187));
#1260 = VECTOR('',#1261,1.);
#1261 = DIRECTION('',(1.,0.));
#1262 = ( GEOMETRIC_REPRESENTATION_CONTEXT(2) 
PARAMETRIC_REPRESENTATION_CONTEXT() REPRESENTATION_CONTEXT('2D SPACE',''
  ) );
#1263 = PCURVE('',#800,#1264);
#1264 = DEFINITIONAL_REPRESENTATION('',(#1265),#1269);
#1265 = LINE('',#1266,#1267);
#1266 = CARTESIAN_POINT('',(0.,-1.));
#1267 = VECTOR('',#1268,1.);
#1268 = DIRECTION('',(1.,0.));
#1269 = ( GEOMETRIC_REPRESENTATION_CONTEXT(2) 
PARAMETRIC_REPRESENTATION_CONTEXT() REPRESENTATION_CONTEXT('2D SPACE',''
  ) );
#1270 = ADVANCED_FACE('',(#1271),#249,.F.);
#1271 = FACE_BOUND('',#1272,.F.);
#1272 = EDGE_LOOP('',(#1273,#1296,#1297,#1298));
#1273 = ORIENTED_EDGE('',*,*,#1274,.F.);
#1274 = EDGE_CURVE('',#233,#1275,#1277,.T.);
#1275 = VERTEX_POINT('',#1276);
#1276 = CARTESIAN_POINT('',(31.,10.2,0.));
#1277 = SEAM_CURVE('',#1278,(#1282,#1289),.PCURVE_S1.);
#1278 = LINE('',#1279,#1280);
#1279 = CARTESIAN_POINT('',(31.,10.2,0.));
#1280 = VECTOR('',#1281,1.);
#1281 = DIRECTION('',(0.707106781187,-0.707106781187,0.));
#1282 = PCURVE('',#249,#1283);
#1283 = DEFINITIONAL_REPRESENTATION('',(#1284),#1288);
#1284 = LINE('',#1285,#1286);
#1285 = CARTESIAN_POINT('',(-0.,-0.));
#1286 = VECTOR('',#1287,1.);
#1287 = DIRECTION('',(-0.,-1.));
#1288 = ( GEOMETRIC_REPRESENTATION_CONTEXT(2) 
PARAMETRIC_REPRESENTATION_CONTEXT() REPRESENTATION_CONTEXT('2D SPACE',''
  ) );
#1289 = PCURVE('',#249,#1290);
#1290 = DEFINITIONAL_REPRESENTATION('',(#1291),#1295);
#1291 = LINE('',#1292,#1293);
#1292 = CARTESIAN_POINT('',(-6.28318530718,-0.));
#1293 = VECTOR('',#1294,1.);
#1294 = DIRECTION('',(-0.,-1.));
#1295 = ( GEOMETRIC_REPRESENTATION_CONTEXT(2) 
PARAMETRIC_REPRESENTATION_CONTEXT() REPRESENTATION_CONTEXT('2D SPACE',''
  ) );
#1296 = ORIENTED_EDGE('',*,*,#232,.T.);
#1297 = ORIENTED_EDGE('',*,*,#1274,.T.);
#1298 = ORIENTED_EDGE('',*,*,#1299,.F.);
#1299 = EDGE_CURVE('',#1275,#1275,#1300,.T.);
#1300 = SURFACE_CURVE('',#1301,(#1306,#1313),.PCURVE_S1.);
#1301 = CIRCLE('',#1302,10.2);
#1302 = AXIS2_PLACEMENT_3D('',#1303,#1304,#1305);
#1303 = CARTESIAN_POINT('',(31.,0.,0.));
#1304 = DIRECTION('',(1.,0.,0.));
#1305 = DIRECTION('',(0.,1.,0.));
#1306 = PCURVE('',#249,#1307);
#1307 = DEFINITIONAL_REPRESENTATION('',(#1308),#1312);
#1308 = LINE('',#1309,#1310);
#1309 = CARTESIAN_POINT('',(-0.,-0.));
#1310 = VECTOR('',#1311,1.);
#1311 = DIRECTION('',(-1.,-0.));
#1312 = ( GEOMETRIC_REPRESENTATION_CONTEXT(2) 
PARAMETRIC_REPRESENTATION_CONTEXT() REPRESENTATION_CONTEXT('2D SPACE',''
  ) );
#1313 = PCURVE('',#1314,#1319);
#1314 = CYLINDRICAL_SURFACE('',#1315,10.2);
#1315 = AXIS2_PLACEMENT_3D('',#1316,#1317,#1318);
#1316 = CARTESIAN_POINT('',(50.,0.,0.));
#1317 = DIRECTION('',(1.,0.,0.));
#1318 = DIRECTION('',(0.,1.,0.));
#1319 = DEFINITIONAL_REPRESENTATION('',(#1320),#1324);
#1320 = LINE('',#1321,#1322);
#1321 = CARTESIAN_POINT('',(0.,-19.));
#1322 = VECTOR('',#1323,1.);
#1323 = DIRECTION('',(1.,0.));
#1324 = ( GEOMETRIC_REPRESENTATION_CONTEXT(2) 
PARAMETRIC_REPRESENTATION_CONTEXT() REPRESENTATION_CONTEXT('2D SPACE',''
  ) );
#1325 = ADVANCED_FACE('',(#1326),#280,.T.);
#1326 = FACE_BOUND('',#1327,.F.);
#1327 = EDGE_LOOP('',(#1328,#1351,#1378,#1379));
#1328 = ORIENTED_EDGE('',*,*,#1329,.F.);
#1329 = EDGE_CURVE('',#1330,#264,#1332,.T.);
#1330 = VERTEX_POINT('',#1331);
#1331 = CARTESIAN_POINT('',(30.974555186615,26.824147692921,0.));
#1332 = SEAM_CURVE('',#1333,(#1337,#1344),.PCURVE_S1.);
#1333 = LINE('',#1334,#1335);
#1334 = CARTESIAN_POINT('',(30.,25.6,0.));
#1335 = VECTOR('',#1336,1.);
#1336 = DIRECTION('',(-0.622837180601,-0.782351485242,-0.));
#1337 = PCURVE('',#280,#1338);
#1338 = DEFINITIONAL_REPRESENTATION('',(#1339),#1343);
#1339 = LINE('',#1340,#1341);
#1340 = CARTESIAN_POINT('',(0.,-0.));
#1341 = VECTOR('',#1342,1.);
#1342 = DIRECTION('',(0.,-1.));
#1343 = ( GEOMETRIC_REPRESENTATION_CONTEXT(2) 
PARAMETRIC_REPRESENTATION_CONTEXT() REPRESENTATION_CONTEXT('2D SPACE',''
  ) );
#1344 = PCURVE('',#280,#1345);
#1345 = DEFINITIONAL_REPRESENTATION('',(#1346),#1350);
#1346 = LINE('',#1347,#1348);
#1347 = CARTESIAN_POINT('',(6.28318530718,-0.));
#1348 = VECTOR('',#1349,1.);
#1349 = DIRECTION('',(0.,-1.));
#1350 = ( GEOMETRIC_REPRESENTATION_CONTEXT(2) 
PARAMETRIC_REPRESENTATION_CONTEXT() REPRESENTATION_CONTEXT('2D SPACE',''
  ) );
#1351 = ORIENTED_EDGE('',*,*,#1352,.T.);
#1352 = EDGE_CURVE('',#1330,#1330,#1353,.T.);
#1353 = SURFACE_CURVE('',#1354,(#1359,#1366),.PCURVE_S1.);
#1354 = CIRCLE('',#1355,26.824147692921);
#1355 = AXIS2_PLACEMENT_3D('',#1356,#1357,#1358);
#1356 = CARTESIAN_POINT('',(30.974555186615,0.,0.));
#1357 = DIRECTION('',(1.,0.,0.));
#1358 = DIRECTION('',(0.,1.,0.));
#1359 = PCURVE('',#280,#1360);
#1360 = DEFINITIONAL_REPRESENTATION('',(#1361),#1365);
#1361 = LINE('',#1362,#1363);
#1362 = CARTESIAN_POINT('',(-0.,0.974555186615));
#1363 = VECTOR('',#1364,1.);
#1364 = DIRECTION('',(1.,-0.));
#1365 = ( GEOMETRIC_REPRESENTATION_CONTEXT(2) 
PARAMETRIC_REPRESENTATION_CONTEXT() REPRESENTATION_CONTEXT('2D SPACE',''
  ) );
#1366 = PCURVE('',#1367,#1372);
#1367 = CONICAL_SURFACE('',#1368,26.6,0.226068387994);
#1368 = AXIS2_PLACEMENT_3D('',#1369,#1370,#1371);
#1369 = CARTESIAN_POINT('',(30.,0.,0.));
#1370 = DIRECTION('',(1.,0.,0.));
#1371 = DIRECTION('',(0.,1.,0.));
#1372 = DEFINITIONAL_REPRESENTATION('',(#1373),#1377);
#1373 = LINE('',#1374,#1375);
#1374 = CARTESIAN_POINT('',(0.,0.974555186615));
#1375 = VECTOR('',#1376,1.);
#1376 = DIRECTION('',(1.,0.));
#1377 = ( GEOMETRIC_REPRESENTATION_CONTEXT(2) 
PARAMETRIC_REPRESENTATION_CONTEXT() REPRESENTATION_CONTEXT('2D SPACE',''
  ) );
#1378 = ORIENTED_EDGE('',*,*,#1329,.T.);
#1379 = ORIENTED_EDGE('',*,*,#263,.F.);
#1380 = ADVANCED_FACE('',(#1381),#312,.F.);
#1381 = FACE_BOUND('',#1382,.F.);
#1382 = EDGE_LOOP('',(#1383,#1413,#1434,#1435,#1436,#1437,#1460,#1488,
    #1516,#1544,#1572,#1600,#1628));
#1383 = ORIENTED_EDGE('',*,*,#1384,.F.);
#1384 = EDGE_CURVE('',#1385,#1387,#1389,.T.);
#1385 = VERTEX_POINT('',#1386);
#1386 = CARTESIAN_POINT('',(31.,-14.31717597601,-4.801923788647));
#1387 = VERTEX_POINT('',#1388);
#1388 = CARTESIAN_POINT('',(34.,-14.31717597601,-4.801923788647));
#1389 = SURFACE_CURVE('',#1390,(#1394,#1401),.PCURVE_S1.);
#1390 = LINE('',#1391,#1392);
#1391 = CARTESIAN_POINT('',(30.,-14.31717597601,-4.801923788647));
#1392 = VECTOR('',#1393,1.);
#1393 = DIRECTION('',(1.,0.,0.));
#1394 = PCURVE('',#312,#1395);
#1395 = DEFINITIONAL_REPRESENTATION('',(#1396),#1400);
#1396 = LINE('',#1397,#1398);
#1397 = CARTESIAN_POINT('',(6.,0.));
#1398 = VECTOR('',#1399,1.);
#1399 = DIRECTION('',(0.,-1.));
#1400 = ( GEOMETRIC_REPRESENTATION_CONTEXT(2) 
PARAMETRIC_REPRESENTATION_CONTEXT() REPRESENTATION_CONTEXT('2D SPACE',''
  ) );
#1401 = PCURVE('',#1402,#1407);
#1402 = PLANE('',#1403);
#1403 = AXIS2_PLACEMENT_3D('',#1404,#1405,#1406);
#1404 = CARTESIAN_POINT('',(30.,-14.31717597601,-4.801923788647));
#1405 = DIRECTION('',(0.,-0.5,0.866025403784));
#1406 = DIRECTION('',(0.,0.866025403784,0.5));
#1407 = DEFINITIONAL_REPRESENTATION('',(#1408),#1412);
#1408 = LINE('',#1409,#1410);
#1409 = CARTESIAN_POINT('',(0.,0.));
#1410 = VECTOR('',#1411,1.);
#1411 = DIRECTION('',(0.,-1.));
#1412 = ( GEOMETRIC_REPRESENTATION_CONTEXT(2) 
PARAMETRIC_REPRESENTATION_CONTEXT() REPRESENTATION_CONTEXT('2D SPACE',''
  ) );
#1413 = ORIENTED_EDGE('',*,*,#1414,.F.);
#1414 = EDGE_CURVE('',#297,#1385,#1415,.T.);
#1415 = SURFACE_CURVE('',#1416,(#1420,#1427),.PCURVE_S1.);
#1416 = LINE('',#1417,#1418);
#1417 = CARTESIAN_POINT('',(32.,-13.81717597601,-5.667949192431));
#1418 = VECTOR('',#1419,1.);
#1419 = DIRECTION('',(0.707106781187,0.353553390593,-0.612372435696));
#1420 = PCURVE('',#312,#1421);
#1421 = DEFINITIONAL_REPRESENTATION('',(#1422),#1426);
#1422 = LINE('',#1423,#1424);
#1423 = CARTESIAN_POINT('',(5.,-2.));
#1424 = VECTOR('',#1425,1.);
#1425 = DIRECTION('',(-0.707106781187,-0.707106781187));
#1426 = ( GEOMETRIC_REPRESENTATION_CONTEXT(2) 
PARAMETRIC_REPRESENTATION_CONTEXT() REPRESENTATION_CONTEXT('2D SPACE',''
  ) );
#1427 = PCURVE('',#340,#1428);
#1428 = DEFINITIONAL_REPRESENTATION('',(#1429),#1433);
#1429 = LINE('',#1430,#1431);
#1430 = CARTESIAN_POINT('',(7.771561172376E-16,2.12132034356));
#1431 = VECTOR('',#1432,1.);
#1432 = DIRECTION('',(0.,1.));
#1433 = ( GEOMETRIC_REPRESENTATION_CONTEXT(2) 
PARAMETRIC_REPRESENTATION_CONTEXT() REPRESENTATION_CONTEXT('2D SPACE',''
  ) );
#1434 = ORIENTED_EDGE('',*,*,#294,.F.);
#1435 = ORIENTED_EDGE('',*,*,#477,.F.);
#1436 = ORIENTED_EDGE('',*,*,#454,.T.);
#1437 = ORIENTED_EDGE('',*,*,#1438,.T.);
#1438 = EDGE_CURVE('',#427,#1439,#1441,.T.);
#1439 = VERTEX_POINT('',#1440);
#1440 = CARTESIAN_POINT('',(31.,-11.31717597601,-9.998076211353));
#1441 = SURFACE_CURVE('',#1442,(#1446,#1453),.PCURVE_S1.);
#1442 = LINE('',#1443,#1444);
#1443 = CARTESIAN_POINT('',(30.5,-11.06717597601,-10.43108891324));
#1444 = VECTOR('',#1445,1.);
#1445 = DIRECTION('',(0.707106781187,-0.353553390593,0.612372435696));
#1446 = PCURVE('',#312,#1447);
#1447 = DEFINITIONAL_REPRESENTATION('',(#1448),#1452);
#1448 = LINE('',#1449,#1450);
#1449 = CARTESIAN_POINT('',(-0.5,-0.5));
#1450 = VECTOR('',#1451,1.);
#1451 = DIRECTION('',(0.707106781187,-0.707106781187));
#1452 = ( GEOMETRIC_REPRESENTATION_CONTEXT(2) 
PARAMETRIC_REPRESENTATION_CONTEXT() REPRESENTATION_CONTEXT('2D SPACE',''
  ) );
#1453 = PCURVE('',#442,#1454);
#1454 = DEFINITIONAL_REPRESENTATION('',(#1455),#1459);
#1455 = LINE('',#1456,#1457);
#1456 = CARTESIAN_POINT('',(2.8,-3.330669073875E-16));
#1457 = VECTOR('',#1458,1.);
#1458 = DIRECTION('',(-5.551115123126E-17,1.));
#1459 = ( GEOMETRIC_REPRESENTATION_CONTEXT(2) 
PARAMETRIC_REPRESENTATION_CONTEXT() REPRESENTATION_CONTEXT('2D SPACE',''
  ) );
#1460 = ORIENTED_EDGE('',*,*,#1461,.T.);
#1461 = EDGE_CURVE('',#1439,#1462,#1464,.T.);
#1462 = VERTEX_POINT('',#1463);
#1463 = CARTESIAN_POINT('',(34.,-11.31717597601,-9.998076211353));
#1464 = SURFACE_CURVE('',#1465,(#1469,#1476),.PCURVE_S1.);
#1465 = LINE('',#1466,#1467);
#1466 = CARTESIAN_POINT('',(30.,-11.31717597601,-9.998076211353));
#1467 = VECTOR('',#1468,1.);
#1468 = DIRECTION('',(1.,0.,0.));
#1469 = PCURVE('',#312,#1470);
#1470 = DEFINITIONAL_REPRESENTATION('',(#1471),#1475);
#1471 = LINE('',#1472,#1473);
#1472 = CARTESIAN_POINT('',(0.,0.));
#1473 = VECTOR('',#1474,1.);
#1474 = DIRECTION('',(0.,-1.));
#1475 = ( GEOMETRIC_REPRESENTATION_CONTEXT(2) 
PARAMETRIC_REPRESENTATION_CONTEXT() REPRESENTATION_CONTEXT('2D SPACE',''
  ) );
#1476 = PCURVE('',#1477,#1482);
#1477 = PLANE('',#1478);
#1478 = AXIS2_PLACEMENT_3D('',#1479,#1480,#1481);
#1479 = CARTESIAN_POINT('',(30.,-8.892304845413,-8.598076211353));
#1480 = DIRECTION('',(0.,0.5,-0.866025403784));
#1481 = DIRECTION('',(0.,-0.866025403784,-0.5));
#1482 = DEFINITIONAL_REPRESENTATION('',(#1483),#1487);
#1483 = LINE('',#1484,#1485);
#1484 = CARTESIAN_POINT('',(2.8,0.));
#1485 = VECTOR('',#1486,1.);
#1486 = DIRECTION('',(0.,-1.));
#1487 = ( GEOMETRIC_REPRESENTATION_CONTEXT(2) 
PARAMETRIC_REPRESENTATION_CONTEXT() REPRESENTATION_CONTEXT('2D SPACE',''
  ) );
#1488 = ORIENTED_EDGE('',*,*,#1489,.T.);
#1489 = EDGE_CURVE('',#1462,#1490,#1492,.T.);
#1490 = VERTEX_POINT('',#1491);
#1491 = CARTESIAN_POINT('',(34.,-11.40988469486,-9.8375));
#1492 = SURFACE_CURVE('',#1493,(#1497,#1504),.PCURVE_S1.);
#1493 = LINE('',#1494,#1495);
#1494 = CARTESIAN_POINT('',(34.,-11.31717597601,-9.998076211353));
#1495 = VECTOR('',#1496,1.);
#1496 = DIRECTION('',(0.,-0.5,0.866025403784));
#1497 = PCURVE('',#312,#1498);
#1498 = DEFINITIONAL_REPRESENTATION('',(#1499),#1503);
#1499 = LINE('',#1500,#1501);
#1500 = CARTESIAN_POINT('',(0.,-4.));
#1501 = VECTOR('',#1502,1.);
#1502 = DIRECTION('',(1.,0.));
#1503 = ( GEOMETRIC_REPRESENTATION_CONTEXT(2) 
PARAMETRIC_REPRESENTATION_CONTEXT() REPRESENTATION_CONTEXT('2D SPACE',''
  ) );
#1504 = PCURVE('',#1505,#1510);
#1505 = PLANE('',#1506);
#1506 = AXIS2_PLACEMENT_3D('',#1507,#1508,#1509);
#1507 = CARTESIAN_POINT('',(34.,-11.60474041071,-6.7));
#1508 = DIRECTION('',(1.,0.,0.));
#1509 = DIRECTION('',(0.,-0.866025403784,-0.5));
#1510 = DEFINITIONAL_REPRESENTATION('',(#1511),#1515);
#1511 = LINE('',#1512,#1513);
#1512 = CARTESIAN_POINT('',(1.4,3.));
#1513 = VECTOR('',#1514,1.);
#1514 = DIRECTION('',(0.,-1.));
#1515 = ( GEOMETRIC_REPRESENTATION_CONTEXT(2) 
PARAMETRIC_REPRESENTATION_CONTEXT() REPRESENTATION_CONTEXT('2D SPACE',''
  ) );
#1516 = ORIENTED_EDGE('',*,*,#1517,.F.);
#1517 = EDGE_CURVE('',#1518,#1490,#1520,.T.);
#1518 = VERTEX_POINT('',#1519);
#1519 = CARTESIAN_POINT('',(33.374999999998,-11.40988469486,-9.8375));
#1520 = SURFACE_CURVE('',#1521,(#1525,#1532),.PCURVE_S1.);
#1521 = LINE('',#1522,#1523);
#1522 = CARTESIAN_POINT('',(31.687499999999,-11.40988469486,
    -9.837499999999));
#1523 = VECTOR('',#1524,1.);
#1524 = DIRECTION('',(1.,2.0366E-13,-3.5276E-13));
#1525 = PCURVE('',#312,#1526);
#1526 = DEFINITIONAL_REPRESENTATION('',(#1527),#1531);
#1527 = LINE('',#1528,#1529);
#1528 = CARTESIAN_POINT('',(0.185417437702,-1.687499999999));
#1529 = VECTOR('',#1530,1.);
#1530 = DIRECTION('',(-4.07329121439E-13,-1.));
#1531 = ( GEOMETRIC_REPRESENTATION_CONTEXT(2) 
PARAMETRIC_REPRESENTATION_CONTEXT() REPRESENTATION_CONTEXT('2D SPACE',''
  ) );
#1532 = PCURVE('',#1533,#1538);
#1533 = PLANE('',#1534);
#1534 = AXIS2_PLACEMENT_3D('',#1535,#1536,#1537);
#1535 = CARTESIAN_POINT('',(33.374999999998,-8.985013564264,-8.4375));
#1536 = DIRECTION('',(4.0733E-13,-0.5,0.866025403784));
#1537 = DIRECTION('',(1.,2.03665E-13,-3.527581277235E-13));
#1538 = DEFINITIONAL_REPRESENTATION('',(#1539),#1543);
#1539 = LINE('',#1540,#1541);
#1540 = CARTESIAN_POINT('',(-1.687499999999,-2.8));
#1541 = VECTOR('',#1542,1.);
#1542 = DIRECTION('',(1.,-5.266265261155E-18));
#1543 = ( GEOMETRIC_REPRESENTATION_CONTEXT(2) 
PARAMETRIC_REPRESENTATION_CONTEXT() REPRESENTATION_CONTEXT('2D SPACE',''
  ) );
#1544 = ORIENTED_EDGE('',*,*,#1545,.F.);
#1545 = EDGE_CURVE('',#1546,#1518,#1548,.T.);
#1546 = VERTEX_POINT('',#1547);
#1547 = CARTESIAN_POINT('',(31.749999999999,-12.81717597601,
    -7.399999999998));
#1548 = SURFACE_CURVE('',#1549,(#1553,#1560),.PCURVE_S1.);
#1549 = LINE('',#1550,#1551);
#1550 = CARTESIAN_POINT('',(32.180769052838,-12.44411903308,
    -8.046153579257));
#1551 = VECTOR('',#1552,1.);
#1552 = DIRECTION('',(0.499999999999,0.433012701892,-0.75));
#1553 = PCURVE('',#312,#1554);
#1554 = DEFINITIONAL_REPRESENTATION('',(#1555),#1559);
#1555 = LINE('',#1556,#1557);
#1556 = CARTESIAN_POINT('',(2.253886114156,-2.180769052838));
#1557 = VECTOR('',#1558,1.);
#1558 = DIRECTION('',(-0.866025403785,-0.499999999999));
#1559 = ( GEOMETRIC_REPRESENTATION_CONTEXT(2) 
PARAMETRIC_REPRESENTATION_CONTEXT() REPRESENTATION_CONTEXT('2D SPACE',''
  ) );
#1560 = PCURVE('',#1561,#1566);
#1561 = PLANE('',#1562);
#1562 = AXIS2_PLACEMENT_3D('',#1563,#1564,#1565);
#1563 = CARTESIAN_POINT('',(31.749999999999,-10.39230484541,
    -5.999999999998));
#1564 = DIRECTION('',(0.866025403785,-0.25,0.433012701892));
#1565 = DIRECTION('',(0.499999999999,0.433012701892,-0.75));
#1566 = DEFINITIONAL_REPRESENTATION('',(#1567),#1571);
#1567 = LINE('',#1568,#1569);
#1568 = CARTESIAN_POINT('',(0.861538105679,-2.8));
#1569 = VECTOR('',#1570,1.);
#1570 = DIRECTION('',(1.,0.));
#1571 = ( GEOMETRIC_REPRESENTATION_CONTEXT(2) 
PARAMETRIC_REPRESENTATION_CONTEXT() REPRESENTATION_CONTEXT('2D SPACE',''
  ) );
#1572 = ORIENTED_EDGE('',*,*,#1573,.F.);
#1573 = EDGE_CURVE('',#1574,#1546,#1576,.T.);
#1574 = VERTEX_POINT('',#1575);
#1575 = CARTESIAN_POINT('',(33.375000000003,-14.22446725716,
    -4.962499999998));
#1576 = SURFACE_CURVE('',#1577,(#1581,#1588),.PCURVE_S1.);
#1577 = LINE('',#1578,#1579);
#1578 = CARTESIAN_POINT('',(31.694230947161,-12.7688785595,
    -7.483653579255));
#1579 = VECTOR('',#1580,1.);
#1580 = DIRECTION('',(-0.500000000001,0.433012701892,-0.75));
#1581 = PCURVE('',#312,#1582);
#1582 = DEFINITIONAL_REPRESENTATION('',(#1583),#1587);
#1583 = LINE('',#1584,#1585);
#1584 = CARTESIAN_POINT('',(2.903405166997,-1.694230947161));
#1585 = VECTOR('',#1586,1.);
#1586 = DIRECTION('',(-0.866025403784,0.500000000001));
#1587 = ( GEOMETRIC_REPRESENTATION_CONTEXT(2) 
PARAMETRIC_REPRESENTATION_CONTEXT() REPRESENTATION_CONTEXT('2D SPACE',''
  ) );
#1588 = PCURVE('',#1589,#1594);
#1589 = PLANE('',#1590);
#1590 = AXIS2_PLACEMENT_3D('',#1591,#1592,#1593);
#1591 = CARTESIAN_POINT('',(33.375000000003,-11.79959612656,
    -3.562499999998));
#1592 = DIRECTION('',(0.866025403784,0.25,-0.433012701893));
#1593 = DIRECTION('',(-0.500000000001,0.433012701892,-0.75));
#1594 = DEFINITIONAL_REPRESENTATION('',(#1595),#1599);
#1595 = LINE('',#1596,#1597);
#1596 = CARTESIAN_POINT('',(3.361538105678,-2.8));
#1597 = VECTOR('',#1598,1.);
#1598 = DIRECTION('',(1.,-1.110223024625E-16));
#1599 = ( GEOMETRIC_REPRESENTATION_CONTEXT(2) 
PARAMETRIC_REPRESENTATION_CONTEXT() REPRESENTATION_CONTEXT('2D SPACE',''
  ) );
#1600 = ORIENTED_EDGE('',*,*,#1601,.F.);
#1601 = EDGE_CURVE('',#1602,#1574,#1604,.T.);
#1602 = VERTEX_POINT('',#1603);
#1603 = CARTESIAN_POINT('',(34.,-14.22446725716,-4.962499999997));
#1604 = SURFACE_CURVE('',#1605,(#1609,#1616),.PCURVE_S1.);
#1605 = LINE('',#1606,#1607);
#1606 = CARTESIAN_POINT('',(33.3125,-14.22446725716,-4.962499999998));
#1607 = VECTOR('',#1608,1.);
#1608 = DIRECTION('',(-1.,4.0808E-13,-7.0682E-13));
#1609 = PCURVE('',#312,#1610);
#1610 = DEFINITIONAL_REPRESENTATION('',(#1611),#1615);
#1611 = LINE('',#1612,#1613);
#1612 = CARTESIAN_POINT('',(5.814582562302,-3.3125));
#1613 = VECTOR('',#1614,1.);
#1614 = DIRECTION('',(-8.161640759029E-13,1.));
#1615 = ( GEOMETRIC_REPRESENTATION_CONTEXT(2) 
PARAMETRIC_REPRESENTATION_CONTEXT() REPRESENTATION_CONTEXT('2D SPACE',''
  ) );
#1616 = PCURVE('',#1617,#1622);
#1617 = PLANE('',#1618);
#1618 = AXIS2_PLACEMENT_3D('',#1619,#1620,#1621);
#1619 = CARTESIAN_POINT('',(36.625000000004,-11.79959612656,
    -3.562499999996));
#1620 = DIRECTION('',(8.1617E-13,0.5,-0.866025403784));
#1621 = DIRECTION('',(-1.,4.08085E-13,-7.068239538067E-13));
#1622 = DEFINITIONAL_REPRESENTATION('',(#1623),#1627);
#1623 = LINE('',#1624,#1625);
#1624 = CARTESIAN_POINT('',(3.312500000004,-2.8));
#1625 = VECTOR('',#1626,1.);
#1626 = DIRECTION('',(1.,-2.35322364608E-18));
#1627 = ( GEOMETRIC_REPRESENTATION_CONTEXT(2) 
PARAMETRIC_REPRESENTATION_CONTEXT() REPRESENTATION_CONTEXT('2D SPACE',''
  ) );
#1628 = ORIENTED_EDGE('',*,*,#1629,.T.);
#1629 = EDGE_CURVE('',#1602,#1387,#1630,.T.);
#1630 = SURFACE_CURVE('',#1631,(#1635,#1642),.PCURVE_S1.);
#1631 = LINE('',#1632,#1633);
#1632 = CARTESIAN_POINT('',(34.,-11.31717597601,-9.998076211353));
#1633 = VECTOR('',#1634,1.);
#1634 = DIRECTION('',(0.,-0.5,0.866025403784));
#1635 = PCURVE('',#312,#1636);
#1636 = DEFINITIONAL_REPRESENTATION('',(#1637),#1641);
#1637 = LINE('',#1638,#1639);
#1638 = CARTESIAN_POINT('',(0.,-4.));
#1639 = VECTOR('',#1640,1.);
#1640 = DIRECTION('',(1.,0.));
#1641 = ( GEOMETRIC_REPRESENTATION_CONTEXT(2) 
PARAMETRIC_REPRESENTATION_CONTEXT() REPRESENTATION_CONTEXT('2D SPACE',''
  ) );
#1642 = PCURVE('',#1643,#1648);
#1643 = PLANE('',#1644);
#1644 = AXIS2_PLACEMENT_3D('',#1645,#1646,#1647);
#1645 = CARTESIAN_POINT('',(34.,-11.60474041071,-6.7));
#1646 = DIRECTION('',(1.,0.,0.));
#1647 = DIRECTION('',(0.,-0.866025403784,-0.5));
#1648 = DEFINITIONAL_REPRESENTATION('',(#1649),#1653);
#1649 = LINE('',#1650,#1651);
#1650 = CARTESIAN_POINT('',(1.4,3.));
#1651 = VECTOR('',#1652,1.);
#1652 = DIRECTION('',(0.,-1.));
#1653 = ( GEOMETRIC_REPRESENTATION_CONTEXT(2) 
PARAMETRIC_REPRESENTATION_CONTEXT() REPRESENTATION_CONTEXT('2D SPACE',''
  ) );
#1654 = ADVANCED_FACE('',(#1655),#340,.T.);
#1655 = FACE_BOUND('',#1656,.T.);
#1656 = EDGE_LOOP('',(#1657,#1658,#1659,#1682));
#1657 = ORIENTED_EDGE('',*,*,#1414,.F.);
#1658 = ORIENTED_EDGE('',*,*,#324,.T.);
#1659 = ORIENTED_EDGE('',*,*,#1660,.T.);
#1660 = EDGE_CURVE('',#325,#1661,#1663,.T.);
#1661 = VERTEX_POINT('',#1662);
#1662 = CARTESIAN_POINT('',(31.,-11.89230484541,-3.401923788647));
#1663 = SURFACE_CURVE('',#1664,(#1668,#1675),.PCURVE_S1.);
#1664 = LINE('',#1665,#1666);
#1665 = CARTESIAN_POINT('',(30.5,-12.14230484541,-2.968911086754));
#1666 = VECTOR('',#1667,1.);
#1667 = DIRECTION('',(0.707106781187,0.353553390593,-0.612372435696));
#1668 = PCURVE('',#340,#1669);
#1669 = DEFINITIONAL_REPRESENTATION('',(#1670),#1674);
#1670 = LINE('',#1671,#1672);
#1671 = CARTESIAN_POINT('',(2.8,1.110223024625E-16));
#1672 = VECTOR('',#1673,1.);
#1673 = DIRECTION('',(0.,1.));
#1674 = ( GEOMETRIC_REPRESENTATION_CONTEXT(2) 
PARAMETRIC_REPRESENTATION_CONTEXT() REPRESENTATION_CONTEXT('2D SPACE',''
  ) );
#1675 = PCURVE('',#368,#1676);
#1676 = DEFINITIONAL_REPRESENTATION('',(#1677),#1681);
#1677 = LINE('',#1678,#1679);
#1678 = CARTESIAN_POINT('',(-0.5,-0.5));
#1679 = VECTOR('',#1680,1.);
#1680 = DIRECTION('',(0.707106781187,-0.707106781187));
#1681 = ( GEOMETRIC_REPRESENTATION_CONTEXT(2) 
PARAMETRIC_REPRESENTATION_CONTEXT() REPRESENTATION_CONTEXT('2D SPACE',''
  ) );
#1682 = ORIENTED_EDGE('',*,*,#1683,.F.);
#1683 = EDGE_CURVE('',#1385,#1661,#1684,.T.);
#1684 = SURFACE_CURVE('',#1685,(#1689,#1696),.PCURVE_S1.);
#1685 = LINE('',#1686,#1687);
#1686 = CARTESIAN_POINT('',(31.,-14.31717597601,-4.801923788647));
#1687 = VECTOR('',#1688,1.);
#1688 = DIRECTION('',(0.,0.866025403784,0.5));
#1689 = PCURVE('',#340,#1690);
#1690 = DEFINITIONAL_REPRESENTATION('',(#1691),#1695);
#1691 = LINE('',#1692,#1693);
#1692 = CARTESIAN_POINT('',(-2.775557561563E-17,0.707106781187));
#1693 = VECTOR('',#1694,1.);
#1694 = DIRECTION('',(1.,-1.110223024625E-16));
#1695 = ( GEOMETRIC_REPRESENTATION_CONTEXT(2) 
PARAMETRIC_REPRESENTATION_CONTEXT() REPRESENTATION_CONTEXT('2D SPACE',''
  ) );
#1696 = PCURVE('',#1402,#1697);
#1697 = DEFINITIONAL_REPRESENTATION('',(#1698),#1702);
#1698 = LINE('',#1699,#1700);
#1699 = CARTESIAN_POINT('',(1.7763568394E-15,-1.));
#1700 = VECTOR('',#1701,1.);
#1701 = DIRECTION('',(1.,0.));
#1702 = ( GEOMETRIC_REPRESENTATION_CONTEXT(2) 
PARAMETRIC_REPRESENTATION_CONTEXT() REPRESENTATION_CONTEXT('2D SPACE',''
  ) );
#1703 = ADVANCED_FACE('',(#1704),#368,.F.);
#1704 = FACE_BOUND('',#1705,.F.);
#1705 = EDGE_LOOP('',(#1706,#1731,#1752,#1753,#1754,#1755,#1756,#1779,
    #1802,#1830,#1853,#1876,#1899));
#1706 = ORIENTED_EDGE('',*,*,#1707,.F.);
#1707 = EDGE_CURVE('',#1708,#1710,#1712,.T.);
#1708 = VERTEX_POINT('',#1709);
#1709 = CARTESIAN_POINT('',(31.,-8.892304845413,-8.598076211353));
#1710 = VERTEX_POINT('',#1711);
#1711 = CARTESIAN_POINT('',(34.,-8.892304845413,-8.598076211353));
#1712 = SURFACE_CURVE('',#1713,(#1717,#1724),.PCURVE_S1.);
#1713 = LINE('',#1714,#1715);
#1714 = CARTESIAN_POINT('',(30.,-8.892304845413,-8.598076211353));
#1715 = VECTOR('',#1716,1.);
#1716 = DIRECTION('',(1.,0.,0.));
#1717 = PCURVE('',#368,#1718);
#1718 = DEFINITIONAL_REPRESENTATION('',(#1719),#1723);
#1719 = LINE('',#1720,#1721);
#1720 = CARTESIAN_POINT('',(6.,0.));
#1721 = VECTOR('',#1722,1.);
#1722 = DIRECTION('',(0.,-1.));
#1723 = ( GEOMETRIC_REPRESENTATION_CONTEXT(2) 
PARAMETRIC_REPRESENTATION_CONTEXT() REPRESENTATION_CONTEXT('2D SPACE',''
  ) );
#1724 = PCURVE('',#1477,#1725);
#1725 = DEFINITIONAL_REPRESENTATION('',(#1726),#1730);
#1726 = LINE('',#1727,#1728);
#1727 = CARTESIAN_POINT('',(0.,0.));
#1728 = VECTOR('',#1729,1.);
#1729 = DIRECTION('',(0.,-1.));
#1730 = ( GEOMETRIC_REPRESENTATION_CONTEXT(2) 
PARAMETRIC_REPRESENTATION_CONTEXT() REPRESENTATION_CONTEXT('2D SPACE',''
  ) );
#1731 = ORIENTED_EDGE('',*,*,#1732,.F.);
#1732 = EDGE_CURVE('',#404,#1708,#1733,.T.);
#1733 = SURFACE_CURVE('',#1734,(#1738,#1745),.PCURVE_S1.);
#1734 = LINE('',#1735,#1736);
#1735 = CARTESIAN_POINT('',(32.,-9.392304845413,-7.732050807569));
#1736 = VECTOR('',#1737,1.);
#1737 = DIRECTION('',(0.707106781187,-0.353553390593,0.612372435696));
#1738 = PCURVE('',#368,#1739);
#1739 = DEFINITIONAL_REPRESENTATION('',(#1740),#1744);
#1740 = LINE('',#1741,#1742);
#1741 = CARTESIAN_POINT('',(5.,-2.));
#1742 = VECTOR('',#1743,1.);
#1743 = DIRECTION('',(-0.707106781187,-0.707106781187));
#1744 = ( GEOMETRIC_REPRESENTATION_CONTEXT(2) 
PARAMETRIC_REPRESENTATION_CONTEXT() REPRESENTATION_CONTEXT('2D SPACE',''
  ) );
#1745 = PCURVE('',#442,#1746);
#1746 = DEFINITIONAL_REPRESENTATION('',(#1747),#1751);
#1747 = LINE('',#1748,#1749);
#1748 = CARTESIAN_POINT('',(-1.110223024625E-16,2.12132034356));
#1749 = VECTOR('',#1750,1.);
#1750 = DIRECTION('',(-5.551115123126E-17,1.));
#1751 = ( GEOMETRIC_REPRESENTATION_CONTEXT(2) 
PARAMETRIC_REPRESENTATION_CONTEXT() REPRESENTATION_CONTEXT('2D SPACE',''
  ) );
#1752 = ORIENTED_EDGE('',*,*,#403,.F.);
#1753 = ORIENTED_EDGE('',*,*,#380,.F.);
#1754 = ORIENTED_EDGE('',*,*,#352,.T.);
#1755 = ORIENTED_EDGE('',*,*,#1660,.T.);
#1756 = ORIENTED_EDGE('',*,*,#1757,.T.);
#1757 = EDGE_CURVE('',#1661,#1758,#1760,.T.);
#1758 = VERTEX_POINT('',#1759);
#1759 = CARTESIAN_POINT('',(34.,-11.89230484541,-3.401923788647));
#1760 = SURFACE_CURVE('',#1761,(#1765,#1772),.PCURVE_S1.);
#1761 = LINE('',#1762,#1763);
#1762 = CARTESIAN_POINT('',(30.,-11.89230484541,-3.401923788647));
#1763 = VECTOR('',#1764,1.);
#1764 = DIRECTION('',(1.,0.,0.));
#1765 = PCURVE('',#368,#1766);
#1766 = DEFINITIONAL_REPRESENTATION('',(#1767),#1771);
#1767 = LINE('',#1768,#1769);
#1768 = CARTESIAN_POINT('',(0.,-0.));
#1769 = VECTOR('',#1770,1.);
#1770 = DIRECTION('',(0.,-1.));
#1771 = ( GEOMETRIC_REPRESENTATION_CONTEXT(2) 
PARAMETRIC_REPRESENTATION_CONTEXT() REPRESENTATION_CONTEXT('2D SPACE',''
  ) );
#1772 = PCURVE('',#1402,#1773);
#1773 = DEFINITIONAL_REPRESENTATION('',(#1774),#1778);
#1774 = LINE('',#1775,#1776);
#1775 = CARTESIAN_POINT('',(2.8,0.));
#1776 = VECTOR('',#1777,1.);
#1777 = DIRECTION('',(0.,-1.));
#1778 = ( GEOMETRIC_REPRESENTATION_CONTEXT(2) 
PARAMETRIC_REPRESENTATION_CONTEXT() REPRESENTATION_CONTEXT('2D SPACE',''
  ) );
#1779 = ORIENTED_EDGE('',*,*,#1780,.T.);
#1780 = EDGE_CURVE('',#1758,#1781,#1783,.T.);
#1781 = VERTEX_POINT('',#1782);
#1782 = CARTESIAN_POINT('',(34.,-11.79959612656,-3.562499999997));
#1783 = SURFACE_CURVE('',#1784,(#1788,#1795),.PCURVE_S1.);
#1784 = LINE('',#1785,#1786);
#1785 = CARTESIAN_POINT('',(34.,-11.89230484541,-3.401923788647));
#1786 = VECTOR('',#1787,1.);
#1787 = DIRECTION('',(0.,0.5,-0.866025403784));
#1788 = PCURVE('',#368,#1789);
#1789 = DEFINITIONAL_REPRESENTATION('',(#1790),#1794);
#1790 = LINE('',#1791,#1792);
#1791 = CARTESIAN_POINT('',(0.,-4.));
#1792 = VECTOR('',#1793,1.);
#1793 = DIRECTION('',(1.,0.));
#1794 = ( GEOMETRIC_REPRESENTATION_CONTEXT(2) 
PARAMETRIC_REPRESENTATION_CONTEXT() REPRESENTATION_CONTEXT('2D SPACE',''
  ) );
#1795 = PCURVE('',#1643,#1796);
#1796 = DEFINITIONAL_REPRESENTATION('',(#1797),#1801);
#1797 = LINE('',#1798,#1799);
#1798 = CARTESIAN_POINT('',(-1.4,-3.));
#1799 = VECTOR('',#1800,1.);
#1800 = DIRECTION('',(0.,1.));
#1801 = ( GEOMETRIC_REPRESENTATION_CONTEXT(2) 
PARAMETRIC_REPRESENTATION_CONTEXT() REPRESENTATION_CONTEXT('2D SPACE',''
  ) );
#1802 = ORIENTED_EDGE('',*,*,#1803,.T.);
#1803 = EDGE_CURVE('',#1781,#1804,#1806,.T.);
#1804 = VERTEX_POINT('',#1805);
#1805 = CARTESIAN_POINT('',(33.375000000003,-11.79959612656,
    -3.562499999998));
#1806 = SURFACE_CURVE('',#1807,(#1811,#1818),.PCURVE_S1.);
#1807 = LINE('',#1808,#1809);
#1808 = CARTESIAN_POINT('',(36.625000000004,-11.79959612656,
    -3.562499999996));
#1809 = VECTOR('',#1810,1.);
#1810 = DIRECTION('',(-1.,4.08085E-13,-7.068239538067E-13));
#1811 = PCURVE('',#368,#1812);
#1812 = DEFINITIONAL_REPRESENTATION('',(#1813),#1817);
#1813 = LINE('',#1814,#1815);
#1814 = CARTESIAN_POINT('',(0.185417437695,-6.625000000004));
#1815 = VECTOR('',#1816,1.);
#1816 = DIRECTION('',(8.1617E-13,1.));
#1817 = ( GEOMETRIC_REPRESENTATION_CONTEXT(2) 
PARAMETRIC_REPRESENTATION_CONTEXT() REPRESENTATION_CONTEXT('2D SPACE',''
  ) );
#1818 = PCURVE('',#1819,#1824);
#1819 = PLANE('',#1820);
#1820 = AXIS2_PLACEMENT_3D('',#1821,#1822,#1823);
#1821 = CARTESIAN_POINT('',(35.000000000001,-10.39230484541,
    -5.999999999999));
#1822 = DIRECTION('',(0.,-0.866025403784,-0.5));
#1823 = DIRECTION('',(1.,0.,0.));
#1824 = DEFINITIONAL_REPRESENTATION('',(#1825),#1829);
#1825 = LINE('',#1826,#1827);
#1826 = CARTESIAN_POINT('',(1.625000000004,2.814582562303));
#1827 = VECTOR('',#1828,1.);
#1828 = DIRECTION('',(-1.,-8.1617E-13));
#1829 = ( GEOMETRIC_REPRESENTATION_CONTEXT(2) 
PARAMETRIC_REPRESENTATION_CONTEXT() REPRESENTATION_CONTEXT('2D SPACE',''
  ) );
#1830 = ORIENTED_EDGE('',*,*,#1831,.T.);
#1831 = EDGE_CURVE('',#1804,#1832,#1834,.T.);
#1832 = VERTEX_POINT('',#1833);
#1833 = CARTESIAN_POINT('',(31.749999999999,-10.39230484541,
    -5.999999999998));
#1834 = SURFACE_CURVE('',#1835,(#1839,#1846),.PCURVE_S1.);
#1835 = LINE('',#1836,#1837);
#1836 = CARTESIAN_POINT('',(33.375000000003,-11.79959612656,
    -3.562499999998));
#1837 = VECTOR('',#1838,1.);
#1838 = DIRECTION('',(-0.500000000001,0.433012701892,-0.75));
#1839 = PCURVE('',#368,#1840);
#1840 = DEFINITIONAL_REPRESENTATION('',(#1841),#1845);
#1841 = LINE('',#1842,#1843);
#1842 = CARTESIAN_POINT('',(0.185417437698,-3.375000000003));
#1843 = VECTOR('',#1844,1.);
#1844 = DIRECTION('',(0.866025403784,0.500000000001));
#1845 = ( GEOMETRIC_REPRESENTATION_CONTEXT(2) 
PARAMETRIC_REPRESENTATION_CONTEXT() REPRESENTATION_CONTEXT('2D SPACE',''
  ) );
#1846 = PCURVE('',#1819,#1847);
#1847 = DEFINITIONAL_REPRESENTATION('',(#1848),#1852);
#1848 = LINE('',#1849,#1850);
#1849 = CARTESIAN_POINT('',(-1.624999999998,2.8145825623));
#1850 = VECTOR('',#1851,1.);
#1851 = DIRECTION('',(-0.500000000001,-0.866025403784));
#1852 = ( GEOMETRIC_REPRESENTATION_CONTEXT(2) 
PARAMETRIC_REPRESENTATION_CONTEXT() REPRESENTATION_CONTEXT('2D SPACE',''
  ) );
#1853 = ORIENTED_EDGE('',*,*,#1854,.T.);
#1854 = EDGE_CURVE('',#1832,#1855,#1857,.T.);
#1855 = VERTEX_POINT('',#1856);
#1856 = CARTESIAN_POINT('',(33.374999999998,-8.985013564264,-8.4375));
#1857 = SURFACE_CURVE('',#1858,(#1862,#1869),.PCURVE_S1.);
#1858 = LINE('',#1859,#1860);
#1859 = CARTESIAN_POINT('',(31.749999999999,-10.39230484541,
    -5.999999999998));
#1860 = VECTOR('',#1861,1.);
#1861 = DIRECTION('',(0.499999999999,0.433012701892,-0.75));
#1862 = PCURVE('',#368,#1863);
#1863 = DEFINITIONAL_REPRESENTATION('',(#1864),#1868);
#1864 = LINE('',#1865,#1866);
#1865 = CARTESIAN_POINT('',(2.999999999997,-1.749999999999));
#1866 = VECTOR('',#1867,1.);
#1867 = DIRECTION('',(0.866025403785,-0.499999999999));
#1868 = ( GEOMETRIC_REPRESENTATION_CONTEXT(2) 
PARAMETRIC_REPRESENTATION_CONTEXT() REPRESENTATION_CONTEXT('2D SPACE',''
  ) );
#1869 = PCURVE('',#1819,#1870);
#1870 = DEFINITIONAL_REPRESENTATION('',(#1871),#1875);
#1871 = LINE('',#1872,#1873);
#1872 = CARTESIAN_POINT('',(-3.250000000001,1.00127E-12));
#1873 = VECTOR('',#1874,1.);
#1874 = DIRECTION('',(0.499999999999,-0.866025403785));
#1875 = ( GEOMETRIC_REPRESENTATION_CONTEXT(2) 
PARAMETRIC_REPRESENTATION_CONTEXT() REPRESENTATION_CONTEXT('2D SPACE',''
  ) );
#1876 = ORIENTED_EDGE('',*,*,#1877,.T.);
#1877 = EDGE_CURVE('',#1855,#1878,#1880,.T.);
#1878 = VERTEX_POINT('',#1879);
#1879 = CARTESIAN_POINT('',(34.,-8.985013564264,-8.4375));
#1880 = SURFACE_CURVE('',#1881,(#1885,#1892),.PCURVE_S1.);
#1881 = LINE('',#1882,#1883);
#1882 = CARTESIAN_POINT('',(33.374999999998,-8.985013564264,-8.4375));
#1883 = VECTOR('',#1884,1.);
#1884 = DIRECTION('',(1.,2.03665E-13,-3.527581277235E-13));
#1885 = PCURVE('',#368,#1886);
#1886 = DEFINITIONAL_REPRESENTATION('',(#1887),#1891);
#1887 = LINE('',#1888,#1889);
#1888 = CARTESIAN_POINT('',(5.814582562299,-3.374999999998));
#1889 = VECTOR('',#1890,1.);
#1890 = DIRECTION('',(4.0733E-13,-1.));
#1891 = ( GEOMETRIC_REPRESENTATION_CONTEXT(2) 
PARAMETRIC_REPRESENTATION_CONTEXT() REPRESENTATION_CONTEXT('2D SPACE',''
  ) );
#1892 = PCURVE('',#1819,#1893);
#1893 = DEFINITIONAL_REPRESENTATION('',(#1894),#1898);
#1894 = LINE('',#1895,#1896);
#1895 = CARTESIAN_POINT('',(-1.625000000003,-2.814582562301));
#1896 = VECTOR('',#1897,1.);
#1897 = DIRECTION('',(1.,-4.0733E-13));
#1898 = ( GEOMETRIC_REPRESENTATION_CONTEXT(2) 
PARAMETRIC_REPRESENTATION_CONTEXT() REPRESENTATION_CONTEXT('2D SPACE',''
  ) );
#1899 = ORIENTED_EDGE('',*,*,#1900,.T.);
#1900 = EDGE_CURVE('',#1878,#1710,#1901,.T.);
#1901 = SURFACE_CURVE('',#1902,(#1906,#1913),.PCURVE_S1.);
#1902 = LINE('',#1903,#1904);
#1903 = CARTESIAN_POINT('',(34.,-11.89230484541,-3.401923788647));
#1904 = VECTOR('',#1905,1.);
#1905 = DIRECTION('',(0.,0.5,-0.866025403784));
#1906 = PCURVE('',#368,#1907);
#1907 = DEFINITIONAL_REPRESENTATION('',(#1908),#1912);
#1908 = LINE('',#1909,#1910);
#1909 = CARTESIAN_POINT('',(0.,-4.));
#1910 = VECTOR('',#1911,1.);
#1911 = DIRECTION('',(1.,0.));
#1912 = ( GEOMETRIC_REPRESENTATION_CONTEXT(2) 
PARAMETRIC_REPRESENTATION_CONTEXT() REPRESENTATION_CONTEXT('2D SPACE',''
  ) );
#1913 = PCURVE('',#1505,#1914);
#1914 = DEFINITIONAL_REPRESENTATION('',(#1915),#1919);
#1915 = LINE('',#1916,#1917);
#1916 = CARTESIAN_POINT('',(-1.4,-3.));
#1917 = VECTOR('',#1918,1.);
#1918 = DIRECTION('',(0.,1.));
#1919 = ( GEOMETRIC_REPRESENTATION_CONTEXT(2) 
PARAMETRIC_REPRESENTATION_CONTEXT() REPRESENTATION_CONTEXT('2D SPACE',''
  ) );
#1920 = ADVANCED_FACE('',(#1921),#442,.T.);
#1921 = FACE_BOUND('',#1922,.T.);
#1922 = EDGE_LOOP('',(#1923,#1924,#1925,#1926));
#1923 = ORIENTED_EDGE('',*,*,#1732,.F.);
#1924 = ORIENTED_EDGE('',*,*,#426,.T.);
#1925 = ORIENTED_EDGE('',*,*,#1438,.T.);
#1926 = ORIENTED_EDGE('',*,*,#1927,.F.);
#1927 = EDGE_CURVE('',#1708,#1439,#1928,.T.);
#1928 = SURFACE_CURVE('',#1929,(#1933,#1940),.PCURVE_S1.);
#1929 = LINE('',#1930,#1931);
#1930 = CARTESIAN_POINT('',(31.,-8.892304845413,-8.598076211353));
#1931 = VECTOR('',#1932,1.);
#1932 = DIRECTION('',(0.,-0.866025403784,-0.5));
#1933 = PCURVE('',#442,#1934);
#1934 = DEFINITIONAL_REPRESENTATION('',(#1935),#1939);
#1935 = LINE('',#1936,#1937);
#1936 = CARTESIAN_POINT('',(-5.273559366969E-16,0.707106781187));
#1937 = VECTOR('',#1938,1.);
#1938 = DIRECTION('',(1.,-5.551115123126E-17));
#1939 = ( GEOMETRIC_REPRESENTATION_CONTEXT(2) 
PARAMETRIC_REPRESENTATION_CONTEXT() REPRESENTATION_CONTEXT('2D SPACE',''
  ) );
#1940 = PCURVE('',#1477,#1941);
#1941 = DEFINITIONAL_REPRESENTATION('',(#1942),#1946);
#1942 = LINE('',#1943,#1944);
#1943 = CARTESIAN_POINT('',(-1.7763568394E-15,-1.));
#1944 = VECTOR('',#1945,1.);
#1945 = DIRECTION('',(1.,0.));
#1946 = ( GEOMETRIC_REPRESENTATION_CONTEXT(2) 
PARAMETRIC_REPRESENTATION_CONTEXT() REPRESENTATION_CONTEXT('2D SPACE',''
  ) );
#1947 = ADVANCED_FACE('',(#1948),#518,.F.);
#1948 = FACE_BOUND('',#1949,.F.);
#1949 = EDGE_LOOP('',(#1950,#1980,#2001,#2002,#2003,#2004,#2027,#2055,
    #2083,#2111,#2139,#2167,#2195));
#1950 = ORIENTED_EDGE('',*,*,#1951,.F.);
#1951 = EDGE_CURVE('',#1952,#1954,#1956,.T.);
#1952 = VERTEX_POINT('',#1953);
#1953 = CARTESIAN_POINT('',(31.,11.31717597601,-9.998076211353));
#1954 = VERTEX_POINT('',#1955);
#1955 = CARTESIAN_POINT('',(34.,11.31717597601,-9.998076211353));
#1956 = SURFACE_CURVE('',#1957,(#1961,#1968),.PCURVE_S1.);
#1957 = LINE('',#1958,#1959);
#1958 = CARTESIAN_POINT('',(30.,11.31717597601,-9.998076211353));
#1959 = VECTOR('',#1960,1.);
#1960 = DIRECTION('',(1.,0.,0.));
#1961 = PCURVE('',#518,#1962);
#1962 = DEFINITIONAL_REPRESENTATION('',(#1963),#1967);
#1963 = LINE('',#1964,#1965);
#1964 = CARTESIAN_POINT('',(6.,0.));
#1965 = VECTOR('',#1966,1.);
#1966 = DIRECTION('',(0.,-1.));
#1967 = ( GEOMETRIC_REPRESENTATION_CONTEXT(2) 
PARAMETRIC_REPRESENTATION_CONTEXT() REPRESENTATION_CONTEXT('2D SPACE',''
  ) );
#1968 = PCURVE('',#1969,#1974);
#1969 = PLANE('',#1970);
#1970 = AXIS2_PLACEMENT_3D('',#1971,#1972,#1973);
#1971 = CARTESIAN_POINT('',(30.,11.31717597601,-9.998076211353));
#1972 = DIRECTION('',(0.,-0.5,-0.866025403784));
#1973 = DIRECTION('',(0.,-0.866025403784,0.5));
#1974 = DEFINITIONAL_REPRESENTATION('',(#1975),#1979);
#1975 = LINE('',#1976,#1977);
#1976 = CARTESIAN_POINT('',(0.,0.));
#1977 = VECTOR('',#1978,1.);
#1978 = DIRECTION('',(0.,-1.));
#1979 = ( GEOMETRIC_REPRESENTATION_CONTEXT(2) 
PARAMETRIC_REPRESENTATION_CONTEXT() REPRESENTATION_CONTEXT('2D SPACE',''
  ) );
#1980 = ORIENTED_EDGE('',*,*,#1981,.F.);
#1981 = EDGE_CURVE('',#503,#1952,#1982,.T.);
#1982 = SURFACE_CURVE('',#1983,(#1987,#1994),.PCURVE_S1.);
#1983 = LINE('',#1984,#1985);
#1984 = CARTESIAN_POINT('',(32.,11.81717597601,-9.132050807569));
#1985 = VECTOR('',#1986,1.);
#1986 = DIRECTION('',(0.707106781187,0.353553390593,0.612372435696));
#1987 = PCURVE('',#518,#1988);
#1988 = DEFINITIONAL_REPRESENTATION('',(#1989),#1993);
#1989 = LINE('',#1990,#1991);
#1990 = CARTESIAN_POINT('',(5.,-2.));
#1991 = VECTOR('',#1992,1.);
#1992 = DIRECTION('',(-0.707106781187,-0.707106781187));
#1993 = ( GEOMETRIC_REPRESENTATION_CONTEXT(2) 
PARAMETRIC_REPRESENTATION_CONTEXT() REPRESENTATION_CONTEXT('2D SPACE',''
  ) );
#1994 = PCURVE('',#546,#1995);
#1995 = DEFINITIONAL_REPRESENTATION('',(#1996),#2000);
#1996 = LINE('',#1997,#1998);
#1997 = CARTESIAN_POINT('',(-9.992007221626E-16,2.12132034356));
#1998 = VECTOR('',#1999,1.);
#1999 = DIRECTION('',(0.,1.));
#2000 = ( GEOMETRIC_REPRESENTATION_CONTEXT(2) 
PARAMETRIC_REPRESENTATION_CONTEXT() REPRESENTATION_CONTEXT('2D SPACE',''
  ) );
#2001 = ORIENTED_EDGE('',*,*,#500,.F.);
#2002 = ORIENTED_EDGE('',*,*,#683,.F.);
#2003 = ORIENTED_EDGE('',*,*,#660,.T.);
#2004 = ORIENTED_EDGE('',*,*,#2005,.T.);
#2005 = EDGE_CURVE('',#633,#2006,#2008,.T.);
#2006 = VERTEX_POINT('',#2007);
#2007 = CARTESIAN_POINT('',(31.,14.31717597601,-4.801923788647));
#2008 = SURFACE_CURVE('',#2009,(#2013,#2020),.PCURVE_S1.);
#2009 = LINE('',#2010,#2011);
#2010 = CARTESIAN_POINT('',(30.5,14.56717597601,-4.368911086754));
#2011 = VECTOR('',#2012,1.);
#2012 = DIRECTION('',(0.707106781187,-0.353553390593,-0.612372435696));
#2013 = PCURVE('',#518,#2014);
#2014 = DEFINITIONAL_REPRESENTATION('',(#2015),#2019);
#2015 = LINE('',#2016,#2017);
#2016 = CARTESIAN_POINT('',(-0.5,-0.5));
#2017 = VECTOR('',#2018,1.);
#2018 = DIRECTION('',(0.707106781187,-0.707106781187));
#2019 = ( GEOMETRIC_REPRESENTATION_CONTEXT(2) 
PARAMETRIC_REPRESENTATION_CONTEXT() REPRESENTATION_CONTEXT('2D SPACE',''
  ) );
#2020 = PCURVE('',#648,#2021);
#2021 = DEFINITIONAL_REPRESENTATION('',(#2022),#2026);
#2022 = LINE('',#2023,#2024);
#2023 = CARTESIAN_POINT('',(2.8,7.771561172376E-16));
#2024 = VECTOR('',#2025,1.);
#2025 = DIRECTION('',(0.,1.));
#2026 = ( GEOMETRIC_REPRESENTATION_CONTEXT(2) 
PARAMETRIC_REPRESENTATION_CONTEXT() REPRESENTATION_CONTEXT('2D SPACE',''
  ) );
#2027 = ORIENTED_EDGE('',*,*,#2028,.T.);
#2028 = EDGE_CURVE('',#2006,#2029,#2031,.T.);
#2029 = VERTEX_POINT('',#2030);
#2030 = CARTESIAN_POINT('',(34.,14.31717597601,-4.801923788647));
#2031 = SURFACE_CURVE('',#2032,(#2036,#2043),.PCURVE_S1.);
#2032 = LINE('',#2033,#2034);
#2033 = CARTESIAN_POINT('',(30.,14.31717597601,-4.801923788647));
#2034 = VECTOR('',#2035,1.);
#2035 = DIRECTION('',(1.,0.,0.));
#2036 = PCURVE('',#518,#2037);
#2037 = DEFINITIONAL_REPRESENTATION('',(#2038),#2042);
#2038 = LINE('',#2039,#2040);
#2039 = CARTESIAN_POINT('',(0.,0.));
#2040 = VECTOR('',#2041,1.);
#2041 = DIRECTION('',(0.,-1.));
#2042 = ( GEOMETRIC_REPRESENTATION_CONTEXT(2) 
PARAMETRIC_REPRESENTATION_CONTEXT() REPRESENTATION_CONTEXT('2D SPACE',''
  ) );
#2043 = PCURVE('',#2044,#2049);
#2044 = PLANE('',#2045);
#2045 = AXIS2_PLACEMENT_3D('',#2046,#2047,#2048);
#2046 = CARTESIAN_POINT('',(30.,11.892304845413,-3.401923788647));
#2047 = DIRECTION('',(0.,0.5,0.866025403784));
#2048 = DIRECTION('',(0.,0.866025403784,-0.5));
#2049 = DEFINITIONAL_REPRESENTATION('',(#2050),#2054);
#2050 = LINE('',#2051,#2052);
#2051 = CARTESIAN_POINT('',(2.8,0.));
#2052 = VECTOR('',#2053,1.);
#2053 = DIRECTION('',(0.,-1.));
#2054 = ( GEOMETRIC_REPRESENTATION_CONTEXT(2) 
PARAMETRIC_REPRESENTATION_CONTEXT() REPRESENTATION_CONTEXT('2D SPACE',''
  ) );
#2055 = ORIENTED_EDGE('',*,*,#2056,.T.);
#2056 = EDGE_CURVE('',#2029,#2057,#2059,.T.);
#2057 = VERTEX_POINT('',#2058);
#2058 = CARTESIAN_POINT('',(34.,14.224467257159,-4.9625));
#2059 = SURFACE_CURVE('',#2060,(#2064,#2071),.PCURVE_S1.);
#2060 = LINE('',#2061,#2062);
#2061 = CARTESIAN_POINT('',(34.,14.31717597601,-4.801923788647));
#2062 = VECTOR('',#2063,1.);
#2063 = DIRECTION('',(0.,-0.5,-0.866025403784));
#2064 = PCURVE('',#518,#2065);
#2065 = DEFINITIONAL_REPRESENTATION('',(#2066),#2070);
#2066 = LINE('',#2067,#2068);
#2067 = CARTESIAN_POINT('',(0.,-4.));
#2068 = VECTOR('',#2069,1.);
#2069 = DIRECTION('',(1.,0.));
#2070 = ( GEOMETRIC_REPRESENTATION_CONTEXT(2) 
PARAMETRIC_REPRESENTATION_CONTEXT() REPRESENTATION_CONTEXT('2D SPACE',''
  ) );
#2071 = PCURVE('',#2072,#2077);
#2072 = PLANE('',#2073);
#2073 = AXIS2_PLACEMENT_3D('',#2074,#2075,#2076);
#2074 = CARTESIAN_POINT('',(34.,11.604740410711,-6.7));
#2075 = DIRECTION('',(1.,0.,0.));
#2076 = DIRECTION('',(0.,0.866025403784,-0.5));
#2077 = DEFINITIONAL_REPRESENTATION('',(#2078),#2082);
#2078 = LINE('',#2079,#2080);
#2079 = CARTESIAN_POINT('',(1.4,3.));
#2080 = VECTOR('',#2081,1.);
#2081 = DIRECTION('',(0.,-1.));
#2082 = ( GEOMETRIC_REPRESENTATION_CONTEXT(2) 
PARAMETRIC_REPRESENTATION_CONTEXT() REPRESENTATION_CONTEXT('2D SPACE',''
  ) );
#2083 = ORIENTED_EDGE('',*,*,#2084,.F.);
#2084 = EDGE_CURVE('',#2085,#2057,#2087,.T.);
#2085 = VERTEX_POINT('',#2086);
#2086 = CARTESIAN_POINT('',(33.374999999998,14.224467257159,-4.9625));
#2087 = SURFACE_CURVE('',#2088,(#2092,#2099),.PCURVE_S1.);
#2088 = LINE('',#2089,#2090);
#2089 = CARTESIAN_POINT('',(31.687499999999,14.224467257159,
    -4.962500000001));
#2090 = VECTOR('',#2091,1.);
#2091 = DIRECTION('',(1.,2.0367E-13,3.5276E-13));
#2092 = PCURVE('',#518,#2093);
#2093 = DEFINITIONAL_REPRESENTATION('',(#2094),#2098);
#2094 = LINE('',#2095,#2096);
#2095 = CARTESIAN_POINT('',(0.185417437702,-1.687499999999));
#2096 = VECTOR('',#2097,1.);
#2097 = DIRECTION('',(-4.07334121439E-13,-1.));
#2098 = ( GEOMETRIC_REPRESENTATION_CONTEXT(2) 
PARAMETRIC_REPRESENTATION_CONTEXT() REPRESENTATION_CONTEXT('2D SPACE',''
  ) );
#2099 = PCURVE('',#2100,#2105);
#2100 = PLANE('',#2101);
#2101 = AXIS2_PLACEMENT_3D('',#2102,#2103,#2104);
#2102 = CARTESIAN_POINT('',(33.374999999998,11.799596126563,-3.5625));
#2103 = DIRECTION('',(4.0733E-13,-0.5,-0.866025403784));
#2104 = DIRECTION('',(1.,2.03665E-13,3.527581277235E-13));
#2105 = DEFINITIONAL_REPRESENTATION('',(#2106),#2110);
#2106 = LINE('',#2107,#2108);
#2107 = CARTESIAN_POINT('',(-1.687499999999,-2.8));
#2108 = VECTOR('',#2109,1.);
#2109 = DIRECTION('',(1.,-3.393988776473E-18));
#2110 = ( GEOMETRIC_REPRESENTATION_CONTEXT(2) 
PARAMETRIC_REPRESENTATION_CONTEXT() REPRESENTATION_CONTEXT('2D SPACE',''
  ) );
#2111 = ORIENTED_EDGE('',*,*,#2112,.F.);
#2112 = EDGE_CURVE('',#2113,#2085,#2115,.T.);
#2113 = VERTEX_POINT('',#2114);
#2114 = CARTESIAN_POINT('',(31.749999999999,12.817175976008,
    -7.400000000002));
#2115 = SURFACE_CURVE('',#2116,(#2120,#2127),.PCURVE_S1.);
#2116 = LINE('',#2117,#2118);
#2117 = CARTESIAN_POINT('',(32.180769052838,13.190232918932,
    -6.753846420743));
#2118 = VECTOR('',#2119,1.);
#2119 = DIRECTION('',(0.499999999999,0.433012701892,0.75));
#2120 = PCURVE('',#518,#2121);
#2121 = DEFINITIONAL_REPRESENTATION('',(#2122),#2126);
#2122 = LINE('',#2123,#2124);
#2123 = CARTESIAN_POINT('',(2.253886114156,-2.180769052838));
#2124 = VECTOR('',#2125,1.);
#2125 = DIRECTION('',(-0.866025403785,-0.499999999999));
#2126 = ( GEOMETRIC_REPRESENTATION_CONTEXT(2) 
PARAMETRIC_REPRESENTATION_CONTEXT() REPRESENTATION_CONTEXT('2D SPACE',''
  ) );
#2127 = PCURVE('',#2128,#2133);
#2128 = PLANE('',#2129);
#2129 = AXIS2_PLACEMENT_3D('',#2130,#2131,#2132);
#2130 = CARTESIAN_POINT('',(31.749999999999,10.392304845412,
    -6.000000000002));
#2131 = DIRECTION('',(0.866025403785,-0.25,-0.433012701892));
#2132 = DIRECTION('',(0.499999999999,0.433012701892,0.75));
#2133 = DEFINITIONAL_REPRESENTATION('',(#2134),#2138);
#2134 = LINE('',#2135,#2136);
#2135 = CARTESIAN_POINT('',(0.861538105679,-2.8));
#2136 = VECTOR('',#2137,1.);
#2137 = DIRECTION('',(1.,-1.110223024625E-16));
#2138 = ( GEOMETRIC_REPRESENTATION_CONTEXT(2) 
PARAMETRIC_REPRESENTATION_CONTEXT() REPRESENTATION_CONTEXT('2D SPACE',''
  ) );
#2139 = ORIENTED_EDGE('',*,*,#2140,.F.);
#2140 = EDGE_CURVE('',#2141,#2113,#2143,.T.);
#2141 = VERTEX_POINT('',#2142);
#2142 = CARTESIAN_POINT('',(33.375000000003,11.409884694859,
    -9.837500000002));
#2143 = SURFACE_CURVE('',#2144,(#2148,#2155),.PCURVE_S1.);
#2144 = LINE('',#2145,#2146);
#2145 = CARTESIAN_POINT('',(31.694230947161,12.865473392511,
    -7.316346420745));
#2146 = VECTOR('',#2147,1.);
#2147 = DIRECTION('',(-0.500000000001,0.433012701892,0.75));
#2148 = PCURVE('',#518,#2149);
#2149 = DEFINITIONAL_REPRESENTATION('',(#2150),#2154);
#2150 = LINE('',#2151,#2152);
#2151 = CARTESIAN_POINT('',(2.903405166997,-1.694230947161));
#2152 = VECTOR('',#2153,1.);
#2153 = DIRECTION('',(-0.866025403784,0.500000000001));
#2154 = ( GEOMETRIC_REPRESENTATION_CONTEXT(2) 
PARAMETRIC_REPRESENTATION_CONTEXT() REPRESENTATION_CONTEXT('2D SPACE',''
  ) );
#2155 = PCURVE('',#2156,#2161);
#2156 = PLANE('',#2157);
#2157 = AXIS2_PLACEMENT_3D('',#2158,#2159,#2160);
#2158 = CARTESIAN_POINT('',(33.375000000003,8.985013564262,
    -8.437500000002));
#2159 = DIRECTION('',(0.866025403784,0.25,0.433012701893));
#2160 = DIRECTION('',(-0.500000000001,0.433012701892,0.75));
#2161 = DEFINITIONAL_REPRESENTATION('',(#2162),#2166);
#2162 = LINE('',#2163,#2164);
#2163 = CARTESIAN_POINT('',(3.361538105678,-2.8));
#2164 = VECTOR('',#2165,1.);
#2165 = DIRECTION('',(1.,-1.665334536938E-16));
#2166 = ( GEOMETRIC_REPRESENTATION_CONTEXT(2) 
PARAMETRIC_REPRESENTATION_CONTEXT() REPRESENTATION_CONTEXT('2D SPACE',''
  ) );
#2167 = ORIENTED_EDGE('',*,*,#2168,.F.);
#2168 = EDGE_CURVE('',#2169,#2141,#2171,.T.);
#2169 = VERTEX_POINT('',#2170);
#2170 = CARTESIAN_POINT('',(34.,11.409884694858,-9.837500000003));
#2171 = SURFACE_CURVE('',#2172,(#2176,#2183),.PCURVE_S1.);
#2172 = LINE('',#2173,#2174);
#2173 = CARTESIAN_POINT('',(33.3125,11.409884694859,-9.837500000002));
#2174 = VECTOR('',#2175,1.);
#2175 = DIRECTION('',(-1.,4.0809E-13,7.0682E-13));
#2176 = PCURVE('',#518,#2177);
#2177 = DEFINITIONAL_REPRESENTATION('',(#2178),#2182);
#2178 = LINE('',#2179,#2180);
#2179 = CARTESIAN_POINT('',(5.814582562302,-3.3125));
#2180 = VECTOR('',#2181,1.);
#2181 = DIRECTION('',(-8.161690759029E-13,1.));
#2182 = ( GEOMETRIC_REPRESENTATION_CONTEXT(2) 
PARAMETRIC_REPRESENTATION_CONTEXT() REPRESENTATION_CONTEXT('2D SPACE',''
  ) );
#2183 = PCURVE('',#2184,#2189);
#2184 = PLANE('',#2185);
#2185 = AXIS2_PLACEMENT_3D('',#2186,#2187,#2188);
#2186 = CARTESIAN_POINT('',(36.625000000004,8.985013564261,
    -8.437500000004));
#2187 = DIRECTION('',(8.1617E-13,0.5,0.866025403784));
#2188 = DIRECTION('',(-1.,4.08085E-13,7.068239538067E-13));
#2189 = DEFINITIONAL_REPRESENTATION('',(#2190),#2194);
#2190 = LINE('',#2191,#2192);
#2191 = CARTESIAN_POINT('',(3.312500000004,-2.8));
#2192 = VECTOR('',#2193,1.);
#2193 = DIRECTION('',(1.,-6.307030391245E-18));
#2194 = ( GEOMETRIC_REPRESENTATION_CONTEXT(2) 
PARAMETRIC_REPRESENTATION_CONTEXT() REPRESENTATION_CONTEXT('2D SPACE',''
  ) );
#2195 = ORIENTED_EDGE('',*,*,#2196,.T.);
#2196 = EDGE_CURVE('',#2169,#1954,#2197,.T.);
#2197 = SURFACE_CURVE('',#2198,(#2202,#2209),.PCURVE_S1.);
#2198 = LINE('',#2199,#2200);
#2199 = CARTESIAN_POINT('',(34.,14.31717597601,-4.801923788647));
#2200 = VECTOR('',#2201,1.);
#2201 = DIRECTION('',(0.,-0.5,-0.866025403784));
#2202 = PCURVE('',#518,#2203);
#2203 = DEFINITIONAL_REPRESENTATION('',(#2204),#2208);
#2204 = LINE('',#2205,#2206);
#2205 = CARTESIAN_POINT('',(0.,-4.));
#2206 = VECTOR('',#2207,1.);
#2207 = DIRECTION('',(1.,0.));
#2208 = ( GEOMETRIC_REPRESENTATION_CONTEXT(2) 
PARAMETRIC_REPRESENTATION_CONTEXT() REPRESENTATION_CONTEXT('2D SPACE',''
  ) );
#2209 = PCURVE('',#2210,#2215);
#2210 = PLANE('',#2211);
#2211 = AXIS2_PLACEMENT_3D('',#2212,#2213,#2214);
#2212 = CARTESIAN_POINT('',(34.,11.604740410711,-6.7));
#2213 = DIRECTION('',(1.,0.,0.));
#2214 = DIRECTION('',(0.,0.866025403784,-0.5));
#2215 = DEFINITIONAL_REPRESENTATION('',(#2216),#2220);
#2216 = LINE('',#2217,#2218);
#2217 = CARTESIAN_POINT('',(1.4,3.));
#2218 = VECTOR('',#2219,1.);
#2219 = DIRECTION('',(0.,-1.));
#2220 = ( GEOMETRIC_REPRESENTATION_CONTEXT(2) 
PARAMETRIC_REPRESENTATION_CONTEXT() REPRESENTATION_CONTEXT('2D SPACE',''
  ) );
#2221 = ADVANCED_FACE('',(#2222),#546,.T.);
#2222 = FACE_BOUND('',#2223,.T.);
#2223 = EDGE_LOOP('',(#2224,#2225,#2226,#2249));
#2224 = ORIENTED_EDGE('',*,*,#1981,.F.);
#2225 = ORIENTED_EDGE('',*,*,#530,.T.);
#2226 = ORIENTED_EDGE('',*,*,#2227,.T.);
#2227 = EDGE_CURVE('',#531,#2228,#2230,.T.);
#2228 = VERTEX_POINT('',#2229);
#2229 = CARTESIAN_POINT('',(31.,8.892304845413,-8.598076211353));
#2230 = SURFACE_CURVE('',#2231,(#2235,#2242),.PCURVE_S1.);
#2231 = LINE('',#2232,#2233);
#2232 = CARTESIAN_POINT('',(30.5,8.642304845413,-9.031088913246));
#2233 = VECTOR('',#2234,1.);
#2234 = DIRECTION('',(0.707106781187,0.353553390593,0.612372435696));
#2235 = PCURVE('',#546,#2236);
#2236 = DEFINITIONAL_REPRESENTATION('',(#2237),#2241);
#2237 = LINE('',#2238,#2239);
#2238 = CARTESIAN_POINT('',(2.8,-1.110223024625E-15));
#2239 = VECTOR('',#2240,1.);
#2240 = DIRECTION('',(0.,1.));
#2241 = ( GEOMETRIC_REPRESENTATION_CONTEXT(2) 
PARAMETRIC_REPRESENTATION_CONTEXT() REPRESENTATION_CONTEXT('2D SPACE',''
  ) );
#2242 = PCURVE('',#574,#2243);
#2243 = DEFINITIONAL_REPRESENTATION('',(#2244),#2248);
#2244 = LINE('',#2245,#2246);
#2245 = CARTESIAN_POINT('',(-0.5,-0.5));
#2246 = VECTOR('',#2247,1.);
#2247 = DIRECTION('',(0.707106781187,-0.707106781187));
#2248 = ( GEOMETRIC_REPRESENTATION_CONTEXT(2) 
PARAMETRIC_REPRESENTATION_CONTEXT() REPRESENTATION_CONTEXT('2D SPACE',''
  ) );
#2249 = ORIENTED_EDGE('',*,*,#2250,.F.);
#2250 = EDGE_CURVE('',#1952,#2228,#2251,.T.);
#2251 = SURFACE_CURVE('',#2252,(#2256,#2263),.PCURVE_S1.);
#2252 = LINE('',#2253,#2254);
#2253 = CARTESIAN_POINT('',(31.,11.31717597601,-9.998076211353));
#2254 = VECTOR('',#2255,1.);
#2255 = DIRECTION('',(0.,-0.866025403784,0.5));
#2256 = PCURVE('',#546,#2257);
#2257 = DEFINITIONAL_REPRESENTATION('',(#2258),#2262);
#2258 = LINE('',#2259,#2260);
#2259 = CARTESIAN_POINT('',(-2.775557561563E-17,0.707106781187));
#2260 = VECTOR('',#2261,1.);
#2261 = DIRECTION('',(1.,0.));
#2262 = ( GEOMETRIC_REPRESENTATION_CONTEXT(2) 
PARAMETRIC_REPRESENTATION_CONTEXT() REPRESENTATION_CONTEXT('2D SPACE',''
  ) );
#2263 = PCURVE('',#1969,#2264);
#2264 = DEFINITIONAL_REPRESENTATION('',(#2265),#2269);
#2265 = LINE('',#2266,#2267);
#2266 = CARTESIAN_POINT('',(-5.329070518201E-15,-1.));
#2267 = VECTOR('',#2268,1.);
#2268 = DIRECTION('',(1.,0.));
#2269 = ( GEOMETRIC_REPRESENTATION_CONTEXT(2) 
PARAMETRIC_REPRESENTATION_CONTEXT() REPRESENTATION_CONTEXT('2D SPACE',''
  ) );
#2270 = ADVANCED_FACE('',(#2271),#574,.F.);
#2271 = FACE_BOUND('',#2272,.F.);
#2272 = EDGE_LOOP('',(#2273,#2298,#2319,#2320,#2321,#2322,#2323,#2346,
    #2369,#2397,#2420,#2443,#2466));
#2273 = ORIENTED_EDGE('',*,*,#2274,.F.);
#2274 = EDGE_CURVE('',#2275,#2277,#2279,.T.);
#2275 = VERTEX_POINT('',#2276);
#2276 = CARTESIAN_POINT('',(31.,11.892304845413,-3.401923788647));
#2277 = VERTEX_POINT('',#2278);
#2278 = CARTESIAN_POINT('',(34.,11.892304845413,-3.401923788647));
#2279 = SURFACE_CURVE('',#2280,(#2284,#2291),.PCURVE_S1.);
#2280 = LINE('',#2281,#2282);
#2281 = CARTESIAN_POINT('',(30.,11.892304845413,-3.401923788647));
#2282 = VECTOR('',#2283,1.);
#2283 = DIRECTION('',(1.,0.,0.));
#2284 = PCURVE('',#574,#2285);
#2285 = DEFINITIONAL_REPRESENTATION('',(#2286),#2290);
#2286 = LINE('',#2287,#2288);
#2287 = CARTESIAN_POINT('',(6.,0.));
#2288 = VECTOR('',#2289,1.);
#2289 = DIRECTION('',(0.,-1.));
#2290 = ( GEOMETRIC_REPRESENTATION_CONTEXT(2) 
PARAMETRIC_REPRESENTATION_CONTEXT() REPRESENTATION_CONTEXT('2D SPACE',''
  ) );
#2291 = PCURVE('',#2044,#2292);
#2292 = DEFINITIONAL_REPRESENTATION('',(#2293),#2297);
#2293 = LINE('',#2294,#2295);
#2294 = CARTESIAN_POINT('',(0.,0.));
#2295 = VECTOR('',#2296,1.);
#2296 = DIRECTION('',(0.,-1.));
#2297 = ( GEOMETRIC_REPRESENTATION_CONTEXT(2) 
PARAMETRIC_REPRESENTATION_CONTEXT() REPRESENTATION_CONTEXT('2D SPACE',''
  ) );
#2298 = ORIENTED_EDGE('',*,*,#2299,.F.);
#2299 = EDGE_CURVE('',#610,#2275,#2300,.T.);
#2300 = SURFACE_CURVE('',#2301,(#2305,#2312),.PCURVE_S1.);
#2301 = LINE('',#2302,#2303);
#2302 = CARTESIAN_POINT('',(32.,11.392304845413,-4.267949192431));
#2303 = VECTOR('',#2304,1.);
#2304 = DIRECTION('',(0.707106781187,-0.353553390593,-0.612372435696));
#2305 = PCURVE('',#574,#2306);
#2306 = DEFINITIONAL_REPRESENTATION('',(#2307),#2311);
#2307 = LINE('',#2308,#2309);
#2308 = CARTESIAN_POINT('',(5.,-2.));
#2309 = VECTOR('',#2310,1.);
#2310 = DIRECTION('',(-0.707106781187,-0.707106781187));
#2311 = ( GEOMETRIC_REPRESENTATION_CONTEXT(2) 
PARAMETRIC_REPRESENTATION_CONTEXT() REPRESENTATION_CONTEXT('2D SPACE',''
  ) );
#2312 = PCURVE('',#648,#2313);
#2313 = DEFINITIONAL_REPRESENTATION('',(#2314),#2318);
#2314 = LINE('',#2315,#2316);
#2315 = CARTESIAN_POINT('',(-9.992007221626E-16,2.12132034356));
#2316 = VECTOR('',#2317,1.);
#2317 = DIRECTION('',(0.,1.));
#2318 = ( GEOMETRIC_REPRESENTATION_CONTEXT(2) 
PARAMETRIC_REPRESENTATION_CONTEXT() REPRESENTATION_CONTEXT('2D SPACE',''
  ) );
#2319 = ORIENTED_EDGE('',*,*,#609,.F.);
#2320 = ORIENTED_EDGE('',*,*,#586,.F.);
#2321 = ORIENTED_EDGE('',*,*,#558,.T.);
#2322 = ORIENTED_EDGE('',*,*,#2227,.T.);
#2323 = ORIENTED_EDGE('',*,*,#2324,.T.);
#2324 = EDGE_CURVE('',#2228,#2325,#2327,.T.);
#2325 = VERTEX_POINT('',#2326);
#2326 = CARTESIAN_POINT('',(34.,8.892304845413,-8.598076211353));
#2327 = SURFACE_CURVE('',#2328,(#2332,#2339),.PCURVE_S1.);
#2328 = LINE('',#2329,#2330);
#2329 = CARTESIAN_POINT('',(30.,8.892304845413,-8.598076211353));
#2330 = VECTOR('',#2331,1.);
#2331 = DIRECTION('',(1.,0.,0.));
#2332 = PCURVE('',#574,#2333);
#2333 = DEFINITIONAL_REPRESENTATION('',(#2334),#2338);
#2334 = LINE('',#2335,#2336);
#2335 = CARTESIAN_POINT('',(0.,-0.));
#2336 = VECTOR('',#2337,1.);
#2337 = DIRECTION('',(0.,-1.));
#2338 = ( GEOMETRIC_REPRESENTATION_CONTEXT(2) 
PARAMETRIC_REPRESENTATION_CONTEXT() REPRESENTATION_CONTEXT('2D SPACE',''
  ) );
#2339 = PCURVE('',#1969,#2340);
#2340 = DEFINITIONAL_REPRESENTATION('',(#2341),#2345);
#2341 = LINE('',#2342,#2343);
#2342 = CARTESIAN_POINT('',(2.8,0.));
#2343 = VECTOR('',#2344,1.);
#2344 = DIRECTION('',(0.,-1.));
#2345 = ( GEOMETRIC_REPRESENTATION_CONTEXT(2) 
PARAMETRIC_REPRESENTATION_CONTEXT() REPRESENTATION_CONTEXT('2D SPACE',''
  ) );
#2346 = ORIENTED_EDGE('',*,*,#2347,.T.);
#2347 = EDGE_CURVE('',#2325,#2348,#2350,.T.);
#2348 = VERTEX_POINT('',#2349);
#2349 = CARTESIAN_POINT('',(34.,8.985013564262,-8.437500000003));
#2350 = SURFACE_CURVE('',#2351,(#2355,#2362),.PCURVE_S1.);
#2351 = LINE('',#2352,#2353);
#2352 = CARTESIAN_POINT('',(34.,8.892304845413,-8.598076211353));
#2353 = VECTOR('',#2354,1.);
#2354 = DIRECTION('',(0.,0.5,0.866025403784));
#2355 = PCURVE('',#574,#2356);
#2356 = DEFINITIONAL_REPRESENTATION('',(#2357),#2361);
#2357 = LINE('',#2358,#2359);
#2358 = CARTESIAN_POINT('',(0.,-4.));
#2359 = VECTOR('',#2360,1.);
#2360 = DIRECTION('',(1.,0.));
#2361 = ( GEOMETRIC_REPRESENTATION_CONTEXT(2) 
PARAMETRIC_REPRESENTATION_CONTEXT() REPRESENTATION_CONTEXT('2D SPACE',''
  ) );
#2362 = PCURVE('',#2210,#2363);
#2363 = DEFINITIONAL_REPRESENTATION('',(#2364),#2368);
#2364 = LINE('',#2365,#2366);
#2365 = CARTESIAN_POINT('',(-1.4,-3.));
#2366 = VECTOR('',#2367,1.);
#2367 = DIRECTION('',(0.,1.));
#2368 = ( GEOMETRIC_REPRESENTATION_CONTEXT(2) 
PARAMETRIC_REPRESENTATION_CONTEXT() REPRESENTATION_CONTEXT('2D SPACE',''
  ) );
#2369 = ORIENTED_EDGE('',*,*,#2370,.T.);
#2370 = EDGE_CURVE('',#2348,#2371,#2373,.T.);
#2371 = VERTEX_POINT('',#2372);
#2372 = CARTESIAN_POINT('',(33.375000000003,8.985013564262,
    -8.437500000002));
#2373 = SURFACE_CURVE('',#2374,(#2378,#2385),.PCURVE_S1.);
#2374 = LINE('',#2375,#2376);
#2375 = CARTESIAN_POINT('',(36.625000000004,8.985013564261,
    -8.437500000004));
#2376 = VECTOR('',#2377,1.);
#2377 = DIRECTION('',(-1.,4.08085E-13,7.068239538067E-13));
#2378 = PCURVE('',#574,#2379);
#2379 = DEFINITIONAL_REPRESENTATION('',(#2380),#2384);
#2380 = LINE('',#2381,#2382);
#2381 = CARTESIAN_POINT('',(0.185417437695,-6.625000000004));
#2382 = VECTOR('',#2383,1.);
#2383 = DIRECTION('',(8.1617E-13,1.));
#2384 = ( GEOMETRIC_REPRESENTATION_CONTEXT(2) 
PARAMETRIC_REPRESENTATION_CONTEXT() REPRESENTATION_CONTEXT('2D SPACE',''
  ) );
#2385 = PCURVE('',#2386,#2391);
#2386 = PLANE('',#2387);
#2387 = AXIS2_PLACEMENT_3D('',#2388,#2389,#2390);
#2388 = CARTESIAN_POINT('',(35.000000000001,10.392304845412,
    -6.000000000001));
#2389 = DIRECTION('',(0.,0.866025403784,-0.5));
#2390 = DIRECTION('',(1.,0.,0.));
#2391 = DEFINITIONAL_REPRESENTATION('',(#2392),#2396);
#2392 = LINE('',#2393,#2394);
#2393 = CARTESIAN_POINT('',(1.625000000004,2.814582562303));
#2394 = VECTOR('',#2395,1.);
#2395 = DIRECTION('',(-1.,-8.1617E-13));
#2396 = ( GEOMETRIC_REPRESENTATION_CONTEXT(2) 
PARAMETRIC_REPRESENTATION_CONTEXT() REPRESENTATION_CONTEXT('2D SPACE',''
  ) );
#2397 = ORIENTED_EDGE('',*,*,#2398,.T.);
#2398 = EDGE_CURVE('',#2371,#2399,#2401,.T.);
#2399 = VERTEX_POINT('',#2400);
#2400 = CARTESIAN_POINT('',(31.749999999999,10.392304845412,
    -6.000000000002));
#2401 = SURFACE_CURVE('',#2402,(#2406,#2413),.PCURVE_S1.);
#2402 = LINE('',#2403,#2404);
#2403 = CARTESIAN_POINT('',(33.375000000003,8.985013564262,
    -8.437500000002));
#2404 = VECTOR('',#2405,1.);
#2405 = DIRECTION('',(-0.500000000001,0.433012701892,0.75));
#2406 = PCURVE('',#574,#2407);
#2407 = DEFINITIONAL_REPRESENTATION('',(#2408),#2412);
#2408 = LINE('',#2409,#2410);
#2409 = CARTESIAN_POINT('',(0.185417437698,-3.375000000003));
#2410 = VECTOR('',#2411,1.);
#2411 = DIRECTION('',(0.866025403784,0.500000000001));
#2412 = ( GEOMETRIC_REPRESENTATION_CONTEXT(2) 
PARAMETRIC_REPRESENTATION_CONTEXT() REPRESENTATION_CONTEXT('2D SPACE',''
  ) );
#2413 = PCURVE('',#2386,#2414);
#2414 = DEFINITIONAL_REPRESENTATION('',(#2415),#2419);
#2415 = LINE('',#2416,#2417);
#2416 = CARTESIAN_POINT('',(-1.624999999998,2.8145825623));
#2417 = VECTOR('',#2418,1.);
#2418 = DIRECTION('',(-0.500000000001,-0.866025403784));
#2419 = ( GEOMETRIC_REPRESENTATION_CONTEXT(2) 
PARAMETRIC_REPRESENTATION_CONTEXT() REPRESENTATION_CONTEXT('2D SPACE',''
  ) );
#2420 = ORIENTED_EDGE('',*,*,#2421,.T.);
#2421 = EDGE_CURVE('',#2399,#2422,#2424,.T.);
#2422 = VERTEX_POINT('',#2423);
#2423 = CARTESIAN_POINT('',(33.374999999998,11.799596126563,-3.5625));
#2424 = SURFACE_CURVE('',#2425,(#2429,#2436),.PCURVE_S1.);
#2425 = LINE('',#2426,#2427);
#2426 = CARTESIAN_POINT('',(31.749999999999,10.392304845412,
    -6.000000000002));
#2427 = VECTOR('',#2428,1.);
#2428 = DIRECTION('',(0.499999999999,0.433012701892,0.75));
#2429 = PCURVE('',#574,#2430);
#2430 = DEFINITIONAL_REPRESENTATION('',(#2431),#2435);
#2431 = LINE('',#2432,#2433);
#2432 = CARTESIAN_POINT('',(2.999999999997,-1.749999999999));
#2433 = VECTOR('',#2434,1.);
#2434 = DIRECTION('',(0.866025403785,-0.499999999999));
#2435 = ( GEOMETRIC_REPRESENTATION_CONTEXT(2) 
PARAMETRIC_REPRESENTATION_CONTEXT() REPRESENTATION_CONTEXT('2D SPACE',''
  ) );
#2436 = PCURVE('',#2386,#2437);
#2437 = DEFINITIONAL_REPRESENTATION('',(#2438),#2442);
#2438 = LINE('',#2439,#2440);
#2439 = CARTESIAN_POINT('',(-3.250000000001,1.00127E-12));
#2440 = VECTOR('',#2441,1.);
#2441 = DIRECTION('',(0.499999999999,-0.866025403785));
#2442 = ( GEOMETRIC_REPRESENTATION_CONTEXT(2) 
PARAMETRIC_REPRESENTATION_CONTEXT() REPRESENTATION_CONTEXT('2D SPACE',''
  ) );
#2443 = ORIENTED_EDGE('',*,*,#2444,.T.);
#2444 = EDGE_CURVE('',#2422,#2445,#2447,.T.);
#2445 = VERTEX_POINT('',#2446);
#2446 = CARTESIAN_POINT('',(34.,11.799596126563,-3.5625));
#2447 = SURFACE_CURVE('',#2448,(#2452,#2459),.PCURVE_S1.);
#2448 = LINE('',#2449,#2450);
#2449 = CARTESIAN_POINT('',(33.374999999998,11.799596126563,-3.5625));
#2450 = VECTOR('',#2451,1.);
#2451 = DIRECTION('',(1.,2.03665E-13,3.527581277235E-13));
#2452 = PCURVE('',#574,#2453);
#2453 = DEFINITIONAL_REPRESENTATION('',(#2454),#2458);
#2454 = LINE('',#2455,#2456);
#2455 = CARTESIAN_POINT('',(5.814582562299,-3.374999999998));
#2456 = VECTOR('',#2457,1.);
#2457 = DIRECTION('',(4.0733E-13,-1.));
#2458 = ( GEOMETRIC_REPRESENTATION_CONTEXT(2) 
PARAMETRIC_REPRESENTATION_CONTEXT() REPRESENTATION_CONTEXT('2D SPACE',''
  ) );
#2459 = PCURVE('',#2386,#2460);
#2460 = DEFINITIONAL_REPRESENTATION('',(#2461),#2465);
#2461 = LINE('',#2462,#2463);
#2462 = CARTESIAN_POINT('',(-1.625000000003,-2.814582562301));
#2463 = VECTOR('',#2464,1.);
#2464 = DIRECTION('',(1.,-4.0733E-13));
#2465 = ( GEOMETRIC_REPRESENTATION_CONTEXT(2) 
PARAMETRIC_REPRESENTATION_CONTEXT() REPRESENTATION_CONTEXT('2D SPACE',''
  ) );
#2466 = ORIENTED_EDGE('',*,*,#2467,.T.);
#2467 = EDGE_CURVE('',#2445,#2277,#2468,.T.);
#2468 = SURFACE_CURVE('',#2469,(#2473,#2480),.PCURVE_S1.);
#2469 = LINE('',#2470,#2471);
#2470 = CARTESIAN_POINT('',(34.,8.892304845413,-8.598076211353));
#2471 = VECTOR('',#2472,1.);
#2472 = DIRECTION('',(0.,0.5,0.866025403784));
#2473 = PCURVE('',#574,#2474);
#2474 = DEFINITIONAL_REPRESENTATION('',(#2475),#2479);
#2475 = LINE('',#2476,#2477);
#2476 = CARTESIAN_POINT('',(0.,-4.));
#2477 = VECTOR('',#2478,1.);
#2478 = DIRECTION('',(1.,0.));
#2479 = ( GEOMETRIC_REPRESENTATION_CONTEXT(2) 
PARAMETRIC_REPRESENTATION_CONTEXT() REPRESENTATION_CONTEXT('2D SPACE',''
  ) );
#2480 = PCURVE('',#2072,#2481);
#2481 = DEFINITIONAL_REPRESENTATION('',(#2482),#2486);
#2482 = LINE('',#2483,#2484);
#2483 = CARTESIAN_POINT('',(-1.4,-3.));
#2484 = VECTOR('',#2485,1.);
#2485 = DIRECTION('',(0.,1.));
#2486 = ( GEOMETRIC_REPRESENTATION_CONTEXT(2) 
PARAMETRIC_REPRESENTATION_CONTEXT() REPRESENTATION_CONTEXT('2D SPACE',''
  ) );
#2487 = ADVANCED_FACE('',(#2488),#648,.T.);
#2488 = FACE_BOUND('',#2489,.T.);
#2489 = EDGE_LOOP('',(#2490,#2491,#2492,#2493));
#2490 = ORIENTED_EDGE('',*,*,#2299,.F.);
#2491 = ORIENTED_EDGE('',*,*,#632,.T.);
#2492 = ORIENTED_EDGE('',*,*,#2005,.T.);
#2493 = ORIENTED_EDGE('',*,*,#2494,.F.);
#2494 = EDGE_CURVE('',#2275,#2006,#2495,.T.);
#2495 = SURFACE_CURVE('',#2496,(#2500,#2507),.PCURVE_S1.);
#2496 = LINE('',#2497,#2498);
#2497 = CARTESIAN_POINT('',(31.,11.892304845413,-3.401923788647));
#2498 = VECTOR('',#2499,1.);
#2499 = DIRECTION('',(0.,0.866025403784,-0.5));
#2500 = PCURVE('',#648,#2501);
#2501 = DEFINITIONAL_REPRESENTATION('',(#2502),#2506);
#2502 = LINE('',#2503,#2504);
#2503 = CARTESIAN_POINT('',(1.942890293094E-16,0.707106781187));
#2504 = VECTOR('',#2505,1.);
#2505 = DIRECTION('',(1.,0.));
#2506 = ( GEOMETRIC_REPRESENTATION_CONTEXT(2) 
PARAMETRIC_REPRESENTATION_CONTEXT() REPRESENTATION_CONTEXT('2D SPACE',''
  ) );
#2507 = PCURVE('',#2044,#2508);
#2508 = DEFINITIONAL_REPRESENTATION('',(#2509),#2513);
#2509 = LINE('',#2510,#2511);
#2510 = CARTESIAN_POINT('',(5.329070518201E-15,-1.));
#2511 = VECTOR('',#2512,1.);
#2512 = DIRECTION('',(1.,0.));
#2513 = ( GEOMETRIC_REPRESENTATION_CONTEXT(2) 
PARAMETRIC_REPRESENTATION_CONTEXT() REPRESENTATION_CONTEXT('2D SPACE',''
  ) );
#2514 = ADVANCED_FACE('',(#2515),#725,.F.);
#2515 = FACE_BOUND('',#2516,.F.);
#2516 = EDGE_LOOP('',(#2517,#2518,#2539,#2540));
#2517 = ORIENTED_EDGE('',*,*,#707,.T.);
#2518 = ORIENTED_EDGE('',*,*,#2519,.T.);
#2519 = EDGE_CURVE('',#710,#1081,#2520,.T.);
#2520 = SURFACE_CURVE('',#2521,(#2525,#2532),.PCURVE_S1.);
#2521 = LINE('',#2522,#2523);
#2522 = CARTESIAN_POINT('',(34.,3.,14.8));
#2523 = VECTOR('',#2524,1.);
#2524 = DIRECTION('',(0.,0.,-1.));
#2525 = PCURVE('',#725,#2526);
#2526 = DEFINITIONAL_REPRESENTATION('',(#2527),#2531);
#2527 = LINE('',#2528,#2529);
#2528 = CARTESIAN_POINT('',(0.,-4.));
#2529 = VECTOR('',#2530,1.);
#2530 = DIRECTION('',(1.,0.));
#2531 = ( GEOMETRIC_REPRESENTATION_CONTEXT(2) 
PARAMETRIC_REPRESENTATION_CONTEXT() REPRESENTATION_CONTEXT('2D SPACE',''
  ) );
#2532 = PCURVE('',#966,#2533);
#2533 = DEFINITIONAL_REPRESENTATION('',(#2534),#2538);
#2534 = LINE('',#2535,#2536);
#2535 = CARTESIAN_POINT('',(1.4,-3.));
#2536 = VECTOR('',#2537,1.);
#2537 = DIRECTION('',(-1.,0.));
#2538 = ( GEOMETRIC_REPRESENTATION_CONTEXT(2) 
PARAMETRIC_REPRESENTATION_CONTEXT() REPRESENTATION_CONTEXT('2D SPACE',''
  ) );
#2539 = ORIENTED_EDGE('',*,*,#1080,.F.);
#2540 = ORIENTED_EDGE('',*,*,#1006,.F.);
#2541 = ADVANCED_FACE('',(#2542),#966,.F.);
#2542 = FACE_BOUND('',#2543,.F.);
#2543 = EDGE_LOOP('',(#2544,#2545,#2546,#2567));
#2544 = ORIENTED_EDGE('',*,*,#2519,.F.);
#2545 = ORIENTED_EDGE('',*,*,#952,.F.);
#2546 = ORIENTED_EDGE('',*,*,#2547,.F.);
#2547 = EDGE_CURVE('',#1104,#925,#2548,.T.);
#2548 = SURFACE_CURVE('',#2549,(#2553,#2560),.PCURVE_S1.);
#2549 = LINE('',#2550,#2551);
#2550 = CARTESIAN_POINT('',(34.,2.814582562302,12.7));
#2551 = VECTOR('',#2552,1.);
#2552 = DIRECTION('',(0.,0.,1.));
#2553 = PCURVE('',#966,#2554);
#2554 = DEFINITIONAL_REPRESENTATION('',(#2555),#2559);
#2555 = LINE('',#2556,#2557);
#2556 = CARTESIAN_POINT('',(-0.7,-2.814582562302));
#2557 = VECTOR('',#2558,1.);
#2558 = DIRECTION('',(1.,0.));
#2559 = ( GEOMETRIC_REPRESENTATION_CONTEXT(2) 
PARAMETRIC_REPRESENTATION_CONTEXT() REPRESENTATION_CONTEXT('2D SPACE',''
  ) );
#2560 = PCURVE('',#940,#2561);
#2561 = DEFINITIONAL_REPRESENTATION('',(#2562),#2566);
#2562 = LINE('',#2563,#2564);
#2563 = CARTESIAN_POINT('',(2.625000000004,-0.7));
#2564 = VECTOR('',#2565,1.);
#2565 = DIRECTION('',(0.,-1.));
#2566 = ( GEOMETRIC_REPRESENTATION_CONTEXT(2) 
PARAMETRIC_REPRESENTATION_CONTEXT() REPRESENTATION_CONTEXT('2D SPACE',''
  ) );
#2567 = ORIENTED_EDGE('',*,*,#1103,.F.);
#2568 = ADVANCED_FACE('',(#2569),#940,.T.);
#2569 = FACE_BOUND('',#2570,.T.);
#2570 = EDGE_LOOP('',(#2571,#2599,#2627,#2655,#2676,#2677));
#2571 = ORIENTED_EDGE('',*,*,#2572,.F.);
#2572 = EDGE_CURVE('',#2573,#1104,#2575,.T.);
#2573 = VERTEX_POINT('',#2574);
#2574 = CARTESIAN_POINT('',(36.625000000004,2.814582562305,12.));
#2575 = SURFACE_CURVE('',#2576,(#2580,#2587),.PCURVE_S1.);
#2576 = LINE('',#2577,#2578);
#2577 = CARTESIAN_POINT('',(36.625000000004,2.814582562305,12.));
#2578 = VECTOR('',#2579,1.);
#2579 = DIRECTION('',(-1.,-8.1617E-13,0.));
#2580 = PCURVE('',#940,#2581);
#2581 = DEFINITIONAL_REPRESENTATION('',(#2582),#2586);
#2582 = LINE('',#2583,#2584);
#2583 = CARTESIAN_POINT('',(0.,0.));
#2584 = VECTOR('',#2585,1.);
#2585 = DIRECTION('',(1.,0.));
#2586 = ( GEOMETRIC_REPRESENTATION_CONTEXT(2) 
PARAMETRIC_REPRESENTATION_CONTEXT() REPRESENTATION_CONTEXT('2D SPACE',''
  ) );
#2587 = PCURVE('',#2588,#2593);
#2588 = PLANE('',#2589);
#2589 = AXIS2_PLACEMENT_3D('',#2590,#2591,#2592);
#2590 = CARTESIAN_POINT('',(35.000000000001,1.70634E-12,12.));
#2591 = DIRECTION('',(0.,0.,1.));
#2592 = DIRECTION('',(1.,0.,0.));
#2593 = DEFINITIONAL_REPRESENTATION('',(#2594),#2598);
#2594 = LINE('',#2595,#2596);
#2595 = CARTESIAN_POINT('',(1.625000000004,2.814582562303));
#2596 = VECTOR('',#2597,1.);
#2597 = DIRECTION('',(-1.,-8.1617E-13));
#2598 = ( GEOMETRIC_REPRESENTATION_CONTEXT(2) 
PARAMETRIC_REPRESENTATION_CONTEXT() REPRESENTATION_CONTEXT('2D SPACE',''
  ) );
#2599 = ORIENTED_EDGE('',*,*,#2600,.T.);
#2600 = EDGE_CURVE('',#2573,#2601,#2603,.T.);
#2601 = VERTEX_POINT('',#2602);
#2602 = CARTESIAN_POINT('',(36.625000000004,2.814582562305,16.));
#2603 = SURFACE_CURVE('',#2604,(#2608,#2615),.PCURVE_S1.);
#2604 = LINE('',#2605,#2606);
#2605 = CARTESIAN_POINT('',(36.625000000004,2.814582562305,12.));
#2606 = VECTOR('',#2607,1.);
#2607 = DIRECTION('',(0.,0.,1.));
#2608 = PCURVE('',#940,#2609);
#2609 = DEFINITIONAL_REPRESENTATION('',(#2610),#2614);
#2610 = LINE('',#2611,#2612);
#2611 = CARTESIAN_POINT('',(0.,0.));
#2612 = VECTOR('',#2613,1.);
#2613 = DIRECTION('',(0.,-1.));
#2614 = ( GEOMETRIC_REPRESENTATION_CONTEXT(2) 
PARAMETRIC_REPRESENTATION_CONTEXT() REPRESENTATION_CONTEXT('2D SPACE',''
  ) );
#2615 = PCURVE('',#2616,#2621);
#2616 = PLANE('',#2617);
#2617 = AXIS2_PLACEMENT_3D('',#2618,#2619,#2620);
#2618 = CARTESIAN_POINT('',(38.25,0.,12.));
#2619 = DIRECTION('',(-0.866025403785,-0.499999999998,0.));
#2620 = DIRECTION('',(-0.499999999998,0.866025403785,0.));
#2621 = DEFINITIONAL_REPRESENTATION('',(#2622),#2626);
#2622 = LINE('',#2623,#2624);
#2623 = CARTESIAN_POINT('',(3.250000000002,0.));
#2624 = VECTOR('',#2625,1.);
#2625 = DIRECTION('',(0.,-1.));
#2626 = ( GEOMETRIC_REPRESENTATION_CONTEXT(2) 
PARAMETRIC_REPRESENTATION_CONTEXT() REPRESENTATION_CONTEXT('2D SPACE',''
  ) );
#2627 = ORIENTED_EDGE('',*,*,#2628,.T.);
#2628 = EDGE_CURVE('',#2601,#2629,#2631,.T.);
#2629 = VERTEX_POINT('',#2630);
#2630 = CARTESIAN_POINT('',(33.375000000003,2.814582562302,16.));
#2631 = SURFACE_CURVE('',#2632,(#2636,#2643),.PCURVE_S1.);
#2632 = LINE('',#2633,#2634);
#2633 = CARTESIAN_POINT('',(36.625000000004,2.814582562305,16.));
#2634 = VECTOR('',#2635,1.);
#2635 = DIRECTION('',(-1.,-8.1617E-13,0.));
#2636 = PCURVE('',#940,#2637);
#2637 = DEFINITIONAL_REPRESENTATION('',(#2638),#2642);
#2638 = LINE('',#2639,#2640);
#2639 = CARTESIAN_POINT('',(0.,-4.));
#2640 = VECTOR('',#2641,1.);
#2641 = DIRECTION('',(1.,0.));
#2642 = ( GEOMETRIC_REPRESENTATION_CONTEXT(2) 
PARAMETRIC_REPRESENTATION_CONTEXT() REPRESENTATION_CONTEXT('2D SPACE',''
  ) );
#2643 = PCURVE('',#2644,#2649);
#2644 = PLANE('',#2645);
#2645 = AXIS2_PLACEMENT_3D('',#2646,#2647,#2648);
#2646 = CARTESIAN_POINT('',(35.000000000001,1.70634E-12,16.));
#2647 = DIRECTION('',(0.,0.,1.));
#2648 = DIRECTION('',(1.,0.,0.));
#2649 = DEFINITIONAL_REPRESENTATION('',(#2650),#2654);
#2650 = LINE('',#2651,#2652);
#2651 = CARTESIAN_POINT('',(1.625000000004,2.814582562303));
#2652 = VECTOR('',#2653,1.);
#2653 = DIRECTION('',(-1.,-8.1617E-13));
#2654 = ( GEOMETRIC_REPRESENTATION_CONTEXT(2) 
PARAMETRIC_REPRESENTATION_CONTEXT() REPRESENTATION_CONTEXT('2D SPACE',''
  ) );
#2655 = ORIENTED_EDGE('',*,*,#2656,.F.);
#2656 = EDGE_CURVE('',#897,#2629,#2657,.T.);
#2657 = SURFACE_CURVE('',#2658,(#2662,#2669),.PCURVE_S1.);
#2658 = LINE('',#2659,#2660);
#2659 = CARTESIAN_POINT('',(33.375000000003,2.814582562302,12.));
#2660 = VECTOR('',#2661,1.);
#2661 = DIRECTION('',(0.,0.,1.));
#2662 = PCURVE('',#940,#2663);
#2663 = DEFINITIONAL_REPRESENTATION('',(#2664),#2668);
#2664 = LINE('',#2665,#2666);
#2665 = CARTESIAN_POINT('',(3.250000000001,0.));
#2666 = VECTOR('',#2667,1.);
#2667 = DIRECTION('',(0.,-1.));
#2668 = ( GEOMETRIC_REPRESENTATION_CONTEXT(2) 
PARAMETRIC_REPRESENTATION_CONTEXT() REPRESENTATION_CONTEXT('2D SPACE',''
  ) );
#2669 = PCURVE('',#912,#2670);
#2670 = DEFINITIONAL_REPRESENTATION('',(#2671),#2675);
#2671 = LINE('',#2672,#2673);
#2672 = CARTESIAN_POINT('',(3.845925372765E-16,0.));
#2673 = VECTOR('',#2674,1.);
#2674 = DIRECTION('',(0.,-1.));
#2675 = ( GEOMETRIC_REPRESENTATION_CONTEXT(2) 
PARAMETRIC_REPRESENTATION_CONTEXT() REPRESENTATION_CONTEXT('2D SPACE',''
  ) );
#2676 = ORIENTED_EDGE('',*,*,#924,.F.);
#2677 = ORIENTED_EDGE('',*,*,#2547,.F.);
#2678 = ADVANCED_FACE('',(#2679),#912,.T.);
#2679 = FACE_BOUND('',#2680,.T.);
#2680 = EDGE_LOOP('',(#2681,#2682,#2683,#2706));
#2681 = ORIENTED_EDGE('',*,*,#896,.F.);
#2682 = ORIENTED_EDGE('',*,*,#2656,.T.);
#2683 = ORIENTED_EDGE('',*,*,#2684,.T.);
#2684 = EDGE_CURVE('',#2629,#2685,#2687,.T.);
#2685 = VERTEX_POINT('',#2686);
#2686 = CARTESIAN_POINT('',(31.749999999999,2.708E-12,16.));
#2687 = SURFACE_CURVE('',#2688,(#2692,#2699),.PCURVE_S1.);
#2688 = LINE('',#2689,#2690);
#2689 = CARTESIAN_POINT('',(33.375000000003,2.814582562302,16.));
#2690 = VECTOR('',#2691,1.);
#2691 = DIRECTION('',(-0.500000000001,-0.866025403784,0.));
#2692 = PCURVE('',#912,#2693);
#2693 = DEFINITIONAL_REPRESENTATION('',(#2694),#2698);
#2694 = LINE('',#2695,#2696);
#2695 = CARTESIAN_POINT('',(0.,-4.));
#2696 = VECTOR('',#2697,1.);
#2697 = DIRECTION('',(1.,0.));
#2698 = ( GEOMETRIC_REPRESENTATION_CONTEXT(2) 
PARAMETRIC_REPRESENTATION_CONTEXT() REPRESENTATION_CONTEXT('2D SPACE',''
  ) );
#2699 = PCURVE('',#2644,#2700);
#2700 = DEFINITIONAL_REPRESENTATION('',(#2701),#2705);
#2701 = LINE('',#2702,#2703);
#2702 = CARTESIAN_POINT('',(-1.624999999998,2.8145825623));
#2703 = VECTOR('',#2704,1.);
#2704 = DIRECTION('',(-0.500000000001,-0.866025403784));
#2705 = ( GEOMETRIC_REPRESENTATION_CONTEXT(2) 
PARAMETRIC_REPRESENTATION_CONTEXT() REPRESENTATION_CONTEXT('2D SPACE',''
  ) );
#2706 = ORIENTED_EDGE('',*,*,#2707,.F.);
#2707 = EDGE_CURVE('',#869,#2685,#2708,.T.);
#2708 = SURFACE_CURVE('',#2709,(#2713,#2720),.PCURVE_S1.);
#2709 = LINE('',#2710,#2711);
#2710 = CARTESIAN_POINT('',(31.749999999999,2.708E-12,12.));
#2711 = VECTOR('',#2712,1.);
#2712 = DIRECTION('',(0.,0.,1.));
#2713 = PCURVE('',#912,#2714);
#2714 = DEFINITIONAL_REPRESENTATION('',(#2715),#2719);
#2715 = LINE('',#2716,#2717);
#2716 = CARTESIAN_POINT('',(3.250000000002,0.));
#2717 = VECTOR('',#2718,1.);
#2718 = DIRECTION('',(0.,-1.));
#2719 = ( GEOMETRIC_REPRESENTATION_CONTEXT(2) 
PARAMETRIC_REPRESENTATION_CONTEXT() REPRESENTATION_CONTEXT('2D SPACE',''
  ) );
#2720 = PCURVE('',#884,#2721);
#2721 = DEFINITIONAL_REPRESENTATION('',(#2722),#2726);
#2722 = LINE('',#2723,#2724);
#2723 = CARTESIAN_POINT('',(-2.533124306074E-16,0.));
#2724 = VECTOR('',#2725,1.);
#2725 = DIRECTION('',(0.,-1.));
#2726 = ( GEOMETRIC_REPRESENTATION_CONTEXT(2) 
PARAMETRIC_REPRESENTATION_CONTEXT() REPRESENTATION_CONTEXT('2D SPACE',''
  ) );
#2727 = ADVANCED_FACE('',(#2728),#884,.T.);
#2728 = FACE_BOUND('',#2729,.T.);
#2729 = EDGE_LOOP('',(#2730,#2731,#2732,#2755));
#2730 = ORIENTED_EDGE('',*,*,#868,.F.);
#2731 = ORIENTED_EDGE('',*,*,#2707,.T.);
#2732 = ORIENTED_EDGE('',*,*,#2733,.T.);
#2733 = EDGE_CURVE('',#2685,#2734,#2736,.T.);
#2734 = VERTEX_POINT('',#2735);
#2735 = CARTESIAN_POINT('',(33.374999999998,-2.814582562299,16.));
#2736 = SURFACE_CURVE('',#2737,(#2741,#2748),.PCURVE_S1.);
#2737 = LINE('',#2738,#2739);
#2738 = CARTESIAN_POINT('',(31.749999999999,2.70761E-12,16.));
#2739 = VECTOR('',#2740,1.);
#2740 = DIRECTION('',(0.499999999999,-0.866025403785,0.));
#2741 = PCURVE('',#884,#2742);
#2742 = DEFINITIONAL_REPRESENTATION('',(#2743),#2747);
#2743 = LINE('',#2744,#2745);
#2744 = CARTESIAN_POINT('',(0.,-4.));
#2745 = VECTOR('',#2746,1.);
#2746 = DIRECTION('',(1.,0.));
#2747 = ( GEOMETRIC_REPRESENTATION_CONTEXT(2) 
PARAMETRIC_REPRESENTATION_CONTEXT() REPRESENTATION_CONTEXT('2D SPACE',''
  ) );
#2748 = PCURVE('',#2644,#2749);
#2749 = DEFINITIONAL_REPRESENTATION('',(#2750),#2754);
#2750 = LINE('',#2751,#2752);
#2751 = CARTESIAN_POINT('',(-3.250000000001,1.00127E-12));
#2752 = VECTOR('',#2753,1.);
#2753 = DIRECTION('',(0.499999999999,-0.866025403785));
#2754 = ( GEOMETRIC_REPRESENTATION_CONTEXT(2) 
PARAMETRIC_REPRESENTATION_CONTEXT() REPRESENTATION_CONTEXT('2D SPACE',''
  ) );
#2755 = ORIENTED_EDGE('',*,*,#2756,.F.);
#2756 = EDGE_CURVE('',#841,#2734,#2757,.T.);
#2757 = SURFACE_CURVE('',#2758,(#2762,#2769),.PCURVE_S1.);
#2758 = LINE('',#2759,#2760);
#2759 = CARTESIAN_POINT('',(33.374999999998,-2.814582562299,12.));
#2760 = VECTOR('',#2761,1.);
#2761 = DIRECTION('',(0.,0.,1.));
#2762 = PCURVE('',#884,#2763);
#2763 = DEFINITIONAL_REPRESENTATION('',(#2764),#2768);
#2764 = LINE('',#2765,#2766);
#2765 = CARTESIAN_POINT('',(3.250000000001,0.));
#2766 = VECTOR('',#2767,1.);
#2767 = DIRECTION('',(0.,-1.));
#2768 = ( GEOMETRIC_REPRESENTATION_CONTEXT(2) 
PARAMETRIC_REPRESENTATION_CONTEXT() REPRESENTATION_CONTEXT('2D SPACE',''
  ) );
#2769 = PCURVE('',#856,#2770);
#2770 = DEFINITIONAL_REPRESENTATION('',(#2771),#2775);
#2771 = LINE('',#2772,#2773);
#2772 = CARTESIAN_POINT('',(0.,0.));
#2773 = VECTOR('',#2774,1.);
#2774 = DIRECTION('',(0.,-1.));
#2775 = ( GEOMETRIC_REPRESENTATION_CONTEXT(2) 
PARAMETRIC_REPRESENTATION_CONTEXT() REPRESENTATION_CONTEXT('2D SPACE',''
  ) );
#2776 = ADVANCED_FACE('',(#2777),#856,.T.);
#2777 = FACE_BOUND('',#2778,.T.);
#2778 = EDGE_LOOP('',(#2779,#2780,#2781,#2804,#2832,#2853));
#2779 = ORIENTED_EDGE('',*,*,#840,.F.);
#2780 = ORIENTED_EDGE('',*,*,#2756,.T.);
#2781 = ORIENTED_EDGE('',*,*,#2782,.T.);
#2782 = EDGE_CURVE('',#2734,#2783,#2785,.T.);
#2783 = VERTEX_POINT('',#2784);
#2784 = CARTESIAN_POINT('',(36.625,-2.8145825623,16.));
#2785 = SURFACE_CURVE('',#2786,(#2790,#2797),.PCURVE_S1.);
#2786 = LINE('',#2787,#2788);
#2787 = CARTESIAN_POINT('',(33.374999999998,-2.814582562299,16.));
#2788 = VECTOR('',#2789,1.);
#2789 = DIRECTION('',(1.,-4.0733E-13,0.));
#2790 = PCURVE('',#856,#2791);
#2791 = DEFINITIONAL_REPRESENTATION('',(#2792),#2796);
#2792 = LINE('',#2793,#2794);
#2793 = CARTESIAN_POINT('',(0.,-4.));
#2794 = VECTOR('',#2795,1.);
#2795 = DIRECTION('',(1.,0.));
#2796 = ( GEOMETRIC_REPRESENTATION_CONTEXT(2) 
PARAMETRIC_REPRESENTATION_CONTEXT() REPRESENTATION_CONTEXT('2D SPACE',''
  ) );
#2797 = PCURVE('',#2644,#2798);
#2798 = DEFINITIONAL_REPRESENTATION('',(#2799),#2803);
#2799 = LINE('',#2800,#2801);
#2800 = CARTESIAN_POINT('',(-1.625000000003,-2.814582562301));
#2801 = VECTOR('',#2802,1.);
#2802 = DIRECTION('',(1.,-4.0733E-13));
#2803 = ( GEOMETRIC_REPRESENTATION_CONTEXT(2) 
PARAMETRIC_REPRESENTATION_CONTEXT() REPRESENTATION_CONTEXT('2D SPACE',''
  ) );
#2804 = ORIENTED_EDGE('',*,*,#2805,.F.);
#2805 = EDGE_CURVE('',#2806,#2783,#2808,.T.);
#2806 = VERTEX_POINT('',#2807);
#2807 = CARTESIAN_POINT('',(36.625,-2.8145825623,12.));
#2808 = SURFACE_CURVE('',#2809,(#2813,#2820),.PCURVE_S1.);
#2809 = LINE('',#2810,#2811);
#2810 = CARTESIAN_POINT('',(36.625,-2.8145825623,12.));
#2811 = VECTOR('',#2812,1.);
#2812 = DIRECTION('',(0.,0.,1.));
#2813 = PCURVE('',#856,#2814);
#2814 = DEFINITIONAL_REPRESENTATION('',(#2815),#2819);
#2815 = LINE('',#2816,#2817);
#2816 = CARTESIAN_POINT('',(3.250000000002,0.));
#2817 = VECTOR('',#2818,1.);
#2818 = DIRECTION('',(0.,-1.));
#2819 = ( GEOMETRIC_REPRESENTATION_CONTEXT(2) 
PARAMETRIC_REPRESENTATION_CONTEXT() REPRESENTATION_CONTEXT('2D SPACE',''
  ) );
#2820 = PCURVE('',#2821,#2826);
#2821 = PLANE('',#2822);
#2822 = AXIS2_PLACEMENT_3D('',#2823,#2824,#2825);
#2823 = CARTESIAN_POINT('',(36.625,-2.8145825623,12.));
#2824 = DIRECTION('',(-0.866025403784,0.5,0.));
#2825 = DIRECTION('',(0.5,0.866025403784,0.));
#2826 = DEFINITIONAL_REPRESENTATION('',(#2827),#2831);
#2827 = LINE('',#2828,#2829);
#2828 = CARTESIAN_POINT('',(-3.845925372767E-16,0.));
#2829 = VECTOR('',#2830,1.);
#2830 = DIRECTION('',(0.,-1.));
#2831 = ( GEOMETRIC_REPRESENTATION_CONTEXT(2) 
PARAMETRIC_REPRESENTATION_CONTEXT() REPRESENTATION_CONTEXT('2D SPACE',''
  ) );
#2832 = ORIENTED_EDGE('',*,*,#2833,.F.);
#2833 = EDGE_CURVE('',#1201,#2806,#2834,.T.);
#2834 = SURFACE_CURVE('',#2835,(#2839,#2846),.PCURVE_S1.);
#2835 = LINE('',#2836,#2837);
#2836 = CARTESIAN_POINT('',(33.374999999998,-2.814582562299,12.));
#2837 = VECTOR('',#2838,1.);
#2838 = DIRECTION('',(1.,-4.0733E-13,0.));
#2839 = PCURVE('',#856,#2840);
#2840 = DEFINITIONAL_REPRESENTATION('',(#2841),#2845);
#2841 = LINE('',#2842,#2843);
#2842 = CARTESIAN_POINT('',(0.,0.));
#2843 = VECTOR('',#2844,1.);
#2844 = DIRECTION('',(1.,0.));
#2845 = ( GEOMETRIC_REPRESENTATION_CONTEXT(2) 
PARAMETRIC_REPRESENTATION_CONTEXT() REPRESENTATION_CONTEXT('2D SPACE',''
  ) );
#2846 = PCURVE('',#2588,#2847);
#2847 = DEFINITIONAL_REPRESENTATION('',(#2848),#2852);
#2848 = LINE('',#2849,#2850);
#2849 = CARTESIAN_POINT('',(-1.625000000003,-2.814582562301));
#2850 = VECTOR('',#2851,1.);
#2851 = DIRECTION('',(1.,-4.0733E-13));
#2852 = ( GEOMETRIC_REPRESENTATION_CONTEXT(2) 
PARAMETRIC_REPRESENTATION_CONTEXT() REPRESENTATION_CONTEXT('2D SPACE',''
  ) );
#2853 = ORIENTED_EDGE('',*,*,#2854,.F.);
#2854 = EDGE_CURVE('',#813,#1201,#2855,.T.);
#2855 = SURFACE_CURVE('',#2856,(#2860,#2867),.PCURVE_S1.);
#2856 = LINE('',#2857,#2858);
#2857 = CARTESIAN_POINT('',(34.,-2.814582562299,12.7));
#2858 = VECTOR('',#2859,1.);
#2859 = DIRECTION('',(0.,0.,-1.));
#2860 = PCURVE('',#856,#2861);
#2861 = DEFINITIONAL_REPRESENTATION('',(#2862),#2866);
#2862 = LINE('',#2863,#2864);
#2863 = CARTESIAN_POINT('',(0.625000000002,-0.7));
#2864 = VECTOR('',#2865,1.);
#2865 = DIRECTION('',(0.,1.));
#2866 = ( GEOMETRIC_REPRESENTATION_CONTEXT(2) 
PARAMETRIC_REPRESENTATION_CONTEXT() REPRESENTATION_CONTEXT('2D SPACE',''
  ) );
#2867 = PCURVE('',#828,#2868);
#2868 = DEFINITIONAL_REPRESENTATION('',(#2869),#2873);
#2869 = LINE('',#2870,#2871);
#2870 = CARTESIAN_POINT('',(-0.7,2.814582562299));
#2871 = VECTOR('',#2872,1.);
#2872 = DIRECTION('',(-1.,0.));
#2873 = ( GEOMETRIC_REPRESENTATION_CONTEXT(2) 
PARAMETRIC_REPRESENTATION_CONTEXT() REPRESENTATION_CONTEXT('2D SPACE',''
  ) );
#2874 = ADVANCED_FACE('',(#2875),#800,.F.);
#2875 = FACE_BOUND('',#2876,.F.);
#2876 = EDGE_LOOP('',(#2877,#2878,#2899,#2900));
#2877 = ORIENTED_EDGE('',*,*,#1030,.T.);
#2878 = ORIENTED_EDGE('',*,*,#2879,.T.);
#2879 = EDGE_CURVE('',#1033,#785,#2880,.T.);
#2880 = SURFACE_CURVE('',#2881,(#2885,#2892),.PCURVE_S1.);
#2881 = LINE('',#2882,#2883);
#2882 = CARTESIAN_POINT('',(34.,-3.,12.));
#2883 = VECTOR('',#2884,1.);
#2884 = DIRECTION('',(0.,0.,1.));
#2885 = PCURVE('',#800,#2886);
#2886 = DEFINITIONAL_REPRESENTATION('',(#2887),#2891);
#2887 = LINE('',#2888,#2889);
#2888 = CARTESIAN_POINT('',(0.,-4.));
#2889 = VECTOR('',#2890,1.);
#2890 = DIRECTION('',(1.,0.));
#2891 = ( GEOMETRIC_REPRESENTATION_CONTEXT(2) 
PARAMETRIC_REPRESENTATION_CONTEXT() REPRESENTATION_CONTEXT('2D SPACE',''
  ) );
#2892 = PCURVE('',#828,#2893);
#2893 = DEFINITIONAL_REPRESENTATION('',(#2894),#2898);
#2894 = LINE('',#2895,#2896);
#2895 = CARTESIAN_POINT('',(-1.4,3.));
#2896 = VECTOR('',#2897,1.);
#2897 = DIRECTION('',(1.,0.));
#2898 = ( GEOMETRIC_REPRESENTATION_CONTEXT(2) 
PARAMETRIC_REPRESENTATION_CONTEXT() REPRESENTATION_CONTEXT('2D SPACE',''
  ) );
#2899 = ORIENTED_EDGE('',*,*,#784,.F.);
#2900 = ORIENTED_EDGE('',*,*,#1250,.F.);
#2901 = ADVANCED_FACE('',(#2902),#828,.F.);
#2902 = FACE_BOUND('',#2903,.F.);
#2903 = EDGE_LOOP('',(#2904,#2905,#2906,#2907));
#2904 = ORIENTED_EDGE('',*,*,#2854,.F.);
#2905 = ORIENTED_EDGE('',*,*,#812,.F.);
#2906 = ORIENTED_EDGE('',*,*,#2879,.F.);
#2907 = ORIENTED_EDGE('',*,*,#1223,.F.);
#2908 = ADVANCED_FACE('',(#2909),#1142,.T.);
#2909 = FACE_BOUND('',#2910,.T.);
#2910 = EDGE_LOOP('',(#2911,#2934,#2935,#2936,#2937,#2938,#2961));
#2911 = ORIENTED_EDGE('',*,*,#2912,.F.);
#2912 = EDGE_CURVE('',#1104,#2913,#2915,.T.);
#2913 = VERTEX_POINT('',#2914);
#2914 = CARTESIAN_POINT('',(34.,1.732050807569,12.));
#2915 = SURFACE_CURVE('',#2916,(#2920,#2927),.PCURVE_S1.);
#2916 = LINE('',#2917,#2918);
#2917 = CARTESIAN_POINT('',(34.,3.,12.));
#2918 = VECTOR('',#2919,1.);
#2919 = DIRECTION('',(0.,-1.,0.));
#2920 = PCURVE('',#1142,#2921);
#2921 = DEFINITIONAL_REPRESENTATION('',(#2922),#2926);
#2922 = LINE('',#2923,#2924);
#2923 = CARTESIAN_POINT('',(-1.000000000001,2.999999999998));
#2924 = VECTOR('',#2925,1.);
#2925 = DIRECTION('',(0.,-1.));
#2926 = ( GEOMETRIC_REPRESENTATION_CONTEXT(2) 
PARAMETRIC_REPRESENTATION_CONTEXT() REPRESENTATION_CONTEXT('2D SPACE',''
  ) );
#2927 = PCURVE('',#2588,#2928);
#2928 = DEFINITIONAL_REPRESENTATION('',(#2929),#2933);
#2929 = LINE('',#2930,#2931);
#2930 = CARTESIAN_POINT('',(-1.000000000001,2.999999999998));
#2931 = VECTOR('',#2932,1.);
#2932 = DIRECTION('',(0.,-1.));
#2933 = ( GEOMETRIC_REPRESENTATION_CONTEXT(2) 
PARAMETRIC_REPRESENTATION_CONTEXT() REPRESENTATION_CONTEXT('2D SPACE',''
  ) );
#2934 = ORIENTED_EDGE('',*,*,#1126,.T.);
#2935 = ORIENTED_EDGE('',*,*,#1154,.T.);
#2936 = ORIENTED_EDGE('',*,*,#1177,.T.);
#2937 = ORIENTED_EDGE('',*,*,#1200,.T.);
#2938 = ORIENTED_EDGE('',*,*,#2939,.F.);
#2939 = EDGE_CURVE('',#2940,#1201,#2942,.T.);
#2940 = VERTEX_POINT('',#2941);
#2941 = CARTESIAN_POINT('',(34.,-1.732050807569,12.));
#2942 = SURFACE_CURVE('',#2943,(#2947,#2954),.PCURVE_S1.);
#2943 = LINE('',#2944,#2945);
#2944 = CARTESIAN_POINT('',(34.,3.,12.));
#2945 = VECTOR('',#2946,1.);
#2946 = DIRECTION('',(0.,-1.,0.));
#2947 = PCURVE('',#1142,#2948);
#2948 = DEFINITIONAL_REPRESENTATION('',(#2949),#2953);
#2949 = LINE('',#2950,#2951);
#2950 = CARTESIAN_POINT('',(-1.000000000001,2.999999999998));
#2951 = VECTOR('',#2952,1.);
#2952 = DIRECTION('',(0.,-1.));
#2953 = ( GEOMETRIC_REPRESENTATION_CONTEXT(2) 
PARAMETRIC_REPRESENTATION_CONTEXT() REPRESENTATION_CONTEXT('2D SPACE',''
  ) );
#2954 = PCURVE('',#2588,#2955);
#2955 = DEFINITIONAL_REPRESENTATION('',(#2956),#2960);
#2956 = LINE('',#2957,#2958);
#2957 = CARTESIAN_POINT('',(-1.000000000001,2.999999999998));
#2958 = VECTOR('',#2959,1.);
#2959 = DIRECTION('',(0.,-1.));
#2960 = ( GEOMETRIC_REPRESENTATION_CONTEXT(2) 
PARAMETRIC_REPRESENTATION_CONTEXT() REPRESENTATION_CONTEXT('2D SPACE',''
  ) );
#2961 = ORIENTED_EDGE('',*,*,#2962,.T.);
#2962 = EDGE_CURVE('',#2940,#2913,#2963,.T.);
#2963 = SURFACE_CURVE('',#2964,(#2969,#2980),.PCURVE_S1.);
#2964 = CIRCLE('',#2965,2.);
#2965 = AXIS2_PLACEMENT_3D('',#2966,#2967,#2968);
#2966 = CARTESIAN_POINT('',(35.,0.,12.));
#2967 = DIRECTION('',(0.,0.,-1.));
#2968 = DIRECTION('',(1.,0.,0.));
#2969 = PCURVE('',#1142,#2970);
#2970 = DEFINITIONAL_REPRESENTATION('',(#2971),#2979);
#2971 = ( BOUNDED_CURVE() B_SPLINE_CURVE(2,(#2972,#2973,#2974,#2975,
#2976,#2977,#2978),.UNSPECIFIED.,.T.,.F.) B_SPLINE_CURVE_WITH_KNOTS((1,2
    ,2,2,2,1),(-2.094395102393,0.,2.094395102393,4.188790204786,
6.28318530718,8.377580409573),.UNSPECIFIED.) CURVE() 
GEOMETRIC_REPRESENTATION_ITEM() RATIONAL_B_SPLINE_CURVE((1.,0.5,1.,0.5,
1.,0.5,1.)) REPRESENTATION_ITEM('') );
#2972 = CARTESIAN_POINT('',(1.999999999999,-1.70634E-12));
#2973 = CARTESIAN_POINT('',(1.999999999999,-3.464101615139));
#2974 = CARTESIAN_POINT('',(-1.000000000001,-1.732050807571));
#2975 = CARTESIAN_POINT('',(-4.000000000001,-1.70682985872E-12));
#2976 = CARTESIAN_POINT('',(-1.000000000001,1.732050807567));
#2977 = CARTESIAN_POINT('',(1.999999999999,3.464101615136));
#2978 = CARTESIAN_POINT('',(1.999999999999,-1.70634E-12));
#2979 = ( GEOMETRIC_REPRESENTATION_CONTEXT(2) 
PARAMETRIC_REPRESENTATION_CONTEXT() REPRESENTATION_CONTEXT('2D SPACE',''
  ) );
#2980 = PCURVE('',#2981,#2986);
#2981 = CYLINDRICAL_SURFACE('',#2982,2.);
#2982 = AXIS2_PLACEMENT_3D('',#2983,#2984,#2985);
#2983 = CARTESIAN_POINT('',(35.,0.,25.4));
#2984 = DIRECTION('',(-0.,-0.,-1.));
#2985 = DIRECTION('',(1.,0.,0.));
#2986 = DEFINITIONAL_REPRESENTATION('',(#2987),#2991);
#2987 = LINE('',#2988,#2989);
#2988 = CARTESIAN_POINT('',(-6.28318530718,13.4));
#2989 = VECTOR('',#2990,1.);
#2990 = DIRECTION('',(1.,-0.));
#2991 = ( GEOMETRIC_REPRESENTATION_CONTEXT(2) 
PARAMETRIC_REPRESENTATION_CONTEXT() REPRESENTATION_CONTEXT('2D SPACE',''
  ) );
#2992 = ADVANCED_FACE('',(#2993,#3047,#3237,#3432),#1314,.F.);
#2993 = FACE_BOUND('',#2994,.F.);
#2994 = EDGE_LOOP('',(#2995,#3018,#3045,#3046));
#2995 = ORIENTED_EDGE('',*,*,#2996,.F.);
#2996 = EDGE_CURVE('',#2997,#1275,#2999,.T.);
#2997 = VERTEX_POINT('',#2998);
#2998 = CARTESIAN_POINT('',(49.,10.2,0.));
#2999 = SEAM_CURVE('',#3000,(#3004,#3011),.PCURVE_S1.);
#3000 = LINE('',#3001,#3002);
#3001 = CARTESIAN_POINT('',(50.,10.2,0.));
#3002 = VECTOR('',#3003,1.);
#3003 = DIRECTION('',(-1.,-0.,-0.));
#3004 = PCURVE('',#1314,#3005);
#3005 = DEFINITIONAL_REPRESENTATION('',(#3006),#3010);
#3006 = LINE('',#3007,#3008);
#3007 = CARTESIAN_POINT('',(6.28318530718,0.));
#3008 = VECTOR('',#3009,1.);
#3009 = DIRECTION('',(0.,-1.));
#3010 = ( GEOMETRIC_REPRESENTATION_CONTEXT(2) 
PARAMETRIC_REPRESENTATION_CONTEXT() REPRESENTATION_CONTEXT('2D SPACE',''
  ) );
#3011 = PCURVE('',#1314,#3012);
#3012 = DEFINITIONAL_REPRESENTATION('',(#3013),#3017);
#3013 = LINE('',#3014,#3015);
#3014 = CARTESIAN_POINT('',(0.,0.));
#3015 = VECTOR('',#3016,1.);
#3016 = DIRECTION('',(0.,-1.));
#3017 = ( GEOMETRIC_REPRESENTATION_CONTEXT(2) 
PARAMETRIC_REPRESENTATION_CONTEXT() REPRESENTATION_CONTEXT('2D SPACE',''
  ) );
#3018 = ORIENTED_EDGE('',*,*,#3019,.F.);
#3019 = EDGE_CURVE('',#2997,#2997,#3020,.T.);
#3020 = SURFACE_CURVE('',#3021,(#3026,#3033),.PCURVE_S1.);
#3021 = CIRCLE('',#3022,10.2);
#3022 = AXIS2_PLACEMENT_3D('',#3023,#3024,#3025);
#3023 = CARTESIAN_POINT('',(49.,0.,0.));
#3024 = DIRECTION('',(1.,0.,0.));
#3025 = DIRECTION('',(0.,1.,0.));
#3026 = PCURVE('',#1314,#3027);
#3027 = DEFINITIONAL_REPRESENTATION('',(#3028),#3032);
#3028 = LINE('',#3029,#3030);
#3029 = CARTESIAN_POINT('',(0.,-1.));
#3030 = VECTOR('',#3031,1.);
#3031 = DIRECTION('',(1.,0.));
#3032 = ( GEOMETRIC_REPRESENTATION_CONTEXT(2) 
PARAMETRIC_REPRESENTATION_CONTEXT() REPRESENTATION_CONTEXT('2D SPACE',''
  ) );
#3033 = PCURVE('',#3034,#3039);
#3034 = CONICAL_SURFACE('',#3035,10.2,0.785398163397);
#3035 = AXIS2_PLACEMENT_3D('',#3036,#3037,#3038);
#3036 = CARTESIAN_POINT('',(49.,0.,0.));
#3037 = DIRECTION('',(1.,0.,0.));
#3038 = DIRECTION('',(0.,1.,0.));
#3039 = DEFINITIONAL_REPRESENTATION('',(#3040),#3044);
#3040 = LINE('',#3041,#3042);
#3041 = CARTESIAN_POINT('',(0.,-0.));
#3042 = VECTOR('',#3043,1.);
#3043 = DIRECTION('',(1.,-0.));
#3044 = ( GEOMETRIC_REPRESENTATION_CONTEXT(2) 
PARAMETRIC_REPRESENTATION_CONTEXT() REPRESENTATION_CONTEXT('2D SPACE',''
  ) );
#3045 = ORIENTED_EDGE('',*,*,#2996,.T.);
#3046 = ORIENTED_EDGE('',*,*,#1299,.T.);
#3047 = FACE_BOUND('',#3048,.F.);
#3048 = EDGE_LOOP('',(#3049));
#3049 = ORIENTED_EDGE('',*,*,#3050,.F.);
#3050 = EDGE_CURVE('',#3051,#3051,#3053,.T.);
#3051 = VERTEX_POINT('',#3052);
#3052 = CARTESIAN_POINT('',(37.,0.,10.2));
#3053 = SURFACE_CURVE('',#3054,(#3113,#3175),.PCURVE_S1.);
#3054 = B_SPLINE_CURVE_WITH_KNOTS('',8,(#3055,#3056,#3057,#3058,#3059,
    #3060,#3061,#3062,#3063,#3064,#3065,#3066,#3067,#3068,#3069,#3070,
    #3071,#3072,#3073,#3074,#3075,#3076,#3077,#3078,#3079,#3080,#3081,
    #3082,#3083,#3084,#3085,#3086,#3087,#3088,#3089,#3090,#3091,#3092,
    #3093,#3094,#3095,#3096,#3097,#3098,#3099,#3100,#3101,#3102,#3103,
    #3104,#3105,#3106,#3107,#3108,#3109,#3110,#3111,#3112),
  .UNSPECIFIED.,.T.,.F.,(9,7,7,7,7,7,7,7,9),(0.,0.131624692136,
    0.278998530065,0.448851535169,0.59499896406,0.68941776951,
    0.793269062204,0.902488712958,1.),.UNSPECIFIED.);
#3055 = CARTESIAN_POINT('',(37.,0.,10.2));
#3056 = CARTESIAN_POINT('',(37.,0.222696970975,10.2));
#3057 = CARTESIAN_POINT('',(36.971660871799,0.44062241393,
    10.194443080507));
#3058 = CARTESIAN_POINT('',(36.917106247688,0.649653772331,
    10.183747030881));
#3059 = CARTESIAN_POINT('',(36.839090668239,0.846172874709,
    10.168872228188));
#3060 = CARTESIAN_POINT('',(36.740990964962,1.02714139834,
    10.151175194187));
#3061 = CARTESIAN_POINT('',(36.626799358783,1.190227334072,
    10.132152931763));
#3062 = CARTESIAN_POINT('',(36.501110442063,1.333965762897,
    10.113170858677));
#3063 = CARTESIAN_POINT('',(36.22128198758,1.596742172563,
    10.075221242148));
#3064 = CARTESIAN_POINT('',(36.062086892471,1.71400738158,
    10.056059367792));
#3065 = CARTESIAN_POINT('',(35.894594141481,1.810417501939,
    10.038874617826));
#3066 = CARTESIAN_POINT('',(35.72113896322,1.886685608721,10.02445068951
    ));
#3067 = CARTESIAN_POINT('',(35.543547900548,1.943436128319,
    10.013310397794));
#3068 = CARTESIAN_POINT('',(35.363313837134,1.981128718766,
    10.005773274709));
#3069 = CARTESIAN_POINT('',(35.181728976496,2.,10.00199980004));
#3070 = CARTESIAN_POINT('',(34.790551612105,2.,10.00199980004));
#3071 = CARTESIAN_POINT('',(34.581407092475,1.974931972335,
    10.007012168677));
#3072 = CARTESIAN_POINT('',(34.374318537969,1.924924785982,
    10.017012497088));
#3073 = CARTESIAN_POINT('',(34.171191683515,1.849515606932,
    10.031724170279));
#3074 = CARTESIAN_POINT('',(33.974419785848,1.747866799632,
    10.050595693435));
#3075 = CARTESIAN_POINT('',(33.787103238873,1.618896316326,
    10.072681071328));
#3076 = CARTESIAN_POINT('',(33.613365200954,1.461475469112,
    10.096507910829));
#3077 = CARTESIAN_POINT('',(33.326129541442,1.114267201129,
    10.140246742376));
#3078 = CARTESIAN_POINT('',(33.202575043293,0.925979869167,
    10.161007566744));
#3079 = CARTESIAN_POINT('',(33.099020016123,0.712834065153,10.1801789211
    ));
#3080 = CARTESIAN_POINT('',(33.023383220784,0.480046395059,
    10.195232252465));
#3081 = CARTESIAN_POINT('',(32.980861506886,0.234666648314,
    10.203902601462));
#3082 = CARTESIAN_POINT('',(32.973951764738,-1.535560541511E-02,
    10.205161887229));
#3083 = CARTESIAN_POINT('',(33.002364074602,-0.261866219558,
    10.199363946866));
#3084 = CARTESIAN_POINT('',(33.101900172021,-0.649533723786,
    10.180437708925));
#3085 = CARTESIAN_POINT('',(33.154623352951,-0.79817296249,
    10.17057785537));
#3086 = CARTESIAN_POINT('',(33.220629650501,-0.941863131049,
    10.158559166813));
#3087 = CARTESIAN_POINT('',(33.299375103779,-1.079234619886,
    10.144779863505));
#3088 = CARTESIAN_POINT('',(33.390147780512,-1.208988441275,
    10.129742322679));
#3089 = CARTESIAN_POINT('',(33.492074159154,-1.329912452148,
    10.114021022811));
#3090 = CARTESIAN_POINT('',(33.604129473594,-1.440907927664,
    10.098219754507));
#3091 = CARTESIAN_POINT('',(33.858264782116,-1.651146938885,
    10.066087798119));
#3092 = CARTESIAN_POINT('',(34.002293039208,-1.748163436803,
    10.049854073917));
#3093 = CARTESIAN_POINT('',(34.15568674225,-1.830767866393,
    10.03499131792));
#3094 = CARTESIAN_POINT('',(34.316733338273,-1.897914826941,
    10.022243317763));
#3095 = CARTESIAN_POINT('',(34.483606720715,-1.948815366029,
    10.012235264615));
#3096 = CARTESIAN_POINT('',(34.654407209134,-1.982935568742,
    10.005411614146));
#3097 = CARTESIAN_POINT('',(34.827192558775,-2.,10.00199980004));
#3098 = CARTESIAN_POINT('',(35.181740331667,-2.,10.00199980004));
#3099 = CARTESIAN_POINT('',(35.363325756071,-1.981126401097,
    10.005773733986));
#3100 = CARTESIAN_POINT('',(35.543554981986,-1.943432927903,
    10.013311045399));
#3101 = CARTESIAN_POINT('',(35.721140227227,-1.886683807907,
    10.024450994845));
#3102 = CARTESIAN_POINT('',(35.894591640276,-1.810418195527,
    10.038874428483));
#3103 = CARTESIAN_POINT('',(36.062083780743,-1.714009598535,
    10.056059002357));
#3104 = CARTESIAN_POINT('',(36.22128045607,-1.596743610747,
    10.075221034448));
#3105 = CARTESIAN_POINT('',(36.501062309813,-1.334010962089,
    10.113164331104));
#3106 = CARTESIAN_POINT('',(36.626768679321,-1.190274914905,
    10.132147352731));
#3107 = CARTESIAN_POINT('',(36.740998092871,-1.027154148658,
    10.151175445949));
#3108 = CARTESIAN_POINT('',(36.839126622538,-0.84612973522,
    10.168878531029));
#3109 = CARTESIAN_POINT('',(36.917147846305,-0.64955668252,
    10.183755200265));
#3110 = CARTESIAN_POINT('',(36.971685366496,-0.440499419621,
    10.194447879706));
#3111 = CARTESIAN_POINT('',(37.,-0.222600730534,10.2));
#3112 = CARTESIAN_POINT('',(37.,0.,10.2));
#3113 = PCURVE('',#1314,#3114);
#3114 = DEFINITIONAL_REPRESENTATION('',(#3115),#3174);
#3115 = B_SPLINE_CURVE_WITH_KNOTS('',8,(#3116,#3117,#3118,#3119,#3120,
    #3121,#3122,#3123,#3124,#3125,#3126,#3127,#3128,#3129,#3130,#3131,
    #3132,#3133,#3134,#3135,#3136,#3137,#3138,#3139,#3140,#3141,#3142,
    #3143,#3144,#3145,#3146,#3147,#3148,#3149,#3150,#3151,#3152,#3153,
    #3154,#3155,#3156,#3157,#3158,#3159,#3160,#3161,#3162,#3163,#3164,
    #3165,#3166,#3167,#3168,#3169,#3170,#3171,#3172,#3173),
  .UNSPECIFIED.,.T.,.F.,(9,7,7,7,7,7,7,7,9),(0.,0.131624692136,
    0.278998530065,0.448851535169,0.59499896406,0.68941776951,
    0.793269062204,0.902488712958,1.),.UNSPECIFIED.);
#3116 = CARTESIAN_POINT('',(1.570796326795,-13.));
#3117 = CARTESIAN_POINT('',(1.548963290425,-13.));
#3118 = CARTESIAN_POINT('',(1.527598032764,-13.0283391282));
#3119 = CARTESIAN_POINT('',(1.507088980696,-13.08289375231));
#3120 = CARTESIAN_POINT('',(1.487777535964,-13.16090933176));
#3121 = CARTESIAN_POINT('',(1.469957612921,-13.25900903503));
#3122 = CARTESIAN_POINT('',(1.453863519954,-13.37320064121));
#3123 = CARTESIAN_POINT('',(1.439650227831,-13.49888955793));
#3124 = CARTESIAN_POINT('',(1.413620564069,-13.77871801241));
#3125 = CARTESIAN_POINT('',(1.401973500791,-13.93791310752));
#3126 = CARTESIAN_POINT('',(1.392373806455,-14.10540585851));
#3127 = CARTESIAN_POINT('',(1.384764397065,-14.27886103678));
#3128 = CARTESIAN_POINT('',(1.379094477889,-14.45645209945));
#3129 = CARTESIAN_POINT('',(1.375325966841,-14.63668616286));
#3130 = CARTESIAN_POINT('',(1.373439217245,-14.8182710235));
#3131 = CARTESIAN_POINT('',(1.373439217245,-15.20944838789));
#3132 = CARTESIAN_POINT('',(1.375945516477,-15.41859290752));
#3133 = CARTESIAN_POINT('',(1.380945246303,-15.62568146203));
#3134 = CARTESIAN_POINT('',(1.388477597631,-15.82880831648));
#3135 = CARTESIAN_POINT('',(1.398612527852,-16.02558021415));
#3136 = CARTESIAN_POINT('',(1.41143774459,-16.21289676112));
#3137 = CARTESIAN_POINT('',(1.427042098509,-16.38663479904));
#3138 = CARTESIAN_POINT('',(1.461351155158,-16.67387045855));
#3139 = CARTESIAN_POINT('',(1.479920330354,-16.7974249567));
#3140 = CARTESIAN_POINT('',(1.500894180353,-16.90097998387));
#3141 = CARTESIAN_POINT('',(1.523748810491,-16.97661677921));
#3142 = CARTESIAN_POINT('',(1.547798952192,-17.01913849311));
#3143 = CARTESIAN_POINT('',(1.572294669647,-17.02604823526));
#3144 = CARTESIAN_POINT('',(1.596461330703,-16.99763592539));
#3145 = CARTESIAN_POINT('',(1.634513215636,-16.89809982797));
#3146 = CARTESIAN_POINT('',(1.649115494056,-16.84537664704));
#3147 = CARTESIAN_POINT('',(1.663248531117,-16.77937034949));
#3148 = CARTESIAN_POINT('',(1.6767804663,-16.70062489622));
#3149 = CARTESIAN_POINT('',(1.689583955229,-16.60985221948));
#3150 = CARTESIAN_POINT('',(1.701537519233,-16.50792584084));
#3151 = CARTESIAN_POINT('',(1.712528567126,-16.3958705264));
#3152 = CARTESIAN_POINT('',(1.733379575652,-16.14173521788));
#3153 = CARTESIAN_POINT('',(1.743022243556,-15.99770696079));
#3154 = CARTESIAN_POINT('',(1.751249960083,-15.84431325775));
#3155 = CARTESIAN_POINT('',(1.757950208353,-15.68326666172));
#3156 = CARTESIAN_POINT('',(1.763035951444,-15.51639327928));
#3157 = CARTESIAN_POINT('',(1.766447364703,-15.34559279086));
#3158 = CARTESIAN_POINT('',(1.768153436345,-15.17280744122));
#3159 = CARTESIAN_POINT('',(1.768153436345,-14.81825966833));
#3160 = CARTESIAN_POINT('',(1.766266455131,-14.63667424392));
#3161 = CARTESIAN_POINT('',(1.762497855567,-14.45644501801));
#3162 = CARTESIAN_POINT('',(1.756828077497,-14.27885977277));
#3163 = CARTESIAN_POINT('',(1.749218917407,-14.10540835972));
#3164 = CARTESIAN_POINT('',(1.739619372964,-13.93791621925));
#3165 = CARTESIAN_POINT('',(1.727972231982,-13.77871954393));
#3166 = CARTESIAN_POINT('',(1.701946903025,-13.49893769018));
#3167 = CARTESIAN_POINT('',(1.687733829125,-13.37323132067));
#3168 = CARTESIAN_POINT('',(1.671636276122,-13.25900190712));
#3169 = CARTESIAN_POINT('',(1.653810851899,-13.16087337746));
#3170 = CARTESIAN_POINT('',(1.634494132388,-13.08285215369));
#3171 = CARTESIAN_POINT('',(1.613982562955,-13.0283146335));
#3172 = CARTESIAN_POINT('',(1.592619927828,-13.));
#3173 = CARTESIAN_POINT('',(1.570796326795,-13.));
#3174 = ( GEOMETRIC_REPRESENTATION_CONTEXT(2) 
PARAMETRIC_REPRESENTATION_CONTEXT() REPRESENTATION_CONTEXT('2D SPACE',''
  ) );
#3175 = PCURVE('',#2981,#3176);
#3176 = DEFINITIONAL_REPRESENTATION('',(#3177),#3236);
#3177 = B_SPLINE_CURVE_WITH_KNOTS('',8,(#3178,#3179,#3180,#3181,#3182,
    #3183,#3184,#3185,#3186,#3187,#3188,#3189,#3190,#3191,#3192,#3193,
    #3194,#3195,#3196,#3197,#3198,#3199,#3200,#3201,#3202,#3203,#3204,
    #3205,#3206,#3207,#3208,#3209,#3210,#3211,#3212,#3213,#3214,#3215,
    #3216,#3217,#3218,#3219,#3220,#3221,#3222,#3223,#3224,#3225,#3226,
    #3227,#3228,#3229,#3230,#3231,#3232,#3233,#3234,#3235),
  .UNSPECIFIED.,.F.,.F.,(9,7,7,7,7,7,7,7,9),(0.,0.131624692136,
    0.278998530065,0.448851535169,0.59499896406,0.68941776951,
    0.793269062204,0.902488712958,1.),.UNSPECIFIED.);
#3178 = CARTESIAN_POINT('',(0.,15.2));
#3179 = CARTESIAN_POINT('',(-0.111348485488,15.2));
#3180 = CARTESIAN_POINT('',(-0.220311124816,15.205556919493));
#3181 = CARTESIAN_POINT('',(-0.326930752836,15.216252969119));
#3182 = CARTESIAN_POINT('',(-0.43112271149,15.231127771812));
#3183 = CARTESIAN_POINT('',(-0.532682485854,15.248824805813));
#3184 = CARTESIAN_POINT('',(-0.631254518438,15.267847068237));
#3185 = CARTESIAN_POINT('',(-0.726264081854,15.286829141323));
#3186 = CARTESIAN_POINT('',(-0.918198579414,15.324778757852));
#3187 = CARTESIAN_POINT('',(-1.01635960019,15.343940632208));
#3188 = CARTESIAN_POINT('',(-1.111994031744,15.361125382174));
#3189 = CARTESIAN_POINT('',(-1.205661938932,15.37554931049));
#3190 = CARTESIAN_POINT('',(-1.297878809972,15.386689602206));
#3191 = CARTESIAN_POINT('',(-1.389139554732,15.394226725291));
#3192 = CARTESIAN_POINT('',(-1.479931838547,15.39800019996));
#3193 = CARTESIAN_POINT('',(-1.675520520742,15.39800019996));
#3194 = CARTESIAN_POINT('',(-1.780092442318,15.392987831323));
#3195 = CARTESIAN_POINT('',(-1.885388072826,15.382987502912));
#3196 = CARTESIAN_POINT('',(-1.992179120883,15.368275829721));
#3197 = CARTESIAN_POINT('',(-2.101225410356,15.349404306565));
#3198 = CARTESIAN_POINT('',(-2.213315866828,15.327318928672));
#3199 = CARTESIAN_POINT('',(-2.329336311295,15.303492089171));
#3200 = CARTESIAN_POINT('',(-2.554646045578,15.259753257624));
#3201 = CARTESIAN_POINT('',(-2.666563510482,15.238992433256));
#3202 = CARTESIAN_POINT('',(-2.783406233475,15.2198210789));
#3203 = CARTESIAN_POINT('',(-2.903445945856,15.204767747535));
#3204 = CARTESIAN_POINT('',(-3.025466319181,15.196097398538));
#3205 = CARTESIAN_POINT('',(-3.148427517253,15.194838112771));
#3206 = CARTESIAN_POINT('',(-3.271343744801,15.200636053134));
#3207 = CARTESIAN_POINT('',(-3.471464663575,15.219562291075));
#3208 = CARTESIAN_POINT('',(-3.550005210471,15.22942214463));
#3209 = CARTESIAN_POINT('',(-3.628539247855,15.241440833187));
#3210 = CARTESIAN_POINT('',(-3.707073250221,15.255220136495));
#3211 = CARTESIAN_POINT('',(-3.785613225236,15.270257677321));
#3212 = CARTESIAN_POINT('',(-3.864159382877,15.285978977189));
#3213 = CARTESIAN_POINT('',(-3.942704873753,15.301780245493));
#3214 = CARTESIAN_POINT('',(-4.107617878756,15.333912201881));
#3215 = CARTESIAN_POINT('',(-4.194025772442,15.350145926083));
#3216 = CARTESIAN_POINT('',(-4.280431538661,15.36500868208));
#3217 = CARTESIAN_POINT('',(-4.366824975475,15.377756682237));
#3218 = CARTESIAN_POINT('',(-4.45320902021,15.387764735385));
#3219 = CARTESIAN_POINT('',(-4.539592818442,15.394588385854));
#3220 = CARTESIAN_POINT('',(-4.625985259772,15.39800019996));
#3221 = CARTESIAN_POINT('',(-4.803259146218,15.39800019996));
#3222 = CARTESIAN_POINT('',(-4.894051696263,15.394226266014));
#3223 = CARTESIAN_POINT('',(-4.985310262111,15.386688954601));
#3224 = CARTESIAN_POINT('',(-5.077524310705,15.375549005155));
#3225 = CARTESIAN_POINT('',(-5.171190056485,15.361125571517));
#3226 = CARTESIAN_POINT('',(-5.266823820972,15.343940997643));
#3227 = CARTESIAN_POINT('',(-5.364985677302,15.324778965552));
#3228 = CARTESIAN_POINT('',(-5.556888211388,15.286835668896));
#3229 = CARTESIAN_POINT('',(-5.651903328981,15.267852647269));
#3230 = CARTESIAN_POINT('',(-5.750499789886,15.248824554051));
#3231 = CARTESIAN_POINT('',(-5.852089272567,15.231121468971));
#3232 = CARTESIAN_POINT('',(-5.956305796684,15.216244799735));
#3233 = CARTESIAN_POINT('',(-6.062935687812,15.205552120294));
#3234 = CARTESIAN_POINT('',(-6.171884941912,15.2));
#3235 = CARTESIAN_POINT('',(-6.28318530718,15.2));
#3236 = ( GEOMETRIC_REPRESENTATION_CONTEXT(2) 
PARAMETRIC_REPRESENTATION_CONTEXT() REPRESENTATION_CONTEXT('2D SPACE',''
  ) );
#3237 = FACE_BOUND('',#3238,.F.);
#3238 = EDGE_LOOP('',(#3239));
#3239 = ORIENTED_EDGE('',*,*,#3240,.F.);
#3240 = EDGE_CURVE('',#3241,#3241,#3243,.T.);
#3241 = VERTEX_POINT('',#3242);
#3242 = CARTESIAN_POINT('',(37.,-8.833459118601,-5.1));
#3243 = SURFACE_CURVE('',#3244,(#3303,#3365),.PCURVE_S1.);
#3244 = B_SPLINE_CURVE_WITH_KNOTS('',8,(#3245,#3246,#3247,#3248,#3249,
    #3250,#3251,#3252,#3253,#3254,#3255,#3256,#3257,#3258,#3259,#3260,
    #3261,#3262,#3263,#3264,#3265,#3266,#3267,#3268,#3269,#3270,#3271,
    #3272,#3273,#3274,#3275,#3276,#3277,#3278,#3279,#3280,#3281,#3282,
    #3283,#3284,#3285,#3286,#3287,#3288,#3289,#3290,#3291,#3292,#3293,
    #3294,#3295,#3296,#3297,#3298,#3299,#3300,#3301,#3302),
  .UNSPECIFIED.,.T.,.F.,(9,7,7,7,7,7,7,7,9),(0.,0.131624692136,
    0.278998530065,0.448851535169,0.594998964061,0.68941776951,
    0.793269062205,0.902488712958,1.),.UNSPECIFIED.);
#3245 = CARTESIAN_POINT('',(37.,-8.833459118601,-5.1));
#3246 = CARTESIAN_POINT('',(37.,-8.944807604089,-4.90713876579));
#3247 = CARTESIAN_POINT('',(36.971660871799,-9.048957892118,
    -4.715631336314));
#3248 = CARTESIAN_POINT('',(36.917106247688,-9.144210520623,
    -4.529256844937));
#3249 = CARTESIAN_POINT('',(36.83909066824,-9.229588114804,
    -4.351628908603));
#3250 = CARTESIAN_POINT('',(36.740990964962,-9.304746295602,
    -4.186057052853));
#3251 = CARTESIAN_POINT('',(36.626799358783,-9.369815500972,
    -4.035309358296));
#3252 = CARTESIAN_POINT('',(36.501110442063,-9.425245757875,
    -3.901337190891));
#3253 = CARTESIAN_POINT('',(36.221281987581,-9.52376863073,
    -3.654791336341));
#3254 = CARTESIAN_POINT('',(36.062086892471,-9.565806565263,
    -3.543655749173));
#3255 = CARTESIAN_POINT('',(35.894594141481,-9.599129195414,
    -3.451569760778));
#3256 = CARTESIAN_POINT('',(35.72113896322,-9.62477176046,
    -3.378307678648));
#3257 = CARTESIAN_POINT('',(35.543547900548,-9.643499244628,
    -3.32359014114));
#3258 = CARTESIAN_POINT('',(35.363313837134,-9.655818199788,
    -3.287178838736));
#3259 = CARTESIAN_POINT('',(35.181728976496,-9.661985915482,
    -3.268949092451));
#3260 = CARTESIAN_POINT('',(34.790551612105,-9.661985915482,
    -3.268949092451));
#3261 = CARTESIAN_POINT('',(34.581407092475,-9.653792740222,
    -3.29316482555));
#3262 = CARTESIAN_POINT('',(34.374318537969,-9.637449685495,
    -3.341472483509));
#3263 = CARTESIAN_POINT('',(34.171191683515,-9.612485778686,
    -3.414134584841));
#3264 = CARTESIAN_POINT('',(33.974419785849,-9.578004593497,
    -3.511600795805));
#3265 = CARTESIAN_POINT('',(33.787103238873,-9.532645850152,
    -3.634335199633));
#3266 = CARTESIAN_POINT('',(33.613365200954,-9.474570074844,
    -3.782579072156));
#3267 = CARTESIAN_POINT('',(33.326129541442,-9.338844880105,
    -4.105139668406));
#3268 = CARTESIAN_POINT('',(33.202575043293,-9.26268061543,
    -4.27858169328));
#3269 = CARTESIAN_POINT('',(33.099020016123,-9.17271059332,
    -4.472757051444));
#3270 = CARTESIAN_POINT('',(33.023383220784,-9.069353325646,
    -4.681883753117));
#3271 = CARTESIAN_POINT('',(32.980861506886,-8.954172194766,
    -4.89872402187));
#3272 = CARTESIAN_POINT('',(32.973951764738,-8.830251641366,
    -5.115879287995));
#3273 = CARTESIAN_POINT('',(33.002364074602,-8.70197517065,
    -5.326464771963));
#3274 = CARTESIAN_POINT('',(33.101900172021,-8.491750815681,
    -5.652731559876));
#3275 = CARTESIAN_POINT('',(33.154623352951,-8.408892312673,
    -5.776526989815));
#3276 = CARTESIAN_POINT('',(33.220629650501,-8.326638738783,
    -5.894956981783));
#3277 = CARTESIAN_POINT('',(33.299375103779,-8.246019767654,
    -6.007034529217));
#3278 = CARTESIAN_POINT('',(33.390147780512,-8.168119964593,
    -6.111885864366));
#3279 = CARTESIAN_POINT('',(33.492074159154,-8.094042914091,
    -6.208748479775));
#3280 = CARTESIAN_POINT('',(33.604129473594,-8.024860876569,
    -6.296972747125));
#3281 = CARTESIAN_POINT('',(33.858264782116,-7.891914280453,
    -6.462979093515));
#3282 = CARTESIAN_POINT('',(34.002293039208,-7.829347213937,
    -6.538880983197));
#3283 = CARTESIAN_POINT('',(34.15568674225,-7.775173474878,
    -6.602987139688));
#3284 = CARTESIAN_POINT('',(34.316733338273,-7.730559902621,
    -6.654764113231));
#3285 = CARTESIAN_POINT('',(34.483606720715,-7.696442404808,
    -6.693841246574));
#3286 = CARTESIAN_POINT('',(34.654407209134,-7.6734728488,
    -6.719978383671));
#3287 = CARTESIAN_POINT('',(34.827192558775,-7.661985915482,
    -6.733050707589));
#3288 = CARTESIAN_POINT('',(35.181740331667,-7.661985915482,
    -6.733050707589));
#3289 = CARTESIAN_POINT('',(35.36332575607,-7.674691037602,
    -6.718592658451));
#3290 = CARTESIAN_POINT('',(35.543554981986,-7.700065277359,
    -6.689717808815));
#3291 = CARTESIAN_POINT('',(35.721140227227,-7.738087316575,
    -6.646141603979));
#3292 = CARTESIAN_POINT('',(35.894591640276,-7.788711182705,
    -6.587305363042));
#3293 = CARTESIAN_POINT('',(36.062083780743,-7.851797758728,
    -6.51240535584));
#3294 = CARTESIAN_POINT('',(36.22128045607,-7.927025559202,
    -6.420431047461));
#3295 = CARTESIAN_POINT('',(36.501062309813,-8.091251742338,
    -6.211869547648));
#3296 = CARTESIAN_POINT('',(36.626768679321,-8.1795595449,-6.09688199016
    ));
#3297 = CARTESIAN_POINT('',(36.740998092872,-8.277598740135,
    -5.965129309315));
#3298 = CARTESIAN_POINT('',(36.839126622538,-8.38344226826,
    -5.817209111113));
#3299 = CARTESIAN_POINT('',(36.917147846305,-8.494612368091,
    -5.654410188392));
#3300 = CARTESIAN_POINT('',(36.971685366496,-8.608401131571,
    -5.478707627597));
#3301 = CARTESIAN_POINT('',(37.,-8.722158753334,-5.292777887544));
#3302 = CARTESIAN_POINT('',(37.,-8.833459118601,-5.1));
#3303 = PCURVE('',#1314,#3304);
#3304 = DEFINITIONAL_REPRESENTATION('',(#3305),#3364);
#3305 = B_SPLINE_CURVE_WITH_KNOTS('',8,(#3306,#3307,#3308,#3309,#3310,
    #3311,#3312,#3313,#3314,#3315,#3316,#3317,#3318,#3319,#3320,#3321,
    #3322,#3323,#3324,#3325,#3326,#3327,#3328,#3329,#3330,#3331,#3332,
    #3333,#3334,#3335,#3336,#3337,#3338,#3339,#3340,#3341,#3342,#3343,
    #3344,#3345,#3346,#3347,#3348,#3349,#3350,#3351,#3352,#3353,#3354,
    #3355,#3356,#3357,#3358,#3359,#3360,#3361,#3362,#3363),
  .UNSPECIFIED.,.T.,.F.,(9,7,7,7,7,7,7,7,9),(0.,0.131624692136,
    0.278998530065,0.448851535169,0.594998964061,0.68941776951,
    0.793269062205,0.902488712958,1.),.UNSPECIFIED.);
#3306 = CARTESIAN_POINT('',(3.665191429188,-13.));
#3307 = CARTESIAN_POINT('',(3.643358392818,-13.));
#3308 = CARTESIAN_POINT('',(3.621993135157,-13.0283391282));
#3309 = CARTESIAN_POINT('',(3.601484083089,-13.08289375231));
#3310 = CARTESIAN_POINT('',(3.582172638358,-13.16090933176));
#3311 = CARTESIAN_POINT('',(3.564352715315,-13.25900903503));
#3312 = CARTESIAN_POINT('',(3.548258622347,-13.37320064121));
#3313 = CARTESIAN_POINT('',(3.534045330224,-13.49888955793));
#3314 = CARTESIAN_POINT('',(3.508015666463,-13.77871801241));
#3315 = CARTESIAN_POINT('',(3.496368603184,-13.93791310752));
#3316 = CARTESIAN_POINT('',(3.486768908848,-14.10540585851));
#3317 = CARTESIAN_POINT('',(3.479159499458,-14.27886103678));
#3318 = CARTESIAN_POINT('',(3.473489580282,-14.45645209945));
#3319 = CARTESIAN_POINT('',(3.469721069235,-14.63668616286));
#3320 = CARTESIAN_POINT('',(3.467834319638,-14.8182710235));
#3321 = CARTESIAN_POINT('',(3.467834319638,-15.20944838789));
#3322 = CARTESIAN_POINT('',(3.470340618871,-15.41859290752));
#3323 = CARTESIAN_POINT('',(3.475340348696,-15.62568146203));
#3324 = CARTESIAN_POINT('',(3.482872700024,-15.82880831648));
#3325 = CARTESIAN_POINT('',(3.493007630245,-16.02558021415));
#3326 = CARTESIAN_POINT('',(3.505832846983,-16.21289676112));
#3327 = CARTESIAN_POINT('',(3.521437200902,-16.38663479904));
#3328 = CARTESIAN_POINT('',(3.555746257551,-16.67387045855));
#3329 = CARTESIAN_POINT('',(3.574315432747,-16.7974249567));
#3330 = CARTESIAN_POINT('',(3.595289282746,-16.90097998387));
#3331 = CARTESIAN_POINT('',(3.618143912885,-16.97661677921));
#3332 = CARTESIAN_POINT('',(3.642194054585,-17.01913849311));
#3333 = CARTESIAN_POINT('',(3.66668977204,-17.02604823526));
#3334 = CARTESIAN_POINT('',(3.690856433096,-16.99763592539));
#3335 = CARTESIAN_POINT('',(3.728908318029,-16.89809982797));
#3336 = CARTESIAN_POINT('',(3.743510596449,-16.84537664704));
#3337 = CARTESIAN_POINT('',(3.75764363351,-16.77937034949));
#3338 = CARTESIAN_POINT('',(3.771175568693,-16.70062489622));
#3339 = CARTESIAN_POINT('',(3.783979057622,-16.60985221948));
#3340 = CARTESIAN_POINT('',(3.795932621626,-16.50792584084));
#3341 = CARTESIAN_POINT('',(3.80692366952,-16.3958705264));
#3342 = CARTESIAN_POINT('',(3.827774678045,-16.14173521788));
#3343 = CARTESIAN_POINT('',(3.837417345949,-15.99770696079));
#3344 = CARTESIAN_POINT('',(3.845645062477,-15.84431325775));
#3345 = CARTESIAN_POINT('',(3.852345310746,-15.68326666172));
#3346 = CARTESIAN_POINT('',(3.857431053837,-15.51639327928));
#3347 = CARTESIAN_POINT('',(3.860842467097,-15.34559279086));
#3348 = CARTESIAN_POINT('',(3.862548538738,-15.17280744122));
#3349 = CARTESIAN_POINT('',(3.862548538738,-14.81825966833));
#3350 = CARTESIAN_POINT('',(3.860661557524,-14.63667424393));
#3351 = CARTESIAN_POINT('',(3.85689295796,-14.45644501801));
#3352 = CARTESIAN_POINT('',(3.85122317989,-14.27885977277));
#3353 = CARTESIAN_POINT('',(3.8436140198,-14.10540835972));
#3354 = CARTESIAN_POINT('',(3.834014475357,-13.93791621925));
#3355 = CARTESIAN_POINT('',(3.822367334375,-13.77871954393));
#3356 = CARTESIAN_POINT('',(3.796342005418,-13.49893769018));
#3357 = CARTESIAN_POINT('',(3.782128931518,-13.37323132067));
#3358 = CARTESIAN_POINT('',(3.766031378515,-13.25900190712));
#3359 = CARTESIAN_POINT('',(3.748205954293,-13.16087337746));
#3360 = CARTESIAN_POINT('',(3.728889234781,-13.08285215369));
#3361 = CARTESIAN_POINT('',(3.708377665349,-13.0283146335));
#3362 = CARTESIAN_POINT('',(3.687015030221,-13.));
#3363 = CARTESIAN_POINT('',(3.665191429188,-13.));
#3364 = ( GEOMETRIC_REPRESENTATION_CONTEXT(2) 
PARAMETRIC_REPRESENTATION_CONTEXT() REPRESENTATION_CONTEXT('2D SPACE',''
  ) );
#3365 = PCURVE('',#3366,#3371);
#3366 = CYLINDRICAL_SURFACE('',#3367,2.);
#3367 = AXIS2_PLACEMENT_3D('',#3368,#3369,#3370);
#3368 = CARTESIAN_POINT('',(35.,-21.99704525612,-12.7));
#3369 = DIRECTION('',(-0.,0.866025403784,0.5));
#3370 = DIRECTION('',(1.,0.,0.));
#3371 = DEFINITIONAL_REPRESENTATION('',(#3372),#3431);
#3372 = B_SPLINE_CURVE_WITH_KNOTS('',8,(#3373,#3374,#3375,#3376,#3377,
    #3378,#3379,#3380,#3381,#3382,#3383,#3384,#3385,#3386,#3387,#3388,
    #3389,#3390,#3391,#3392,#3393,#3394,#3395,#3396,#3397,#3398,#3399,
    #3400,#3401,#3402,#3403,#3404,#3405,#3406,#3407,#3408,#3409,#3410,
    #3411,#3412,#3413,#3414,#3415,#3416,#3417,#3418,#3419,#3420,#3421,
    #3422,#3423,#3424,#3425,#3426,#3427,#3428,#3429,#3430),
  .UNSPECIFIED.,.F.,.F.,(9,7,7,7,7,7,7,7,9),(0.,0.131624692136,
    0.278998530065,0.448851535169,0.594998964061,0.68941776951,
    0.793269062205,0.902488712958,1.),.UNSPECIFIED.);
#3373 = CARTESIAN_POINT('',(0.,15.2));
#3374 = CARTESIAN_POINT('',(-0.111348485488,15.2));
#3375 = CARTESIAN_POINT('',(-0.220311124816,15.205556919493));
#3376 = CARTESIAN_POINT('',(-0.326930752836,15.216252969119));
#3377 = CARTESIAN_POINT('',(-0.43112271149,15.231127771812));
#3378 = CARTESIAN_POINT('',(-0.532682485853,15.248824805813));
#3379 = CARTESIAN_POINT('',(-0.631254518438,15.267847068237));
#3380 = CARTESIAN_POINT('',(-0.726264081853,15.286829141323));
#3381 = CARTESIAN_POINT('',(-0.918198579414,15.324778757852));
#3382 = CARTESIAN_POINT('',(-1.016359600191,15.343940632208));
#3383 = CARTESIAN_POINT('',(-1.111994031744,15.361125382174));
#3384 = CARTESIAN_POINT('',(-1.205661938932,15.37554931049));
#3385 = CARTESIAN_POINT('',(-1.297878809972,15.386689602206));
#3386 = CARTESIAN_POINT('',(-1.389139554732,15.394226725291));
#3387 = CARTESIAN_POINT('',(-1.479931838547,15.39800019996));
#3388 = CARTESIAN_POINT('',(-1.675520520742,15.39800019996));
#3389 = CARTESIAN_POINT('',(-1.780092442318,15.392987831323));
#3390 = CARTESIAN_POINT('',(-1.885388072826,15.382987502912));
#3391 = CARTESIAN_POINT('',(-1.992179120883,15.368275829721));
#3392 = CARTESIAN_POINT('',(-2.101225410356,15.349404306565));
#3393 = CARTESIAN_POINT('',(-2.213315866829,15.327318928672));
#3394 = CARTESIAN_POINT('',(-2.329336311295,15.303492089171));
#3395 = CARTESIAN_POINT('',(-2.554646045578,15.259753257624));
#3396 = CARTESIAN_POINT('',(-2.666563510483,15.238992433256));
#3397 = CARTESIAN_POINT('',(-2.783406233474,15.2198210789));
#3398 = CARTESIAN_POINT('',(-2.903445945858,15.204767747535));
#3399 = CARTESIAN_POINT('',(-3.02546631918,15.196097398538));
#3400 = CARTESIAN_POINT('',(-3.148427517254,15.194838112771));
#3401 = CARTESIAN_POINT('',(-3.271343744801,15.200636053134));
#3402 = CARTESIAN_POINT('',(-3.471464663575,15.219562291075));
#3403 = CARTESIAN_POINT('',(-3.550005210471,15.22942214463));
#3404 = CARTESIAN_POINT('',(-3.628539247855,15.241440833187));
#3405 = CARTESIAN_POINT('',(-3.707073250221,15.255220136495));
#3406 = CARTESIAN_POINT('',(-3.785613225236,15.270257677321));
#3407 = CARTESIAN_POINT('',(-3.864159382877,15.285978977189));
#3408 = CARTESIAN_POINT('',(-3.942704873753,15.301780245493));
#3409 = CARTESIAN_POINT('',(-4.107617878756,15.333912201881));
#3410 = CARTESIAN_POINT('',(-4.194025772442,15.350145926083));
#3411 = CARTESIAN_POINT('',(-4.280431538661,15.36500868208));
#3412 = CARTESIAN_POINT('',(-4.366824975475,15.377756682237));
#3413 = CARTESIAN_POINT('',(-4.45320902021,15.387764735385));
#3414 = CARTESIAN_POINT('',(-4.539592818442,15.394588385854));
#3415 = CARTESIAN_POINT('',(-4.625985259772,15.39800019996));
#3416 = CARTESIAN_POINT('',(-4.803259146218,15.39800019996));
#3417 = CARTESIAN_POINT('',(-4.894051696262,15.394226266014));
#3418 = CARTESIAN_POINT('',(-4.985310262112,15.386688954601));
#3419 = CARTESIAN_POINT('',(-5.077524310705,15.375549005155));
#3420 = CARTESIAN_POINT('',(-5.171190056485,15.361125571517));
#3421 = CARTESIAN_POINT('',(-5.266823820972,15.343940997643));
#3422 = CARTESIAN_POINT('',(-5.364985677302,15.324778965552));
#3423 = CARTESIAN_POINT('',(-5.556888211388,15.286835668896));
#3424 = CARTESIAN_POINT('',(-5.651903328982,15.267852647269));
#3425 = CARTESIAN_POINT('',(-5.750499789886,15.248824554051));
#3426 = CARTESIAN_POINT('',(-5.852089272567,15.231121468971));
#3427 = CARTESIAN_POINT('',(-5.956305796685,15.216244799735));
#3428 = CARTESIAN_POINT('',(-6.062935687812,15.205552120294));
#3429 = CARTESIAN_POINT('',(-6.171884941913,15.2));
#3430 = CARTESIAN_POINT('',(-6.28318530718,15.2));
#3431 = ( GEOMETRIC_REPRESENTATION_CONTEXT(2) 
PARAMETRIC_REPRESENTATION_CONTEXT() REPRESENTATION_CONTEXT('2D SPACE',''
  ) );
#3432 = FACE_BOUND('',#3433,.F.);
#3433 = EDGE_LOOP('',(#3434));
#3434 = ORIENTED_EDGE('',*,*,#3435,.F.);
#3435 = EDGE_CURVE('',#3436,#3436,#3438,.T.);
#3436 = VERTEX_POINT('',#3437);
#3437 = CARTESIAN_POINT('',(37.,8.833459118601,-5.1));
#3438 = SURFACE_CURVE('',#3439,(#3498,#3560),.PCURVE_S1.);
#3439 = B_SPLINE_CURVE_WITH_KNOTS('',8,(#3440,#3441,#3442,#3443,#3444,
    #3445,#3446,#3447,#3448,#3449,#3450,#3451,#3452,#3453,#3454,#3455,
    #3456,#3457,#3458,#3459,#3460,#3461,#3462,#3463,#3464,#3465,#3466,
    #3467,#3468,#3469,#3470,#3471,#3472,#3473,#3474,#3475,#3476,#3477,
    #3478,#3479,#3480,#3481,#3482,#3483,#3484,#3485,#3486,#3487,#3488,
    #3489,#3490,#3491,#3492,#3493,#3494,#3495,#3496,#3497),
  .UNSPECIFIED.,.T.,.F.,(9,7,7,7,7,7,7,7,9),(0.,0.131624692136,
    0.278998530066,0.44885153517,0.594998964061,0.689417769511,
    0.793269062205,0.902488712958,1.),.UNSPECIFIED.);
#3440 = CARTESIAN_POINT('',(37.,8.833459118601,-5.1));
#3441 = CARTESIAN_POINT('',(37.,8.722110633114,-5.29286123421));
#3442 = CARTESIAN_POINT('',(36.971660871799,8.608335478189,
    -5.478811744194));
#3443 = CARTESIAN_POINT('',(36.917106247688,8.494556748292,
    -5.654490185944));
#3444 = CARTESIAN_POINT('',(36.83909066824,8.383415240095,
    -5.817243319586));
#3445 = CARTESIAN_POINT('',(36.740990964962,8.277604897262,
    -5.965118141334));
#3446 = CARTESIAN_POINT('',(36.626799358783,8.179588166899,
    -6.096843573467));
#3447 = CARTESIAN_POINT('',(36.501110442063,8.091279994978,
    -6.211833667786));
#3448 = CARTESIAN_POINT('',(36.22128198758,7.927026458167,
    -6.420429905807));
#3449 = CARTESIAN_POINT('',(36.062086892471,7.851799183682,
    -6.512403618619));
#3450 = CARTESIAN_POINT('',(35.894594141481,7.788711693475,
    -6.587304857048));
#3451 = CARTESIAN_POINT('',(35.72113896322,7.738086151739,
    -6.646143010861));
#3452 = CARTESIAN_POINT('',(35.543547900548,7.700063116309,
    -6.689720256654));
#3453 = CARTESIAN_POINT('',(35.363313837134,7.674689481023,
    -6.718594435973));
#3454 = CARTESIAN_POINT('',(35.181728976496,7.661985915482,
    -6.733050707589));
#3455 = CARTESIAN_POINT('',(34.790551612105,7.661985915482,
    -6.733050707589));
#3456 = CARTESIAN_POINT('',(34.581407092474,7.678860767887,
    -6.713847343127));
#3457 = CARTESIAN_POINT('',(34.374318537969,7.712524899513,
    -6.675540013578));
#3458 = CARTESIAN_POINT('',(34.171191683515,7.762970171754,
    -6.617589585438));
#3459 = CARTESIAN_POINT('',(33.974419785848,7.830137793865,
    -6.53899489763));
#3460 = CARTESIAN_POINT('',(33.787103238873,7.913749533826,
    -6.438345871696));
#3461 = CARTESIAN_POINT('',(33.613365200954,8.013094605732,
    -6.313928838673));
#3462 = CARTESIAN_POINT('',(33.326129541442,8.224577678975,
    -6.03510707397));
#3463 = CARTESIAN_POINT('',(33.202575043293,8.336700746263,
    -5.882425873463));
#3464 = CARTESIAN_POINT('',(33.099020016123,8.459876528166,
    -5.707421869657));
#3465 = CARTESIAN_POINT('',(33.023383220784,8.589306930589,
    -5.513348499346));
#3466 = CARTESIAN_POINT('',(32.980861506886,8.71950554645,
    -5.305178579594));
#3467 = CARTESIAN_POINT('',(32.973951764738,8.845607246781,
    -5.089282599234));
#3468 = CARTESIAN_POINT('',(33.002364074602,8.963841390208,
    -4.872899174903));
#3469 = CARTESIAN_POINT('',(33.101900172021,9.141284539467,
    -4.527706149049));
#3470 = CARTESIAN_POINT('',(33.154623352951,9.207065275162,
    -4.394050865555));
#3471 = CARTESIAN_POINT('',(33.220629650501,9.268501869831,
    -4.26360218503));
#3472 = CARTESIAN_POINT('',(33.299375103779,9.325254387539,
    -4.137745334288));
#3473 = CARTESIAN_POINT('',(33.390147780512,9.377108405868,
    -4.017856458313));
#3474 = CARTESIAN_POINT('',(33.492074159154,9.423955366239,
    -3.905272543036));
#3475 = CARTESIAN_POINT('',(33.604129473594,9.465768804233,
    -3.801247007383));
#3476 = CARTESIAN_POINT('',(33.858264782116,9.543061219339,
    -3.603108704604));
#3477 = CARTESIAN_POINT('',(34.002293039208,9.577510650741,
    -3.51097309072));
#3478 = CARTESIAN_POINT('',(34.15568674225,9.605941341271,
    -3.432004178232));
#3479 = CARTESIAN_POINT('',(34.316733338273,9.628474729562,
    -3.367479204531));
#3480 = CARTESIAN_POINT('',(34.483606720715,9.645257770837,
    -3.318394018041));
#3481 = CARTESIAN_POINT('',(34.654407209134,9.656408417541,
    -3.285433230475));
#3482 = CARTESIAN_POINT('',(34.827192558775,9.661985915482,
    -3.268949092451));
#3483 = CARTESIAN_POINT('',(35.181740331667,9.661985915482,
    -3.268949092451));
#3484 = CARTESIAN_POINT('',(35.36332575607,9.6558174387,-3.287181075535)
  );
#3485 = CARTESIAN_POINT('',(35.543554981987,9.643498205262,
    -3.323593236585));
#3486 = CARTESIAN_POINT('',(35.721140227228,9.624771124482,
    -3.378309390866));
#3487 = CARTESIAN_POINT('',(35.894591640275,9.599129378232,
    -3.451569065441));
#3488 = CARTESIAN_POINT('',(36.062083780744,9.565807357263,
    -3.543653646517));
#3489 = CARTESIAN_POINT('',(36.22128045607,9.523769169949,
    -3.654789986987));
#3490 = CARTESIAN_POINT('',(36.501062309813,9.425262704428,
    -3.901294783456));
#3491 = CARTESIAN_POINT('',(36.626768679321,9.369834459804,
    -4.035265362571));
#3492 = CARTESIAN_POINT('',(36.740998092871,9.304752888794,
    -4.186046136633));
#3493 = CARTESIAN_POINT('',(36.839126622538,9.22957200348,
    -4.351669419917));
#3494 = CARTESIAN_POINT('',(36.917147846305,9.144169050611,
    -4.529345011873));
#3495 = CARTESIAN_POINT('',(36.971685366496,9.048900551192,
    -4.715740252109));
#3496 = CARTESIAN_POINT('',(37.,8.944759483869,-4.907222112456));
#3497 = CARTESIAN_POINT('',(37.,8.833459118601,-5.1));
#3498 = PCURVE('',#1314,#3499);
#3499 = DEFINITIONAL_REPRESENTATION('',(#3500),#3559);
#3500 = B_SPLINE_CURVE_WITH_KNOTS('',8,(#3501,#3502,#3503,#3504,#3505,
    #3506,#3507,#3508,#3509,#3510,#3511,#3512,#3513,#3514,#3515,#3516,
    #3517,#3518,#3519,#3520,#3521,#3522,#3523,#3524,#3525,#3526,#3527,
    #3528,#3529,#3530,#3531,#3532,#3533,#3534,#3535,#3536,#3537,#3538,
    #3539,#3540,#3541,#3542,#3543,#3544,#3545,#3546,#3547,#3548,#3549,
    #3550,#3551,#3552,#3553,#3554,#3555,#3556,#3557,#3558),
  .UNSPECIFIED.,.T.,.F.,(9,7,7,7,7,7,7,7,9),(0.,0.131624692136,
    0.278998530066,0.44885153517,0.594998964061,0.689417769511,
    0.793269062205,0.902488712958,1.),.UNSPECIFIED.);
#3501 = CARTESIAN_POINT('',(5.759586531581,-13.));
#3502 = CARTESIAN_POINT('',(5.737753495211,-13.));
#3503 = CARTESIAN_POINT('',(5.716388237551,-13.0283391282));
#3504 = CARTESIAN_POINT('',(5.695879185483,-13.08289375231));
#3505 = CARTESIAN_POINT('',(5.676567740751,-13.16090933176));
#3506 = CARTESIAN_POINT('',(5.658747817708,-13.25900903503));
#3507 = CARTESIAN_POINT('',(5.64265372474,-13.37320064121));
#3508 = CARTESIAN_POINT('',(5.628440432617,-13.49888955793));
#3509 = CARTESIAN_POINT('',(5.602410768856,-13.77871801242));
#3510 = CARTESIAN_POINT('',(5.590763705578,-13.93791310752));
#3511 = CARTESIAN_POINT('',(5.581164011241,-14.10540585851));
#3512 = CARTESIAN_POINT('',(5.573554601851,-14.27886103678));
#3513 = CARTESIAN_POINT('',(5.567884682675,-14.45645209945));
#3514 = CARTESIAN_POINT('',(5.564116171628,-14.63668616286));
#3515 = CARTESIAN_POINT('',(5.562229422031,-14.8182710235));
#3516 = CARTESIAN_POINT('',(5.562229422031,-15.20944838789));
#3517 = CARTESIAN_POINT('',(5.564735721264,-15.41859290752));
#3518 = CARTESIAN_POINT('',(5.569735451089,-15.62568146203));
#3519 = CARTESIAN_POINT('',(5.577267802417,-15.82880831648));
#3520 = CARTESIAN_POINT('',(5.587402732638,-16.02558021415));
#3521 = CARTESIAN_POINT('',(5.600227949376,-16.21289676112));
#3522 = CARTESIAN_POINT('',(5.615832303295,-16.38663479904));
#3523 = CARTESIAN_POINT('',(5.650141359944,-16.67387045855));
#3524 = CARTESIAN_POINT('',(5.66871053514,-16.7974249567));
#3525 = CARTESIAN_POINT('',(5.689684385139,-16.90097998387));
#3526 = CARTESIAN_POINT('',(5.712539015278,-16.97661677921));
#3527 = CARTESIAN_POINT('',(5.736589156978,-17.01913849311));
#3528 = CARTESIAN_POINT('',(5.761084874433,-17.02604823526));
#3529 = CARTESIAN_POINT('',(5.785251535489,-16.99763592539));
#3530 = CARTESIAN_POINT('',(5.823303420422,-16.89809982797));
#3531 = CARTESIAN_POINT('',(5.837905698842,-16.84537664704));
#3532 = CARTESIAN_POINT('',(5.852038735903,-16.77937034949));
#3533 = CARTESIAN_POINT('',(5.865570671086,-16.70062489622));
#3534 = CARTESIAN_POINT('',(5.878374160015,-16.60985221948));
#3535 = CARTESIAN_POINT('',(5.890327724019,-16.50792584084));
#3536 = CARTESIAN_POINT('',(5.901318771913,-16.3958705264));
#3537 = CARTESIAN_POINT('',(5.922169780438,-16.14173521788));
#3538 = CARTESIAN_POINT('',(5.931812448342,-15.99770696079));
#3539 = CARTESIAN_POINT('',(5.94004016487,-15.84431325775));
#3540 = CARTESIAN_POINT('',(5.946740413139,-15.68326666172));
#3541 = CARTESIAN_POINT('',(5.95182615623,-15.51639327928));
#3542 = CARTESIAN_POINT('',(5.95523756949,-15.34559279086));
#3543 = CARTESIAN_POINT('',(5.956943641132,-15.17280744122));
#3544 = CARTESIAN_POINT('',(5.956943641132,-14.81825966833));
#3545 = CARTESIAN_POINT('',(5.955056659917,-14.63667424393));
#3546 = CARTESIAN_POINT('',(5.951288060353,-14.45644501801));
#3547 = CARTESIAN_POINT('',(5.945618282283,-14.27885977277));
#3548 = CARTESIAN_POINT('',(5.938009122194,-14.10540835972));
#3549 = CARTESIAN_POINT('',(5.928409577751,-13.93791621925));
#3550 = CARTESIAN_POINT('',(5.916762436768,-13.77871954393));
#3551 = CARTESIAN_POINT('',(5.890737107811,-13.49893769018));
#3552 = CARTESIAN_POINT('',(5.876524033912,-13.37323132067));
#3553 = CARTESIAN_POINT('',(5.860426480908,-13.25900190712));
#3554 = CARTESIAN_POINT('',(5.842601056686,-13.16087337746));
#3555 = CARTESIAN_POINT('',(5.823284337174,-13.08285215369));
#3556 = CARTESIAN_POINT('',(5.802772767742,-13.0283146335));
#3557 = CARTESIAN_POINT('',(5.781410132614,-13.));
#3558 = CARTESIAN_POINT('',(5.759586531581,-13.));
#3559 = ( GEOMETRIC_REPRESENTATION_CONTEXT(2) 
PARAMETRIC_REPRESENTATION_CONTEXT() REPRESENTATION_CONTEXT('2D SPACE',''
  ) );
#3560 = PCURVE('',#3561,#3566);
#3561 = CYLINDRICAL_SURFACE('',#3562,2.);
#3562 = AXIS2_PLACEMENT_3D('',#3563,#3564,#3565);
#3563 = CARTESIAN_POINT('',(35.,21.997045256125,-12.7));
#3564 = DIRECTION('',(-0.,-0.866025403784,0.5));
#3565 = DIRECTION('',(1.,0.,0.));
#3566 = DEFINITIONAL_REPRESENTATION('',(#3567),#3626);
#3567 = B_SPLINE_CURVE_WITH_KNOTS('',8,(#3568,#3569,#3570,#3571,#3572,
    #3573,#3574,#3575,#3576,#3577,#3578,#3579,#3580,#3581,#3582,#3583,
    #3584,#3585,#3586,#3587,#3588,#3589,#3590,#3591,#3592,#3593,#3594,
    #3595,#3596,#3597,#3598,#3599,#3600,#3601,#3602,#3603,#3604,#3605,
    #3606,#3607,#3608,#3609,#3610,#3611,#3612,#3613,#3614,#3615,#3616,
    #3617,#3618,#3619,#3620,#3621,#3622,#3623,#3624,#3625),
  .UNSPECIFIED.,.F.,.F.,(9,7,7,7,7,7,7,7,9),(0.,0.131624692136,
    0.278998530066,0.44885153517,0.594998964061,0.689417769511,
    0.793269062205,0.902488712958,1.),.UNSPECIFIED.);
#3568 = CARTESIAN_POINT('',(0.,15.2));
#3569 = CARTESIAN_POINT('',(-0.111348485488,15.2));
#3570 = CARTESIAN_POINT('',(-0.220311124816,15.205556919493));
#3571 = CARTESIAN_POINT('',(-0.326930752836,15.216252969119));
#3572 = CARTESIAN_POINT('',(-0.43112271149,15.231127771812));
#3573 = CARTESIAN_POINT('',(-0.532682485854,15.248824805813));
#3574 = CARTESIAN_POINT('',(-0.631254518438,15.267847068237));
#3575 = CARTESIAN_POINT('',(-0.726264081853,15.286829141323));
#3576 = CARTESIAN_POINT('',(-0.918198579414,15.324778757852));
#3577 = CARTESIAN_POINT('',(-1.01635960019,15.343940632208));
#3578 = CARTESIAN_POINT('',(-1.111994031744,15.361125382174));
#3579 = CARTESIAN_POINT('',(-1.205661938932,15.37554931049));
#3580 = CARTESIAN_POINT('',(-1.297878809972,15.386689602206));
#3581 = CARTESIAN_POINT('',(-1.389139554732,15.394226725291));
#3582 = CARTESIAN_POINT('',(-1.479931838547,15.39800019996));
#3583 = CARTESIAN_POINT('',(-1.675520520742,15.39800019996));
#3584 = CARTESIAN_POINT('',(-1.780092442318,15.392987831323));
#3585 = CARTESIAN_POINT('',(-1.885388072826,15.382987502912));
#3586 = CARTESIAN_POINT('',(-1.992179120883,15.368275829721));
#3587 = CARTESIAN_POINT('',(-2.101225410356,15.349404306565));
#3588 = CARTESIAN_POINT('',(-2.213315866829,15.327318928672));
#3589 = CARTESIAN_POINT('',(-2.329336311295,15.303492089171));
#3590 = CARTESIAN_POINT('',(-2.554646045578,15.259753257624));
#3591 = CARTESIAN_POINT('',(-2.666563510483,15.238992433256));
#3592 = CARTESIAN_POINT('',(-2.783406233473,15.2198210789));
#3593 = CARTESIAN_POINT('',(-2.903445945859,15.204767747535));
#3594 = CARTESIAN_POINT('',(-3.025466319179,15.196097398538));
#3595 = CARTESIAN_POINT('',(-3.148427517254,15.194838112771));
#3596 = CARTESIAN_POINT('',(-3.271343744801,15.200636053134));
#3597 = CARTESIAN_POINT('',(-3.471464663575,15.219562291075));
#3598 = CARTESIAN_POINT('',(-3.550005210471,15.22942214463));
#3599 = CARTESIAN_POINT('',(-3.628539247855,15.241440833187));
#3600 = CARTESIAN_POINT('',(-3.707073250221,15.255220136495));
#3601 = CARTESIAN_POINT('',(-3.785613225236,15.270257677321));
#3602 = CARTESIAN_POINT('',(-3.864159382877,15.285978977189));
#3603 = CARTESIAN_POINT('',(-3.942704873753,15.301780245493));
#3604 = CARTESIAN_POINT('',(-4.107617878756,15.333912201881));
#3605 = CARTESIAN_POINT('',(-4.194025772442,15.350145926083));
#3606 = CARTESIAN_POINT('',(-4.280431538661,15.36500868208));
#3607 = CARTESIAN_POINT('',(-4.366824975475,15.377756682237));
#3608 = CARTESIAN_POINT('',(-4.45320902021,15.387764735385));
#3609 = CARTESIAN_POINT('',(-4.539592818442,15.394588385854));
#3610 = CARTESIAN_POINT('',(-4.625985259772,15.39800019996));
#3611 = CARTESIAN_POINT('',(-4.803259146218,15.39800019996));
#3612 = CARTESIAN_POINT('',(-4.894051696262,15.394226266014));
#3613 = CARTESIAN_POINT('',(-4.985310262112,15.386688954601));
#3614 = CARTESIAN_POINT('',(-5.077524310705,15.375549005155));
#3615 = CARTESIAN_POINT('',(-5.171190056484,15.361125571517));
#3616 = CARTESIAN_POINT('',(-5.266823820973,15.343940997643));
#3617 = CARTESIAN_POINT('',(-5.364985677302,15.324778965552));
#3618 = CARTESIAN_POINT('',(-5.556888211388,15.286835668896));
#3619 = CARTESIAN_POINT('',(-5.651903328982,15.267852647269));
#3620 = CARTESIAN_POINT('',(-5.750499789886,15.248824554051));
#3621 = CARTESIAN_POINT('',(-5.852089272567,15.231121468971));
#3622 = CARTESIAN_POINT('',(-5.956305796685,15.216244799735));
#3623 = CARTESIAN_POINT('',(-6.062935687812,15.205552120294));
#3624 = CARTESIAN_POINT('',(-6.171884941912,15.2));
#3625 = CARTESIAN_POINT('',(-6.28318530718,15.2));
#3626 = ( GEOMETRIC_REPRESENTATION_CONTEXT(2) 
PARAMETRIC_REPRESENTATION_CONTEXT() REPRESENTATION_CONTEXT('2D SPACE',''
  ) );
#3627 = ADVANCED_FACE('',(#3628,#3682,#4114,#4546),#1367,.T.);
#3628 = FACE_BOUND('',#3629,.T.);
#3629 = EDGE_LOOP('',(#3630,#3653,#3680,#3681));
#3630 = ORIENTED_EDGE('',*,*,#3631,.T.);
#3631 = EDGE_CURVE('',#1330,#3632,#3634,.T.);
#3632 = VERTEX_POINT('',#3633);
#3633 = CARTESIAN_POINT('',(49.025444813385,30.975852307079,0.));
#3634 = SEAM_CURVE('',#3635,(#3639,#3646),.PCURVE_S1.);
#3635 = LINE('',#3636,#3637);
#3636 = CARTESIAN_POINT('',(30.,26.6,0.));
#3637 = VECTOR('',#3638,1.);
#3638 = DIRECTION('',(0.974555186615,0.224147692921,0.));
#3639 = PCURVE('',#1367,#3640);
#3640 = DEFINITIONAL_REPRESENTATION('',(#3641),#3645);
#3641 = LINE('',#3642,#3643);
#3642 = CARTESIAN_POINT('',(6.28318530718,0.));
#3643 = VECTOR('',#3644,1.);
#3644 = DIRECTION('',(0.,1.));
#3645 = ( GEOMETRIC_REPRESENTATION_CONTEXT(2) 
PARAMETRIC_REPRESENTATION_CONTEXT() REPRESENTATION_CONTEXT('2D SPACE',''
  ) );
#3646 = PCURVE('',#1367,#3647);
#3647 = DEFINITIONAL_REPRESENTATION('',(#3648),#3652);
#3648 = LINE('',#3649,#3650);
#3649 = CARTESIAN_POINT('',(0.,0.));
#3650 = VECTOR('',#3651,1.);
#3651 = DIRECTION('',(0.,1.));
#3652 = ( GEOMETRIC_REPRESENTATION_CONTEXT(2) 
PARAMETRIC_REPRESENTATION_CONTEXT() REPRESENTATION_CONTEXT('2D SPACE',''
  ) );
#3653 = ORIENTED_EDGE('',*,*,#3654,.F.);
#3654 = EDGE_CURVE('',#3632,#3632,#3655,.T.);
#3655 = SURFACE_CURVE('',#3656,(#3661,#3668),.PCURVE_S1.);
#3656 = CIRCLE('',#3657,30.975852307079);
#3657 = AXIS2_PLACEMENT_3D('',#3658,#3659,#3660);
#3658 = CARTESIAN_POINT('',(49.025444813385,0.,0.));
#3659 = DIRECTION('',(1.,0.,0.));
#3660 = DIRECTION('',(0.,1.,0.));
#3661 = PCURVE('',#1367,#3662);
#3662 = DEFINITIONAL_REPRESENTATION('',(#3663),#3667);
#3663 = LINE('',#3664,#3665);
#3664 = CARTESIAN_POINT('',(0.,19.025444813385));
#3665 = VECTOR('',#3666,1.);
#3666 = DIRECTION('',(1.,0.));
#3667 = ( GEOMETRIC_REPRESENTATION_CONTEXT(2) 
PARAMETRIC_REPRESENTATION_CONTEXT() REPRESENTATION_CONTEXT('2D SPACE',''
  ) );
#3668 = PCURVE('',#3669,#3674);
#3669 = CONICAL_SURFACE('',#3670,30.2,0.672363969401);
#3670 = AXIS2_PLACEMENT_3D('',#3671,#3672,#3673);
#3671 = CARTESIAN_POINT('',(50.,0.,0.));
#3672 = DIRECTION('',(-1.,-0.,-0.));
#3673 = DIRECTION('',(0.,1.,0.));
#3674 = DEFINITIONAL_REPRESENTATION('',(#3675),#3679);
#3675 = LINE('',#3676,#3677);
#3676 = CARTESIAN_POINT('',(0.,0.974555186615));
#3677 = VECTOR('',#3678,1.);
#3678 = DIRECTION('',(-1.,-0.));
#3679 = ( GEOMETRIC_REPRESENTATION_CONTEXT(2) 
PARAMETRIC_REPRESENTATION_CONTEXT() REPRESENTATION_CONTEXT('2D SPACE',''
  ) );
#3680 = ORIENTED_EDGE('',*,*,#3631,.F.);
#3681 = ORIENTED_EDGE('',*,*,#1352,.T.);
#3682 = FACE_BOUND('',#3683,.T.);
#3683 = EDGE_LOOP('',(#3684));
#3684 = ORIENTED_EDGE('',*,*,#3685,.F.);
#3685 = EDGE_CURVE('',#3686,#3686,#3688,.T.);
#3686 = VERTEX_POINT('',#3687);
#3687 = CARTESIAN_POINT('',(38.5,0.,28.555));
#3688 = SURFACE_CURVE('',#3689,(#3827,#3968),.PCURVE_S1.);
#3689 = B_SPLINE_CURVE_WITH_KNOTS('',6,(#3690,#3691,#3692,#3693,#3694,
    #3695,#3696,#3697,#3698,#3699,#3700,#3701,#3702,#3703,#3704,#3705,
    #3706,#3707,#3708,#3709,#3710,#3711,#3712,#3713,#3714,#3715,#3716,
    #3717,#3718,#3719,#3720,#3721,#3722,#3723,#3724,#3725,#3726,#3727,
    #3728,#3729,#3730,#3731,#3732,#3733,#3734,#3735,#3736,#3737,#3738,
    #3739,#3740,#3741,#3742,#3743,#3744,#3745,#3746,#3747,#3748,#3749,
    #3750,#3751,#3752,#3753,#3754,#3755,#3756,#3757,#3758,#3759,#3760,
    #3761,#3762,#3763,#3764,#3765,#3766,#3767,#3768,#3769,#3770,#3771,
    #3772,#3773,#3774,#3775,#3776,#3777,#3778,#3779,#3780,#3781,#3782,
    #3783,#3784,#3785,#3786,#3787,#3788,#3789,#3790,#3791,#3792,#3793,
    #3794,#3795,#3796,#3797,#3798,#3799,#3800,#3801,#3802,#3803,#3804,
    #3805,#3806,#3807,#3808,#3809,#3810,#3811,#3812,#3813,#3814,#3815,
    #3816,#3817,#3818,#3819,#3820,#3821,#3822,#3823,#3824,#3825,#3826),
  .UNSPECIFIED.,.T.,.F.,(7,5,5,5,5,5,5,5,5,5,5,5,5,5,5,5,5,5,5,5,5,5,5,5
    ,5,5,5,7),(0.,4.37631967648E-02,7.205074791493E-02,0.110691028062,
    0.14240471285,0.168462481287,0.241527759495,0.314677682305,
    0.342497072653,0.37750330968,0.420156266511,0.451620475547,
    0.467829301342,0.477837573013,0.499993469729,0.532156613067,
    0.548365896907,0.57983099509,0.62248515725,0.657492383518,
    0.685312560014,0.758464549968,0.831531892927,0.85759039773,
    0.889304978715,0.927946350798,0.956234701326,1.),.UNSPECIFIED.);
#3690 = CARTESIAN_POINT('',(38.5,-8.9E-16,28.555));
#3691 = CARTESIAN_POINT('',(38.5,0.197458320477,28.555));
#3692 = CARTESIAN_POINT('',(38.486631607439,0.394998771816,
    28.550286789384));
#3693 = CARTESIAN_POINT('',(38.459877186771,0.589830940537,
    28.540853518964));
#3694 = CARTESIAN_POINT('',(38.420581066008,0.77981936916,
    28.527043749082));
#3695 = CARTESIAN_POINT('',(38.369951767522,0.963336478015,
    28.509364305171));
#3696 = CARTESIAN_POINT('',(38.270285290402,1.252871434796,
    28.474844727832));
#3697 = CARTESIAN_POINT('',(38.226993912808,1.363409604934,
    28.459910853195));
#3698 = CARTESIAN_POINT('',(38.179889133268,1.470569570779,
    28.443740633312));
#3699 = CARTESIAN_POINT('',(38.129319178224,1.57420642152,
    28.426479304514));
#3700 = CARTESIAN_POINT('',(38.07561054139,1.674252200073,
    28.408263659192));
#3701 = CARTESIAN_POINT('',(37.941780693663,1.902433010069,
    28.36319086552));
#3702 = CARTESIAN_POINT('',(37.859199517424,2.02742711751,
    28.335615172739));
#3703 = CARTESIAN_POINT('',(37.772015274659,2.14567641546,
    28.306788823111));
#3704 = CARTESIAN_POINT('',(37.680849246605,2.257272134732,
    28.276975278277));
#3705 = CARTESIAN_POINT('',(37.5862164572,2.362369711887,28.246394664732
    ));
#3706 = CARTESIAN_POINT('',(37.408319317976,2.542243704929,
    28.189632881469));
#3707 = CARTESIAN_POINT('',(37.326067129858,2.619069143818,
    28.163648721906));
#3708 = CARTESIAN_POINT('',(37.241979393413,2.691737992993,
    28.137365177904));
#3709 = CARTESIAN_POINT('',(37.156252452982,2.760346197317,
    28.110867403956));
#3710 = CARTESIAN_POINT('',(37.069054100927,2.824985732981,
    28.084228425773));
#3711 = CARTESIAN_POINT('',(36.907782723376,2.935668359706,
    28.035556509783));
#3712 = CARTESIAN_POINT('',(36.834144491796,2.982970692842,
    28.013550090929));
#3713 = CARTESIAN_POINT('',(36.759688299305,3.027699551523,
    27.991525240605));
#3714 = CARTESIAN_POINT('',(36.684485758605,3.069898079211,
    27.96951317812));
#3715 = CARTESIAN_POINT('',(36.608601152139,3.109605058883,
    27.94754178405));
#3716 = CARTESIAN_POINT('',(36.317560245598,3.251302497,27.864211253053)
  );
#3717 = CARTESIAN_POINT('',(36.098161438694,3.336410103664,
    27.803313409077));
#3718 = CARTESIAN_POINT('',(35.875079707552,3.402992130492,
    27.74346358843));
#3719 = CARTESIAN_POINT('',(35.649331259968,3.451447404086,
    27.685074508134));
#3720 = CARTESIAN_POINT('',(35.421813389064,3.482018905544,
    27.628468669284));
#3721 = CARTESIAN_POINT('',(34.964504090367,3.507312884791,
    27.51924045117));
#3722 = CARTESIAN_POINT('',(34.734794055487,3.501989342342,
    27.466642773093));
#3723 = CARTESIAN_POINT('',(34.504942747421,3.478666563759,
    27.416334401427));
#3724 = CARTESIAN_POINT('',(34.275859036151,3.437028156315,
    27.368535297292));
#3725 = CARTESIAN_POINT('',(34.048579845161,3.376610560367,
    27.323424632258));
#3726 = CARTESIAN_POINT('',(33.739005242507,3.266204647082,
    27.265045846704));
#3727 = CARTESIAN_POINT('',(33.654150432596,3.23295710409,
    27.249369637894));
#3728 = CARTESIAN_POINT('',(33.569805102165,3.196840058148,
    27.234109763932));
#3729 = CARTESIAN_POINT('',(33.486046950889,3.157807766831,
    27.219273520335));
#3730 = CARTESIAN_POINT('',(33.402962080286,3.115810098058,
    27.20486766548));
#3731 = CARTESIAN_POINT('',(33.217062154268,3.014145147279,
    27.173320368372));
#3732 = CARTESIAN_POINT('',(33.114698924968,2.952718075387,
    27.156434198916));
#3733 = CARTESIAN_POINT('',(33.01374029474,2.886400215375,
    27.140251363763));
#3734 = CARTESIAN_POINT('',(32.914407220425,2.815076016076,
    27.124783672667));
#3735 = CARTESIAN_POINT('',(32.816957111148,2.738626470755,
    27.110041998755));
#3736 = CARTESIAN_POINT('',(32.605600240094,2.557388103789,
    27.078968293245));
#3737 = CARTESIAN_POINT('',(32.492765183258,2.450070755365,
    27.062994552197));
#3738 = CARTESIAN_POINT('',(32.383695035781,2.334748076818,
    27.048127608437));
#3739 = CARTESIAN_POINT('',(32.279058364892,2.211233060949,
    27.034385489843));
#3740 = CARTESIAN_POINT('',(32.17965714201,2.079420243343,27.02178596953
    ));
#3741 = CARTESIAN_POINT('',(32.01761911054,1.835978335728,
    27.001900246915));
#3742 = CARTESIAN_POINT('',(31.952186806871,1.728137230656,
    26.994088330244));
#3743 = CARTESIAN_POINT('',(31.890483362091,1.615821463037,
    26.986912882385));
#3744 = CARTESIAN_POINT('',(31.832937098777,1.499120273898,
    26.980381342132));
#3745 = CARTESIAN_POINT('',(31.780003791911,1.378219266262,
    26.974501404787));
#3746 = CARTESIAN_POINT('',(31.707480785492,1.189141692472,
    26.966590703803));
#3747 = CARTESIAN_POINT('',(31.684168410043,1.12382438476,
    26.964075986442));
#3748 = CARTESIAN_POINT('',(31.662264008611,1.057520482944,
    26.961737265147));
#3749 = CARTESIAN_POINT('',(31.641829653945,0.990283537482,
    26.959575591859));
#3750 = CARTESIAN_POINT('',(31.622924953192,0.922177466746,
    26.957591983434));
#3751 = CARTESIAN_POINT('',(31.594910728103,0.810735036971,
    26.95467316255));
#3752 = CARTESIAN_POINT('',(31.584820548279,0.767889648663,
    26.953627169328));
#3753 = CARTESIAN_POINT('',(31.575347595098,0.724759315377,
    26.952649659906));
#3754 = CARTESIAN_POINT('',(31.5665040199,0.681363224009,26.951740847662
    ));
#3755 = CARTESIAN_POINT('',(31.558301036825,0.637722005038,
    26.950900930481));
#3756 = CARTESIAN_POINT('',(31.534030366032,0.496752825399,
    26.948423637736));
#3757 = CARTESIAN_POINT('',(31.520500475807,0.398549442576,
    26.947055639058));
#3758 = CARTESIAN_POINT('',(31.510271487724,0.299496760967,
    26.946028205456));
#3759 = CARTESIAN_POINT('',(31.50342372605,0.199861556859,
    26.945342750594));
#3760 = CARTESIAN_POINT('',(31.5,9.99284253861E-02,26.945));
#3761 = CARTESIAN_POINT('',(31.5,-0.145063515617,26.945));
#3762 = CARTESIAN_POINT('',(31.507214919891,-0.290152053068,
    26.9457222644));
#3763 = CARTESIAN_POINT('',(31.521649205491,-0.43430991961,
    26.947167173586));
#3764 = CARTESIAN_POINT('',(31.543102968169,-0.576694042452,
    26.949330057909));
#3765 = CARTESIAN_POINT('',(31.571238157135,-0.716563992824,
    26.952206701518));
#3766 = CARTESIAN_POINT('',(31.622924953192,-0.922177466746,
    26.957591983434));
#3767 = CARTESIAN_POINT('',(31.641829653945,-0.990283537482,
    26.959575591859));
#3768 = CARTESIAN_POINT('',(31.662264008611,-1.057520482944,
    26.961737265147));
#3769 = CARTESIAN_POINT('',(31.684168410043,-1.12382438476,
    26.964075986442));
#3770 = CARTESIAN_POINT('',(31.707480785492,-1.189141692472,
    26.966590703803));
#3771 = CARTESIAN_POINT('',(31.780003791911,-1.378219266262,
    26.974501404787));
#3772 = CARTESIAN_POINT('',(31.832937098777,-1.499120273898,
    26.980381342132));
#3773 = CARTESIAN_POINT('',(31.890483362091,-1.615821463037,
    26.986912882385));
#3774 = CARTESIAN_POINT('',(31.952186806871,-1.728137230657,
    26.994088330244));
#3775 = CARTESIAN_POINT('',(32.01761911054,-1.835978335728,
    27.001900246915));
#3776 = CARTESIAN_POINT('',(32.179657142011,-2.079420243343,
    27.02178596953));
#3777 = CARTESIAN_POINT('',(32.279058364893,-2.211233060949,
    27.034385489843));
#3778 = CARTESIAN_POINT('',(32.383695035781,-2.334748076818,
    27.048127608437));
#3779 = CARTESIAN_POINT('',(32.492765183258,-2.450070755365,
    27.062994552197));
#3780 = CARTESIAN_POINT('',(32.605600240094,-2.557388103789,
    27.078968293245));
#3781 = CARTESIAN_POINT('',(32.816957111148,-2.738626470755,
    27.110041998755));
#3782 = CARTESIAN_POINT('',(32.914407220425,-2.815076016076,
    27.124783672668));
#3783 = CARTESIAN_POINT('',(33.01374029474,-2.886400215375,
    27.140251363763));
#3784 = CARTESIAN_POINT('',(33.114698924968,-2.952718075387,
    27.156434198916));
#3785 = CARTESIAN_POINT('',(33.217062154268,-3.014145147279,
    27.173320368372));
#3786 = CARTESIAN_POINT('',(33.402962080286,-3.115810098058,
    27.20486766548));
#3787 = CARTESIAN_POINT('',(33.486046950889,-3.157807766831,
    27.219273520335));
#3788 = CARTESIAN_POINT('',(33.569805102165,-3.196840058148,
    27.234109763933));
#3789 = CARTESIAN_POINT('',(33.654150432596,-3.23295710409,
    27.249369637894));
#3790 = CARTESIAN_POINT('',(33.739005242507,-3.266204647082,
    27.265045846704));
#3791 = CARTESIAN_POINT('',(34.048579845161,-3.376610560367,
    27.323424632258));
#3792 = CARTESIAN_POINT('',(34.275859036151,-3.437028156315,
    27.368535297293));
#3793 = CARTESIAN_POINT('',(34.504942747421,-3.478666563759,
    27.416334401427));
#3794 = CARTESIAN_POINT('',(34.734794055487,-3.501989342342,
    27.466642773093));
#3795 = CARTESIAN_POINT('',(34.964504090368,-3.507312884791,
    27.51924045117));
#3796 = CARTESIAN_POINT('',(35.421813389064,-3.482018905544,
    27.628468669284));
#3797 = CARTESIAN_POINT('',(35.649331259969,-3.451447404086,
    27.685074508135));
#3798 = CARTESIAN_POINT('',(35.875079707552,-3.402992130491,
    27.74346358843));
#3799 = CARTESIAN_POINT('',(36.098161438695,-3.336410103663,
    27.803313409077));
#3800 = CARTESIAN_POINT('',(36.317560245598,-3.251302497,27.864211253054
    ));
#3801 = CARTESIAN_POINT('',(36.608601152139,-3.109605058883,
    27.94754178405));
#3802 = CARTESIAN_POINT('',(36.684485758605,-3.069898079211,
    27.96951317812));
#3803 = CARTESIAN_POINT('',(36.759688299306,-3.027699551523,
    27.991525240605));
#3804 = CARTESIAN_POINT('',(36.834144491796,-2.982970692842,
    28.013550090929));
#3805 = CARTESIAN_POINT('',(36.907782723376,-2.935668359706,
    28.035556509783));
#3806 = CARTESIAN_POINT('',(37.069054100927,-2.82498573298,
    28.084228425774));
#3807 = CARTESIAN_POINT('',(37.156252452982,-2.760346197317,
    28.110867403957));
#3808 = CARTESIAN_POINT('',(37.241979393413,-2.691737992993,
    28.137365177904));
#3809 = CARTESIAN_POINT('',(37.326067129858,-2.619069143818,
    28.163648721906));
#3810 = CARTESIAN_POINT('',(37.408319317976,-2.542243704929,
    28.189632881469));
#3811 = CARTESIAN_POINT('',(37.5862164572,-2.362369711887,
    28.246394664732));
#3812 = CARTESIAN_POINT('',(37.680849246605,-2.257272134731,
    28.276975278277));
#3813 = CARTESIAN_POINT('',(37.772015274659,-2.14567641546,
    28.306788823111));
#3814 = CARTESIAN_POINT('',(37.859199517424,-2.02742711751,
    28.335615172739));
#3815 = CARTESIAN_POINT('',(37.941780693663,-1.902433010068,
    28.36319086552));
#3816 = CARTESIAN_POINT('',(38.07561054139,-1.674252200073,
    28.408263659192));
#3817 = CARTESIAN_POINT('',(38.129319178225,-1.57420642152,
    28.426479304514));
#3818 = CARTESIAN_POINT('',(38.179889133269,-1.470569570778,
    28.443740633312));
#3819 = CARTESIAN_POINT('',(38.226993912808,-1.363409604934,
    28.459910853195));
#3820 = CARTESIAN_POINT('',(38.270285290402,-1.252871434796,
    28.474844727832));
#3821 = CARTESIAN_POINT('',(38.369952964311,-0.963333001296,
    28.50936471968));
#3822 = CARTESIAN_POINT('',(38.420580660684,-0.779819050964,
    28.527043611098));
#3823 = CARTESIAN_POINT('',(38.459878376845,-0.589828615584,
    28.540853932789));
#3824 = CARTESIAN_POINT('',(38.486633327281,-0.39498865801,
    28.550287396409));
#3825 = CARTESIAN_POINT('',(38.5,-0.197445866276,28.555));
#3826 = CARTESIAN_POINT('',(38.5,-8.9E-16,28.555));
#3827 = PCURVE('',#1367,#3828);
#3828 = DEFINITIONAL_REPRESENTATION('',(#3829),#3967);
#3829 = B_SPLINE_CURVE_WITH_KNOTS('',6,(#3830,#3831,#3832,#3833,#3834,
    #3835,#3836,#3837,#3838,#3839,#3840,#3841,#3842,#3843,#3844,#3845,
    #3846,#3847,#3848,#3849,#3850,#3851,#3852,#3853,#3854,#3855,#3856,
    #3857,#3858,#3859,#3860,#3861,#3862,#3863,#3864,#3865,#3866,#3867,
    #3868,#3869,#3870,#3871,#3872,#3873,#3874,#3875,#3876,#3877,#3878,
    #3879,#3880,#3881,#3882,#3883,#3884,#3885,#3886,#3887,#3888,#3889,
    #3890,#3891,#3892,#3893,#3894,#3895,#3896,#3897,#3898,#3899,#3900,
    #3901,#3902,#3903,#3904,#3905,#3906,#3907,#3908,#3909,#3910,#3911,
    #3912,#3913,#3914,#3915,#3916,#3917,#3918,#3919,#3920,#3921,#3922,
    #3923,#3924,#3925,#3926,#3927,#3928,#3929,#3930,#3931,#3932,#3933,
    #3934,#3935,#3936,#3937,#3938,#3939,#3940,#3941,#3942,#3943,#3944,
    #3945,#3946,#3947,#3948,#3949,#3950,#3951,#3952,#3953,#3954,#3955,
    #3956,#3957,#3958,#3959,#3960,#3961,#3962,#3963,#3964,#3965,#3966),
  .UNSPECIFIED.,.T.,.F.,(7,5,5,5,5,5,5,5,5,5,5,5,5,5,5,5,5,5,5,5,5,5,5,5
    ,5,5,5,7),(0.,4.37631967648E-02,7.205074791493E-02,0.110691028062,
    0.14240471285,0.168462481287,0.241527759495,0.314677682305,
    0.342497072653,0.37750330968,0.420156266511,0.451620475547,
    0.467829301342,0.477837573013,0.499993469729,0.532156613067,
    0.548365896907,0.57983099509,0.62248515725,0.657492383518,
    0.685312560014,0.758464549968,0.831531892927,0.85759039773,
    0.889304978715,0.927946350798,0.956234701326,1.),.UNSPECIFIED.);
#3830 = CARTESIAN_POINT('',(1.570796326795,8.5));
#3831 = CARTESIAN_POINT('',(1.563881309443,8.5));
#3832 = CARTESIAN_POINT('',(1.556963416816,8.486631607439));
#3833 = CARTESIAN_POINT('',(1.550136417341,8.459877186771));
#3834 = CARTESIAN_POINT('',(1.54347115485,8.420581066008));
#3835 = CARTESIAN_POINT('',(1.53702210259,8.369951767522));
#3836 = CARTESIAN_POINT('',(1.526826692808,8.270285290402));
#3837 = CARTESIAN_POINT('',(1.522928815007,8.226993912808));
#3838 = CARTESIAN_POINT('',(1.519143990831,8.179889133268));
#3839 = CARTESIAN_POINT('',(1.51547713207,8.129319178224));
#3840 = CARTESIAN_POINT('',(1.511930605853,8.07561054139));
#3841 = CARTESIAN_POINT('',(1.503825522037,7.941780693663));
#3842 = CARTESIAN_POINT('',(1.4993723438,7.859199517424));
#3843 = CARTESIAN_POINT('',(1.495145623312,7.772015274659));
#3844 = CARTESIAN_POINT('',(1.491142731215,7.680849246605));
#3845 = CARTESIAN_POINT('',(1.487358977597,7.5862164572));
#3846 = CARTESIAN_POINT('',(1.480857892315,7.408319317976));
#3847 = CARTESIAN_POINT('',(1.478071311917,7.326067129858));
#3848 = CARTESIAN_POINT('',(1.475425594171,7.241979393413));
#3849 = CARTESIAN_POINT('',(1.472917865016,7.156252452982));
#3850 = CARTESIAN_POINT('',(1.470545409427,7.069054100927));
#3851 = CARTESIAN_POINT('',(1.466465303871,6.907782723376));
#3852 = CARTESIAN_POINT('',(1.464714599155,6.834144491796));
#3853 = CARTESIAN_POINT('',(1.463052138333,6.759688299305));
#3854 = CARTESIAN_POINT('',(1.461476696681,6.684485758605));
#3855 = CARTESIAN_POINT('',(1.459987204532,6.608601152139));
#3856 = CARTESIAN_POINT('',(1.454644687112,6.317560245598));
#3857 = CARTESIAN_POINT('',(1.451375999481,6.098161438694));
#3858 = CARTESIAN_POINT('',(1.448754434771,5.875079707552));
#3859 = CARTESIAN_POINT('',(1.446772598947,5.649331259968));
#3860 = CARTESIAN_POINT('',(1.44542851811,5.421813389064));
#3861 = CARTESIAN_POINT('',(1.444031593632,4.964504090367));
#3862 = CARTESIAN_POINT('',(1.443980498393,4.734794055487));
#3863 = CARTESIAN_POINT('',(1.444584517647,4.504942747421));
#3864 = CARTESIAN_POINT('',(1.445861679654,4.275859036151));
#3865 = CARTESIAN_POINT('',(1.447835312642,4.048579845161));
#3866 = CARTESIAN_POINT('',(1.451569177522,3.739005242507));
#3867 = CARTESIAN_POINT('',(1.452703664587,3.654150432596));
#3868 = CARTESIAN_POINT('',(1.453945726086,3.569805102165));
#3869 = CARTESIAN_POINT('',(1.455297372317,3.486046950889));
#3870 = CARTESIAN_POINT('',(1.456760770033,3.402962080286));
#3871 = CARTESIAN_POINT('',(1.460323238237,3.217062154268));
#3872 = CARTESIAN_POINT('',(1.462488788367,3.114698924968));
#3873 = CARTESIAN_POINT('',(1.464839603279,3.01374029474));
#3874 = CARTESIAN_POINT('',(1.467380552142,2.914407220425));
#3875 = CARTESIAN_POINT('',(1.470116600371,2.816957111148));
#3876 = CARTESIAN_POINT('',(1.476630262261,2.605600240094));
#3877 = CARTESIAN_POINT('',(1.480504338215,2.492765183258));
#3878 = CARTESIAN_POINT('',(1.484684374768,2.383695035781));
#3879 = CARTESIAN_POINT('',(1.48917812904,2.279058364892));
#3880 = CARTESIAN_POINT('',(1.493990114979,2.17965714201));
#3881 = CARTESIAN_POINT('',(1.502904215598,2.01761911054));
#3882 = CARTESIAN_POINT('',(1.506860971138,1.952186806871));
#3883 = CARTESIAN_POINT('',(1.510989597962,1.890483362091));
#3884 = CARTESIAN_POINT('',(1.515286763691,1.832937098777));
#3885 = CARTESIAN_POINT('',(1.519745396572,1.780003791911));
#3886 = CARTESIAN_POINT('',(1.526727532238,1.707480785492));
#3887 = CARTESIAN_POINT('',(1.52914109972,1.684168410043));
#3888 = CARTESIAN_POINT('',(1.531592609163,1.662264008611));
#3889 = CARTESIAN_POINT('',(1.534080004079,1.641829653945));
#3890 = CARTESIAN_POINT('',(1.536600827799,1.622924953192));
#3891 = CARTESIAN_POINT('',(1.540727532401,1.594910728103));
#3892 = CARTESIAN_POINT('',(1.542314528068,1.584820548279));
#3893 = CARTESIAN_POINT('',(1.543912484373,1.575347595098));
#3894 = CARTESIAN_POINT('',(1.545520663552,1.5665040199));
#3895 = CARTESIAN_POINT('',(1.547138272194,1.558301036825));
#3896 = CARTESIAN_POINT('',(1.552364451127,1.534030366032));
#3897 = CARTESIAN_POINT('',(1.556006689685,1.520500475807));
#3898 = CARTESIAN_POINT('',(1.559681608445,1.510271487724));
#3899 = CARTESIAN_POINT('',(1.563378937262,1.50342372605));
#3900 = CARTESIAN_POINT('',(1.567087719432,1.5));
#3901 = CARTESIAN_POINT('',(1.576180016371,1.5));
#3902 = CARTESIAN_POINT('',(1.581564634615,1.507214919891));
#3903 = CARTESIAN_POINT('',(1.586913501821,1.521649205491));
#3904 = CARTESIAN_POINT('',(1.592194117138,1.543102968169));
#3905 = CARTESIAN_POINT('',(1.597377974668,1.571238157135));
#3906 = CARTESIAN_POINT('',(1.604991825791,1.622924953192));
#3907 = CARTESIAN_POINT('',(1.607512649511,1.641829653945));
#3908 = CARTESIAN_POINT('',(1.610000044427,1.662264008611));
#3909 = CARTESIAN_POINT('',(1.61245155387,1.684168410043));
#3910 = CARTESIAN_POINT('',(1.614865121352,1.707480785492));
#3911 = CARTESIAN_POINT('',(1.621847257017,1.780003791911));
#3912 = CARTESIAN_POINT('',(1.626305889899,1.832937098777));
#3913 = CARTESIAN_POINT('',(1.630603055628,1.890483362091));
#3914 = CARTESIAN_POINT('',(1.634731682452,1.952186806871));
#3915 = CARTESIAN_POINT('',(1.638688437991,2.01761911054));
#3916 = CARTESIAN_POINT('',(1.64760253861,2.179657142011));
#3917 = CARTESIAN_POINT('',(1.652414524549,2.279058364893));
#3918 = CARTESIAN_POINT('',(1.656908278821,2.383695035781));
#3919 = CARTESIAN_POINT('',(1.661088315375,2.492765183258));
#3920 = CARTESIAN_POINT('',(1.664962391329,2.605600240094));
#3921 = CARTESIAN_POINT('',(1.671476053219,2.816957111148));
#3922 = CARTESIAN_POINT('',(1.674212101447,2.914407220425));
#3923 = CARTESIAN_POINT('',(1.67675305031,3.01374029474));
#3924 = CARTESIAN_POINT('',(1.679103865223,3.114698924968));
#3925 = CARTESIAN_POINT('',(1.681269415352,3.217062154268));
#3926 = CARTESIAN_POINT('',(1.684831883557,3.402962080286));
#3927 = CARTESIAN_POINT('',(1.686295281273,3.486046950889));
#3928 = CARTESIAN_POINT('',(1.687646927504,3.569805102165));
#3929 = CARTESIAN_POINT('',(1.688888989002,3.654150432596));
#3930 = CARTESIAN_POINT('',(1.690023476068,3.739005242507));
#3931 = CARTESIAN_POINT('',(1.693757340948,4.048579845161));
#3932 = CARTESIAN_POINT('',(1.695730973936,4.275859036151));
#3933 = CARTESIAN_POINT('',(1.697008135943,4.504942747421));
#3934 = CARTESIAN_POINT('',(1.697612155197,4.734794055487));
#3935 = CARTESIAN_POINT('',(1.697561059958,4.964504090368));
#3936 = CARTESIAN_POINT('',(1.69616413548,5.421813389064));
#3937 = CARTESIAN_POINT('',(1.694820054643,5.649331259969));
#3938 = CARTESIAN_POINT('',(1.692838218819,5.875079707552));
#3939 = CARTESIAN_POINT('',(1.690216654109,6.098161438694));
#3940 = CARTESIAN_POINT('',(1.686947966478,6.317560245598));
#3941 = CARTESIAN_POINT('',(1.681605449058,6.608601152139));
#3942 = CARTESIAN_POINT('',(1.680115956909,6.684485758605));
#3943 = CARTESIAN_POINT('',(1.678540515257,6.759688299306));
#3944 = CARTESIAN_POINT('',(1.676878054435,6.834144491796));
#3945 = CARTESIAN_POINT('',(1.675127349718,6.907782723376));
#3946 = CARTESIAN_POINT('',(1.671047244163,7.069054100927));
#3947 = CARTESIAN_POINT('',(1.668674788574,7.156252452982));
#3948 = CARTESIAN_POINT('',(1.666167059419,7.241979393413));
#3949 = CARTESIAN_POINT('',(1.663521341672,7.326067129858));
#3950 = CARTESIAN_POINT('',(1.660734761275,7.408319317976));
#3951 = CARTESIAN_POINT('',(1.654233675993,7.5862164572));
#3952 = CARTESIAN_POINT('',(1.650449922375,7.680849246605));
#3953 = CARTESIAN_POINT('',(1.646447030277,7.772015274659));
#3954 = CARTESIAN_POINT('',(1.64222030979,7.859199517424));
#3955 = CARTESIAN_POINT('',(1.637767131553,7.941780693663));
#3956 = CARTESIAN_POINT('',(1.629662047737,8.07561054139));
#3957 = CARTESIAN_POINT('',(1.62611552152,8.129319178225));
#3958 = CARTESIAN_POINT('',(1.622448662759,8.179889133269));
#3959 = CARTESIAN_POINT('',(1.618663838582,8.226993912808));
#3960 = CARTESIAN_POINT('',(1.614765960782,8.270285290402));
#3961 = CARTESIAN_POINT('',(1.604570428573,8.369952964311));
#3962 = CARTESIAN_POINT('',(1.598121488052,8.420580660684));
#3963 = CARTESIAN_POINT('',(1.591456153912,8.459878376845));
#3964 = CARTESIAN_POINT('',(1.584628882634,8.486633327282));
#3965 = CARTESIAN_POINT('',(1.577710907999,8.5));
#3966 = CARTESIAN_POINT('',(1.570796326795,8.5));
#3967 = ( GEOMETRIC_REPRESENTATION_CONTEXT(2) 
PARAMETRIC_REPRESENTATION_CONTEXT() REPRESENTATION_CONTEXT('2D SPACE',''
  ) );
#3968 = PCURVE('',#3969,#3974);
#3969 = CYLINDRICAL_SURFACE('',#3970,3.5);
#3970 = AXIS2_PLACEMENT_3D('',#3971,#3972,#3973);
#3971 = CARTESIAN_POINT('',(35.,0.,29.));
#3972 = DIRECTION('',(-0.,-0.,-1.));
#3973 = DIRECTION('',(1.,0.,0.));
#3974 = DEFINITIONAL_REPRESENTATION('',(#3975),#4113);
#3975 = B_SPLINE_CURVE_WITH_KNOTS('',6,(#3976,#3977,#3978,#3979,#3980,
    #3981,#3982,#3983,#3984,#3985,#3986,#3987,#3988,#3989,#3990,#3991,
    #3992,#3993,#3994,#3995,#3996,#3997,#3998,#3999,#4000,#4001,#4002,
    #4003,#4004,#4005,#4006,#4007,#4008,#4009,#4010,#4011,#4012,#4013,
    #4014,#4015,#4016,#4017,#4018,#4019,#4020,#4021,#4022,#4023,#4024,
    #4025,#4026,#4027,#4028,#4029,#4030,#4031,#4032,#4033,#4034,#4035,
    #4036,#4037,#4038,#4039,#4040,#4041,#4042,#4043,#4044,#4045,#4046,
    #4047,#4048,#4049,#4050,#4051,#4052,#4053,#4054,#4055,#4056,#4057,
    #4058,#4059,#4060,#4061,#4062,#4063,#4064,#4065,#4066,#4067,#4068,
    #4069,#4070,#4071,#4072,#4073,#4074,#4075,#4076,#4077,#4078,#4079,
    #4080,#4081,#4082,#4083,#4084,#4085,#4086,#4087,#4088,#4089,#4090,
    #4091,#4092,#4093,#4094,#4095,#4096,#4097,#4098,#4099,#4100,#4101,
    #4102,#4103,#4104,#4105,#4106,#4107,#4108,#4109,#4110,#4111,#4112),
  .UNSPECIFIED.,.F.,.F.,(7,5,5,5,5,5,5,5,5,5,5,5,5,5,5,5,5,5,5,5,5,5,5,5
    ,5,5,5,7),(0.,4.37631967648E-02,7.205074791493E-02,0.110691028062,
    0.14240471285,0.168462481287,0.241527759495,0.314677682305,
    0.342497072653,0.37750330968,0.420156266511,0.451620475547,
    0.467829301342,0.477837573013,0.499993469729,0.532156613067,
    0.548365896907,0.57983099509,0.62248515725,0.657492383518,
    0.685312560014,0.758464549968,0.831531892927,0.85759039773,
    0.889304978715,0.927946350798,0.956234701326,1.),.UNSPECIFIED.);
#3976 = CARTESIAN_POINT('',(0.,0.445));
#3977 = CARTESIAN_POINT('',(-5.641666299342E-02,0.445));
#3978 = CARTESIAN_POINT('',(-0.112856675765,0.449713210616));
#3979 = CARTESIAN_POINT('',(-0.168846812892,0.459146481036));
#3980 = CARTESIAN_POINT('',(-0.224098522716,0.472956250918));
#3981 = CARTESIAN_POINT('',(-0.278385002518,0.490635694829));
#3982 = CARTESIAN_POINT('',(-0.365873263123,0.525155272168));
#3983 = CARTESIAN_POINT('',(-0.399761701436,0.540089146805));
#3984 = CARTESIAN_POINT('',(-0.433165318173,0.556259366688));
#3985 = CARTESIAN_POINT('',(-0.466075105207,0.573520695486));
#3986 = CARTESIAN_POINT('',(-0.498495129158,0.591736340808));
#3987 = CARTESIAN_POINT('',(-0.574075555407,0.63680913448));
#3988 = CARTESIAN_POINT('',(-0.616817485155,0.664384827261));
#3989 = CARTESIAN_POINT('',(-0.658712171892,0.693211176889));
#3990 = CARTESIAN_POINT('',(-0.699810928237,0.723024721723));
#3991 = CARTESIAN_POINT('',(-0.7401736574,0.753605335268));
#3992 = CARTESIAN_POINT('',(-0.812455444711,0.810367118531));
#3993 = CARTESIAN_POINT('',(-0.844587441419,0.836351278094));
#3994 = CARTESIAN_POINT('',(-0.876306052295,0.862634822096));
#3995 = CARTESIAN_POINT('',(-0.907645102427,0.889132596044));
#3996 = CARTESIAN_POINT('',(-0.938637119163,0.915771574227));
#3997 = CARTESIAN_POINT('',(-0.994522644342,0.964443490217));
#3998 = CARTESIAN_POINT('',(-1.019517421086,0.986449909071));
#3999 = CARTESIAN_POINT('',(-1.044317405859,1.008474759395));
#4000 = CARTESIAN_POINT('',(-1.068939366637,1.03048682188));
#4001 = CARTESIAN_POINT('',(-1.09339928601,1.05245821595));
#4002 = CARTESIAN_POINT('',(-1.185885566625,1.135788746947));
#4003 = CARTESIAN_POINT('',(-1.252890564025,1.196686590923));
#4004 = CARTESIAN_POINT('',(-1.319093817638,1.25653641157));
#4005 = CARTESIAN_POINT('',(-1.384761810179,1.314925491866));
#4006 = CARTESIAN_POINT('',(-1.450150308623,1.371531330716));
#4007 = CARTESIAN_POINT('',(-1.581009815795,1.48075954883));
#4008 = CARTESIAN_POINT('',(-1.646457269249,1.533357226907));
#4009 = CARTESIAN_POINT('',(-1.712165068281,1.583665598573));
#4010 = CARTESIAN_POINT('',(-1.77837652126,1.631464702708));
#4011 = CARTESIAN_POINT('',(-1.845338890482,1.676575367742));
#4012 = CARTESIAN_POINT('',(-1.93924544425,1.734954153296));
#4013 = CARTESIAN_POINT('',(-1.965271989088,1.750630362106));
#4014 = CARTESIAN_POINT('',(-1.991467743644,1.765890236068));
#4015 = CARTESIAN_POINT('',(-2.017849456261,1.780726479665));
#4016 = CARTESIAN_POINT('',(-2.044434522608,1.79513233452));
#4017 = CARTESIAN_POINT('',(-2.10497261634,1.826679631628));
#4018 = CARTESIAN_POINT('',(-2.139053751654,1.843565801084));
#4019 = CARTESIAN_POINT('',(-2.173522405662,1.859748636237));
#4020 = CARTESIAN_POINT('',(-2.208415158646,1.875216327333));
#4021 = CARTESIAN_POINT('',(-2.243769810831,1.889958001245));
#4022 = CARTESIAN_POINT('',(-2.323319088385,1.921031706755));
#4023 = CARTESIAN_POINT('',(-2.367751607115,1.937005447803));
#4024 = CARTESIAN_POINT('',(-2.41300632094,1.951872391563));
#4025 = CARTESIAN_POINT('',(-2.459149170914,1.965614510157));
#4026 = CARTESIAN_POINT('',(-2.506236469073,1.97821403047));
#4027 = CARTESIAN_POINT('',(-2.589790330976,1.998099753085));
#4028 = CARTESIAN_POINT('',(-2.62579855365,2.005911669756));
#4029 = CARTESIAN_POINT('',(-2.662360683071,2.013087117615));
#4030 = CARTESIAN_POINT('',(-2.699481056291,2.019618657868));
#4031 = CARTESIAN_POINT('',(-2.737149197419,2.025498595213));
#4032 = CARTESIAN_POINT('',(-2.795008926017,2.033409296197));
#4033 = CARTESIAN_POINT('',(-2.814818586268,2.035924013558));
#4034 = CARTESIAN_POINT('',(-2.834761059923,2.038262734853));
#4035 = CARTESIAN_POINT('',(-2.854830403054,2.040424408141));
#4036 = CARTESIAN_POINT('',(-2.875018959915,2.042408016566));
#4037 = CARTESIAN_POINT('',(-2.907850268966,2.04532683745));
#4038 = CARTESIAN_POINT('',(-2.920425275277,2.046372830672));
#4039 = CARTESIAN_POINT('',(-2.93303979938,2.047350340094));
#4040 = CARTESIAN_POINT('',(-2.945691330519,2.048259152338));
#4041 = CARTESIAN_POINT('',(-2.958377115327,2.049099069519));
#4042 = CARTESIAN_POINT('',(-2.999246619021,2.051576362264));
#4043 = CARTESIAN_POINT('',(-3.027553812675,2.052944360942));
#4044 = CARTESIAN_POINT('',(-3.05598023474,2.053971794544));
#4045 = CARTESIAN_POINT('',(-3.084489363789,2.054657249406));
#4046 = CARTESIAN_POINT('',(-3.113041674908,2.055));
#4047 = CARTESIAN_POINT('',(-3.183039372337,2.055));
#4048 = CARTESIAN_POINT('',(-3.224493230632,2.0542777356));
#4049 = CARTESIAN_POINT('',(-3.265809397543,2.052832826414));
#4050 = CARTESIAN_POINT('',(-3.306875132444,2.050669942091));
#4051 = CARTESIAN_POINT('',(-3.347591936593,2.047793298482));
#4052 = CARTESIAN_POINT('',(-3.408166347264,2.042408016566));
#4053 = CARTESIAN_POINT('',(-3.428354904126,2.040424408141));
#4054 = CARTESIAN_POINT('',(-3.448424247257,2.038262734853));
#4055 = CARTESIAN_POINT('',(-3.468366720912,2.035924013558));
#4056 = CARTESIAN_POINT('',(-3.488176381162,2.033409296197));
#4057 = CARTESIAN_POINT('',(-3.546036109761,2.025498595213));
#4058 = CARTESIAN_POINT('',(-3.583704250889,2.019618657868));
#4059 = CARTESIAN_POINT('',(-3.620824624109,2.013087117615));
#4060 = CARTESIAN_POINT('',(-3.657386753529,2.005911669756));
#4061 = CARTESIAN_POINT('',(-3.693394976204,1.998099753085));
#4062 = CARTESIAN_POINT('',(-3.776948838107,1.97821403047));
#4063 = CARTESIAN_POINT('',(-3.824036136265,1.965614510157));
#4064 = CARTESIAN_POINT('',(-3.87017898624,1.951872391563));
#4065 = CARTESIAN_POINT('',(-3.915433700065,1.937005447803));
#4066 = CARTESIAN_POINT('',(-3.959866218795,1.921031706754));
#4067 = CARTESIAN_POINT('',(-4.039415496349,1.889958001245));
#4068 = CARTESIAN_POINT('',(-4.074770148534,1.875216327332));
#4069 = CARTESIAN_POINT('',(-4.109662901518,1.859748636237));
#4070 = CARTESIAN_POINT('',(-4.144131555525,1.843565801084));
#4071 = CARTESIAN_POINT('',(-4.17821269084,1.826679631628));
#4072 = CARTESIAN_POINT('',(-4.238750784572,1.79513233452));
#4073 = CARTESIAN_POINT('',(-4.265335850919,1.780726479665));
#4074 = CARTESIAN_POINT('',(-4.291717563536,1.765890236067));
#4075 = CARTESIAN_POINT('',(-4.317913318092,1.750630362106));
#4076 = CARTESIAN_POINT('',(-4.34393986293,1.734954153296));
#4077 = CARTESIAN_POINT('',(-4.437846416698,1.676575367742));
#4078 = CARTESIAN_POINT('',(-4.50480878592,1.631464702707));
#4079 = CARTESIAN_POINT('',(-4.571020238899,1.583665598573));
#4080 = CARTESIAN_POINT('',(-4.636728037931,1.533357226907));
#4081 = CARTESIAN_POINT('',(-4.702175491385,1.48075954883));
#4082 = CARTESIAN_POINT('',(-4.833034998556,1.371531330716));
#4083 = CARTESIAN_POINT('',(-4.898423497001,1.314925491865));
#4084 = CARTESIAN_POINT('',(-4.964091489542,1.25653641157));
#4085 = CARTESIAN_POINT('',(-5.030294743155,1.196686590923));
#4086 = CARTESIAN_POINT('',(-5.097299740555,1.135788746946));
#4087 = CARTESIAN_POINT('',(-5.18978602117,1.05245821595));
#4088 = CARTESIAN_POINT('',(-5.214245940543,1.03048682188));
#4089 = CARTESIAN_POINT('',(-5.238867901321,1.008474759395));
#4090 = CARTESIAN_POINT('',(-5.263667886094,0.986449909071));
#4091 = CARTESIAN_POINT('',(-5.288662662838,0.964443490217));
#4092 = CARTESIAN_POINT('',(-5.344548188017,0.915771574226));
#4093 = CARTESIAN_POINT('',(-5.375540204753,0.889132596043));
#4094 = CARTESIAN_POINT('',(-5.406879254885,0.862634822096));
#4095 = CARTESIAN_POINT('',(-5.438597865761,0.836351278094));
#4096 = CARTESIAN_POINT('',(-5.470729862469,0.810367118531));
#4097 = CARTESIAN_POINT('',(-5.54301164978,0.753605335268));
#4098 = CARTESIAN_POINT('',(-5.583374378943,0.723024721723));
#4099 = CARTESIAN_POINT('',(-5.624473135288,0.693211176889));
#4100 = CARTESIAN_POINT('',(-5.666367822025,0.664384827261));
#4101 = CARTESIAN_POINT('',(-5.709109751772,0.63680913448));
#4102 = CARTESIAN_POINT('',(-5.784690178022,0.591736340808));
#4103 = CARTESIAN_POINT('',(-5.817110201973,0.573520695486));
#4104 = CARTESIAN_POINT('',(-5.850019989006,0.556259366688));
#4105 = CARTESIAN_POINT('',(-5.883423605744,0.540089146805));
#4106 = CARTESIAN_POINT('',(-5.917312044057,0.525155272168));
#4107 = CARTESIAN_POINT('',(-6.004801355215,0.49063528032));
#4108 = CARTESIAN_POINT('',(-6.059086835526,0.472956388902));
#4109 = CARTESIAN_POINT('',(-6.114339236548,0.459146067211));
#4110 = CARTESIAN_POINT('',(-6.170331515971,0.449712603591));
#4111 = CARTESIAN_POINT('',(-6.226772202529,0.445));
#4112 = CARTESIAN_POINT('',(-6.28318530718,0.445));
#4113 = ( GEOMETRIC_REPRESENTATION_CONTEXT(2) 
PARAMETRIC_REPRESENTATION_CONTEXT() REPRESENTATION_CONTEXT('2D SPACE',''
  ) );
#4114 = FACE_BOUND('',#4115,.T.);
#4115 = EDGE_LOOP('',(#4116));
#4116 = ORIENTED_EDGE('',*,*,#4117,.F.);
#4117 = EDGE_CURVE('',#4118,#4118,#4120,.T.);
#4118 = VERTEX_POINT('',#4119);
#4119 = CARTESIAN_POINT('',(38.5,-24.72935540506,-14.2775));
#4120 = SURFACE_CURVE('',#4121,(#4259,#4400),.PCURVE_S1.);
#4121 = B_SPLINE_CURVE_WITH_KNOTS('',6,(#4122,#4123,#4124,#4125,#4126,
    #4127,#4128,#4129,#4130,#4131,#4132,#4133,#4134,#4135,#4136,#4137,
    #4138,#4139,#4140,#4141,#4142,#4143,#4144,#4145,#4146,#4147,#4148,
    #4149,#4150,#4151,#4152,#4153,#4154,#4155,#4156,#4157,#4158,#4159,
    #4160,#4161,#4162,#4163,#4164,#4165,#4166,#4167,#4168,#4169,#4170,
    #4171,#4172,#4173,#4174,#4175,#4176,#4177,#4178,#4179,#4180,#4181,
    #4182,#4183,#4184,#4185,#4186,#4187,#4188,#4189,#4190,#4191,#4192,
    #4193,#4194,#4195,#4196,#4197,#4198,#4199,#4200,#4201,#4202,#4203,
    #4204,#4205,#4206,#4207,#4208,#4209,#4210,#4211,#4212,#4213,#4214,
    #4215,#4216,#4217,#4218,#4219,#4220,#4221,#4222,#4223,#4224,#4225,
    #4226,#4227,#4228,#4229,#4230,#4231,#4232,#4233,#4234,#4235,#4236,
    #4237,#4238,#4239,#4240,#4241,#4242,#4243,#4244,#4245,#4246,#4247,
    #4248,#4249,#4250,#4251,#4252,#4253,#4254,#4255,#4256,#4257,#4258),
  .UNSPECIFIED.,.T.,.F.,(7,5,5,5,5,5,5,5,5,5,5,5,5,5,5,5,5,5,5,5,5,5,5,5
    ,5,5,5,7),(0.,4.376319676481E-02,7.205074791495E-02,0.110691028062,
    0.14240471285,0.168462481287,0.241527759495,0.314677682305,
    0.342497072653,0.37750330968,0.420156266511,0.451620475547,
    0.467829301341,0.477837573013,0.499993469729,0.532156613067,
    0.548365896907,0.57983099509,0.62248515725,0.657492383518,
    0.685312560014,0.758464549968,0.831531892927,0.85759039773,
    0.889304978715,0.927946350798,0.956234701326,1.),.UNSPECIFIED.);
#4122 = CARTESIAN_POINT('',(38.5,-24.72935540506,-14.2775));
#4123 = CARTESIAN_POINT('',(38.5,-24.8280845653,-14.10649607827));
#4124 = CARTESIAN_POINT('',(38.486631607439,-24.92277303084,
    -13.93306442383));
#4125 = CARTESIAN_POINT('',(38.459877186771,-25.01201966338,
    -13.75961818103));
#4126 = CARTESIAN_POINT('',(38.420581066008,-25.09505426615,
    -13.58817849048));
#4127 = CARTESIAN_POINT('',(38.369951767522,-25.17150197303,
    -13.42040829023));
#4128 = CARTESIAN_POINT('',(38.270285290402,-25.28637462051,
    -13.1524038737));
#4129 = CARTESIAN_POINT('',(38.226993912808,-25.32871059077,
    -13.04920807296));
#4130 = CARTESIAN_POINT('',(38.179889133268,-25.36828675249,
    -12.94831971032));
#4131 = CARTESIAN_POINT('',(38.129319178224,-25.40515642862,
    -12.84993690042));
#4132 = CARTESIAN_POINT('',(38.07561054139,-25.4394041063,
    -12.75418689199));
#4133 = CARTESIAN_POINT('',(37.941780693663,-25.51446032696,
    -12.53404011704));
#4134 = CARTESIAN_POINT('',(37.859199517424,-25.5530761302,
    -12.41200419828));
#4135 = CARTESIAN_POINT('',(37.772015274658,-25.5872364281,
    -12.29518412746));
#4136 = CARTESIAN_POINT('',(37.680849246605,-25.61721500053,
    -12.1836326272));
#4137 = CARTESIAN_POINT('',(37.5862164572,-25.64328020092,
    -12.07732514874));
#4138 = CARTESIAN_POINT('',(37.408319317976,-25.68406005117,
    -11.89316880965));
#4139 = CARTESIAN_POINT('',(37.326067129858,-25.69996982834,
    -11.81364394813));
#4140 = CARTESIAN_POINT('',(37.241979393413,-25.71354203612,
    -11.73756910668));
#4141 = CARTESIAN_POINT('',(37.156252452982,-25.7248983929,
    -11.66490377186));
#4142 = CARTESIAN_POINT('',(37.069054100927,-25.73414812889,
    -11.59560480279));
#4143 = CARTESIAN_POINT('',(36.907782723376,-25.74733832656,
    -11.4754148783));
#4144 = CARTESIAN_POINT('',(36.834144491796,-25.75193137535,
    -11.42344664671));
#4145 = CARTESIAN_POINT('',(36.759688299305,-25.75522172479,
    -11.37369789365));
#4146 = CARTESIAN_POINT('',(36.684485758605,-25.75725798334,
    -11.32614686543));
#4147 = CARTESIAN_POINT('',(36.608601152139,-25.75808368775,
    -11.28077391529));
#4148 = CARTESIAN_POINT('',(36.317560245598,-25.75676605006,
    -11.11639506873));
#4149 = CARTESIAN_POINT('',(36.098161438693,-25.74658077347,
    -11.01224079732));
#4150 = CARTESIAN_POINT('',(35.875079707553,-25.72804032179,
    -10.92465416033));
#4151 = CARTESIAN_POINT('',(35.649331259968,-25.70170153175,
    -10.8534961223));
#4152 = CARTESIAN_POINT('',(35.421813389064,-25.66796518803,
    -10.79871750598));
#4153 = CARTESIAN_POINT('',(34.964504090367,-25.58601776596,
    -10.72219816833));
#4154 = CARTESIAN_POINT('',(34.734794055487,-25.53780506934,
    -10.70050965229));
#4155 = CARTESIAN_POINT('',(34.504942747421,-25.48257535216,
    -10.6955535852));
#4156 = CARTESIAN_POINT('',(34.275859036151,-25.42036090998,
    -10.70771395175));
#4157 = CARTESIAN_POINT('',(34.048579845161,-25.3510851301,
    -10.73748179216));
#4158 = CARTESIAN_POINT('',(33.739005242507,-25.24532466213,
    -10.80390672502));
#4159 = CARTESIAN_POINT('',(33.654150432596,-25.21512489557,
    -10.82486183745));
#4160 = CARTESIAN_POINT('',(33.569805102165,-25.18385093409,
    -10.84851017977));
#4161 = CARTESIAN_POINT('',(33.486046950889,-25.15148622458,
    -10.87489501382));
#4162 = CARTESIAN_POINT('',(33.402962080286,-25.11801155392,
    -10.90406313445));
#4163 = CARTESIAN_POINT('',(33.217062154268,-25.03985831782,
    -10.97633391594));
#4164 = CARTESIAN_POINT('',(33.114698924968,-24.99452093015,
    -11.02108823596));
#4165 = CARTESIAN_POINT('',(33.01374029474,-24.9473472538,
    -11.07042976987));
#4166 = CARTESIAN_POINT('',(32.914407220425,-24.89828974072,
    -11.12446449282));
#4167 = CARTESIAN_POINT('',(32.816957111148,-24.84729830396,
    -11.18330090422));
#4168 = CARTESIAN_POINT('',(32.605600240094,-24.72976850211,
    -11.3247210814));
#4169 = CARTESIAN_POINT('',(32.492765183258,-24.66227616236,
    -11.40967376088));
#4170 = CARTESIAN_POINT('',(32.383695035781,-24.59173967211,
    -11.50211265825));
#4171 = CARTESIAN_POINT('',(32.279058364893,-24.51808114038,
    -11.60220874045));
#4172 = CARTESIAN_POINT('',(32.17965714201,-24.44126322691,
    -11.71006222888));
#4173 = CARTESIAN_POINT('',(32.01761911054,-24.30232073214,
    -11.91094624391));
#4174 = CARTESIAN_POINT('',(31.952186806871,-24.24163486132,
    -12.00043342214));
#4175 = CARTESIAN_POINT('',(31.890483362091,-24.17926285738,
    -12.09411400622));
#4176 = CARTESIAN_POINT('',(31.832937098777,-24.11525578302,
    -12.19191443054));
#4177 = CARTESIAN_POINT('',(31.780003791911,-24.04971310409,
    -12.29367780582));
#4178 = CARTESIAN_POINT('',(31.707480785492,-23.94832344918,
    -12.45346843752));
#4179 = CARTESIAN_POINT('',(31.684168410043,-23.91348698621,
    -12.50877752662));
#4180 = CARTESIAN_POINT('',(31.662264008611,-23.87830964325,
    -12.56502902932));
#4181 = CARTESIAN_POINT('',(31.641829653945,-23.84281910653,
    -12.62217709552));
#4182 = CARTESIAN_POINT('',(31.622924953192,-23.80704821588,
    -12.68016687871));
#4183 = CARTESIAN_POINT('',(31.594910728103,-23.74879922796,
    -12.77521944352));
#4184 = CARTESIAN_POINT('',(31.584820548279,-23.7264706771,
    -12.81180164161));
#4185 = CARTESIAN_POINT('',(31.575347595098,-23.70405896247,
    -12.8486648512));
#4186 = CARTESIAN_POINT('',(31.5665040199,-23.68157386229,
    -12.88579256263));
#4187 = CARTESIAN_POINT('',(31.558301036825,-23.65902586319,
    -12.92316700832));
#4188 = CARTESIAN_POINT('',(31.534030366032,-23.58639587492,
    -13.04401125267));
#4189 = CARTESIAN_POINT('',(31.520500475807,-23.5361094619,
    -13.12837387759));
#4190 = CARTESIAN_POINT('',(31.510271487724,-23.4856933375,
    -13.21364229938));
#4191 = CARTESIAN_POINT('',(31.50342372605,-23.43528211412,
    -13.29958618981));
#4192 = CARTESIAN_POINT('',(31.5,-23.38501871766,-13.38595944505));
#4193 = CARTESIAN_POINT('',(31.5,-23.26252274716,-13.59812868968));
#4194 = CARTESIAN_POINT('',(31.507214919891,-23.19060397775,
    -13.72414018111));
#4195 = CARTESIAN_POINT('',(31.521649205491,-23.11977637254,
    -13.84970701029));
#4196 = CARTESIAN_POINT('',(31.543102968169,-23.05045742389,
    -13.97409671992));
#4197 = CARTESIAN_POINT('',(31.571238157135,-22.98301369515,
    -14.09666597198));
#4198 = CARTESIAN_POINT('',(31.622924953192,-22.88487074913,
    -14.27742510471));
#4199 = CARTESIAN_POINT('',(31.641829653945,-22.85253556905,
    -14.33739849633));
#4200 = CARTESIAN_POINT('',(31.662264008611,-22.8207891603,
    -14.39670823582));
#4201 = CARTESIAN_POINT('',(31.684168410043,-22.78966260145,
    -14.45529845981));
#4202 = CARTESIAN_POINT('',(31.707480785492,-22.75918175671,
    -14.51312226628));
#4203 = CARTESIAN_POINT('',(31.780003791911,-22.67149383783,
    -14.68082359896));
#4204 = CARTESIAN_POINT('',(31.832937098777,-22.61613550912,
    -14.78846691158));
#4205 = CARTESIAN_POINT('',(31.890483362091,-22.56344139434,
    -14.89279887616));
#4206 = CARTESIAN_POINT('',(31.952186806871,-22.51349763066,
    -14.99365490809));
#4207 = CARTESIAN_POINT('',(32.01761911054,-22.46634239641,
    -15.09095400299));
#4208 = CARTESIAN_POINT('',(32.179657142011,-22.36184298356,
    -15.31172374064));
#4209 = CARTESIAN_POINT('',(32.279058364893,-22.30684807943,
    -15.43217674939));
#4210 = CARTESIAN_POINT('',(32.383695035781,-22.2569915953,
    -15.54601495018));
#4211 = CARTESIAN_POINT('',(32.492765183258,-22.212205407,
    -15.65332079131));
#4212 = CARTESIAN_POINT('',(32.605600240094,-22.17238039832,
    -15.75424721184));
#4213 = CARTESIAN_POINT('',(32.816957111148,-22.1086718332,
    -15.92674109452));
#4214 = CARTESIAN_POINT('',(32.914407220425,-22.08321372465,
    -16.00031917984));
#4215 = CARTESIAN_POINT('',(33.01374029474,-22.06094703842,
    -16.06982159388));
#4216 = CARTESIAN_POINT('',(33.114698924968,-22.04180285476,
    -16.13534596295));
#4217 = CARTESIAN_POINT('',(33.217062154268,-22.02571317054,
    -16.19698645242));
#4218 = CARTESIAN_POINT('',(33.402962080286,-22.00220145587,
    -16.30080453102));
#4219 = CARTESIAN_POINT('',(33.486046950889,-21.99367845775,
    -16.34437850651));
#4220 = CARTESIAN_POINT('',(33.569805102165,-21.98701087594,
    -16.38559958415));
#4221 = CARTESIAN_POINT('',(33.654150432596,-21.98216779148,
    -16.42450780043));
#4222 = CARTESIAN_POINT('',(33.739005242507,-21.97912001505,
    -16.46113912168));
#4223 = CARTESIAN_POINT('',(34.048579845161,-21.97447456974,
    -16.58594284009));
#4224 = CARTESIAN_POINT('',(34.275859036151,-21.98333275366,
    -16.66082134553));
#4225 = CARTESIAN_POINT('',(34.504942747421,-22.0039087884,
    -16.72078081622));
#4226 = CARTESIAN_POINT('',(34.734794055487,-22.035815727,
    -16.76613312079));
#4227 = CARTESIAN_POINT('',(34.964504090368,-22.07870488117,
    -16.79704228283));
#4228 = CARTESIAN_POINT('',(35.421813389064,-22.18594628249,
    -16.8297511633));
#4229 = CARTESIAN_POINT('',(35.649331259969,-22.25025412766,
    -16.83157838583));
#4230 = CARTESIAN_POINT('',(35.875079707552,-22.3250481913,
    -16.81880942809));
#4231 = CARTESIAN_POINT('',(36.098161438695,-22.41017066981,
    -16.79107261175));
#4232 = CARTESIAN_POINT('',(36.317560245598,-22.50546355306,
    -16.74781618431));
#4233 = CARTESIAN_POINT('',(36.608601152139,-22.64847862887,
    -16.66676786875));
#4234 = CARTESIAN_POINT('',(36.684485758605,-22.68735990413,
    -16.64336631268));
#4235 = CARTESIAN_POINT('',(36.759688299306,-22.72752217327,
    -16.61782734694));
#4236 = CARTESIAN_POINT('',(36.834144491796,-22.76896068251,
    -16.59010344421));
#4237 = CARTESIAN_POINT('',(36.907782723376,-22.81166996685,
    -16.56014163148));
#4238 = CARTESIAN_POINT('',(37.069054100927,-22.90916239591,
    -16.48862362297));
#4239 = CARTESIAN_POINT('',(37.156252452982,-22.96455219558,
    -16.44596363209));
#4240 = CARTESIAN_POINT('',(37.241979393413,-23.02180404312,
    -16.39979607121));
#4241 = CARTESIAN_POINT('',(37.326067129858,-23.08090068452,
    -16.35000477376));
#4242 = CARTESIAN_POINT('',(37.408319317976,-23.14181634624,
    -16.29646407181));
#4243 = CARTESIAN_POINT('',(37.5862164572,-23.28091048903,
    -16.16906951599));
#4244 = CARTESIAN_POINT('',(37.680849246605,-23.3599428658,
    -16.09334265107));
#4245 = CARTESIAN_POINT('',(37.772015274659,-23.44156001264,
    -16.01160469564));
#4246 = CARTESIAN_POINT('',(37.859199517424,-23.52564901269,
    -15.92361097445));
#4247 = CARTESIAN_POINT('',(37.941780693663,-23.61202731689,
    -15.82915074847));
#4248 = CARTESIAN_POINT('',(38.07561054139,-23.76515190623,
    -15.6540767672));
#4249 = CARTESIAN_POINT('',(38.129319178225,-23.8309500071,
    -15.57654240409));
#4250 = CARTESIAN_POINT('',(38.179889133269,-23.89771718171,
    -15.49542092298));
#4251 = CARTESIAN_POINT('',(38.226993912808,-23.96530098584,
    -15.41070278023));
#4252 = CARTESIAN_POINT('',(38.270285290402,-24.03350318572,
    -15.32244085412));
#4253 = CARTESIAN_POINT('',(38.369952964311,-24.20816759235,
    -15.08895321126));
#4254 = CARTESIAN_POINT('',(38.420580660684,-24.31523493659,
    -14.93886491403));
#4255 = CARTESIAN_POINT('',(38.459878376845,-24.4221902437,
    -14.78123353136));
#4256 = CARTESIAN_POINT('',(38.486633327281,-24.52777984163,
    -14.61721391024));
#4257 = CARTESIAN_POINT('',(38.5,-24.63063247192,-14.44849313606));
#4258 = CARTESIAN_POINT('',(38.5,-24.72935540506,-14.2775));
#4259 = PCURVE('',#1367,#4260);
#4260 = DEFINITIONAL_REPRESENTATION('',(#4261),#4399);
#4261 = B_SPLINE_CURVE_WITH_KNOTS('',6,(#4262,#4263,#4264,#4265,#4266,
    #4267,#4268,#4269,#4270,#4271,#4272,#4273,#4274,#4275,#4276,#4277,
    #4278,#4279,#4280,#4281,#4282,#4283,#4284,#4285,#4286,#4287,#4288,
    #4289,#4290,#4291,#4292,#4293,#4294,#4295,#4296,#4297,#4298,#4299,
    #4300,#4301,#4302,#4303,#4304,#4305,#4306,#4307,#4308,#4309,#4310,
    #4311,#4312,#4313,#4314,#4315,#4316,#4317,#4318,#4319,#4320,#4321,
    #4322,#4323,#4324,#4325,#4326,#4327,#4328,#4329,#4330,#4331,#4332,
    #4333,#4334,#4335,#4336,#4337,#4338,#4339,#4340,#4341,#4342,#4343,
    #4344,#4345,#4346,#4347,#4348,#4349,#4350,#4351,#4352,#4353,#4354,
    #4355,#4356,#4357,#4358,#4359,#4360,#4361,#4362,#4363,#4364,#4365,
    #4366,#4367,#4368,#4369,#4370,#4371,#4372,#4373,#4374,#4375,#4376,
    #4377,#4378,#4379,#4380,#4381,#4382,#4383,#4384,#4385,#4386,#4387,
    #4388,#4389,#4390,#4391,#4392,#4393,#4394,#4395,#4396,#4397,#4398),
  .UNSPECIFIED.,.T.,.F.,(7,5,5,5,5,5,5,5,5,5,5,5,5,5,5,5,5,5,5,5,5,5,5,5
    ,5,5,5,7),(0.,4.376319676481E-02,7.205074791495E-02,0.110691028062,
    0.14240471285,0.168462481287,0.241527759495,0.314677682305,
    0.342497072653,0.37750330968,0.420156266511,0.451620475547,
    0.467829301341,0.477837573013,0.499993469729,0.532156613067,
    0.548365896907,0.57983099509,0.62248515725,0.657492383518,
    0.685312560014,0.758464549968,0.831531892927,0.85759039773,
    0.889304978715,0.927946350798,0.956234701326,1.),.UNSPECIFIED.);
#4262 = CARTESIAN_POINT('',(3.665191429188,8.5));
#4263 = CARTESIAN_POINT('',(3.658276411836,8.5));
#4264 = CARTESIAN_POINT('',(3.651358519209,8.486631607439));
#4265 = CARTESIAN_POINT('',(3.644531519734,8.459877186771));
#4266 = CARTESIAN_POINT('',(3.637866257243,8.420581066008));
#4267 = CARTESIAN_POINT('',(3.631417204984,8.369951767522));
#4268 = CARTESIAN_POINT('',(3.621221795201,8.270285290402));
#4269 = CARTESIAN_POINT('',(3.617323917401,8.226993912808));
#4270 = CARTESIAN_POINT('',(3.613539093224,8.179889133268));
#4271 = CARTESIAN_POINT('',(3.609872234463,8.129319178224));
#4272 = CARTESIAN_POINT('',(3.606325708246,8.07561054139));
#4273 = CARTESIAN_POINT('',(3.59822062443,7.941780693663));
#4274 = CARTESIAN_POINT('',(3.593767446193,7.859199517424));
#4275 = CARTESIAN_POINT('',(3.589540725706,7.772015274658));
#4276 = CARTESIAN_POINT('',(3.585537833608,7.680849246605));
#4277 = CARTESIAN_POINT('',(3.58175407999,7.5862164572));
#4278 = CARTESIAN_POINT('',(3.575252994708,7.408319317976));
#4279 = CARTESIAN_POINT('',(3.572466414311,7.326067129858));
#4280 = CARTESIAN_POINT('',(3.569820696564,7.241979393413));
#4281 = CARTESIAN_POINT('',(3.567312967409,7.156252452982));
#4282 = CARTESIAN_POINT('',(3.56494051182,7.069054100927));
#4283 = CARTESIAN_POINT('',(3.560860406265,6.907782723376));
#4284 = CARTESIAN_POINT('',(3.559109701548,6.834144491796));
#4285 = CARTESIAN_POINT('',(3.557447240726,6.759688299305));
#4286 = CARTESIAN_POINT('',(3.555871799074,6.684485758605));
#4287 = CARTESIAN_POINT('',(3.554382306925,6.608601152139));
#4288 = CARTESIAN_POINT('',(3.549039789505,6.317560245598));
#4289 = CARTESIAN_POINT('',(3.545771101874,6.098161438693));
#4290 = CARTESIAN_POINT('',(3.543149537164,5.875079707553));
#4291 = CARTESIAN_POINT('',(3.54116770134,5.649331259968));
#4292 = CARTESIAN_POINT('',(3.539823620503,5.421813389064));
#4293 = CARTESIAN_POINT('',(3.538426696025,4.964504090367));
#4294 = CARTESIAN_POINT('',(3.538375600786,4.734794055487));
#4295 = CARTESIAN_POINT('',(3.53897962004,4.50494274742));
#4296 = CARTESIAN_POINT('',(3.540256782047,4.275859036151));
#4297 = CARTESIAN_POINT('',(3.542230415035,4.048579845161));
#4298 = CARTESIAN_POINT('',(3.545964279915,3.739005242507));
#4299 = CARTESIAN_POINT('',(3.547098766981,3.654150432596));
#4300 = CARTESIAN_POINT('',(3.548340828479,3.569805102165));
#4301 = CARTESIAN_POINT('',(3.54969247471,3.486046950889));
#4302 = CARTESIAN_POINT('',(3.551155872426,3.402962080286));
#4303 = CARTESIAN_POINT('',(3.554718340631,3.217062154268));
#4304 = CARTESIAN_POINT('',(3.55688389076,3.114698924968));
#4305 = CARTESIAN_POINT('',(3.559234705672,3.01374029474));
#4306 = CARTESIAN_POINT('',(3.561775654536,2.914407220425));
#4307 = CARTESIAN_POINT('',(3.564511702764,2.816957111148));
#4308 = CARTESIAN_POINT('',(3.571025364654,2.605600240094));
#4309 = CARTESIAN_POINT('',(3.574899440608,2.492765183258));
#4310 = CARTESIAN_POINT('',(3.579079477161,2.383695035781));
#4311 = CARTESIAN_POINT('',(3.583573231434,2.279058364893));
#4312 = CARTESIAN_POINT('',(3.588385217373,2.17965714201));
#4313 = CARTESIAN_POINT('',(3.597299317992,2.01761911054));
#4314 = CARTESIAN_POINT('',(3.601256073531,1.952186806871));
#4315 = CARTESIAN_POINT('',(3.605384700355,1.890483362091));
#4316 = CARTESIAN_POINT('',(3.609681866084,1.832937098777));
#4317 = CARTESIAN_POINT('',(3.614140498966,1.780003791911));
#4318 = CARTESIAN_POINT('',(3.621122634631,1.707480785492));
#4319 = CARTESIAN_POINT('',(3.623536202113,1.684168410043));
#4320 = CARTESIAN_POINT('',(3.625987711556,1.662264008611));
#4321 = CARTESIAN_POINT('',(3.628475106472,1.641829653945));
#4322 = CARTESIAN_POINT('',(3.630995930192,1.622924953192));
#4323 = CARTESIAN_POINT('',(3.635122634794,1.594910728103));
#4324 = CARTESIAN_POINT('',(3.636709630461,1.584820548279));
#4325 = CARTESIAN_POINT('',(3.638307586766,1.575347595098));
#4326 = CARTESIAN_POINT('',(3.639915765945,1.5665040199));
#4327 = CARTESIAN_POINT('',(3.641533374587,1.558301036825));
#4328 = CARTESIAN_POINT('',(3.64675955352,1.534030366032));
#4329 = CARTESIAN_POINT('',(3.650401792078,1.520500475807));
#4330 = CARTESIAN_POINT('',(3.654076710838,1.510271487724));
#4331 = CARTESIAN_POINT('',(3.657774039655,1.50342372605));
#4332 = CARTESIAN_POINT('',(3.661482821825,1.5));
#4333 = CARTESIAN_POINT('',(3.670575118764,1.5));
#4334 = CARTESIAN_POINT('',(3.675959737008,1.507214919891));
#4335 = CARTESIAN_POINT('',(3.681308604214,1.521649205491));
#4336 = CARTESIAN_POINT('',(3.686589219532,1.543102968169));
#4337 = CARTESIAN_POINT('',(3.691773077061,1.571238157135));
#4338 = CARTESIAN_POINT('',(3.699386928184,1.622924953192));
#4339 = CARTESIAN_POINT('',(3.701907751904,1.641829653945));
#4340 = CARTESIAN_POINT('',(3.70439514682,1.662264008611));
#4341 = CARTESIAN_POINT('',(3.706846656263,1.684168410043));
#4342 = CARTESIAN_POINT('',(3.709260223745,1.707480785492));
#4343 = CARTESIAN_POINT('',(3.716242359411,1.780003791911));
#4344 = CARTESIAN_POINT('',(3.720700992292,1.832937098777));
#4345 = CARTESIAN_POINT('',(3.724998158021,1.890483362091));
#4346 = CARTESIAN_POINT('',(3.729126784845,1.952186806871));
#4347 = CARTESIAN_POINT('',(3.733083540385,2.01761911054));
#4348 = CARTESIAN_POINT('',(3.741997641004,2.179657142011));
#4349 = CARTESIAN_POINT('',(3.746809626943,2.279058364893));
#4350 = CARTESIAN_POINT('',(3.751303381215,2.383695035781));
#4351 = CARTESIAN_POINT('',(3.755483417768,2.492765183258));
#4352 = CARTESIAN_POINT('',(3.759357493722,2.605600240094));
#4353 = CARTESIAN_POINT('',(3.765871155612,2.816957111148));
#4354 = CARTESIAN_POINT('',(3.768607203841,2.914407220425));
#4355 = CARTESIAN_POINT('',(3.771148152704,3.01374029474));
#4356 = CARTESIAN_POINT('',(3.773498967616,3.114698924968));
#4357 = CARTESIAN_POINT('',(3.775664517746,3.217062154268));
#4358 = CARTESIAN_POINT('',(3.77922698595,3.402962080286));
#4359 = CARTESIAN_POINT('',(3.780690383666,3.486046950889));
#4360 = CARTESIAN_POINT('',(3.782042029897,3.569805102165));
#4361 = CARTESIAN_POINT('',(3.783284091396,3.654150432596));
#4362 = CARTESIAN_POINT('',(3.784418578461,3.739005242507));
#4363 = CARTESIAN_POINT('',(3.788152443341,4.048579845161));
#4364 = CARTESIAN_POINT('',(3.790126076329,4.275859036151));
#4365 = CARTESIAN_POINT('',(3.791403238336,4.504942747421));
#4366 = CARTESIAN_POINT('',(3.79200725759,4.734794055487));
#4367 = CARTESIAN_POINT('',(3.791956162351,4.964504090368));
#4368 = CARTESIAN_POINT('',(3.790559237873,5.421813389064));
#4369 = CARTESIAN_POINT('',(3.789215157036,5.649331259969));
#4370 = CARTESIAN_POINT('',(3.787233321212,5.875079707552));
#4371 = CARTESIAN_POINT('',(3.784611756502,6.098161438694));
#4372 = CARTESIAN_POINT('',(3.781343068871,6.317560245598));
#4373 = CARTESIAN_POINT('',(3.776000551451,6.608601152139));
#4374 = CARTESIAN_POINT('',(3.774511059302,6.684485758605));
#4375 = CARTESIAN_POINT('',(3.77293561765,6.759688299306));
#4376 = CARTESIAN_POINT('',(3.771273156828,6.834144491796));
#4377 = CARTESIAN_POINT('',(3.769522452112,6.907782723376));
#4378 = CARTESIAN_POINT('',(3.765442346556,7.069054100927));
#4379 = CARTESIAN_POINT('',(3.763069890967,7.156252452982));
#4380 = CARTESIAN_POINT('',(3.760562161812,7.241979393413));
#4381 = CARTESIAN_POINT('',(3.757916444066,7.326067129858));
#4382 = CARTESIAN_POINT('',(3.755129863668,7.408319317976));
#4383 = CARTESIAN_POINT('',(3.748628778386,7.5862164572));
#4384 = CARTESIAN_POINT('',(3.744845024768,7.680849246605));
#4385 = CARTESIAN_POINT('',(3.740842132671,7.772015274659));
#4386 = CARTESIAN_POINT('',(3.736615412183,7.859199517424));
#4387 = CARTESIAN_POINT('',(3.732162233946,7.941780693663));
#4388 = CARTESIAN_POINT('',(3.72405715013,8.07561054139));
#4389 = CARTESIAN_POINT('',(3.720510623913,8.129319178225));
#4390 = CARTESIAN_POINT('',(3.716843765152,8.179889133269));
#4391 = CARTESIAN_POINT('',(3.713058940976,8.226993912808));
#4392 = CARTESIAN_POINT('',(3.709161063175,8.270285290402));
#4393 = CARTESIAN_POINT('',(3.698965530967,8.369952964311));
#4394 = CARTESIAN_POINT('',(3.692516590445,8.420580660684));
#4395 = CARTESIAN_POINT('',(3.685851256305,8.459878376845));
#4396 = CARTESIAN_POINT('',(3.679023985028,8.486633327281));
#4397 = CARTESIAN_POINT('',(3.672106010392,8.5));
#4398 = CARTESIAN_POINT('',(3.665191429188,8.5));
#4399 = ( GEOMETRIC_REPRESENTATION_CONTEXT(2) 
PARAMETRIC_REPRESENTATION_CONTEXT() REPRESENTATION_CONTEXT('2D SPACE',''
  ) );
#4400 = PCURVE('',#4401,#4406);
#4401 = CYLINDRICAL_SURFACE('',#4402,3.5);
#4402 = AXIS2_PLACEMENT_3D('',#4403,#4404,#4405);
#4403 = CARTESIAN_POINT('',(35.,-25.11473670974,-14.5));
#4404 = DIRECTION('',(-0.,0.866025403784,0.5));
#4405 = DIRECTION('',(1.,0.,0.));
#4406 = DEFINITIONAL_REPRESENTATION('',(#4407),#4545);
#4407 = B_SPLINE_CURVE_WITH_KNOTS('',6,(#4408,#4409,#4410,#4411,#4412,
    #4413,#4414,#4415,#4416,#4417,#4418,#4419,#4420,#4421,#4422,#4423,
    #4424,#4425,#4426,#4427,#4428,#4429,#4430,#4431,#4432,#4433,#4434,
    #4435,#4436,#4437,#4438,#4439,#4440,#4441,#4442,#4443,#4444,#4445,
    #4446,#4447,#4448,#4449,#4450,#4451,#4452,#4453,#4454,#4455,#4456,
    #4457,#4458,#4459,#4460,#4461,#4462,#4463,#4464,#4465,#4466,#4467,
    #4468,#4469,#4470,#4471,#4472,#4473,#4474,#4475,#4476,#4477,#4478,
    #4479,#4480,#4481,#4482,#4483,#4484,#4485,#4486,#4487,#4488,#4489,
    #4490,#4491,#4492,#4493,#4494,#4495,#4496,#4497,#4498,#4499,#4500,
    #4501,#4502,#4503,#4504,#4505,#4506,#4507,#4508,#4509,#4510,#4511,
    #4512,#4513,#4514,#4515,#4516,#4517,#4518,#4519,#4520,#4521,#4522,
    #4523,#4524,#4525,#4526,#4527,#4528,#4529,#4530,#4531,#4532,#4533,
    #4534,#4535,#4536,#4537,#4538,#4539,#4540,#4541,#4542,#4543,#4544),
  .UNSPECIFIED.,.F.,.F.,(7,5,5,5,5,5,5,5,5,5,5,5,5,5,5,5,5,5,5,5,5,5,5,5
    ,5,5,5,7),(0.,4.376319676481E-02,7.205074791495E-02,0.110691028062,
    0.14240471285,0.168462481287,0.241527759495,0.314677682305,
    0.342497072653,0.37750330968,0.420156266511,0.451620475547,
    0.467829301341,0.477837573013,0.499993469729,0.532156613067,
    0.548365896907,0.57983099509,0.62248515725,0.657492383518,
    0.685312560014,0.758464549968,0.831531892927,0.85759039773,
    0.889304978715,0.927946350798,0.956234701326,1.),.UNSPECIFIED.);
#4408 = CARTESIAN_POINT('',(0.,0.445));
#4409 = CARTESIAN_POINT('',(-5.641666299341E-02,0.445));
#4410 = CARTESIAN_POINT('',(-0.112856675765,0.449713210616));
#4411 = CARTESIAN_POINT('',(-0.168846812892,0.459146481036));
#4412 = CARTESIAN_POINT('',(-0.224098522716,0.472956250918));
#4413 = CARTESIAN_POINT('',(-0.278385002519,0.490635694829));
#4414 = CARTESIAN_POINT('',(-0.365873263123,0.525155272168));
#4415 = CARTESIAN_POINT('',(-0.399761701436,0.540089146805));
#4416 = CARTESIAN_POINT('',(-0.433165318173,0.556259366688));
#4417 = CARTESIAN_POINT('',(-0.466075105207,0.573520695486));
#4418 = CARTESIAN_POINT('',(-0.498495129158,0.591736340808));
#4419 = CARTESIAN_POINT('',(-0.574075555408,0.63680913448));
#4420 = CARTESIAN_POINT('',(-0.616817485155,0.664384827261));
#4421 = CARTESIAN_POINT('',(-0.658712171892,0.693211176889));
#4422 = CARTESIAN_POINT('',(-0.699810928237,0.723024721723));
#4423 = CARTESIAN_POINT('',(-0.7401736574,0.753605335268));
#4424 = CARTESIAN_POINT('',(-0.812455444711,0.810367118531));
#4425 = CARTESIAN_POINT('',(-0.844587441419,0.836351278094));
#4426 = CARTESIAN_POINT('',(-0.876306052295,0.862634822096));
#4427 = CARTESIAN_POINT('',(-0.907645102427,0.889132596044));
#4428 = CARTESIAN_POINT('',(-0.938637119163,0.915771574227));
#4429 = CARTESIAN_POINT('',(-0.994522644342,0.964443490217));
#4430 = CARTESIAN_POINT('',(-1.019517421086,0.986449909071));
#4431 = CARTESIAN_POINT('',(-1.044317405859,1.008474759395));
#4432 = CARTESIAN_POINT('',(-1.068939366637,1.03048682188));
#4433 = CARTESIAN_POINT('',(-1.09339928601,1.05245821595));
#4434 = CARTESIAN_POINT('',(-1.185885566625,1.135788746946));
#4435 = CARTESIAN_POINT('',(-1.252890564025,1.196686590923));
#4436 = CARTESIAN_POINT('',(-1.319093817637,1.256536411569));
#4437 = CARTESIAN_POINT('',(-1.384761810179,1.314925491866));
#4438 = CARTESIAN_POINT('',(-1.450150308623,1.371531330716));
#4439 = CARTESIAN_POINT('',(-1.581009815795,1.48075954883));
#4440 = CARTESIAN_POINT('',(-1.646457269249,1.533357226907));
#4441 = CARTESIAN_POINT('',(-1.712165068281,1.583665598573));
#4442 = CARTESIAN_POINT('',(-1.77837652126,1.631464702707));
#4443 = CARTESIAN_POINT('',(-1.845338890482,1.676575367742));
#4444 = CARTESIAN_POINT('',(-1.93924544425,1.734954153296));
#4445 = CARTESIAN_POINT('',(-1.965271989088,1.750630362106));
#4446 = CARTESIAN_POINT('',(-1.991467743644,1.765890236068));
#4447 = CARTESIAN_POINT('',(-2.017849456261,1.780726479665));
#4448 = CARTESIAN_POINT('',(-2.044434522608,1.79513233452));
#4449 = CARTESIAN_POINT('',(-2.10497261634,1.826679631628));
#4450 = CARTESIAN_POINT('',(-2.139053751654,1.843565801084));
#4451 = CARTESIAN_POINT('',(-2.173522405662,1.859748636237));
#4452 = CARTESIAN_POINT('',(-2.208415158646,1.875216327333));
#4453 = CARTESIAN_POINT('',(-2.243769810831,1.889958001245));
#4454 = CARTESIAN_POINT('',(-2.323319088385,1.921031706755));
#4455 = CARTESIAN_POINT('',(-2.367751607115,1.937005447804));
#4456 = CARTESIAN_POINT('',(-2.41300632094,1.951872391563));
#4457 = CARTESIAN_POINT('',(-2.459149170914,1.965614510157));
#4458 = CARTESIAN_POINT('',(-2.506236469073,1.97821403047));
#4459 = CARTESIAN_POINT('',(-2.589790330976,1.998099753085));
#4460 = CARTESIAN_POINT('',(-2.62579855365,2.005911669756));
#4461 = CARTESIAN_POINT('',(-2.662360683071,2.013087117615));
#4462 = CARTESIAN_POINT('',(-2.699481056291,2.019618657868));
#4463 = CARTESIAN_POINT('',(-2.737149197419,2.025498595213));
#4464 = CARTESIAN_POINT('',(-2.795008926017,2.033409296197));
#4465 = CARTESIAN_POINT('',(-2.814818586268,2.035924013558));
#4466 = CARTESIAN_POINT('',(-2.834761059923,2.038262734853));
#4467 = CARTESIAN_POINT('',(-2.854830403054,2.040424408141));
#4468 = CARTESIAN_POINT('',(-2.875018959915,2.042408016566));
#4469 = CARTESIAN_POINT('',(-2.907850268966,2.04532683745));
#4470 = CARTESIAN_POINT('',(-2.920425275277,2.046372830672));
#4471 = CARTESIAN_POINT('',(-2.93303979938,2.047350340094));
#4472 = CARTESIAN_POINT('',(-2.945691330519,2.048259152338));
#4473 = CARTESIAN_POINT('',(-2.958377115327,2.049099069519));
#4474 = CARTESIAN_POINT('',(-2.999246619021,2.051576362264));
#4475 = CARTESIAN_POINT('',(-3.027553812675,2.052944360942));
#4476 = CARTESIAN_POINT('',(-3.05598023474,2.053971794544));
#4477 = CARTESIAN_POINT('',(-3.084489363789,2.054657249406));
#4478 = CARTESIAN_POINT('',(-3.113041674908,2.055));
#4479 = CARTESIAN_POINT('',(-3.183039372337,2.055));
#4480 = CARTESIAN_POINT('',(-3.224493230632,2.0542777356));
#4481 = CARTESIAN_POINT('',(-3.265809397543,2.052832826414));
#4482 = CARTESIAN_POINT('',(-3.306875132444,2.050669942091));
#4483 = CARTESIAN_POINT('',(-3.347591936593,2.047793298482));
#4484 = CARTESIAN_POINT('',(-3.408166347264,2.042408016566));
#4485 = CARTESIAN_POINT('',(-3.428354904126,2.040424408141));
#4486 = CARTESIAN_POINT('',(-3.448424247257,2.038262734853));
#4487 = CARTESIAN_POINT('',(-3.468366720912,2.035924013558));
#4488 = CARTESIAN_POINT('',(-3.488176381162,2.033409296197));
#4489 = CARTESIAN_POINT('',(-3.546036109761,2.025498595213));
#4490 = CARTESIAN_POINT('',(-3.583704250889,2.019618657868));
#4491 = CARTESIAN_POINT('',(-3.620824624109,2.013087117615));
#4492 = CARTESIAN_POINT('',(-3.657386753529,2.005911669756));
#4493 = CARTESIAN_POINT('',(-3.693394976204,1.998099753085));
#4494 = CARTESIAN_POINT('',(-3.776948838107,1.97821403047));
#4495 = CARTESIAN_POINT('',(-3.824036136265,1.965614510157));
#4496 = CARTESIAN_POINT('',(-3.87017898624,1.951872391563));
#4497 = CARTESIAN_POINT('',(-3.915433700065,1.937005447803));
#4498 = CARTESIAN_POINT('',(-3.959866218795,1.921031706754));
#4499 = CARTESIAN_POINT('',(-4.039415496349,1.889958001245));
#4500 = CARTESIAN_POINT('',(-4.074770148534,1.875216327332));
#4501 = CARTESIAN_POINT('',(-4.109662901518,1.859748636237));
#4502 = CARTESIAN_POINT('',(-4.144131555525,1.843565801084));
#4503 = CARTESIAN_POINT('',(-4.17821269084,1.826679631628));
#4504 = CARTESIAN_POINT('',(-4.238750784572,1.79513233452));
#4505 = CARTESIAN_POINT('',(-4.265335850919,1.780726479665));
#4506 = CARTESIAN_POINT('',(-4.291717563536,1.765890236067));
#4507 = CARTESIAN_POINT('',(-4.317913318092,1.750630362106));
#4508 = CARTESIAN_POINT('',(-4.34393986293,1.734954153296));
#4509 = CARTESIAN_POINT('',(-4.437846416698,1.676575367742));
#4510 = CARTESIAN_POINT('',(-4.50480878592,1.631464702707));
#4511 = CARTESIAN_POINT('',(-4.571020238898,1.583665598573));
#4512 = CARTESIAN_POINT('',(-4.636728037931,1.533357226907));
#4513 = CARTESIAN_POINT('',(-4.702175491385,1.48075954883));
#4514 = CARTESIAN_POINT('',(-4.833034998556,1.371531330716));
#4515 = CARTESIAN_POINT('',(-4.898423497001,1.314925491865));
#4516 = CARTESIAN_POINT('',(-4.964091489542,1.25653641157));
#4517 = CARTESIAN_POINT('',(-5.030294743155,1.196686590923));
#4518 = CARTESIAN_POINT('',(-5.097299740555,1.135788746946));
#4519 = CARTESIAN_POINT('',(-5.18978602117,1.05245821595));
#4520 = CARTESIAN_POINT('',(-5.214245940543,1.03048682188));
#4521 = CARTESIAN_POINT('',(-5.238867901321,1.008474759395));
#4522 = CARTESIAN_POINT('',(-5.263667886094,0.986449909071));
#4523 = CARTESIAN_POINT('',(-5.288662662838,0.964443490217));
#4524 = CARTESIAN_POINT('',(-5.344548188017,0.915771574226));
#4525 = CARTESIAN_POINT('',(-5.375540204753,0.889132596043));
#4526 = CARTESIAN_POINT('',(-5.406879254885,0.862634822096));
#4527 = CARTESIAN_POINT('',(-5.438597865761,0.836351278094));
#4528 = CARTESIAN_POINT('',(-5.470729862469,0.810367118531));
#4529 = CARTESIAN_POINT('',(-5.54301164978,0.753605335268));
#4530 = CARTESIAN_POINT('',(-5.583374378943,0.723024721723));
#4531 = CARTESIAN_POINT('',(-5.624473135288,0.693211176889));
#4532 = CARTESIAN_POINT('',(-5.666367822025,0.664384827261));
#4533 = CARTESIAN_POINT('',(-5.709109751772,0.63680913448));
#4534 = CARTESIAN_POINT('',(-5.784690178022,0.591736340808));
#4535 = CARTESIAN_POINT('',(-5.817110201973,0.573520695486));
#4536 = CARTESIAN_POINT('',(-5.850019989006,0.556259366688));
#4537 = CARTESIAN_POINT('',(-5.883423605744,0.540089146805));
#4538 = CARTESIAN_POINT('',(-5.917312044057,0.525155272168));
#4539 = CARTESIAN_POINT('',(-6.004801355215,0.49063528032));
#4540 = CARTESIAN_POINT('',(-6.059086835526,0.472956388902));
#4541 = CARTESIAN_POINT('',(-6.114339236549,0.459146067211));
#4542 = CARTESIAN_POINT('',(-6.170331515971,0.449712603591));
#4543 = CARTESIAN_POINT('',(-6.226772202529,0.445));
#4544 = CARTESIAN_POINT('',(-6.28318530718,0.445));
#4545 = ( GEOMETRIC_REPRESENTATION_CONTEXT(2) 
PARAMETRIC_REPRESENTATION_CONTEXT() REPRESENTATION_CONTEXT('2D SPACE',''
  ) );
#4546 = FACE_BOUND('',#4547,.T.);
#4547 = EDGE_LOOP('',(#4548));
#4548 = ORIENTED_EDGE('',*,*,#4549,.F.);
#4549 = EDGE_CURVE('',#4550,#4550,#4552,.T.);
#4550 = VERTEX_POINT('',#4551);
#4551 = CARTESIAN_POINT('',(38.5,24.729355405065,-14.2775));
#4552 = SURFACE_CURVE('',#4553,(#4691,#4832),.PCURVE_S1.);
#4553 = B_SPLINE_CURVE_WITH_KNOTS('',6,(#4554,#4555,#4556,#4557,#4558,
    #4559,#4560,#4561,#4562,#4563,#4564,#4565,#4566,#4567,#4568,#4569,
    #4570,#4571,#4572,#4573,#4574,#4575,#4576,#4577,#4578,#4579,#4580,
    #4581,#4582,#4583,#4584,#4585,#4586,#4587,#4588,#4589,#4590,#4591,
    #4592,#4593,#4594,#4595,#4596,#4597,#4598,#4599,#4600,#4601,#4602,
    #4603,#4604,#4605,#4606,#4607,#4608,#4609,#4610,#4611,#4612,#4613,
    #4614,#4615,#4616,#4617,#4618,#4619,#4620,#4621,#4622,#4623,#4624,
    #4625,#4626,#4627,#4628,#4629,#4630,#4631,#4632,#4633,#4634,#4635,
    #4636,#4637,#4638,#4639,#4640,#4641,#4642,#4643,#4644,#4645,#4646,
    #4647,#4648,#4649,#4650,#4651,#4652,#4653,#4654,#4655,#4656,#4657,
    #4658,#4659,#4660,#4661,#4662,#4663,#4664,#4665,#4666,#4667,#4668,
    #4669,#4670,#4671,#4672,#4673,#4674,#4675,#4676,#4677,#4678,#4679,
    #4680,#4681,#4682,#4683,#4684,#4685,#4686,#4687,#4688,#4689,#4690),
  .UNSPECIFIED.,.T.,.F.,(7,5,5,5,5,5,5,5,5,5,5,5,5,5,5,5,5,5,5,5,5,5,5,5
    ,5,5,5,7),(0.,4.376319676496E-02,7.205074791516E-02,0.110691028063,
    0.142404712851,0.168462481288,0.241527759496,0.314677682306,
    0.342497072654,0.377503309681,0.420156266511,0.451620475547,
    0.467829301342,0.477837573014,0.499993469729,0.532156613067,
    0.548365896907,0.57983099509,0.62248515725,0.657492383519,
    0.685312560014,0.758464549968,0.831531892927,0.85759039773,
    0.889304978715,0.927946350798,0.956234701325,1.),.UNSPECIFIED.);
#4554 = CARTESIAN_POINT('',(38.5,24.729355405065,-14.2775));
#4555 = CARTESIAN_POINT('',(38.5,24.630626244826,-14.44850392172));
#4556 = CARTESIAN_POINT('',(38.486631607439,24.52777425903,
    -14.61722236554));
#4557 = CARTESIAN_POINT('',(38.459877186771,24.422188722845,
    -14.78123533792));
#4558 = CARTESIAN_POINT('',(38.420581066008,24.315234896995,
    -14.93886525859));
#4559 = CARTESIAN_POINT('',(38.369951767522,24.208165495016,
    -15.08895601493));
#4560 = CARTESIAN_POINT('',(38.270285290402,24.033503185722,
    -15.32244085412));
#4561 = CARTESIAN_POINT('',(38.226993912808,23.96530098584,
    -15.41070278023));
#4562 = CARTESIAN_POINT('',(38.179889133268,23.897717181714,
    -15.49542092298));
#4563 = CARTESIAN_POINT('',(38.129319178224,23.830950007102,
    -15.57654240409));
#4564 = CARTESIAN_POINT('',(38.07561054139,23.76515190623,-15.6540767672
    ));
#4565 = CARTESIAN_POINT('',(37.941780693663,23.612027316893,
    -15.82915074847));
#4566 = CARTESIAN_POINT('',(37.859199517424,23.525649012697,
    -15.92361097445));
#4567 = CARTESIAN_POINT('',(37.772015274658,23.441560012646,
    -16.01160469564));
#4568 = CARTESIAN_POINT('',(37.680849246605,23.359942865806,
    -16.09334265107));
#4569 = CARTESIAN_POINT('',(37.5862164572,23.280910489036,
    -16.16906951599));
#4570 = CARTESIAN_POINT('',(37.408319317976,23.141816346245,
    -16.29646407181));
#4571 = CARTESIAN_POINT('',(37.326067129858,23.080900684523,
    -16.35000477376));
#4572 = CARTESIAN_POINT('',(37.241979393413,23.021804043128,
    -16.39979607121));
#4573 = CARTESIAN_POINT('',(37.156252452982,22.964552195584,
    -16.44596363209));
#4574 = CARTESIAN_POINT('',(37.069054100927,22.909162395915,
    -16.48862362297));
#4575 = CARTESIAN_POINT('',(36.907782723376,22.811669966853,
    -16.56014163148));
#4576 = CARTESIAN_POINT('',(36.834144491796,22.768960682511,
    -16.59010344421));
#4577 = CARTESIAN_POINT('',(36.759688299305,22.727522173275,
    -16.61782734694));
#4578 = CARTESIAN_POINT('',(36.684485758605,22.68735990413,
    -16.64336631268));
#4579 = CARTESIAN_POINT('',(36.608601152139,22.648478628873,
    -16.66676786875));
#4580 = CARTESIAN_POINT('',(36.317560245598,22.505463553061,
    -16.74781618431));
#4581 = CARTESIAN_POINT('',(36.098161438693,22.410170669809,
    -16.79107261175));
#4582 = CARTESIAN_POINT('',(35.875079707553,22.325048191304,
    -16.81880942809));
#4583 = CARTESIAN_POINT('',(35.649331259968,22.250254127666,
    -16.83157838583));
#4584 = CARTESIAN_POINT('',(35.421813389065,22.18594628249,
    -16.8297511633));
#4585 = CARTESIAN_POINT('',(34.964504090367,22.07870488117,
    -16.79704228283));
#4586 = CARTESIAN_POINT('',(34.734794055486,22.035815727,-16.76613312079
    ));
#4587 = CARTESIAN_POINT('',(34.504942747422,22.003908788405,
    -16.72078081622));
#4588 = CARTESIAN_POINT('',(34.27585903615,21.983332753669,
    -16.66082134553));
#4589 = CARTESIAN_POINT('',(34.048579845161,21.974474569741,
    -16.58594284009));
#4590 = CARTESIAN_POINT('',(33.739005242507,21.979120015052,
    -16.46113912168));
#4591 = CARTESIAN_POINT('',(33.654150432596,21.982167791483,
    -16.42450780043));
#4592 = CARTESIAN_POINT('',(33.569805102165,21.987010875945,
    -16.38559958415));
#4593 = CARTESIAN_POINT('',(33.486046950889,21.993678457751,
    -16.34437850651));
#4594 = CARTESIAN_POINT('',(33.402962080286,22.00220145587,
    -16.30080453102));
#4595 = CARTESIAN_POINT('',(33.217062154268,22.025713170544,
    -16.19698645242));
#4596 = CARTESIAN_POINT('',(33.114698924968,22.041802854768,
    -16.13534596295));
#4597 = CARTESIAN_POINT('',(33.01374029474,22.060947038427,
    -16.06982159388));
#4598 = CARTESIAN_POINT('',(32.914407220425,22.08321372465,
    -16.00031917984));
#4599 = CARTESIAN_POINT('',(32.816957111148,22.108671833207,
    -15.92674109452));
#4600 = CARTESIAN_POINT('',(32.605600240094,22.172380398329,
    -15.75424721184));
#4601 = CARTESIAN_POINT('',(32.492765183258,22.212205407,-15.65332079131
    ));
#4602 = CARTESIAN_POINT('',(32.383695035781,22.256991595301,
    -15.54601495018));
#4603 = CARTESIAN_POINT('',(32.279058364892,22.306848079431,
    -15.43217674939));
#4604 = CARTESIAN_POINT('',(32.17965714201,22.361842983567,
    -15.31172374064));
#4605 = CARTESIAN_POINT('',(32.01761911054,22.466342396418,
    -15.09095400299));
#4606 = CARTESIAN_POINT('',(31.952186806871,22.513497630664,
    -14.99365490809));
#4607 = CARTESIAN_POINT('',(31.890483362091,22.563441394344,
    -14.89279887616));
#4608 = CARTESIAN_POINT('',(31.832937098777,22.616135509129,
    -14.78846691158));
#4609 = CARTESIAN_POINT('',(31.780003791911,22.671493837833,
    -14.68082359896));
#4610 = CARTESIAN_POINT('',(31.707480785492,22.759181756715,
    -14.51312226628));
#4611 = CARTESIAN_POINT('',(31.684168410043,22.789662601453,
    -14.45529845981));
#4612 = CARTESIAN_POINT('',(31.662264008611,22.820789160307,
    -14.39670823582));
#4613 = CARTESIAN_POINT('',(31.641829653945,22.852535569056,
    -14.33739849633));
#4614 = CARTESIAN_POINT('',(31.622924953192,22.884870749136,
    -14.27742510471));
#4615 = CARTESIAN_POINT('',(31.594910728103,22.938064190989,
    -14.17945371903));
#4616 = CARTESIAN_POINT('',(31.584820548279,22.958581028441,
    -14.14182552771));
#4617 = CARTESIAN_POINT('',(31.575347595098,22.979299647092,
    -14.1039848087));
#4618 = CARTESIAN_POINT('',(31.5665040199,23.000210638286,
    -14.06594828502));
#4619 = CARTESIAN_POINT('',(31.558301036825,23.021303858155,
    -14.02773392215));
#4620 = CARTESIAN_POINT('',(31.534030366032,23.089643049525,
    -13.90441238506));
#4621 = CARTESIAN_POINT('',(31.520500475807,23.137560019329,
    -13.81868176146));
#4622 = CARTESIAN_POINT('',(31.510271487724,23.186196576534,
    -13.73238590607));
#4623 = CARTESIAN_POINT('',(31.50342372605,23.235420557264,
    -13.64575656077));
#4624 = CARTESIAN_POINT('',(31.5,23.285090292279,-13.55904055494));
#4625 = CARTESIAN_POINT('',(31.5,23.40758626278,-13.34687131031));
#4626 = CARTESIAN_POINT('',(31.507214919891,23.480756030824,
    -13.22158208328));
#4627 = CARTESIAN_POINT('',(31.521649205491,23.554086292156,
    -13.09746016329));
#4628 = CARTESIAN_POINT('',(31.543102968169,23.627151466347,
    -12.97523333797));
#4629 = CARTESIAN_POINT('',(31.571238157135,23.699577687976,
    -12.85554072953));
#4630 = CARTESIAN_POINT('',(31.622924953192,23.807048215882,
    -12.68016687871));
#4631 = CARTESIAN_POINT('',(31.641829653945,23.842819106538,
    -12.62217709552));
#4632 = CARTESIAN_POINT('',(31.662264008611,23.878309643251,
    -12.56502902932));
#4633 = CARTESIAN_POINT('',(31.684168410043,23.913486986213,
    -12.50877752662));
#4634 = CARTESIAN_POINT('',(31.707480785492,23.948323449187,
    -12.45346843752));
#4635 = CARTESIAN_POINT('',(31.780003791911,24.049713104096,
    -12.29367780582));
#4636 = CARTESIAN_POINT('',(31.832937098777,24.115255783026,
    -12.19191443054));
#4637 = CARTESIAN_POINT('',(31.890483362091,24.179262857381,
    -12.09411400622));
#4638 = CARTESIAN_POINT('',(31.952186806871,24.241634861321,
    -12.00043342214));
#4639 = CARTESIAN_POINT('',(32.01761911054,24.302320732146,
    -11.91094624391));
#4640 = CARTESIAN_POINT('',(32.17965714201,24.44126322691,
    -11.71006222888));
#4641 = CARTESIAN_POINT('',(32.279058364893,24.51808114038,
    -11.60220874045));
#4642 = CARTESIAN_POINT('',(32.383695035781,24.591739672119,
    -11.50211265825));
#4643 = CARTESIAN_POINT('',(32.492765183258,24.662276162365,
    -11.40967376088));
#4644 = CARTESIAN_POINT('',(32.605600240094,24.729768502119,
    -11.3247210814));
#4645 = CARTESIAN_POINT('',(32.816957111148,24.847298303962,
    -11.18330090422));
#4646 = CARTESIAN_POINT('',(32.914407220425,24.898289740725,
    -11.12446449282));
#4647 = CARTESIAN_POINT('',(33.01374029474,24.947347253802,
    -11.07042976987));
#4648 = CARTESIAN_POINT('',(33.114698924968,24.994520930155,
    -11.02108823596));
#4649 = CARTESIAN_POINT('',(33.217062154268,25.039858317823,
    -10.97633391594));
#4650 = CARTESIAN_POINT('',(33.402962080286,25.118011553929,
    -10.90406313445));
#4651 = CARTESIAN_POINT('',(33.486046950889,25.151486224582,
    -10.87489501382));
#4652 = CARTESIAN_POINT('',(33.569805102165,25.183850934093,
    -10.84851017977));
#4653 = CARTESIAN_POINT('',(33.654150432596,25.215124895573,
    -10.82486183745));
#4654 = CARTESIAN_POINT('',(33.739005242507,25.245324662134,
    -10.80390672502));
#4655 = CARTESIAN_POINT('',(34.048579845161,25.351085130108,
    -10.73748179216));
#4656 = CARTESIAN_POINT('',(34.275859036151,25.420360909984,
    -10.70771395175));
#4657 = CARTESIAN_POINT('',(34.504942747421,25.482575352164,
    -10.6955535852));
#4658 = CARTESIAN_POINT('',(34.734794055487,25.537805069342,
    -10.70050965229));
#4659 = CARTESIAN_POINT('',(34.964504090367,25.586017765961,
    -10.72219816833));
#4660 = CARTESIAN_POINT('',(35.421813389065,25.667965188034,
    -10.79871750598));
#4661 = CARTESIAN_POINT('',(35.649331259968,25.701701531752,
    -10.8534961223));
#4662 = CARTESIAN_POINT('',(35.875079707553,25.728040321795,
    -10.92465416033));
#4663 = CARTESIAN_POINT('',(36.098161438694,25.746580773473,
    -11.01224079732));
#4664 = CARTESIAN_POINT('',(36.317560245598,25.756766050061,
    -11.11639506873));
#4665 = CARTESIAN_POINT('',(36.608601152139,25.758083687756,
    -11.28077391529));
#4666 = CARTESIAN_POINT('',(36.684485758605,25.757257983341,
    -11.32614686543));
#4667 = CARTESIAN_POINT('',(36.759688299306,25.755221724798,
    -11.37369789365));
#4668 = CARTESIAN_POINT('',(36.834144491796,25.751931375353,
    -11.42344664671));
#4669 = CARTESIAN_POINT('',(36.907782723376,25.74733832656,
    -11.4754148783));
#4670 = CARTESIAN_POINT('',(37.069054100927,25.734148128895,
    -11.59560480279));
#4671 = CARTESIAN_POINT('',(37.156252452982,25.724898392901,
    -11.66490377186));
#4672 = CARTESIAN_POINT('',(37.241979393413,25.713542036121,
    -11.73756910668));
#4673 = CARTESIAN_POINT('',(37.326067129858,25.699969828341,
    -11.81364394813));
#4674 = CARTESIAN_POINT('',(37.408319317976,25.684060051174,
    -11.89316880965));
#4675 = CARTESIAN_POINT('',(37.5862164572,25.643280200923,
    -12.07732514874));
#4676 = CARTESIAN_POINT('',(37.680849246605,25.617215000538,
    -12.1836326272));
#4677 = CARTESIAN_POINT('',(37.772015274659,25.587236428106,
    -12.29518412746));
#4678 = CARTESIAN_POINT('',(37.859199517424,25.553076130207,
    -12.41200419828));
#4679 = CARTESIAN_POINT('',(37.941780693663,25.514460326961,
    -12.53404011704));
#4680 = CARTESIAN_POINT('',(38.07561054139,25.439404106303,
    -12.75418689199));
#4681 = CARTESIAN_POINT('',(38.129319178225,25.405156428622,
    -12.84993690042));
#4682 = CARTESIAN_POINT('',(38.179889133269,25.368286752493,
    -12.94831971033));
#4683 = CARTESIAN_POINT('',(38.226993912808,25.328710590774,
    -13.04920807296));
#4684 = CARTESIAN_POINT('',(38.270285290402,25.286374620517,
    -13.1524038737));
#4685 = CARTESIAN_POINT('',(38.369952964311,25.171500593646,
    -13.42041150841));
#4686 = CARTESIAN_POINT('',(38.420580660683,25.09505398756,
    -13.58817869705));
#4687 = CARTESIAN_POINT('',(38.459878376846,25.012018859287,
    -13.75962040142));
#4688 = CARTESIAN_POINT('',(38.486633327281,24.922768499642,
    -13.93307348616));
#4689 = CARTESIAN_POINT('',(38.5,24.828078338202,-14.10650686393));
#4690 = CARTESIAN_POINT('',(38.5,24.729355405065,-14.2775));
#4691 = PCURVE('',#1367,#4692);
#4692 = DEFINITIONAL_REPRESENTATION('',(#4693),#4831);
#4693 = B_SPLINE_CURVE_WITH_KNOTS('',6,(#4694,#4695,#4696,#4697,#4698,
    #4699,#4700,#4701,#4702,#4703,#4704,#4705,#4706,#4707,#4708,#4709,
    #4710,#4711,#4712,#4713,#4714,#4715,#4716,#4717,#4718,#4719,#4720,
    #4721,#4722,#4723,#4724,#4725,#4726,#4727,#4728,#4729,#4730,#4731,
    #4732,#4733,#4734,#4735,#4736,#4737,#4738,#4739,#4740,#4741,#4742,
    #4743,#4744,#4745,#4746,#4747,#4748,#4749,#4750,#4751,#4752,#4753,
    #4754,#4755,#4756,#4757,#4758,#4759,#4760,#4761,#4762,#4763,#4764,
    #4765,#4766,#4767,#4768,#4769,#4770,#4771,#4772,#4773,#4774,#4775,
    #4776,#4777,#4778,#4779,#4780,#4781,#4782,#4783,#4784,#4785,#4786,
    #4787,#4788,#4789,#4790,#4791,#4792,#4793,#4794,#4795,#4796,#4797,
    #4798,#4799,#4800,#4801,#4802,#4803,#4804,#4805,#4806,#4807,#4808,
    #4809,#4810,#4811,#4812,#4813,#4814,#4815,#4816,#4817,#4818,#4819,
    #4820,#4821,#4822,#4823,#4824,#4825,#4826,#4827,#4828,#4829,#4830),
  .UNSPECIFIED.,.T.,.F.,(7,5,5,5,5,5,5,5,5,5,5,5,5,5,5,5,5,5,5,5,5,5,5,5
    ,5,5,5,7),(0.,4.376319676496E-02,7.205074791516E-02,0.110691028063,
    0.142404712851,0.168462481288,0.241527759496,0.314677682306,
    0.342497072654,0.377503309681,0.420156266511,0.451620475547,
    0.467829301342,0.477837573014,0.499993469729,0.532156613067,
    0.548365896907,0.57983099509,0.62248515725,0.657492383519,
    0.685312560014,0.758464549968,0.831531892927,0.85759039773,
    0.889304978715,0.927946350798,0.956234701325,1.),.UNSPECIFIED.);
#4694 = CARTESIAN_POINT('',(5.759586531581,8.5));
#4695 = CARTESIAN_POINT('',(5.75267151423,8.5));
#4696 = CARTESIAN_POINT('',(5.745753621602,8.486631607439));
#4697 = CARTESIAN_POINT('',(5.738926622128,8.459877186771));
#4698 = CARTESIAN_POINT('',(5.732261359637,8.420581066009));
#4699 = CARTESIAN_POINT('',(5.725812307377,8.369951767522));
#4700 = CARTESIAN_POINT('',(5.715616897595,8.270285290402));
#4701 = CARTESIAN_POINT('',(5.711719019794,8.226993912808));
#4702 = CARTESIAN_POINT('',(5.707934195617,8.179889133268));
#4703 = CARTESIAN_POINT('',(5.704267336856,8.129319178224));
#4704 = CARTESIAN_POINT('',(5.700720810639,8.07561054139));
#4705 = CARTESIAN_POINT('',(5.692615726823,7.941780693663));
#4706 = CARTESIAN_POINT('',(5.688162548586,7.859199517424));
#4707 = CARTESIAN_POINT('',(5.683935828099,7.772015274658));
#4708 = CARTESIAN_POINT('',(5.679932936001,7.680849246605));
#4709 = CARTESIAN_POINT('',(5.676149182383,7.5862164572));
#4710 = CARTESIAN_POINT('',(5.669648097101,7.408319317976));
#4711 = CARTESIAN_POINT('',(5.666861516704,7.326067129858));
#4712 = CARTESIAN_POINT('',(5.664215798957,7.241979393413));
#4713 = CARTESIAN_POINT('',(5.661708069802,7.156252452982));
#4714 = CARTESIAN_POINT('',(5.659335614214,7.069054100927));
#4715 = CARTESIAN_POINT('',(5.655255508658,6.907782723376));
#4716 = CARTESIAN_POINT('',(5.653504803941,6.834144491796));
#4717 = CARTESIAN_POINT('',(5.651842343119,6.759688299305));
#4718 = CARTESIAN_POINT('',(5.650266901467,6.684485758605));
#4719 = CARTESIAN_POINT('',(5.648777409318,6.608601152139));
#4720 = CARTESIAN_POINT('',(5.643434891898,6.317560245598));
#4721 = CARTESIAN_POINT('',(5.640166204267,6.098161438693));
#4722 = CARTESIAN_POINT('',(5.637544639557,5.875079707553));
#4723 = CARTESIAN_POINT('',(5.635562803733,5.649331259968));
#4724 = CARTESIAN_POINT('',(5.634218722896,5.421813389065));
#4725 = CARTESIAN_POINT('',(5.632821798418,4.964504090367));
#4726 = CARTESIAN_POINT('',(5.632770703179,4.734794055486));
#4727 = CARTESIAN_POINT('',(5.633374722433,4.504942747421));
#4728 = CARTESIAN_POINT('',(5.63465188444,4.27585903615));
#4729 = CARTESIAN_POINT('',(5.636625517429,4.048579845161));
#4730 = CARTESIAN_POINT('',(5.640359382309,3.739005242507));
#4731 = CARTESIAN_POINT('',(5.641493869374,3.654150432596));
#4732 = CARTESIAN_POINT('',(5.642735930872,3.569805102165));
#4733 = CARTESIAN_POINT('',(5.644087577104,3.486046950889));
#4734 = CARTESIAN_POINT('',(5.64555097482,3.402962080286));
#4735 = CARTESIAN_POINT('',(5.649113443024,3.217062154268));
#4736 = CARTESIAN_POINT('',(5.651278993154,3.114698924968));
#4737 = CARTESIAN_POINT('',(5.653629808066,3.01374029474));
#4738 = CARTESIAN_POINT('',(5.656170756929,2.914407220425));
#4739 = CARTESIAN_POINT('',(5.658906805157,2.816957111148));
#4740 = CARTESIAN_POINT('',(5.665420467047,2.605600240094));
#4741 = CARTESIAN_POINT('',(5.669294543001,2.492765183258));
#4742 = CARTESIAN_POINT('',(5.673474579555,2.383695035781));
#4743 = CARTESIAN_POINT('',(5.677968333827,2.279058364892));
#4744 = CARTESIAN_POINT('',(5.682780319766,2.17965714201));
#4745 = CARTESIAN_POINT('',(5.691694420385,2.01761911054));
#4746 = CARTESIAN_POINT('',(5.695651175924,1.952186806871));
#4747 = CARTESIAN_POINT('',(5.699779802748,1.890483362091));
#4748 = CARTESIAN_POINT('',(5.704076968477,1.832937098777));
#4749 = CARTESIAN_POINT('',(5.708535601359,1.780003791911));
#4750 = CARTESIAN_POINT('',(5.715517737024,1.707480785492));
#4751 = CARTESIAN_POINT('',(5.717931304506,1.684168410043));
#4752 = CARTESIAN_POINT('',(5.720382813949,1.662264008611));
#4753 = CARTESIAN_POINT('',(5.722870208866,1.641829653945));
#4754 = CARTESIAN_POINT('',(5.725391032585,1.622924953192));
#4755 = CARTESIAN_POINT('',(5.729517737187,1.594910728103));
#4756 = CARTESIAN_POINT('',(5.731104732854,1.584820548279));
#4757 = CARTESIAN_POINT('',(5.73270268916,1.575347595098));
#4758 = CARTESIAN_POINT('',(5.734310868338,1.5665040199));
#4759 = CARTESIAN_POINT('',(5.735928476981,1.558301036825));
#4760 = CARTESIAN_POINT('',(5.741154655913,1.534030366032));
#4761 = CARTESIAN_POINT('',(5.744796894472,1.520500475807));
#4762 = CARTESIAN_POINT('',(5.748471813231,1.510271487724));
#4763 = CARTESIAN_POINT('',(5.752169142048,1.50342372605));
#4764 = CARTESIAN_POINT('',(5.755877924219,1.5));
#4765 = CARTESIAN_POINT('',(5.764970221157,1.5));
#4766 = CARTESIAN_POINT('',(5.770354839401,1.507214919891));
#4767 = CARTESIAN_POINT('',(5.775703706607,1.521649205491));
#4768 = CARTESIAN_POINT('',(5.780984321925,1.543102968169));
#4769 = CARTESIAN_POINT('',(5.786168179455,1.571238157135));
#4770 = CARTESIAN_POINT('',(5.793782030578,1.622924953192));
#4771 = CARTESIAN_POINT('',(5.796302854297,1.641829653945));
#4772 = CARTESIAN_POINT('',(5.798790249213,1.662264008611));
#4773 = CARTESIAN_POINT('',(5.801241758656,1.684168410043));
#4774 = CARTESIAN_POINT('',(5.803655326138,1.707480785492));
#4775 = CARTESIAN_POINT('',(5.810637461804,1.780003791911));
#4776 = CARTESIAN_POINT('',(5.815096094685,1.832937098777));
#4777 = CARTESIAN_POINT('',(5.819393260414,1.890483362091));
#4778 = CARTESIAN_POINT('',(5.823521887238,1.952186806871));
#4779 = CARTESIAN_POINT('',(5.827478642778,2.01761911054));
#4780 = CARTESIAN_POINT('',(5.836392743397,2.17965714201));
#4781 = CARTESIAN_POINT('',(5.841204729336,2.279058364893));
#4782 = CARTESIAN_POINT('',(5.845698483608,2.383695035781));
#4783 = CARTESIAN_POINT('',(5.849878520162,2.492765183258));
#4784 = CARTESIAN_POINT('',(5.853752596115,2.605600240094));
#4785 = CARTESIAN_POINT('',(5.860266258006,2.816957111148));
#4786 = CARTESIAN_POINT('',(5.863002306234,2.914407220425));
#4787 = CARTESIAN_POINT('',(5.865543255097,3.01374029474));
#4788 = CARTESIAN_POINT('',(5.867894070009,3.114698924968));
#4789 = CARTESIAN_POINT('',(5.870059620139,3.217062154268));
#4790 = CARTESIAN_POINT('',(5.873622088343,3.402962080286));
#4791 = CARTESIAN_POINT('',(5.875085486059,3.486046950889));
#4792 = CARTESIAN_POINT('',(5.87643713229,3.569805102165));
#4793 = CARTESIAN_POINT('',(5.877679193789,3.654150432596));
#4794 = CARTESIAN_POINT('',(5.878813680854,3.739005242507));
#4795 = CARTESIAN_POINT('',(5.882547545734,4.048579845161));
#4796 = CARTESIAN_POINT('',(5.884521178722,4.275859036151));
#4797 = CARTESIAN_POINT('',(5.885798340729,4.504942747421));
#4798 = CARTESIAN_POINT('',(5.886402359984,4.734794055487));
#4799 = CARTESIAN_POINT('',(5.886351264744,4.964504090367));
#4800 = CARTESIAN_POINT('',(5.884954340266,5.421813389065));
#4801 = CARTESIAN_POINT('',(5.883610259429,5.649331259968));
#4802 = CARTESIAN_POINT('',(5.881628423606,5.875079707553));
#4803 = CARTESIAN_POINT('',(5.879006858895,6.098161438694));
#4804 = CARTESIAN_POINT('',(5.875738171265,6.317560245598));
#4805 = CARTESIAN_POINT('',(5.870395653845,6.608601152139));
#4806 = CARTESIAN_POINT('',(5.868906161696,6.684485758605));
#4807 = CARTESIAN_POINT('',(5.867330720043,6.759688299306));
#4808 = CARTESIAN_POINT('',(5.865668259221,6.834144491796));
#4809 = CARTESIAN_POINT('',(5.863917554505,6.907782723376));
#4810 = CARTESIAN_POINT('',(5.859837448949,7.069054100927));
#4811 = CARTESIAN_POINT('',(5.85746499336,7.156252452982));
#4812 = CARTESIAN_POINT('',(5.854957264206,7.241979393413));
#4813 = CARTESIAN_POINT('',(5.852311546459,7.326067129858));
#4814 = CARTESIAN_POINT('',(5.849524966062,7.408319317976));
#4815 = CARTESIAN_POINT('',(5.843023880779,7.5862164572));
#4816 = CARTESIAN_POINT('',(5.839240127161,7.680849246605));
#4817 = CARTESIAN_POINT('',(5.835237235064,7.772015274659));
#4818 = CARTESIAN_POINT('',(5.831010514577,7.859199517424));
#4819 = CARTESIAN_POINT('',(5.826557336339,7.941780693663));
#4820 = CARTESIAN_POINT('',(5.818452252524,8.07561054139));
#4821 = CARTESIAN_POINT('',(5.814905726306,8.129319178225));
#4822 = CARTESIAN_POINT('',(5.811238867546,8.179889133269));
#4823 = CARTESIAN_POINT('',(5.807454043369,8.226993912808));
#4824 = CARTESIAN_POINT('',(5.803556165568,8.270285290402));
#4825 = CARTESIAN_POINT('',(5.79336063336,8.369952964311));
#4826 = CARTESIAN_POINT('',(5.786911692839,8.420580660683));
#4827 = CARTESIAN_POINT('',(5.780246358698,8.459878376846));
#4828 = CARTESIAN_POINT('',(5.773419087421,8.486633327281));
#4829 = CARTESIAN_POINT('',(5.766501112785,8.5));
#4830 = CARTESIAN_POINT('',(5.759586531581,8.5));
#4831 = ( GEOMETRIC_REPRESENTATION_CONTEXT(2) 
PARAMETRIC_REPRESENTATION_CONTEXT() REPRESENTATION_CONTEXT('2D SPACE',''
  ) );
#4832 = PCURVE('',#4833,#4838);
#4833 = CYLINDRICAL_SURFACE('',#4834,3.5);
#4834 = AXIS2_PLACEMENT_3D('',#4835,#4836,#4837);
#4835 = CARTESIAN_POINT('',(35.,25.114736709749,-14.5));
#4836 = DIRECTION('',(-0.,-0.866025403784,0.5));
#4837 = DIRECTION('',(1.,0.,0.));
#4838 = DEFINITIONAL_REPRESENTATION('',(#4839),#4977);
#4839 = B_SPLINE_CURVE_WITH_KNOTS('',6,(#4840,#4841,#4842,#4843,#4844,
    #4845,#4846,#4847,#4848,#4849,#4850,#4851,#4852,#4853,#4854,#4855,
    #4856,#4857,#4858,#4859,#4860,#4861,#4862,#4863,#4864,#4865,#4866,
    #4867,#4868,#4869,#4870,#4871,#4872,#4873,#4874,#4875,#4876,#4877,
    #4878,#4879,#4880,#4881,#4882,#4883,#4884,#4885,#4886,#4887,#4888,
    #4889,#4890,#4891,#4892,#4893,#4894,#4895,#4896,#4897,#4898,#4899,
    #4900,#4901,#4902,#4903,#4904,#4905,#4906,#4907,#4908,#4909,#4910,
    #4911,#4912,#4913,#4914,#4915,#4916,#4917,#4918,#4919,#4920,#4921,
    #4922,#4923,#4924,#4925,#4926,#4927,#4928,#4929,#4930,#4931,#4932,
    #4933,#4934,#4935,#4936,#4937,#4938,#4939,#4940,#4941,#4942,#4943,
    #4944,#4945,#4946,#4947,#4948,#4949,#4950,#4951,#4952,#4953,#4954,
    #4955,#4956,#4957,#4958,#4959,#4960,#4961,#4962,#4963,#4964,#4965,
    #4966,#4967,#4968,#4969,#4970,#4971,#4972,#4973,#4974,#4975,#4976),
  .UNSPECIFIED.,.F.,.F.,(7,5,5,5,5,5,5,5,5,5,5,5,5,5,5,5,5,5,5,5,5,5,5,5
    ,5,5,5,7),(0.,4.376319676496E-02,7.205074791516E-02,0.110691028063,
    0.142404712851,0.168462481288,0.241527759496,0.314677682306,
    0.342497072654,0.377503309681,0.420156266511,0.451620475547,
    0.467829301342,0.477837573014,0.499993469729,0.532156613067,
    0.548365896907,0.57983099509,0.62248515725,0.657492383519,
    0.685312560014,0.758464549968,0.831531892927,0.85759039773,
    0.889304978715,0.927946350798,0.956234701325,1.),.UNSPECIFIED.);
#4840 = CARTESIAN_POINT('',(0.,0.445));
#4841 = CARTESIAN_POINT('',(-5.641666299336E-02,0.445));
#4842 = CARTESIAN_POINT('',(-0.112856675765,0.449713210616));
#4843 = CARTESIAN_POINT('',(-0.168846812892,0.459146481036));
#4844 = CARTESIAN_POINT('',(-0.224098522716,0.472956250918));
#4845 = CARTESIAN_POINT('',(-0.278385002518,0.490635694829));
#4846 = CARTESIAN_POINT('',(-0.365873263123,0.525155272168));
#4847 = CARTESIAN_POINT('',(-0.399761701436,0.540089146805));
#4848 = CARTESIAN_POINT('',(-0.433165318173,0.556259366688));
#4849 = CARTESIAN_POINT('',(-0.466075105207,0.573520695486));
#4850 = CARTESIAN_POINT('',(-0.498495129158,0.591736340808));
#4851 = CARTESIAN_POINT('',(-0.574075555408,0.63680913448));
#4852 = CARTESIAN_POINT('',(-0.616817485155,0.664384827261));
#4853 = CARTESIAN_POINT('',(-0.658712171892,0.693211176889));
#4854 = CARTESIAN_POINT('',(-0.699810928237,0.723024721723));
#4855 = CARTESIAN_POINT('',(-0.7401736574,0.753605335268));
#4856 = CARTESIAN_POINT('',(-0.812455444711,0.810367118531));
#4857 = CARTESIAN_POINT('',(-0.844587441419,0.836351278094));
#4858 = CARTESIAN_POINT('',(-0.876306052295,0.862634822096));
#4859 = CARTESIAN_POINT('',(-0.907645102427,0.889132596044));
#4860 = CARTESIAN_POINT('',(-0.938637119163,0.915771574227));
#4861 = CARTESIAN_POINT('',(-0.994522644342,0.964443490217));
#4862 = CARTESIAN_POINT('',(-1.019517421086,0.986449909071));
#4863 = CARTESIAN_POINT('',(-1.044317405859,1.008474759395));
#4864 = CARTESIAN_POINT('',(-1.068939366637,1.03048682188));
#4865 = CARTESIAN_POINT('',(-1.09339928601,1.05245821595));
#4866 = CARTESIAN_POINT('',(-1.185885566625,1.135788746946));
#4867 = CARTESIAN_POINT('',(-1.252890564025,1.196686590923));
#4868 = CARTESIAN_POINT('',(-1.319093817637,1.256536411569));
#4869 = CARTESIAN_POINT('',(-1.384761810179,1.314925491866));
#4870 = CARTESIAN_POINT('',(-1.450150308623,1.371531330716));
#4871 = CARTESIAN_POINT('',(-1.581009815795,1.48075954883));
#4872 = CARTESIAN_POINT('',(-1.646457269249,1.533357226907));
#4873 = CARTESIAN_POINT('',(-1.712165068281,1.583665598573));
#4874 = CARTESIAN_POINT('',(-1.77837652126,1.631464702708));
#4875 = CARTESIAN_POINT('',(-1.845338890482,1.676575367742));
#4876 = CARTESIAN_POINT('',(-1.93924544425,1.734954153296));
#4877 = CARTESIAN_POINT('',(-1.965271989088,1.750630362106));
#4878 = CARTESIAN_POINT('',(-1.991467743644,1.765890236068));
#4879 = CARTESIAN_POINT('',(-2.017849456261,1.780726479665));
#4880 = CARTESIAN_POINT('',(-2.044434522608,1.79513233452));
#4881 = CARTESIAN_POINT('',(-2.10497261634,1.826679631628));
#4882 = CARTESIAN_POINT('',(-2.139053751654,1.843565801084));
#4883 = CARTESIAN_POINT('',(-2.173522405662,1.859748636237));
#4884 = CARTESIAN_POINT('',(-2.208415158646,1.875216327333));
#4885 = CARTESIAN_POINT('',(-2.243769810831,1.889958001245));
#4886 = CARTESIAN_POINT('',(-2.323319088385,1.921031706755));
#4887 = CARTESIAN_POINT('',(-2.367751607115,1.937005447803));
#4888 = CARTESIAN_POINT('',(-2.41300632094,1.951872391563));
#4889 = CARTESIAN_POINT('',(-2.459149170914,1.965614510157));
#4890 = CARTESIAN_POINT('',(-2.506236469073,1.97821403047));
#4891 = CARTESIAN_POINT('',(-2.589790330976,1.998099753085));
#4892 = CARTESIAN_POINT('',(-2.62579855365,2.005911669756));
#4893 = CARTESIAN_POINT('',(-2.662360683071,2.013087117615));
#4894 = CARTESIAN_POINT('',(-2.699481056291,2.019618657868));
#4895 = CARTESIAN_POINT('',(-2.737149197419,2.025498595213));
#4896 = CARTESIAN_POINT('',(-2.795008926017,2.033409296197));
#4897 = CARTESIAN_POINT('',(-2.814818586268,2.035924013558));
#4898 = CARTESIAN_POINT('',(-2.834761059923,2.038262734853));
#4899 = CARTESIAN_POINT('',(-2.854830403054,2.040424408141));
#4900 = CARTESIAN_POINT('',(-2.875018959915,2.042408016566));
#4901 = CARTESIAN_POINT('',(-2.907850268966,2.04532683745));
#4902 = CARTESIAN_POINT('',(-2.920425275277,2.046372830672));
#4903 = CARTESIAN_POINT('',(-2.93303979938,2.047350340094));
#4904 = CARTESIAN_POINT('',(-2.945691330519,2.048259152338));
#4905 = CARTESIAN_POINT('',(-2.958377115327,2.049099069519));
#4906 = CARTESIAN_POINT('',(-2.999246619021,2.051576362264));
#4907 = CARTESIAN_POINT('',(-3.027553812675,2.052944360942));
#4908 = CARTESIAN_POINT('',(-3.05598023474,2.053971794544));
#4909 = CARTESIAN_POINT('',(-3.084489363789,2.054657249406));
#4910 = CARTESIAN_POINT('',(-3.113041674908,2.055));
#4911 = CARTESIAN_POINT('',(-3.183039372337,2.055));
#4912 = CARTESIAN_POINT('',(-3.224493230632,2.0542777356));
#4913 = CARTESIAN_POINT('',(-3.265809397543,2.052832826414));
#4914 = CARTESIAN_POINT('',(-3.306875132444,2.050669942091));
#4915 = CARTESIAN_POINT('',(-3.347591936593,2.047793298482));
#4916 = CARTESIAN_POINT('',(-3.408166347264,2.042408016566));
#4917 = CARTESIAN_POINT('',(-3.428354904126,2.040424408141));
#4918 = CARTESIAN_POINT('',(-3.448424247257,2.038262734853));
#4919 = CARTESIAN_POINT('',(-3.468366720912,2.035924013558));
#4920 = CARTESIAN_POINT('',(-3.488176381162,2.033409296197));
#4921 = CARTESIAN_POINT('',(-3.546036109761,2.025498595213));
#4922 = CARTESIAN_POINT('',(-3.583704250889,2.019618657868));
#4923 = CARTESIAN_POINT('',(-3.620824624109,2.013087117615));
#4924 = CARTESIAN_POINT('',(-3.657386753529,2.005911669756));
#4925 = CARTESIAN_POINT('',(-3.693394976204,1.998099753085));
#4926 = CARTESIAN_POINT('',(-3.776948838107,1.97821403047));
#4927 = CARTESIAN_POINT('',(-3.824036136265,1.965614510157));
#4928 = CARTESIAN_POINT('',(-3.87017898624,1.951872391563));
#4929 = CARTESIAN_POINT('',(-3.915433700065,1.937005447803));
#4930 = CARTESIAN_POINT('',(-3.959866218795,1.921031706754));
#4931 = CARTESIAN_POINT('',(-4.039415496349,1.889958001245));
#4932 = CARTESIAN_POINT('',(-4.074770148534,1.875216327332));
#4933 = CARTESIAN_POINT('',(-4.109662901518,1.859748636237));
#4934 = CARTESIAN_POINT('',(-4.144131555525,1.843565801084));
#4935 = CARTESIAN_POINT('',(-4.17821269084,1.826679631628));
#4936 = CARTESIAN_POINT('',(-4.238750784572,1.79513233452));
#4937 = CARTESIAN_POINT('',(-4.265335850919,1.780726479665));
#4938 = CARTESIAN_POINT('',(-4.291717563536,1.765890236067));
#4939 = CARTESIAN_POINT('',(-4.317913318092,1.750630362106));
#4940 = CARTESIAN_POINT('',(-4.34393986293,1.734954153296));
#4941 = CARTESIAN_POINT('',(-4.437846416698,1.676575367742));
#4942 = CARTESIAN_POINT('',(-4.50480878592,1.631464702707));
#4943 = CARTESIAN_POINT('',(-4.571020238898,1.583665598573));
#4944 = CARTESIAN_POINT('',(-4.636728037931,1.533357226907));
#4945 = CARTESIAN_POINT('',(-4.702175491385,1.48075954883));
#4946 = CARTESIAN_POINT('',(-4.833034998556,1.371531330716));
#4947 = CARTESIAN_POINT('',(-4.898423497001,1.314925491866));
#4948 = CARTESIAN_POINT('',(-4.964091489542,1.256536411569));
#4949 = CARTESIAN_POINT('',(-5.030294743155,1.196686590923));
#4950 = CARTESIAN_POINT('',(-5.097299740555,1.135788746946));
#4951 = CARTESIAN_POINT('',(-5.18978602117,1.05245821595));
#4952 = CARTESIAN_POINT('',(-5.214245940543,1.03048682188));
#4953 = CARTESIAN_POINT('',(-5.238867901321,1.008474759395));
#4954 = CARTESIAN_POINT('',(-5.263667886094,0.986449909071));
#4955 = CARTESIAN_POINT('',(-5.288662662838,0.964443490217));
#4956 = CARTESIAN_POINT('',(-5.344548188017,0.915771574226));
#4957 = CARTESIAN_POINT('',(-5.375540204753,0.889132596043));
#4958 = CARTESIAN_POINT('',(-5.406879254885,0.862634822096));
#4959 = CARTESIAN_POINT('',(-5.438597865761,0.836351278094));
#4960 = CARTESIAN_POINT('',(-5.470729862469,0.810367118531));
#4961 = CARTESIAN_POINT('',(-5.54301164978,0.753605335268));
#4962 = CARTESIAN_POINT('',(-5.583374378943,0.723024721723));
#4963 = CARTESIAN_POINT('',(-5.624473135288,0.693211176889));
#4964 = CARTESIAN_POINT('',(-5.666367822025,0.664384827261));
#4965 = CARTESIAN_POINT('',(-5.709109751772,0.63680913448));
#4966 = CARTESIAN_POINT('',(-5.784690178022,0.591736340808));
#4967 = CARTESIAN_POINT('',(-5.817110201973,0.573520695486));
#4968 = CARTESIAN_POINT('',(-5.850019989006,0.556259366688));
#4969 = CARTESIAN_POINT('',(-5.883423605744,0.540089146805));
#4970 = CARTESIAN_POINT('',(-5.917312044057,0.525155272168));
#4971 = CARTESIAN_POINT('',(-6.004801355215,0.49063528032));
#4972 = CARTESIAN_POINT('',(-6.059086835526,0.472956388902));
#4973 = CARTESIAN_POINT('',(-6.114339236549,0.459146067211));
#4974 = CARTESIAN_POINT('',(-6.17033151597,0.449712603591));
#4975 = CARTESIAN_POINT('',(-6.226772202529,0.445));
#4976 = CARTESIAN_POINT('',(-6.28318530718,0.445));
#4977 = ( GEOMETRIC_REPRESENTATION_CONTEXT(2) 
PARAMETRIC_REPRESENTATION_CONTEXT() REPRESENTATION_CONTEXT('2D SPACE',''
  ) );
#4978 = ADVANCED_FACE('',(#4979),#1402,.F.);
#4979 = FACE_BOUND('',#4980,.F.);
#4980 = EDGE_LOOP('',(#4981,#4982,#5003,#5004));
#4981 = ORIENTED_EDGE('',*,*,#1384,.T.);
#4982 = ORIENTED_EDGE('',*,*,#4983,.T.);
#4983 = EDGE_CURVE('',#1387,#1758,#4984,.T.);
#4984 = SURFACE_CURVE('',#4985,(#4989,#4996),.PCURVE_S1.);
#4985 = LINE('',#4986,#4987);
#4986 = CARTESIAN_POINT('',(34.,-14.31717597601,-4.801923788647));
#4987 = VECTOR('',#4988,1.);
#4988 = DIRECTION('',(0.,0.866025403784,0.5));
#4989 = PCURVE('',#1402,#4990);
#4990 = DEFINITIONAL_REPRESENTATION('',(#4991),#4995);
#4991 = LINE('',#4992,#4993);
#4992 = CARTESIAN_POINT('',(0.,-4.));
#4993 = VECTOR('',#4994,1.);
#4994 = DIRECTION('',(1.,0.));
#4995 = ( GEOMETRIC_REPRESENTATION_CONTEXT(2) 
PARAMETRIC_REPRESENTATION_CONTEXT() REPRESENTATION_CONTEXT('2D SPACE',''
  ) );
#4996 = PCURVE('',#1643,#4997);
#4997 = DEFINITIONAL_REPRESENTATION('',(#4998),#5002);
#4998 = LINE('',#4999,#5000);
#4999 = CARTESIAN_POINT('',(1.4,-3.));
#5000 = VECTOR('',#5001,1.);
#5001 = DIRECTION('',(-1.,0.));
#5002 = ( GEOMETRIC_REPRESENTATION_CONTEXT(2) 
PARAMETRIC_REPRESENTATION_CONTEXT() REPRESENTATION_CONTEXT('2D SPACE',''
  ) );
#5003 = ORIENTED_EDGE('',*,*,#1757,.F.);
#5004 = ORIENTED_EDGE('',*,*,#1683,.F.);
#5005 = ADVANCED_FACE('',(#5006),#1643,.F.);
#5006 = FACE_BOUND('',#5007,.F.);
#5007 = EDGE_LOOP('',(#5008,#5009,#5010,#5031));
#5008 = ORIENTED_EDGE('',*,*,#4983,.F.);
#5009 = ORIENTED_EDGE('',*,*,#1629,.F.);
#5010 = ORIENTED_EDGE('',*,*,#5011,.F.);
#5011 = EDGE_CURVE('',#1781,#1602,#5012,.T.);
#5012 = SURFACE_CURVE('',#5013,(#5017,#5024),.PCURVE_S1.);
#5013 = LINE('',#5014,#5015);
#5014 = CARTESIAN_POINT('',(34.,-12.40581390921,-3.912499999997));
#5015 = VECTOR('',#5016,1.);
#5016 = DIRECTION('',(0.,-0.866025403784,-0.5));
#5017 = PCURVE('',#1643,#5018);
#5018 = DEFINITIONAL_REPRESENTATION('',(#5019),#5023);
#5019 = LINE('',#5020,#5021);
#5020 = CARTESIAN_POINT('',(-0.7,-2.814582562302));
#5021 = VECTOR('',#5022,1.);
#5022 = DIRECTION('',(1.,-5.551115123126E-17));
#5023 = ( GEOMETRIC_REPRESENTATION_CONTEXT(2) 
PARAMETRIC_REPRESENTATION_CONTEXT() REPRESENTATION_CONTEXT('2D SPACE',''
  ) );
#5024 = PCURVE('',#1617,#5025);
#5025 = DEFINITIONAL_REPRESENTATION('',(#5026),#5030);
#5026 = LINE('',#5027,#5028);
#5027 = CARTESIAN_POINT('',(2.625000000004,-0.7));
#5028 = VECTOR('',#5029,1.);
#5029 = DIRECTION('',(-4.530653630042E-29,-1.));
#5030 = ( GEOMETRIC_REPRESENTATION_CONTEXT(2) 
PARAMETRIC_REPRESENTATION_CONTEXT() REPRESENTATION_CONTEXT('2D SPACE',''
  ) );
#5031 = ORIENTED_EDGE('',*,*,#1780,.F.);
#5032 = ADVANCED_FACE('',(#5033),#1617,.T.);
#5033 = FACE_BOUND('',#5034,.T.);
#5034 = EDGE_LOOP('',(#5035,#5063,#5091,#5119,#5140,#5141));
#5035 = ORIENTED_EDGE('',*,*,#5036,.F.);
#5036 = EDGE_CURVE('',#5037,#1781,#5039,.T.);
#5037 = VERTEX_POINT('',#5038);
#5038 = CARTESIAN_POINT('',(36.625000000004,-11.79959612656,
    -3.562499999996));
#5039 = SURFACE_CURVE('',#5040,(#5044,#5051),.PCURVE_S1.);
#5040 = LINE('',#5041,#5042);
#5041 = CARTESIAN_POINT('',(36.625000000004,-11.79959612656,
    -3.562499999996));
#5042 = VECTOR('',#5043,1.);
#5043 = DIRECTION('',(-1.,4.08085E-13,-7.068239538067E-13));
#5044 = PCURVE('',#1617,#5045);
#5045 = DEFINITIONAL_REPRESENTATION('',(#5046),#5050);
#5046 = LINE('',#5047,#5048);
#5047 = CARTESIAN_POINT('',(0.,-1.7763568394E-15));
#5048 = VECTOR('',#5049,1.);
#5049 = DIRECTION('',(1.,0.));
#5050 = ( GEOMETRIC_REPRESENTATION_CONTEXT(2) 
PARAMETRIC_REPRESENTATION_CONTEXT() REPRESENTATION_CONTEXT('2D SPACE',''
  ) );
#5051 = PCURVE('',#5052,#5057);
#5052 = PLANE('',#5053);
#5053 = AXIS2_PLACEMENT_3D('',#5054,#5055,#5056);
#5054 = CARTESIAN_POINT('',(35.000000000001,-10.39230484541,
    -5.999999999999));
#5055 = DIRECTION('',(0.,-0.866025403784,-0.5));
#5056 = DIRECTION('',(1.,0.,0.));
#5057 = DEFINITIONAL_REPRESENTATION('',(#5058),#5062);
#5058 = LINE('',#5059,#5060);
#5059 = CARTESIAN_POINT('',(1.625000000004,2.814582562303));
#5060 = VECTOR('',#5061,1.);
#5061 = DIRECTION('',(-1.,-8.1617E-13));
#5062 = ( GEOMETRIC_REPRESENTATION_CONTEXT(2) 
PARAMETRIC_REPRESENTATION_CONTEXT() REPRESENTATION_CONTEXT('2D SPACE',''
  ) );
#5063 = ORIENTED_EDGE('',*,*,#5064,.T.);
#5064 = EDGE_CURVE('',#5037,#5065,#5067,.T.);
#5065 = VERTEX_POINT('',#5066);
#5066 = CARTESIAN_POINT('',(36.625000000004,-15.2636977417,
    -5.562499999996));
#5067 = SURFACE_CURVE('',#5068,(#5072,#5079),.PCURVE_S1.);
#5068 = LINE('',#5069,#5070);
#5069 = CARTESIAN_POINT('',(36.625000000004,-11.79959612656,
    -3.562499999996));
#5070 = VECTOR('',#5071,1.);
#5071 = DIRECTION('',(0.,-0.866025403784,-0.5));
#5072 = PCURVE('',#1617,#5073);
#5073 = DEFINITIONAL_REPRESENTATION('',(#5074),#5078);
#5074 = LINE('',#5075,#5076);
#5075 = CARTESIAN_POINT('',(0.,0.));
#5076 = VECTOR('',#5077,1.);
#5077 = DIRECTION('',(0.,-1.));
#5078 = ( GEOMETRIC_REPRESENTATION_CONTEXT(2) 
PARAMETRIC_REPRESENTATION_CONTEXT() REPRESENTATION_CONTEXT('2D SPACE',''
  ) );
#5079 = PCURVE('',#5080,#5085);
#5080 = PLANE('',#5081);
#5081 = AXIS2_PLACEMENT_3D('',#5082,#5083,#5084);
#5082 = CARTESIAN_POINT('',(38.25,-10.39230484541,-6.));
#5083 = DIRECTION('',(-0.866025403785,0.249999999999,-0.433012701891));
#5084 = DIRECTION('',(-0.499999999998,-0.433012701893,0.750000000001));
#5085 = DEFINITIONAL_REPRESENTATION('',(#5086),#5090);
#5086 = LINE('',#5087,#5088);
#5087 = CARTESIAN_POINT('',(3.250000000002,0.));
#5088 = VECTOR('',#5089,1.);
#5089 = DIRECTION('',(0.,-1.));
#5090 = ( GEOMETRIC_REPRESENTATION_CONTEXT(2) 
PARAMETRIC_REPRESENTATION_CONTEXT() REPRESENTATION_CONTEXT('2D SPACE',''
  ) );
#5091 = ORIENTED_EDGE('',*,*,#5092,.T.);
#5092 = EDGE_CURVE('',#5065,#5093,#5095,.T.);
#5093 = VERTEX_POINT('',#5094);
#5094 = CARTESIAN_POINT('',(33.375000000003,-15.2636977417,
    -5.562499999998));
#5095 = SURFACE_CURVE('',#5096,(#5100,#5107),.PCURVE_S1.);
#5096 = LINE('',#5097,#5098);
#5097 = CARTESIAN_POINT('',(36.625000000004,-15.2636977417,
    -5.562499999996));
#5098 = VECTOR('',#5099,1.);
#5099 = DIRECTION('',(-1.,4.08085E-13,-7.068239538067E-13));
#5100 = PCURVE('',#1617,#5101);
#5101 = DEFINITIONAL_REPRESENTATION('',(#5102),#5106);
#5102 = LINE('',#5103,#5104);
#5103 = CARTESIAN_POINT('',(0.,-4.));
#5104 = VECTOR('',#5105,1.);
#5105 = DIRECTION('',(1.,0.));
#5106 = ( GEOMETRIC_REPRESENTATION_CONTEXT(2) 
PARAMETRIC_REPRESENTATION_CONTEXT() REPRESENTATION_CONTEXT('2D SPACE',''
  ) );
#5107 = PCURVE('',#5108,#5113);
#5108 = PLANE('',#5109);
#5109 = AXIS2_PLACEMENT_3D('',#5110,#5111,#5112);
#5110 = CARTESIAN_POINT('',(35.000000000001,-13.85640646055,
    -7.999999999999));
#5111 = DIRECTION('',(0.,-0.866025403784,-0.5));
#5112 = DIRECTION('',(1.,0.,0.));
#5113 = DEFINITIONAL_REPRESENTATION('',(#5114),#5118);
#5114 = LINE('',#5115,#5116);
#5115 = CARTESIAN_POINT('',(1.625000000004,2.814582562303));
#5116 = VECTOR('',#5117,1.);
#5117 = DIRECTION('',(-1.,-8.1617E-13));
#5118 = ( GEOMETRIC_REPRESENTATION_CONTEXT(2) 
PARAMETRIC_REPRESENTATION_CONTEXT() REPRESENTATION_CONTEXT('2D SPACE',''
  ) );
#5119 = ORIENTED_EDGE('',*,*,#5120,.F.);
#5120 = EDGE_CURVE('',#1574,#5093,#5121,.T.);
#5121 = SURFACE_CURVE('',#5122,(#5126,#5133),.PCURVE_S1.);
#5122 = LINE('',#5123,#5124);
#5123 = CARTESIAN_POINT('',(33.375000000003,-11.79959612656,
    -3.562499999998));
#5124 = VECTOR('',#5125,1.);
#5125 = DIRECTION('',(0.,-0.866025403784,-0.5));
#5126 = PCURVE('',#1617,#5127);
#5127 = DEFINITIONAL_REPRESENTATION('',(#5128),#5132);
#5128 = LINE('',#5129,#5130);
#5129 = CARTESIAN_POINT('',(3.250000000001,0.));
#5130 = VECTOR('',#5131,1.);
#5131 = DIRECTION('',(0.,-1.));
#5132 = ( GEOMETRIC_REPRESENTATION_CONTEXT(2) 
PARAMETRIC_REPRESENTATION_CONTEXT() REPRESENTATION_CONTEXT('2D SPACE',''
  ) );
#5133 = PCURVE('',#1589,#5134);
#5134 = DEFINITIONAL_REPRESENTATION('',(#5135),#5139);
#5135 = LINE('',#5136,#5137);
#5136 = CARTESIAN_POINT('',(3.845925372765E-16,0.));
#5137 = VECTOR('',#5138,1.);
#5138 = DIRECTION('',(0.,-1.));
#5139 = ( GEOMETRIC_REPRESENTATION_CONTEXT(2) 
PARAMETRIC_REPRESENTATION_CONTEXT() REPRESENTATION_CONTEXT('2D SPACE',''
  ) );
#5140 = ORIENTED_EDGE('',*,*,#1601,.F.);
#5141 = ORIENTED_EDGE('',*,*,#5011,.F.);
#5142 = ADVANCED_FACE('',(#5143),#1589,.T.);
#5143 = FACE_BOUND('',#5144,.T.);
#5144 = EDGE_LOOP('',(#5145,#5146,#5147,#5170));
#5145 = ORIENTED_EDGE('',*,*,#1573,.F.);
#5146 = ORIENTED_EDGE('',*,*,#5120,.T.);
#5147 = ORIENTED_EDGE('',*,*,#5148,.T.);
#5148 = EDGE_CURVE('',#5093,#5149,#5151,.T.);
#5149 = VERTEX_POINT('',#5150);
#5150 = CARTESIAN_POINT('',(31.749999999999,-13.85640646055,
    -7.999999999998));
#5151 = SURFACE_CURVE('',#5152,(#5156,#5163),.PCURVE_S1.);
#5152 = LINE('',#5153,#5154);
#5153 = CARTESIAN_POINT('',(33.375000000003,-15.2636977417,
    -5.562499999998));
#5154 = VECTOR('',#5155,1.);
#5155 = DIRECTION('',(-0.500000000001,0.433012701892,-0.75));
#5156 = PCURVE('',#1589,#5157);
#5157 = DEFINITIONAL_REPRESENTATION('',(#5158),#5162);
#5158 = LINE('',#5159,#5160);
#5159 = CARTESIAN_POINT('',(0.,-4.));
#5160 = VECTOR('',#5161,1.);
#5161 = DIRECTION('',(1.,0.));
#5162 = ( GEOMETRIC_REPRESENTATION_CONTEXT(2) 
PARAMETRIC_REPRESENTATION_CONTEXT() REPRESENTATION_CONTEXT('2D SPACE',''
  ) );
#5163 = PCURVE('',#5108,#5164);
#5164 = DEFINITIONAL_REPRESENTATION('',(#5165),#5169);
#5165 = LINE('',#5166,#5167);
#5166 = CARTESIAN_POINT('',(-1.624999999998,2.8145825623));
#5167 = VECTOR('',#5168,1.);
#5168 = DIRECTION('',(-0.500000000001,-0.866025403784));
#5169 = ( GEOMETRIC_REPRESENTATION_CONTEXT(2) 
PARAMETRIC_REPRESENTATION_CONTEXT() REPRESENTATION_CONTEXT('2D SPACE',''
  ) );
#5170 = ORIENTED_EDGE('',*,*,#5171,.F.);
#5171 = EDGE_CURVE('',#1546,#5149,#5172,.T.);
#5172 = SURFACE_CURVE('',#5173,(#5177,#5184),.PCURVE_S1.);
#5173 = LINE('',#5174,#5175);
#5174 = CARTESIAN_POINT('',(31.749999999999,-10.39230484541,
    -5.999999999998));
#5175 = VECTOR('',#5176,1.);
#5176 = DIRECTION('',(0.,-0.866025403784,-0.5));
#5177 = PCURVE('',#1589,#5178);
#5178 = DEFINITIONAL_REPRESENTATION('',(#5179),#5183);
#5179 = LINE('',#5180,#5181);
#5180 = CARTESIAN_POINT('',(3.250000000002,0.));
#5181 = VECTOR('',#5182,1.);
#5182 = DIRECTION('',(0.,-1.));
#5183 = ( GEOMETRIC_REPRESENTATION_CONTEXT(2) 
PARAMETRIC_REPRESENTATION_CONTEXT() REPRESENTATION_CONTEXT('2D SPACE',''
  ) );
#5184 = PCURVE('',#1561,#5185);
#5185 = DEFINITIONAL_REPRESENTATION('',(#5186),#5190);
#5186 = LINE('',#5187,#5188);
#5187 = CARTESIAN_POINT('',(-2.533124306074E-16,0.));
#5188 = VECTOR('',#5189,1.);
#5189 = DIRECTION('',(0.,-1.));
#5190 = ( GEOMETRIC_REPRESENTATION_CONTEXT(2) 
PARAMETRIC_REPRESENTATION_CONTEXT() REPRESENTATION_CONTEXT('2D SPACE',''
  ) );
#5191 = ADVANCED_FACE('',(#5192),#1561,.T.);
#5192 = FACE_BOUND('',#5193,.T.);
#5193 = EDGE_LOOP('',(#5194,#5195,#5196,#5219));
#5194 = ORIENTED_EDGE('',*,*,#1545,.F.);
#5195 = ORIENTED_EDGE('',*,*,#5171,.T.);
#5196 = ORIENTED_EDGE('',*,*,#5197,.T.);
#5197 = EDGE_CURVE('',#5149,#5198,#5200,.T.);
#5198 = VERTEX_POINT('',#5199);
#5199 = CARTESIAN_POINT('',(33.374999999998,-12.4491151794,-10.4375));
#5200 = SURFACE_CURVE('',#5201,(#5205,#5212),.PCURVE_S1.);
#5201 = LINE('',#5202,#5203);
#5202 = CARTESIAN_POINT('',(31.749999999999,-13.85640646055,
    -7.999999999998));
#5203 = VECTOR('',#5204,1.);
#5204 = DIRECTION('',(0.499999999999,0.433012701892,-0.75));
#5205 = PCURVE('',#1561,#5206);
#5206 = DEFINITIONAL_REPRESENTATION('',(#5207),#5211);
#5207 = LINE('',#5208,#5209);
#5208 = CARTESIAN_POINT('',(0.,-4.));
#5209 = VECTOR('',#5210,1.);
#5210 = DIRECTION('',(1.,0.));
#5211 = ( GEOMETRIC_REPRESENTATION_CONTEXT(2) 
PARAMETRIC_REPRESENTATION_CONTEXT() REPRESENTATION_CONTEXT('2D SPACE',''
  ) );
#5212 = PCURVE('',#5108,#5213);
#5213 = DEFINITIONAL_REPRESENTATION('',(#5214),#5218);
#5214 = LINE('',#5215,#5216);
#5215 = CARTESIAN_POINT('',(-3.250000000001,1.00127E-12));
#5216 = VECTOR('',#5217,1.);
#5217 = DIRECTION('',(0.499999999999,-0.866025403785));
#5218 = ( GEOMETRIC_REPRESENTATION_CONTEXT(2) 
PARAMETRIC_REPRESENTATION_CONTEXT() REPRESENTATION_CONTEXT('2D SPACE',''
  ) );
#5219 = ORIENTED_EDGE('',*,*,#5220,.F.);
#5220 = EDGE_CURVE('',#1518,#5198,#5221,.T.);
#5221 = SURFACE_CURVE('',#5222,(#5226,#5233),.PCURVE_S1.);
#5222 = LINE('',#5223,#5224);
#5223 = CARTESIAN_POINT('',(33.374999999998,-8.985013564264,-8.4375));
#5224 = VECTOR('',#5225,1.);
#5225 = DIRECTION('',(0.,-0.866025403784,-0.5));
#5226 = PCURVE('',#1561,#5227);
#5227 = DEFINITIONAL_REPRESENTATION('',(#5228),#5232);
#5228 = LINE('',#5229,#5230);
#5229 = CARTESIAN_POINT('',(3.250000000001,0.));
#5230 = VECTOR('',#5231,1.);
#5231 = DIRECTION('',(0.,-1.));
#5232 = ( GEOMETRIC_REPRESENTATION_CONTEXT(2) 
PARAMETRIC_REPRESENTATION_CONTEXT() REPRESENTATION_CONTEXT('2D SPACE',''
  ) );
#5233 = PCURVE('',#1533,#5234);
#5234 = DEFINITIONAL_REPRESENTATION('',(#5235),#5239);
#5235 = LINE('',#5236,#5237);
#5236 = CARTESIAN_POINT('',(0.,0.));
#5237 = VECTOR('',#5238,1.);
#5238 = DIRECTION('',(0.,-1.));
#5239 = ( GEOMETRIC_REPRESENTATION_CONTEXT(2) 
PARAMETRIC_REPRESENTATION_CONTEXT() REPRESENTATION_CONTEXT('2D SPACE',''
  ) );
#5240 = ADVANCED_FACE('',(#5241),#1533,.T.);
#5241 = FACE_BOUND('',#5242,.T.);
#5242 = EDGE_LOOP('',(#5243,#5244,#5245,#5268,#5296,#5317));
#5243 = ORIENTED_EDGE('',*,*,#1517,.F.);
#5244 = ORIENTED_EDGE('',*,*,#5220,.T.);
#5245 = ORIENTED_EDGE('',*,*,#5246,.T.);
#5246 = EDGE_CURVE('',#5198,#5247,#5249,.T.);
#5247 = VERTEX_POINT('',#5248);
#5248 = CARTESIAN_POINT('',(36.625,-12.4491151794,-10.4375));
#5249 = SURFACE_CURVE('',#5250,(#5254,#5261),.PCURVE_S1.);
#5250 = LINE('',#5251,#5252);
#5251 = CARTESIAN_POINT('',(33.374999999998,-12.4491151794,-10.4375));
#5252 = VECTOR('',#5253,1.);
#5253 = DIRECTION('',(1.,2.03665E-13,-3.527581277235E-13));
#5254 = PCURVE('',#1533,#5255);
#5255 = DEFINITIONAL_REPRESENTATION('',(#5256),#5260);
#5256 = LINE('',#5257,#5258);
#5257 = CARTESIAN_POINT('',(0.,-4.));
#5258 = VECTOR('',#5259,1.);
#5259 = DIRECTION('',(1.,0.));
#5260 = ( GEOMETRIC_REPRESENTATION_CONTEXT(2) 
PARAMETRIC_REPRESENTATION_CONTEXT() REPRESENTATION_CONTEXT('2D SPACE',''
  ) );
#5261 = PCURVE('',#5108,#5262);
#5262 = DEFINITIONAL_REPRESENTATION('',(#5263),#5267);
#5263 = LINE('',#5264,#5265);
#5264 = CARTESIAN_POINT('',(-1.625000000003,-2.814582562301));
#5265 = VECTOR('',#5266,1.);
#5266 = DIRECTION('',(1.,-4.0733E-13));
#5267 = ( GEOMETRIC_REPRESENTATION_CONTEXT(2) 
PARAMETRIC_REPRESENTATION_CONTEXT() REPRESENTATION_CONTEXT('2D SPACE',''
  ) );
#5268 = ORIENTED_EDGE('',*,*,#5269,.F.);
#5269 = EDGE_CURVE('',#5270,#5247,#5272,.T.);
#5270 = VERTEX_POINT('',#5271);
#5271 = CARTESIAN_POINT('',(36.625,-8.985013564263,-8.437500000001));
#5272 = SURFACE_CURVE('',#5273,(#5277,#5284),.PCURVE_S1.);
#5273 = LINE('',#5274,#5275);
#5274 = CARTESIAN_POINT('',(36.625,-8.985013564263,-8.437500000001));
#5275 = VECTOR('',#5276,1.);
#5276 = DIRECTION('',(0.,-0.866025403784,-0.5));
#5277 = PCURVE('',#1533,#5278);
#5278 = DEFINITIONAL_REPRESENTATION('',(#5279),#5283);
#5279 = LINE('',#5280,#5281);
#5280 = CARTESIAN_POINT('',(3.250000000002,0.));
#5281 = VECTOR('',#5282,1.);
#5282 = DIRECTION('',(0.,-1.));
#5283 = ( GEOMETRIC_REPRESENTATION_CONTEXT(2) 
PARAMETRIC_REPRESENTATION_CONTEXT() REPRESENTATION_CONTEXT('2D SPACE',''
  ) );
#5284 = PCURVE('',#5285,#5290);
#5285 = PLANE('',#5286);
#5286 = AXIS2_PLACEMENT_3D('',#5287,#5288,#5289);
#5287 = CARTESIAN_POINT('',(36.625,-8.985013564263,-8.437500000001));
#5288 = DIRECTION('',(-0.866025403784,-0.25,0.433012701892));
#5289 = DIRECTION('',(0.5,-0.433012701892,0.75));
#5290 = DEFINITIONAL_REPRESENTATION('',(#5291),#5295);
#5291 = LINE('',#5292,#5293);
#5292 = CARTESIAN_POINT('',(-3.845925372767E-16,0.));
#5293 = VECTOR('',#5294,1.);
#5294 = DIRECTION('',(0.,-1.));
#5295 = ( GEOMETRIC_REPRESENTATION_CONTEXT(2) 
PARAMETRIC_REPRESENTATION_CONTEXT() REPRESENTATION_CONTEXT('2D SPACE',''
  ) );
#5296 = ORIENTED_EDGE('',*,*,#5297,.F.);
#5297 = EDGE_CURVE('',#1878,#5270,#5298,.T.);
#5298 = SURFACE_CURVE('',#5299,(#5303,#5310),.PCURVE_S1.);
#5299 = LINE('',#5300,#5301);
#5300 = CARTESIAN_POINT('',(33.374999999998,-8.985013564264,-8.4375));
#5301 = VECTOR('',#5302,1.);
#5302 = DIRECTION('',(1.,2.03665E-13,-3.527581277235E-13));
#5303 = PCURVE('',#1533,#5304);
#5304 = DEFINITIONAL_REPRESENTATION('',(#5305),#5309);
#5305 = LINE('',#5306,#5307);
#5306 = CARTESIAN_POINT('',(0.,-1.7763568394E-15));
#5307 = VECTOR('',#5308,1.);
#5308 = DIRECTION('',(1.,0.));
#5309 = ( GEOMETRIC_REPRESENTATION_CONTEXT(2) 
PARAMETRIC_REPRESENTATION_CONTEXT() REPRESENTATION_CONTEXT('2D SPACE',''
  ) );
#5310 = PCURVE('',#5052,#5311);
#5311 = DEFINITIONAL_REPRESENTATION('',(#5312),#5316);
#5312 = LINE('',#5313,#5314);
#5313 = CARTESIAN_POINT('',(-1.625000000003,-2.814582562301));
#5314 = VECTOR('',#5315,1.);
#5315 = DIRECTION('',(1.,-4.0733E-13));
#5316 = ( GEOMETRIC_REPRESENTATION_CONTEXT(2) 
PARAMETRIC_REPRESENTATION_CONTEXT() REPRESENTATION_CONTEXT('2D SPACE',''
  ) );
#5317 = ORIENTED_EDGE('',*,*,#5318,.F.);
#5318 = EDGE_CURVE('',#1490,#1878,#5319,.T.);
#5319 = SURFACE_CURVE('',#5320,(#5324,#5331),.PCURVE_S1.);
#5320 = LINE('',#5321,#5322);
#5321 = CARTESIAN_POINT('',(34.,-9.591231346913,-8.7875));
#5322 = VECTOR('',#5323,1.);
#5323 = DIRECTION('',(0.,0.866025403784,0.5));
#5324 = PCURVE('',#1533,#5325);
#5325 = DEFINITIONAL_REPRESENTATION('',(#5326),#5330);
#5326 = LINE('',#5327,#5328);
#5327 = CARTESIAN_POINT('',(0.625000000002,-0.7));
#5328 = VECTOR('',#5329,1.);
#5329 = DIRECTION('',(2.261135723103E-29,1.));
#5330 = ( GEOMETRIC_REPRESENTATION_CONTEXT(2) 
PARAMETRIC_REPRESENTATION_CONTEXT() REPRESENTATION_CONTEXT('2D SPACE',''
  ) );
#5331 = PCURVE('',#1505,#5332);
#5332 = DEFINITIONAL_REPRESENTATION('',(#5333),#5337);
#5333 = LINE('',#5334,#5335);
#5334 = CARTESIAN_POINT('',(-0.7,2.814582562299));
#5335 = VECTOR('',#5336,1.);
#5336 = DIRECTION('',(-1.,5.551115123126E-17));
#5337 = ( GEOMETRIC_REPRESENTATION_CONTEXT(2) 
PARAMETRIC_REPRESENTATION_CONTEXT() REPRESENTATION_CONTEXT('2D SPACE',''
  ) );
#5338 = ADVANCED_FACE('',(#5339),#1477,.F.);
#5339 = FACE_BOUND('',#5340,.F.);
#5340 = EDGE_LOOP('',(#5341,#5342,#5363,#5364));
#5341 = ORIENTED_EDGE('',*,*,#1707,.T.);
#5342 = ORIENTED_EDGE('',*,*,#5343,.T.);
#5343 = EDGE_CURVE('',#1710,#1462,#5344,.T.);
#5344 = SURFACE_CURVE('',#5345,(#5349,#5356),.PCURVE_S1.);
#5345 = LINE('',#5346,#5347);
#5346 = CARTESIAN_POINT('',(34.,-8.892304845413,-8.598076211353));
#5347 = VECTOR('',#5348,1.);
#5348 = DIRECTION('',(0.,-0.866025403784,-0.5));
#5349 = PCURVE('',#1477,#5350);
#5350 = DEFINITIONAL_REPRESENTATION('',(#5351),#5355);
#5351 = LINE('',#5352,#5353);
#5352 = CARTESIAN_POINT('',(0.,-4.));
#5353 = VECTOR('',#5354,1.);
#5354 = DIRECTION('',(1.,0.));
#5355 = ( GEOMETRIC_REPRESENTATION_CONTEXT(2) 
PARAMETRIC_REPRESENTATION_CONTEXT() REPRESENTATION_CONTEXT('2D SPACE',''
  ) );
#5356 = PCURVE('',#1505,#5357);
#5357 = DEFINITIONAL_REPRESENTATION('',(#5358),#5362);
#5358 = LINE('',#5359,#5360);
#5359 = CARTESIAN_POINT('',(-1.4,3.));
#5360 = VECTOR('',#5361,1.);
#5361 = DIRECTION('',(1.,0.));
#5362 = ( GEOMETRIC_REPRESENTATION_CONTEXT(2) 
PARAMETRIC_REPRESENTATION_CONTEXT() REPRESENTATION_CONTEXT('2D SPACE',''
  ) );
#5363 = ORIENTED_EDGE('',*,*,#1461,.F.);
#5364 = ORIENTED_EDGE('',*,*,#1927,.F.);
#5365 = ADVANCED_FACE('',(#5366),#1505,.F.);
#5366 = FACE_BOUND('',#5367,.F.);
#5367 = EDGE_LOOP('',(#5368,#5369,#5370,#5371));
#5368 = ORIENTED_EDGE('',*,*,#5318,.F.);
#5369 = ORIENTED_EDGE('',*,*,#1489,.F.);
#5370 = ORIENTED_EDGE('',*,*,#5343,.F.);
#5371 = ORIENTED_EDGE('',*,*,#1900,.F.);
#5372 = ADVANCED_FACE('',(#5373),#1819,.T.);
#5373 = FACE_BOUND('',#5374,.T.);
#5374 = EDGE_LOOP('',(#5375,#5398,#5399,#5400,#5401,#5402,#5425));
#5375 = ORIENTED_EDGE('',*,*,#5376,.F.);
#5376 = EDGE_CURVE('',#1781,#5377,#5379,.T.);
#5377 = VERTEX_POINT('',#5378);
#5378 = CARTESIAN_POINT('',(34.,-11.25833024919,-4.5));
#5379 = SURFACE_CURVE('',#5380,(#5384,#5391),.PCURVE_S1.);
#5380 = LINE('',#5381,#5382);
#5381 = CARTESIAN_POINT('',(34.,-11.89230484541,-3.401923788647));
#5382 = VECTOR('',#5383,1.);
#5383 = DIRECTION('',(0.,0.5,-0.866025403784));
#5384 = PCURVE('',#1819,#5385);
#5385 = DEFINITIONAL_REPRESENTATION('',(#5386),#5390);
#5386 = LINE('',#5387,#5388);
#5387 = CARTESIAN_POINT('',(-1.000000000001,2.999999999998));
#5388 = VECTOR('',#5389,1.);
#5389 = DIRECTION('',(0.,-1.));
#5390 = ( GEOMETRIC_REPRESENTATION_CONTEXT(2) 
PARAMETRIC_REPRESENTATION_CONTEXT() REPRESENTATION_CONTEXT('2D SPACE',''
  ) );
#5391 = PCURVE('',#5052,#5392);
#5392 = DEFINITIONAL_REPRESENTATION('',(#5393),#5397);
#5393 = LINE('',#5394,#5395);
#5394 = CARTESIAN_POINT('',(-1.000000000001,2.999999999998));
#5395 = VECTOR('',#5396,1.);
#5396 = DIRECTION('',(0.,-1.));
#5397 = ( GEOMETRIC_REPRESENTATION_CONTEXT(2) 
PARAMETRIC_REPRESENTATION_CONTEXT() REPRESENTATION_CONTEXT('2D SPACE',''
  ) );
#5398 = ORIENTED_EDGE('',*,*,#1803,.T.);
#5399 = ORIENTED_EDGE('',*,*,#1831,.T.);
#5400 = ORIENTED_EDGE('',*,*,#1854,.T.);
#5401 = ORIENTED_EDGE('',*,*,#1877,.T.);
#5402 = ORIENTED_EDGE('',*,*,#5403,.F.);
#5403 = EDGE_CURVE('',#5404,#1878,#5406,.T.);
#5404 = VERTEX_POINT('',#5405);
#5405 = CARTESIAN_POINT('',(34.,-9.526279441629,-7.5));
#5406 = SURFACE_CURVE('',#5407,(#5411,#5418),.PCURVE_S1.);
#5407 = LINE('',#5408,#5409);
#5408 = CARTESIAN_POINT('',(34.,-11.89230484541,-3.401923788647));
#5409 = VECTOR('',#5410,1.);
#5410 = DIRECTION('',(0.,0.5,-0.866025403784));
#5411 = PCURVE('',#1819,#5412);
#5412 = DEFINITIONAL_REPRESENTATION('',(#5413),#5417);
#5413 = LINE('',#5414,#5415);
#5414 = CARTESIAN_POINT('',(-1.000000000001,2.999999999998));
#5415 = VECTOR('',#5416,1.);
#5416 = DIRECTION('',(0.,-1.));
#5417 = ( GEOMETRIC_REPRESENTATION_CONTEXT(2) 
PARAMETRIC_REPRESENTATION_CONTEXT() REPRESENTATION_CONTEXT('2D SPACE',''
  ) );
#5418 = PCURVE('',#5052,#5419);
#5419 = DEFINITIONAL_REPRESENTATION('',(#5420),#5424);
#5420 = LINE('',#5421,#5422);
#5421 = CARTESIAN_POINT('',(-1.000000000001,2.999999999998));
#5422 = VECTOR('',#5423,1.);
#5423 = DIRECTION('',(0.,-1.));
#5424 = ( GEOMETRIC_REPRESENTATION_CONTEXT(2) 
PARAMETRIC_REPRESENTATION_CONTEXT() REPRESENTATION_CONTEXT('2D SPACE',''
  ) );
#5425 = ORIENTED_EDGE('',*,*,#5426,.T.);
#5426 = EDGE_CURVE('',#5404,#5377,#5427,.T.);
#5427 = SURFACE_CURVE('',#5428,(#5433,#5444),.PCURVE_S1.);
#5428 = CIRCLE('',#5429,2.);
#5429 = AXIS2_PLACEMENT_3D('',#5430,#5431,#5432);
#5430 = CARTESIAN_POINT('',(35.,-10.39230484541,-6.));
#5431 = DIRECTION('',(-0.,0.866025403784,0.5));
#5432 = DIRECTION('',(1.,0.,0.));
#5433 = PCURVE('',#1819,#5434);
#5434 = DEFINITIONAL_REPRESENTATION('',(#5435),#5443);
#5435 = ( BOUNDED_CURVE() B_SPLINE_CURVE(2,(#5436,#5437,#5438,#5439,
#5440,#5441,#5442),.UNSPECIFIED.,.T.,.F.) B_SPLINE_CURVE_WITH_KNOTS((1,2
    ,2,2,2,1),(-2.094395102393,0.,2.094395102393,4.188790204786,
6.28318530718,8.377580409573),.UNSPECIFIED.) CURVE() 
GEOMETRIC_REPRESENTATION_ITEM() RATIONAL_B_SPLINE_CURVE((1.,0.5,1.,0.5,
1.,0.5,1.)) REPRESENTATION_ITEM('') );
#5436 = CARTESIAN_POINT('',(1.999999999999,-1.70634E-12));
#5437 = CARTESIAN_POINT('',(1.999999999999,-3.464101615139));
#5438 = CARTESIAN_POINT('',(-1.000000000001,-1.732050807571));
#5439 = CARTESIAN_POINT('',(-4.000000000001,-1.70682985872E-12));
#5440 = CARTESIAN_POINT('',(-1.000000000001,1.732050807567));
#5441 = CARTESIAN_POINT('',(1.999999999999,3.464101615136));
#5442 = CARTESIAN_POINT('',(1.999999999999,-1.70634E-12));
#5443 = ( GEOMETRIC_REPRESENTATION_CONTEXT(2) 
PARAMETRIC_REPRESENTATION_CONTEXT() REPRESENTATION_CONTEXT('2D SPACE',''
  ) );
#5444 = PCURVE('',#3366,#5445);
#5445 = DEFINITIONAL_REPRESENTATION('',(#5446),#5450);
#5446 = LINE('',#5447,#5448);
#5447 = CARTESIAN_POINT('',(-6.28318530718,13.4));
#5448 = VECTOR('',#5449,1.);
#5449 = DIRECTION('',(1.,-0.));
#5450 = ( GEOMETRIC_REPRESENTATION_CONTEXT(2) 
PARAMETRIC_REPRESENTATION_CONTEXT() REPRESENTATION_CONTEXT('2D SPACE',''
  ) );
#5451 = ADVANCED_FACE('',(#5452),#1969,.F.);
#5452 = FACE_BOUND('',#5453,.F.);
#5453 = EDGE_LOOP('',(#5454,#5455,#5476,#5477));
#5454 = ORIENTED_EDGE('',*,*,#1951,.T.);
#5455 = ORIENTED_EDGE('',*,*,#5456,.T.);
#5456 = EDGE_CURVE('',#1954,#2325,#5457,.T.);
#5457 = SURFACE_CURVE('',#5458,(#5462,#5469),.PCURVE_S1.);
#5458 = LINE('',#5459,#5460);
#5459 = CARTESIAN_POINT('',(34.,11.31717597601,-9.998076211353));
#5460 = VECTOR('',#5461,1.);
#5461 = DIRECTION('',(0.,-0.866025403784,0.5));
#5462 = PCURVE('',#1969,#5463);
#5463 = DEFINITIONAL_REPRESENTATION('',(#5464),#5468);
#5464 = LINE('',#5465,#5466);
#5465 = CARTESIAN_POINT('',(0.,-4.));
#5466 = VECTOR('',#5467,1.);
#5467 = DIRECTION('',(1.,0.));
#5468 = ( GEOMETRIC_REPRESENTATION_CONTEXT(2) 
PARAMETRIC_REPRESENTATION_CONTEXT() REPRESENTATION_CONTEXT('2D SPACE',''
  ) );
#5469 = PCURVE('',#2210,#5470);
#5470 = DEFINITIONAL_REPRESENTATION('',(#5471),#5475);
#5471 = LINE('',#5472,#5473);
#5472 = CARTESIAN_POINT('',(1.4,-3.));
#5473 = VECTOR('',#5474,1.);
#5474 = DIRECTION('',(-1.,0.));
#5475 = ( GEOMETRIC_REPRESENTATION_CONTEXT(2) 
PARAMETRIC_REPRESENTATION_CONTEXT() REPRESENTATION_CONTEXT('2D SPACE',''
  ) );
#5476 = ORIENTED_EDGE('',*,*,#2324,.F.);
#5477 = ORIENTED_EDGE('',*,*,#2250,.F.);
#5478 = ADVANCED_FACE('',(#5479),#2210,.F.);
#5479 = FACE_BOUND('',#5480,.F.);
#5480 = EDGE_LOOP('',(#5481,#5482,#5483,#5504));
#5481 = ORIENTED_EDGE('',*,*,#5456,.F.);
#5482 = ORIENTED_EDGE('',*,*,#2196,.F.);
#5483 = ORIENTED_EDGE('',*,*,#5484,.F.);
#5484 = EDGE_CURVE('',#2348,#2169,#5485,.T.);
#5485 = SURFACE_CURVE('',#5486,(#5490,#5497),.PCURVE_S1.);
#5486 = LINE('',#5487,#5488);
#5487 = CARTESIAN_POINT('',(34.,9.591231346911,-8.787500000003));
#5488 = VECTOR('',#5489,1.);
#5489 = DIRECTION('',(0.,0.866025403784,-0.5));
#5490 = PCURVE('',#2210,#5491);
#5491 = DEFINITIONAL_REPRESENTATION('',(#5492),#5496);
#5492 = LINE('',#5493,#5494);
#5493 = CARTESIAN_POINT('',(-0.7,-2.814582562302));
#5494 = VECTOR('',#5495,1.);
#5495 = DIRECTION('',(1.,-1.665334536938E-16));
#5496 = ( GEOMETRIC_REPRESENTATION_CONTEXT(2) 
PARAMETRIC_REPRESENTATION_CONTEXT() REPRESENTATION_CONTEXT('2D SPACE',''
  ) );
#5497 = PCURVE('',#2184,#5498);
#5498 = DEFINITIONAL_REPRESENTATION('',(#5499),#5503);
#5499 = LINE('',#5500,#5501);
#5500 = CARTESIAN_POINT('',(2.625000000004,-0.7));
#5501 = VECTOR('',#5502,1.);
#5502 = DIRECTION('',(-1.359196089012E-28,-1.));
#5503 = ( GEOMETRIC_REPRESENTATION_CONTEXT(2) 
PARAMETRIC_REPRESENTATION_CONTEXT() REPRESENTATION_CONTEXT('2D SPACE',''
  ) );
#5504 = ORIENTED_EDGE('',*,*,#2347,.F.);
#5505 = ADVANCED_FACE('',(#5506),#2184,.T.);
#5506 = FACE_BOUND('',#5507,.T.);
#5507 = EDGE_LOOP('',(#5508,#5536,#5564,#5592,#5613,#5614));
#5508 = ORIENTED_EDGE('',*,*,#5509,.F.);
#5509 = EDGE_CURVE('',#5510,#2348,#5512,.T.);
#5510 = VERTEX_POINT('',#5511);
#5511 = CARTESIAN_POINT('',(36.625000000004,8.985013564261,
    -8.437500000004));
#5512 = SURFACE_CURVE('',#5513,(#5517,#5524),.PCURVE_S1.);
#5513 = LINE('',#5514,#5515);
#5514 = CARTESIAN_POINT('',(36.625000000004,8.985013564261,
    -8.437500000004));
#5515 = VECTOR('',#5516,1.);
#5516 = DIRECTION('',(-1.,4.08085E-13,7.068239538067E-13));
#5517 = PCURVE('',#2184,#5518);
#5518 = DEFINITIONAL_REPRESENTATION('',(#5519),#5523);
#5519 = LINE('',#5520,#5521);
#5520 = CARTESIAN_POINT('',(0.,0.));
#5521 = VECTOR('',#5522,1.);
#5522 = DIRECTION('',(1.,0.));
#5523 = ( GEOMETRIC_REPRESENTATION_CONTEXT(2) 
PARAMETRIC_REPRESENTATION_CONTEXT() REPRESENTATION_CONTEXT('2D SPACE',''
  ) );
#5524 = PCURVE('',#5525,#5530);
#5525 = PLANE('',#5526);
#5526 = AXIS2_PLACEMENT_3D('',#5527,#5528,#5529);
#5527 = CARTESIAN_POINT('',(35.000000000001,10.392304845412,
    -6.000000000001));
#5528 = DIRECTION('',(0.,0.866025403784,-0.5));
#5529 = DIRECTION('',(1.,0.,0.));
#5530 = DEFINITIONAL_REPRESENTATION('',(#5531),#5535);
#5531 = LINE('',#5532,#5533);
#5532 = CARTESIAN_POINT('',(1.625000000004,2.814582562303));
#5533 = VECTOR('',#5534,1.);
#5534 = DIRECTION('',(-1.,-8.1617E-13));
#5535 = ( GEOMETRIC_REPRESENTATION_CONTEXT(2) 
PARAMETRIC_REPRESENTATION_CONTEXT() REPRESENTATION_CONTEXT('2D SPACE',''
  ) );
#5536 = ORIENTED_EDGE('',*,*,#5537,.T.);
#5537 = EDGE_CURVE('',#5510,#5538,#5540,.T.);
#5538 = VERTEX_POINT('',#5539);
#5539 = CARTESIAN_POINT('',(36.625000000004,12.449115179399,-10.4375));
#5540 = SURFACE_CURVE('',#5541,(#5545,#5552),.PCURVE_S1.);
#5541 = LINE('',#5542,#5543);
#5542 = CARTESIAN_POINT('',(36.625000000004,8.985013564261,
    -8.437500000004));
#5543 = VECTOR('',#5544,1.);
#5544 = DIRECTION('',(0.,0.866025403784,-0.5));
#5545 = PCURVE('',#2184,#5546);
#5546 = DEFINITIONAL_REPRESENTATION('',(#5547),#5551);
#5547 = LINE('',#5548,#5549);
#5548 = CARTESIAN_POINT('',(0.,0.));
#5549 = VECTOR('',#5550,1.);
#5550 = DIRECTION('',(0.,-1.));
#5551 = ( GEOMETRIC_REPRESENTATION_CONTEXT(2) 
PARAMETRIC_REPRESENTATION_CONTEXT() REPRESENTATION_CONTEXT('2D SPACE',''
  ) );
#5552 = PCURVE('',#5553,#5558);
#5553 = PLANE('',#5554);
#5554 = AXIS2_PLACEMENT_3D('',#5555,#5556,#5557);
#5555 = CARTESIAN_POINT('',(38.25,10.392304845413,-6.));
#5556 = DIRECTION('',(-0.866025403785,0.249999999999,0.433012701891));
#5557 = DIRECTION('',(-0.499999999998,-0.433012701893,-0.750000000001));
#5558 = DEFINITIONAL_REPRESENTATION('',(#5559),#5563);
#5559 = LINE('',#5560,#5561);
#5560 = CARTESIAN_POINT('',(3.250000000002,0.));
#5561 = VECTOR('',#5562,1.);
#5562 = DIRECTION('',(0.,-1.));
#5563 = ( GEOMETRIC_REPRESENTATION_CONTEXT(2) 
PARAMETRIC_REPRESENTATION_CONTEXT() REPRESENTATION_CONTEXT('2D SPACE',''
  ) );
#5564 = ORIENTED_EDGE('',*,*,#5565,.T.);
#5565 = EDGE_CURVE('',#5538,#5566,#5568,.T.);
#5566 = VERTEX_POINT('',#5567);
#5567 = CARTESIAN_POINT('',(33.375000000003,12.4491151794,-10.4375));
#5568 = SURFACE_CURVE('',#5569,(#5573,#5580),.PCURVE_S1.);
#5569 = LINE('',#5570,#5571);
#5570 = CARTESIAN_POINT('',(36.625000000004,12.449115179399,-10.4375));
#5571 = VECTOR('',#5572,1.);
#5572 = DIRECTION('',(-1.,4.08085E-13,7.068239538067E-13));
#5573 = PCURVE('',#2184,#5574);
#5574 = DEFINITIONAL_REPRESENTATION('',(#5575),#5579);
#5575 = LINE('',#5576,#5577);
#5576 = CARTESIAN_POINT('',(0.,-4.));
#5577 = VECTOR('',#5578,1.);
#5578 = DIRECTION('',(1.,0.));
#5579 = ( GEOMETRIC_REPRESENTATION_CONTEXT(2) 
PARAMETRIC_REPRESENTATION_CONTEXT() REPRESENTATION_CONTEXT('2D SPACE',''
  ) );
#5580 = PCURVE('',#5581,#5586);
#5581 = PLANE('',#5582);
#5582 = AXIS2_PLACEMENT_3D('',#5583,#5584,#5585);
#5583 = CARTESIAN_POINT('',(35.000000000001,13.85640646055,
    -8.000000000001));
#5584 = DIRECTION('',(0.,0.866025403784,-0.5));
#5585 = DIRECTION('',(1.,0.,0.));
#5586 = DEFINITIONAL_REPRESENTATION('',(#5587),#5591);
#5587 = LINE('',#5588,#5589);
#5588 = CARTESIAN_POINT('',(1.625000000004,2.814582562303));
#5589 = VECTOR('',#5590,1.);
#5590 = DIRECTION('',(-1.,-8.1617E-13));
#5591 = ( GEOMETRIC_REPRESENTATION_CONTEXT(2) 
PARAMETRIC_REPRESENTATION_CONTEXT() REPRESENTATION_CONTEXT('2D SPACE',''
  ) );
#5592 = ORIENTED_EDGE('',*,*,#5593,.F.);
#5593 = EDGE_CURVE('',#2141,#5566,#5594,.T.);
#5594 = SURFACE_CURVE('',#5595,(#5599,#5606),.PCURVE_S1.);
#5595 = LINE('',#5596,#5597);
#5596 = CARTESIAN_POINT('',(33.375000000003,8.985013564262,
    -8.437500000002));
#5597 = VECTOR('',#5598,1.);
#5598 = DIRECTION('',(0.,0.866025403784,-0.5));
#5599 = PCURVE('',#2184,#5600);
#5600 = DEFINITIONAL_REPRESENTATION('',(#5601),#5605);
#5601 = LINE('',#5602,#5603);
#5602 = CARTESIAN_POINT('',(3.250000000001,0.));
#5603 = VECTOR('',#5604,1.);
#5604 = DIRECTION('',(0.,-1.));
#5605 = ( GEOMETRIC_REPRESENTATION_CONTEXT(2) 
PARAMETRIC_REPRESENTATION_CONTEXT() REPRESENTATION_CONTEXT('2D SPACE',''
  ) );
#5606 = PCURVE('',#2156,#5607);
#5607 = DEFINITIONAL_REPRESENTATION('',(#5608),#5612);
#5608 = LINE('',#5609,#5610);
#5609 = CARTESIAN_POINT('',(3.845925372765E-16,0.));
#5610 = VECTOR('',#5611,1.);
#5611 = DIRECTION('',(0.,-1.));
#5612 = ( GEOMETRIC_REPRESENTATION_CONTEXT(2) 
PARAMETRIC_REPRESENTATION_CONTEXT() REPRESENTATION_CONTEXT('2D SPACE',''
  ) );
#5613 = ORIENTED_EDGE('',*,*,#2168,.F.);
#5614 = ORIENTED_EDGE('',*,*,#5484,.F.);
#5615 = ADVANCED_FACE('',(#5616),#2156,.T.);
#5616 = FACE_BOUND('',#5617,.T.);
#5617 = EDGE_LOOP('',(#5618,#5619,#5620,#5643));
#5618 = ORIENTED_EDGE('',*,*,#2140,.F.);
#5619 = ORIENTED_EDGE('',*,*,#5593,.T.);
#5620 = ORIENTED_EDGE('',*,*,#5621,.T.);
#5621 = EDGE_CURVE('',#5566,#5622,#5624,.T.);
#5622 = VERTEX_POINT('',#5623);
#5623 = CARTESIAN_POINT('',(31.749999999999,13.85640646055,
    -8.000000000002));
#5624 = SURFACE_CURVE('',#5625,(#5629,#5636),.PCURVE_S1.);
#5625 = LINE('',#5626,#5627);
#5626 = CARTESIAN_POINT('',(33.375000000003,12.4491151794,-10.4375));
#5627 = VECTOR('',#5628,1.);
#5628 = DIRECTION('',(-0.500000000001,0.433012701892,0.75));
#5629 = PCURVE('',#2156,#5630);
#5630 = DEFINITIONAL_REPRESENTATION('',(#5631),#5635);
#5631 = LINE('',#5632,#5633);
#5632 = CARTESIAN_POINT('',(0.,-4.));
#5633 = VECTOR('',#5634,1.);
#5634 = DIRECTION('',(1.,0.));
#5635 = ( GEOMETRIC_REPRESENTATION_CONTEXT(2) 
PARAMETRIC_REPRESENTATION_CONTEXT() REPRESENTATION_CONTEXT('2D SPACE',''
  ) );
#5636 = PCURVE('',#5581,#5637);
#5637 = DEFINITIONAL_REPRESENTATION('',(#5638),#5642);
#5638 = LINE('',#5639,#5640);
#5639 = CARTESIAN_POINT('',(-1.624999999998,2.8145825623));
#5640 = VECTOR('',#5641,1.);
#5641 = DIRECTION('',(-0.500000000001,-0.866025403784));
#5642 = ( GEOMETRIC_REPRESENTATION_CONTEXT(2) 
PARAMETRIC_REPRESENTATION_CONTEXT() REPRESENTATION_CONTEXT('2D SPACE',''
  ) );
#5643 = ORIENTED_EDGE('',*,*,#5644,.F.);
#5644 = EDGE_CURVE('',#2113,#5622,#5645,.T.);
#5645 = SURFACE_CURVE('',#5646,(#5650,#5657),.PCURVE_S1.);
#5646 = LINE('',#5647,#5648);
#5647 = CARTESIAN_POINT('',(31.749999999999,10.392304845412,
    -6.000000000002));
#5648 = VECTOR('',#5649,1.);
#5649 = DIRECTION('',(0.,0.866025403784,-0.5));
#5650 = PCURVE('',#2156,#5651);
#5651 = DEFINITIONAL_REPRESENTATION('',(#5652),#5656);
#5652 = LINE('',#5653,#5654);
#5653 = CARTESIAN_POINT('',(3.250000000002,0.));
#5654 = VECTOR('',#5655,1.);
#5655 = DIRECTION('',(0.,-1.));
#5656 = ( GEOMETRIC_REPRESENTATION_CONTEXT(2) 
PARAMETRIC_REPRESENTATION_CONTEXT() REPRESENTATION_CONTEXT('2D SPACE',''
  ) );
#5657 = PCURVE('',#2128,#5658);
#5658 = DEFINITIONAL_REPRESENTATION('',(#5659),#5663);
#5659 = LINE('',#5660,#5661);
#5660 = CARTESIAN_POINT('',(-2.533124306074E-16,0.));
#5661 = VECTOR('',#5662,1.);
#5662 = DIRECTION('',(0.,-1.));
#5663 = ( GEOMETRIC_REPRESENTATION_CONTEXT(2) 
PARAMETRIC_REPRESENTATION_CONTEXT() REPRESENTATION_CONTEXT('2D SPACE',''
  ) );
#5664 = ADVANCED_FACE('',(#5665),#2128,.T.);
#5665 = FACE_BOUND('',#5666,.T.);
#5666 = EDGE_LOOP('',(#5667,#5668,#5669,#5692));
#5667 = ORIENTED_EDGE('',*,*,#2112,.F.);
#5668 = ORIENTED_EDGE('',*,*,#5644,.T.);
#5669 = ORIENTED_EDGE('',*,*,#5670,.T.);
#5670 = EDGE_CURVE('',#5622,#5671,#5673,.T.);
#5671 = VERTEX_POINT('',#5672);
#5672 = CARTESIAN_POINT('',(33.374999999998,15.263697741701,-5.5625));
#5673 = SURFACE_CURVE('',#5674,(#5678,#5685),.PCURVE_S1.);
#5674 = LINE('',#5675,#5676);
#5675 = CARTESIAN_POINT('',(31.749999999999,13.85640646055,
    -8.000000000002));
#5676 = VECTOR('',#5677,1.);
#5677 = DIRECTION('',(0.499999999999,0.433012701892,0.75));
#5678 = PCURVE('',#2128,#5679);
#5679 = DEFINITIONAL_REPRESENTATION('',(#5680),#5684);
#5680 = LINE('',#5681,#5682);
#5681 = CARTESIAN_POINT('',(0.,-4.));
#5682 = VECTOR('',#5683,1.);
#5683 = DIRECTION('',(1.,0.));
#5684 = ( GEOMETRIC_REPRESENTATION_CONTEXT(2) 
PARAMETRIC_REPRESENTATION_CONTEXT() REPRESENTATION_CONTEXT('2D SPACE',''
  ) );
#5685 = PCURVE('',#5581,#5686);
#5686 = DEFINITIONAL_REPRESENTATION('',(#5687),#5691);
#5687 = LINE('',#5688,#5689);
#5688 = CARTESIAN_POINT('',(-3.250000000001,1.00127E-12));
#5689 = VECTOR('',#5690,1.);
#5690 = DIRECTION('',(0.499999999999,-0.866025403785));
#5691 = ( GEOMETRIC_REPRESENTATION_CONTEXT(2) 
PARAMETRIC_REPRESENTATION_CONTEXT() REPRESENTATION_CONTEXT('2D SPACE',''
  ) );
#5692 = ORIENTED_EDGE('',*,*,#5693,.F.);
#5693 = EDGE_CURVE('',#2085,#5671,#5694,.T.);
#5694 = SURFACE_CURVE('',#5695,(#5699,#5706),.PCURVE_S1.);
#5695 = LINE('',#5696,#5697);
#5696 = CARTESIAN_POINT('',(33.374999999998,11.799596126563,-3.5625));
#5697 = VECTOR('',#5698,1.);
#5698 = DIRECTION('',(0.,0.866025403784,-0.5));
#5699 = PCURVE('',#2128,#5700);
#5700 = DEFINITIONAL_REPRESENTATION('',(#5701),#5705);
#5701 = LINE('',#5702,#5703);
#5702 = CARTESIAN_POINT('',(3.250000000001,0.));
#5703 = VECTOR('',#5704,1.);
#5704 = DIRECTION('',(0.,-1.));
#5705 = ( GEOMETRIC_REPRESENTATION_CONTEXT(2) 
PARAMETRIC_REPRESENTATION_CONTEXT() REPRESENTATION_CONTEXT('2D SPACE',''
  ) );
#5706 = PCURVE('',#2100,#5707);
#5707 = DEFINITIONAL_REPRESENTATION('',(#5708),#5712);
#5708 = LINE('',#5709,#5710);
#5709 = CARTESIAN_POINT('',(0.,0.));
#5710 = VECTOR('',#5711,1.);
#5711 = DIRECTION('',(0.,-1.));
#5712 = ( GEOMETRIC_REPRESENTATION_CONTEXT(2) 
PARAMETRIC_REPRESENTATION_CONTEXT() REPRESENTATION_CONTEXT('2D SPACE',''
  ) );
#5713 = ADVANCED_FACE('',(#5714),#2100,.T.);
#5714 = FACE_BOUND('',#5715,.T.);
#5715 = EDGE_LOOP('',(#5716,#5717,#5718,#5741,#5769,#5790));
#5716 = ORIENTED_EDGE('',*,*,#2084,.F.);
#5717 = ORIENTED_EDGE('',*,*,#5693,.T.);
#5718 = ORIENTED_EDGE('',*,*,#5719,.T.);
#5719 = EDGE_CURVE('',#5671,#5720,#5722,.T.);
#5720 = VERTEX_POINT('',#5721);
#5721 = CARTESIAN_POINT('',(36.625,15.263697741701,-5.562499999999));
#5722 = SURFACE_CURVE('',#5723,(#5727,#5734),.PCURVE_S1.);
#5723 = LINE('',#5724,#5725);
#5724 = CARTESIAN_POINT('',(33.374999999998,15.263697741701,-5.5625));
#5725 = VECTOR('',#5726,1.);
#5726 = DIRECTION('',(1.,2.03665E-13,3.527581277235E-13));
#5727 = PCURVE('',#2100,#5728);
#5728 = DEFINITIONAL_REPRESENTATION('',(#5729),#5733);
#5729 = LINE('',#5730,#5731);
#5730 = CARTESIAN_POINT('',(0.,-4.));
#5731 = VECTOR('',#5732,1.);
#5732 = DIRECTION('',(1.,0.));
#5733 = ( GEOMETRIC_REPRESENTATION_CONTEXT(2) 
PARAMETRIC_REPRESENTATION_CONTEXT() REPRESENTATION_CONTEXT('2D SPACE',''
  ) );
#5734 = PCURVE('',#5581,#5735);
#5735 = DEFINITIONAL_REPRESENTATION('',(#5736),#5740);
#5736 = LINE('',#5737,#5738);
#5737 = CARTESIAN_POINT('',(-1.625000000003,-2.814582562301));
#5738 = VECTOR('',#5739,1.);
#5739 = DIRECTION('',(1.,-4.0733E-13));
#5740 = ( GEOMETRIC_REPRESENTATION_CONTEXT(2) 
PARAMETRIC_REPRESENTATION_CONTEXT() REPRESENTATION_CONTEXT('2D SPACE',''
  ) );
#5741 = ORIENTED_EDGE('',*,*,#5742,.F.);
#5742 = EDGE_CURVE('',#5743,#5720,#5745,.T.);
#5743 = VERTEX_POINT('',#5744);
#5744 = CARTESIAN_POINT('',(36.625,11.799596126563,-3.562499999999));
#5745 = SURFACE_CURVE('',#5746,(#5750,#5757),.PCURVE_S1.);
#5746 = LINE('',#5747,#5748);
#5747 = CARTESIAN_POINT('',(36.625,11.799596126563,-3.562499999999));
#5748 = VECTOR('',#5749,1.);
#5749 = DIRECTION('',(0.,0.866025403784,-0.5));
#5750 = PCURVE('',#2100,#5751);
#5751 = DEFINITIONAL_REPRESENTATION('',(#5752),#5756);
#5752 = LINE('',#5753,#5754);
#5753 = CARTESIAN_POINT('',(3.250000000002,0.));
#5754 = VECTOR('',#5755,1.);
#5755 = DIRECTION('',(0.,-1.));
#5756 = ( GEOMETRIC_REPRESENTATION_CONTEXT(2) 
PARAMETRIC_REPRESENTATION_CONTEXT() REPRESENTATION_CONTEXT('2D SPACE',''
  ) );
#5757 = PCURVE('',#5758,#5763);
#5758 = PLANE('',#5759);
#5759 = AXIS2_PLACEMENT_3D('',#5760,#5761,#5762);
#5760 = CARTESIAN_POINT('',(36.625,11.799596126563,-3.562499999999));
#5761 = DIRECTION('',(-0.866025403784,-0.25,-0.433012701892));
#5762 = DIRECTION('',(0.5,-0.433012701892,-0.75));
#5763 = DEFINITIONAL_REPRESENTATION('',(#5764),#5768);
#5764 = LINE('',#5765,#5766);
#5765 = CARTESIAN_POINT('',(-3.845925372767E-16,0.));
#5766 = VECTOR('',#5767,1.);
#5767 = DIRECTION('',(0.,-1.));
#5768 = ( GEOMETRIC_REPRESENTATION_CONTEXT(2) 
PARAMETRIC_REPRESENTATION_CONTEXT() REPRESENTATION_CONTEXT('2D SPACE',''
  ) );
#5769 = ORIENTED_EDGE('',*,*,#5770,.F.);
#5770 = EDGE_CURVE('',#2445,#5743,#5771,.T.);
#5771 = SURFACE_CURVE('',#5772,(#5776,#5783),.PCURVE_S1.);
#5772 = LINE('',#5773,#5774);
#5773 = CARTESIAN_POINT('',(33.374999999998,11.799596126563,-3.5625));
#5774 = VECTOR('',#5775,1.);
#5775 = DIRECTION('',(1.,2.03665E-13,3.527581277235E-13));
#5776 = PCURVE('',#2100,#5777);
#5777 = DEFINITIONAL_REPRESENTATION('',(#5778),#5782);
#5778 = LINE('',#5779,#5780);
#5779 = CARTESIAN_POINT('',(0.,0.));
#5780 = VECTOR('',#5781,1.);
#5781 = DIRECTION('',(1.,0.));
#5782 = ( GEOMETRIC_REPRESENTATION_CONTEXT(2) 
PARAMETRIC_REPRESENTATION_CONTEXT() REPRESENTATION_CONTEXT('2D SPACE',''
  ) );
#5783 = PCURVE('',#5525,#5784);
#5784 = DEFINITIONAL_REPRESENTATION('',(#5785),#5789);
#5785 = LINE('',#5786,#5787);
#5786 = CARTESIAN_POINT('',(-1.625000000003,-2.814582562301));
#5787 = VECTOR('',#5788,1.);
#5788 = DIRECTION('',(1.,-4.0733E-13));
#5789 = ( GEOMETRIC_REPRESENTATION_CONTEXT(2) 
PARAMETRIC_REPRESENTATION_CONTEXT() REPRESENTATION_CONTEXT('2D SPACE',''
  ) );
#5790 = ORIENTED_EDGE('',*,*,#5791,.F.);
#5791 = EDGE_CURVE('',#2057,#2445,#5792,.T.);
#5792 = SURFACE_CURVE('',#5793,(#5797,#5804),.PCURVE_S1.);
#5793 = LINE('',#5794,#5795);
#5794 = CARTESIAN_POINT('',(34.,12.405813909212,-3.9125));
#5795 = VECTOR('',#5796,1.);
#5796 = DIRECTION('',(0.,-0.866025403784,0.5));
#5797 = PCURVE('',#2100,#5798);
#5798 = DEFINITIONAL_REPRESENTATION('',(#5799),#5803);
#5799 = LINE('',#5800,#5801);
#5800 = CARTESIAN_POINT('',(0.625000000002,-0.7));
#5801 = VECTOR('',#5802,1.);
#5802 = DIRECTION('',(6.783407169308E-29,1.));
#5803 = ( GEOMETRIC_REPRESENTATION_CONTEXT(2) 
PARAMETRIC_REPRESENTATION_CONTEXT() REPRESENTATION_CONTEXT('2D SPACE',''
  ) );
#5804 = PCURVE('',#2072,#5805);
#5805 = DEFINITIONAL_REPRESENTATION('',(#5806),#5810);
#5806 = LINE('',#5807,#5808);
#5807 = CARTESIAN_POINT('',(-0.7,2.814582562299));
#5808 = VECTOR('',#5809,1.);
#5809 = DIRECTION('',(-1.,1.665334536938E-16));
#5810 = ( GEOMETRIC_REPRESENTATION_CONTEXT(2) 
PARAMETRIC_REPRESENTATION_CONTEXT() REPRESENTATION_CONTEXT('2D SPACE',''
  ) );
#5811 = ADVANCED_FACE('',(#5812),#2044,.F.);
#5812 = FACE_BOUND('',#5813,.F.);
#5813 = EDGE_LOOP('',(#5814,#5815,#5836,#5837));
#5814 = ORIENTED_EDGE('',*,*,#2274,.T.);
#5815 = ORIENTED_EDGE('',*,*,#5816,.T.);
#5816 = EDGE_CURVE('',#2277,#2029,#5817,.T.);
#5817 = SURFACE_CURVE('',#5818,(#5822,#5829),.PCURVE_S1.);
#5818 = LINE('',#5819,#5820);
#5819 = CARTESIAN_POINT('',(34.,11.892304845413,-3.401923788647));
#5820 = VECTOR('',#5821,1.);
#5821 = DIRECTION('',(0.,0.866025403784,-0.5));
#5822 = PCURVE('',#2044,#5823);
#5823 = DEFINITIONAL_REPRESENTATION('',(#5824),#5828);
#5824 = LINE('',#5825,#5826);
#5825 = CARTESIAN_POINT('',(0.,-4.));
#5826 = VECTOR('',#5827,1.);
#5827 = DIRECTION('',(1.,0.));
#5828 = ( GEOMETRIC_REPRESENTATION_CONTEXT(2) 
PARAMETRIC_REPRESENTATION_CONTEXT() REPRESENTATION_CONTEXT('2D SPACE',''
  ) );
#5829 = PCURVE('',#2072,#5830);
#5830 = DEFINITIONAL_REPRESENTATION('',(#5831),#5835);
#5831 = LINE('',#5832,#5833);
#5832 = CARTESIAN_POINT('',(-1.4,3.));
#5833 = VECTOR('',#5834,1.);
#5834 = DIRECTION('',(1.,0.));
#5835 = ( GEOMETRIC_REPRESENTATION_CONTEXT(2) 
PARAMETRIC_REPRESENTATION_CONTEXT() REPRESENTATION_CONTEXT('2D SPACE',''
  ) );
#5836 = ORIENTED_EDGE('',*,*,#2028,.F.);
#5837 = ORIENTED_EDGE('',*,*,#2494,.F.);
#5838 = ADVANCED_FACE('',(#5839),#2072,.F.);
#5839 = FACE_BOUND('',#5840,.F.);
#5840 = EDGE_LOOP('',(#5841,#5842,#5843,#5844));
#5841 = ORIENTED_EDGE('',*,*,#5791,.F.);
#5842 = ORIENTED_EDGE('',*,*,#2056,.F.);
#5843 = ORIENTED_EDGE('',*,*,#5816,.F.);
#5844 = ORIENTED_EDGE('',*,*,#2467,.F.);
#5845 = ADVANCED_FACE('',(#5846),#2386,.T.);
#5846 = FACE_BOUND('',#5847,.T.);
#5847 = EDGE_LOOP('',(#5848,#5871,#5872,#5873,#5874,#5875,#5898));
#5848 = ORIENTED_EDGE('',*,*,#5849,.F.);
#5849 = EDGE_CURVE('',#2348,#5850,#5852,.T.);
#5850 = VERTEX_POINT('',#5851);
#5851 = CARTESIAN_POINT('',(34.,9.526279441629,-7.5));
#5852 = SURFACE_CURVE('',#5853,(#5857,#5864),.PCURVE_S1.);
#5853 = LINE('',#5854,#5855);
#5854 = CARTESIAN_POINT('',(34.,8.892304845413,-8.598076211353));
#5855 = VECTOR('',#5856,1.);
#5856 = DIRECTION('',(0.,0.5,0.866025403784));
#5857 = PCURVE('',#2386,#5858);
#5858 = DEFINITIONAL_REPRESENTATION('',(#5859),#5863);
#5859 = LINE('',#5860,#5861);
#5860 = CARTESIAN_POINT('',(-1.000000000001,2.999999999998));
#5861 = VECTOR('',#5862,1.);
#5862 = DIRECTION('',(0.,-1.));
#5863 = ( GEOMETRIC_REPRESENTATION_CONTEXT(2) 
PARAMETRIC_REPRESENTATION_CONTEXT() REPRESENTATION_CONTEXT('2D SPACE',''
  ) );
#5864 = PCURVE('',#5525,#5865);
#5865 = DEFINITIONAL_REPRESENTATION('',(#5866),#5870);
#5866 = LINE('',#5867,#5868);
#5867 = CARTESIAN_POINT('',(-1.000000000001,2.999999999998));
#5868 = VECTOR('',#5869,1.);
#5869 = DIRECTION('',(0.,-1.));
#5870 = ( GEOMETRIC_REPRESENTATION_CONTEXT(2) 
PARAMETRIC_REPRESENTATION_CONTEXT() REPRESENTATION_CONTEXT('2D SPACE',''
  ) );
#5871 = ORIENTED_EDGE('',*,*,#2370,.T.);
#5872 = ORIENTED_EDGE('',*,*,#2398,.T.);
#5873 = ORIENTED_EDGE('',*,*,#2421,.T.);
#5874 = ORIENTED_EDGE('',*,*,#2444,.T.);
#5875 = ORIENTED_EDGE('',*,*,#5876,.F.);
#5876 = EDGE_CURVE('',#5877,#2445,#5879,.T.);
#5877 = VERTEX_POINT('',#5878);
#5878 = CARTESIAN_POINT('',(34.,11.258330249198,-4.5));
#5879 = SURFACE_CURVE('',#5880,(#5884,#5891),.PCURVE_S1.);
#5880 = LINE('',#5881,#5882);
#5881 = CARTESIAN_POINT('',(34.,8.892304845413,-8.598076211353));
#5882 = VECTOR('',#5883,1.);
#5883 = DIRECTION('',(0.,0.5,0.866025403784));
#5884 = PCURVE('',#2386,#5885);
#5885 = DEFINITIONAL_REPRESENTATION('',(#5886),#5890);
#5886 = LINE('',#5887,#5888);
#5887 = CARTESIAN_POINT('',(-1.000000000001,2.999999999998));
#5888 = VECTOR('',#5889,1.);
#5889 = DIRECTION('',(0.,-1.));
#5890 = ( GEOMETRIC_REPRESENTATION_CONTEXT(2) 
PARAMETRIC_REPRESENTATION_CONTEXT() REPRESENTATION_CONTEXT('2D SPACE',''
  ) );
#5891 = PCURVE('',#5525,#5892);
#5892 = DEFINITIONAL_REPRESENTATION('',(#5893),#5897);
#5893 = LINE('',#5894,#5895);
#5894 = CARTESIAN_POINT('',(-1.000000000001,2.999999999998));
#5895 = VECTOR('',#5896,1.);
#5896 = DIRECTION('',(0.,-1.));
#5897 = ( GEOMETRIC_REPRESENTATION_CONTEXT(2) 
PARAMETRIC_REPRESENTATION_CONTEXT() REPRESENTATION_CONTEXT('2D SPACE',''
  ) );
#5898 = ORIENTED_EDGE('',*,*,#5899,.T.);
#5899 = EDGE_CURVE('',#5877,#5850,#5900,.T.);
#5900 = SURFACE_CURVE('',#5901,(#5906,#5917),.PCURVE_S1.);
#5901 = CIRCLE('',#5902,2.);
#5902 = AXIS2_PLACEMENT_3D('',#5903,#5904,#5905);
#5903 = CARTESIAN_POINT('',(35.,10.392304845413,-6.));
#5904 = DIRECTION('',(0.,-0.866025403784,0.5));
#5905 = DIRECTION('',(1.,0.,0.));
#5906 = PCURVE('',#2386,#5907);
#5907 = DEFINITIONAL_REPRESENTATION('',(#5908),#5916);
#5908 = ( BOUNDED_CURVE() B_SPLINE_CURVE(2,(#5909,#5910,#5911,#5912,
#5913,#5914,#5915),.UNSPECIFIED.,.T.,.F.) B_SPLINE_CURVE_WITH_KNOTS((1,2
    ,2,2,2,1),(-2.094395102393,0.,2.094395102393,4.188790204786,
6.28318530718,8.377580409573),.UNSPECIFIED.) CURVE() 
GEOMETRIC_REPRESENTATION_ITEM() RATIONAL_B_SPLINE_CURVE((1.,0.5,1.,0.5,
1.,0.5,1.)) REPRESENTATION_ITEM('') );
#5909 = CARTESIAN_POINT('',(1.999999999999,-1.70634E-12));
#5910 = CARTESIAN_POINT('',(1.999999999999,-3.464101615139));
#5911 = CARTESIAN_POINT('',(-1.000000000001,-1.732050807571));
#5912 = CARTESIAN_POINT('',(-4.000000000001,-1.70682985872E-12));
#5913 = CARTESIAN_POINT('',(-1.000000000001,1.732050807567));
#5914 = CARTESIAN_POINT('',(1.999999999999,3.464101615136));
#5915 = CARTESIAN_POINT('',(1.999999999999,-1.70634E-12));
#5916 = ( GEOMETRIC_REPRESENTATION_CONTEXT(2) 
PARAMETRIC_REPRESENTATION_CONTEXT() REPRESENTATION_CONTEXT('2D SPACE',''
  ) );
#5917 = PCURVE('',#3561,#5918);
#5918 = DEFINITIONAL_REPRESENTATION('',(#5919),#5923);
#5919 = LINE('',#5920,#5921);
#5920 = CARTESIAN_POINT('',(-6.28318530718,13.4));
#5921 = VECTOR('',#5922,1.);
#5922 = DIRECTION('',(1.,-0.));
#5923 = ( GEOMETRIC_REPRESENTATION_CONTEXT(2) 
PARAMETRIC_REPRESENTATION_CONTEXT() REPRESENTATION_CONTEXT('2D SPACE',''
  ) );
#5924 = ADVANCED_FACE('',(#5925),#2588,.T.);
#5925 = FACE_BOUND('',#5926,.T.);
#5926 = EDGE_LOOP('',(#5927,#5950,#5971,#5972,#5973,#6001,#6027,#6028));
#5927 = ORIENTED_EDGE('',*,*,#5928,.T.);
#5928 = EDGE_CURVE('',#2806,#5929,#5931,.T.);
#5929 = VERTEX_POINT('',#5930);
#5930 = CARTESIAN_POINT('',(38.25,0.,12.));
#5931 = SURFACE_CURVE('',#5932,(#5936,#5943),.PCURVE_S1.);
#5932 = LINE('',#5933,#5934);
#5933 = CARTESIAN_POINT('',(36.625,-2.8145825623,12.));
#5934 = VECTOR('',#5935,1.);
#5935 = DIRECTION('',(0.5,0.866025403784,0.));
#5936 = PCURVE('',#2588,#5937);
#5937 = DEFINITIONAL_REPRESENTATION('',(#5938),#5942);
#5938 = LINE('',#5939,#5940);
#5939 = CARTESIAN_POINT('',(1.624999999999,-2.814582562302));
#5940 = VECTOR('',#5941,1.);
#5941 = DIRECTION('',(0.5,0.866025403784));
#5942 = ( GEOMETRIC_REPRESENTATION_CONTEXT(2) 
PARAMETRIC_REPRESENTATION_CONTEXT() REPRESENTATION_CONTEXT('2D SPACE',''
  ) );
#5943 = PCURVE('',#2821,#5944);
#5944 = DEFINITIONAL_REPRESENTATION('',(#5945),#5949);
#5945 = LINE('',#5946,#5947);
#5946 = CARTESIAN_POINT('',(0.,0.));
#5947 = VECTOR('',#5948,1.);
#5948 = DIRECTION('',(1.,0.));
#5949 = ( GEOMETRIC_REPRESENTATION_CONTEXT(2) 
PARAMETRIC_REPRESENTATION_CONTEXT() REPRESENTATION_CONTEXT('2D SPACE',''
  ) );
#5950 = ORIENTED_EDGE('',*,*,#5951,.T.);
#5951 = EDGE_CURVE('',#5929,#2573,#5952,.T.);
#5952 = SURFACE_CURVE('',#5953,(#5957,#5964),.PCURVE_S1.);
#5953 = LINE('',#5954,#5955);
#5954 = CARTESIAN_POINT('',(38.25,0.,12.));
#5955 = VECTOR('',#5956,1.);
#5956 = DIRECTION('',(-0.499999999998,0.866025403785,0.));
#5957 = PCURVE('',#2588,#5958);
#5958 = DEFINITIONAL_REPRESENTATION('',(#5959),#5963);
#5959 = LINE('',#5960,#5961);
#5960 = CARTESIAN_POINT('',(3.249999999999,-1.70634E-12));
#5961 = VECTOR('',#5962,1.);
#5962 = DIRECTION('',(-0.499999999998,0.866025403785));
#5963 = ( GEOMETRIC_REPRESENTATION_CONTEXT(2) 
PARAMETRIC_REPRESENTATION_CONTEXT() REPRESENTATION_CONTEXT('2D SPACE',''
  ) );
#5964 = PCURVE('',#2616,#5965);
#5965 = DEFINITIONAL_REPRESENTATION('',(#5966),#5970);
#5966 = LINE('',#5967,#5968);
#5967 = CARTESIAN_POINT('',(0.,0.));
#5968 = VECTOR('',#5969,1.);
#5969 = DIRECTION('',(1.,0.));
#5970 = ( GEOMETRIC_REPRESENTATION_CONTEXT(2) 
PARAMETRIC_REPRESENTATION_CONTEXT() REPRESENTATION_CONTEXT('2D SPACE',''
  ) );
#5971 = ORIENTED_EDGE('',*,*,#2572,.T.);
#5972 = ORIENTED_EDGE('',*,*,#2912,.T.);
#5973 = ORIENTED_EDGE('',*,*,#5974,.T.);
#5974 = EDGE_CURVE('',#2913,#5975,#5977,.T.);
#5975 = VERTEX_POINT('',#5976);
#5976 = CARTESIAN_POINT('',(37.,0.,12.));
#5977 = SURFACE_CURVE('',#5978,(#5983,#5994),.PCURVE_S1.);
#5978 = CIRCLE('',#5979,2.);
#5979 = AXIS2_PLACEMENT_3D('',#5980,#5981,#5982);
#5980 = CARTESIAN_POINT('',(35.,0.,12.));
#5981 = DIRECTION('',(0.,0.,-1.));
#5982 = DIRECTION('',(1.,0.,0.));
#5983 = PCURVE('',#2588,#5984);
#5984 = DEFINITIONAL_REPRESENTATION('',(#5985),#5993);
#5985 = ( BOUNDED_CURVE() B_SPLINE_CURVE(2,(#5986,#5987,#5988,#5989,
#5990,#5991,#5992),.UNSPECIFIED.,.T.,.F.) B_SPLINE_CURVE_WITH_KNOTS((1,2
    ,2,2,2,1),(-2.094395102393,0.,2.094395102393,4.188790204786,
6.28318530718,8.377580409573),.UNSPECIFIED.) CURVE() 
GEOMETRIC_REPRESENTATION_ITEM() RATIONAL_B_SPLINE_CURVE((1.,0.5,1.,0.5,
1.,0.5,1.)) REPRESENTATION_ITEM('') );
#5986 = CARTESIAN_POINT('',(1.999999999999,-1.70634E-12));
#5987 = CARTESIAN_POINT('',(1.999999999999,-3.464101615139));
#5988 = CARTESIAN_POINT('',(-1.000000000001,-1.732050807571));
#5989 = CARTESIAN_POINT('',(-4.000000000001,-1.70682985872E-12));
#5990 = CARTESIAN_POINT('',(-1.000000000001,1.732050807567));
#5991 = CARTESIAN_POINT('',(1.999999999999,3.464101615136));
#5992 = CARTESIAN_POINT('',(1.999999999999,-1.70634E-12));
#5993 = ( GEOMETRIC_REPRESENTATION_CONTEXT(2) 
PARAMETRIC_REPRESENTATION_CONTEXT() REPRESENTATION_CONTEXT('2D SPACE',''
  ) );
#5994 = PCURVE('',#2981,#5995);
#5995 = DEFINITIONAL_REPRESENTATION('',(#5996),#6000);
#5996 = LINE('',#5997,#5998);
#5997 = CARTESIAN_POINT('',(-6.28318530718,13.4));
#5998 = VECTOR('',#5999,1.);
#5999 = DIRECTION('',(1.,-0.));
#6000 = ( GEOMETRIC_REPRESENTATION_CONTEXT(2) 
PARAMETRIC_REPRESENTATION_CONTEXT() REPRESENTATION_CONTEXT('2D SPACE',''
  ) );
#6001 = ORIENTED_EDGE('',*,*,#6002,.T.);
#6002 = EDGE_CURVE('',#5975,#2940,#6003,.T.);
#6003 = SURFACE_CURVE('',#6004,(#6009,#6020),.PCURVE_S1.);
#6004 = CIRCLE('',#6005,2.);
#6005 = AXIS2_PLACEMENT_3D('',#6006,#6007,#6008);
#6006 = CARTESIAN_POINT('',(35.,0.,12.));
#6007 = DIRECTION('',(0.,0.,-1.));
#6008 = DIRECTION('',(1.,0.,0.));
#6009 = PCURVE('',#2588,#6010);
#6010 = DEFINITIONAL_REPRESENTATION('',(#6011),#6019);
#6011 = ( BOUNDED_CURVE() B_SPLINE_CURVE(2,(#6012,#6013,#6014,#6015,
#6016,#6017,#6018),.UNSPECIFIED.,.T.,.F.) B_SPLINE_CURVE_WITH_KNOTS((1,2
    ,2,2,2,1),(-2.094395102393,0.,2.094395102393,4.188790204786,
6.28318530718,8.377580409573),.UNSPECIFIED.) CURVE() 
GEOMETRIC_REPRESENTATION_ITEM() RATIONAL_B_SPLINE_CURVE((1.,0.5,1.,0.5,
1.,0.5,1.)) REPRESENTATION_ITEM('') );
#6012 = CARTESIAN_POINT('',(1.999999999999,-1.70634E-12));
#6013 = CARTESIAN_POINT('',(1.999999999999,-3.464101615139));
#6014 = CARTESIAN_POINT('',(-1.000000000001,-1.732050807571));
#6015 = CARTESIAN_POINT('',(-4.000000000001,-1.70682985872E-12));
#6016 = CARTESIAN_POINT('',(-1.000000000001,1.732050807567));
#6017 = CARTESIAN_POINT('',(1.999999999999,3.464101615136));
#6018 = CARTESIAN_POINT('',(1.999999999999,-1.70634E-12));
#6019 = ( GEOMETRIC_REPRESENTATION_CONTEXT(2) 
PARAMETRIC_REPRESENTATION_CONTEXT() REPRESENTATION_CONTEXT('2D SPACE',''
  ) );
#6020 = PCURVE('',#2981,#6021);
#6021 = DEFINITIONAL_REPRESENTATION('',(#6022),#6026);
#6022 = LINE('',#6023,#6024);
#6023 = CARTESIAN_POINT('',(-6.28318530718,13.4));
#6024 = VECTOR('',#6025,1.);
#6025 = DIRECTION('',(1.,-0.));
#6026 = ( GEOMETRIC_REPRESENTATION_CONTEXT(2) 
PARAMETRIC_REPRESENTATION_CONTEXT() REPRESENTATION_CONTEXT('2D SPACE',''
  ) );
#6027 = ORIENTED_EDGE('',*,*,#2939,.T.);
#6028 = ORIENTED_EDGE('',*,*,#2833,.T.);
#6029 = ADVANCED_FACE('',(#6030,#6080),#2644,.F.);
#6030 = FACE_BOUND('',#6031,.F.);
#6031 = EDGE_LOOP('',(#6032,#6055,#6056,#6057,#6058,#6059));
#6032 = ORIENTED_EDGE('',*,*,#6033,.T.);
#6033 = EDGE_CURVE('',#6034,#2601,#6036,.T.);
#6034 = VERTEX_POINT('',#6035);
#6035 = CARTESIAN_POINT('',(38.25,0.,16.));
#6036 = SURFACE_CURVE('',#6037,(#6041,#6048),.PCURVE_S1.);
#6037 = LINE('',#6038,#6039);
#6038 = CARTESIAN_POINT('',(38.25,0.,16.));
#6039 = VECTOR('',#6040,1.);
#6040 = DIRECTION('',(-0.499999999998,0.866025403785,0.));
#6041 = PCURVE('',#2644,#6042);
#6042 = DEFINITIONAL_REPRESENTATION('',(#6043),#6047);
#6043 = LINE('',#6044,#6045);
#6044 = CARTESIAN_POINT('',(3.249999999999,-1.70634E-12));
#6045 = VECTOR('',#6046,1.);
#6046 = DIRECTION('',(-0.499999999998,0.866025403785));
#6047 = ( GEOMETRIC_REPRESENTATION_CONTEXT(2) 
PARAMETRIC_REPRESENTATION_CONTEXT() REPRESENTATION_CONTEXT('2D SPACE',''
  ) );
#6048 = PCURVE('',#2616,#6049);
#6049 = DEFINITIONAL_REPRESENTATION('',(#6050),#6054);
#6050 = LINE('',#6051,#6052);
#6051 = CARTESIAN_POINT('',(0.,-4.));
#6052 = VECTOR('',#6053,1.);
#6053 = DIRECTION('',(1.,0.));
#6054 = ( GEOMETRIC_REPRESENTATION_CONTEXT(2) 
PARAMETRIC_REPRESENTATION_CONTEXT() REPRESENTATION_CONTEXT('2D SPACE',''
  ) );
#6055 = ORIENTED_EDGE('',*,*,#2628,.T.);
#6056 = ORIENTED_EDGE('',*,*,#2684,.T.);
#6057 = ORIENTED_EDGE('',*,*,#2733,.T.);
#6058 = ORIENTED_EDGE('',*,*,#2782,.T.);
#6059 = ORIENTED_EDGE('',*,*,#6060,.T.);
#6060 = EDGE_CURVE('',#2783,#6034,#6061,.T.);
#6061 = SURFACE_CURVE('',#6062,(#6066,#6073),.PCURVE_S1.);
#6062 = LINE('',#6063,#6064);
#6063 = CARTESIAN_POINT('',(36.625,-2.8145825623,16.));
#6064 = VECTOR('',#6065,1.);
#6065 = DIRECTION('',(0.5,0.866025403784,0.));
#6066 = PCURVE('',#2644,#6067);
#6067 = DEFINITIONAL_REPRESENTATION('',(#6068),#6072);
#6068 = LINE('',#6069,#6070);
#6069 = CARTESIAN_POINT('',(1.624999999999,-2.814582562302));
#6070 = VECTOR('',#6071,1.);
#6071 = DIRECTION('',(0.5,0.866025403784));
#6072 = ( GEOMETRIC_REPRESENTATION_CONTEXT(2) 
PARAMETRIC_REPRESENTATION_CONTEXT() REPRESENTATION_CONTEXT('2D SPACE',''
  ) );
#6073 = PCURVE('',#2821,#6074);
#6074 = DEFINITIONAL_REPRESENTATION('',(#6075),#6079);
#6075 = LINE('',#6076,#6077);
#6076 = CARTESIAN_POINT('',(0.,-4.));
#6077 = VECTOR('',#6078,1.);
#6078 = DIRECTION('',(1.,0.));
#6079 = ( GEOMETRIC_REPRESENTATION_CONTEXT(2) 
PARAMETRIC_REPRESENTATION_CONTEXT() REPRESENTATION_CONTEXT('2D SPACE',''
  ) );
#6080 = FACE_BOUND('',#6081,.F.);
#6081 = EDGE_LOOP('',(#6082));
#6082 = ORIENTED_EDGE('',*,*,#6083,.T.);
#6083 = EDGE_CURVE('',#6084,#6084,#6086,.T.);
#6084 = VERTEX_POINT('',#6085);
#6085 = CARTESIAN_POINT('',(37.,0.,16.));
#6086 = SURFACE_CURVE('',#6087,(#6092,#6103),.PCURVE_S1.);
#6087 = CIRCLE('',#6088,2.);
#6088 = AXIS2_PLACEMENT_3D('',#6089,#6090,#6091);
#6089 = CARTESIAN_POINT('',(35.,0.,16.));
#6090 = DIRECTION('',(0.,0.,-1.));
#6091 = DIRECTION('',(1.,0.,0.));
#6092 = PCURVE('',#2644,#6093);
#6093 = DEFINITIONAL_REPRESENTATION('',(#6094),#6102);
#6094 = ( BOUNDED_CURVE() B_SPLINE_CURVE(2,(#6095,#6096,#6097,#6098,
#6099,#6100,#6101),.UNSPECIFIED.,.T.,.F.) B_SPLINE_CURVE_WITH_KNOTS((1,2
    ,2,2,2,1),(-2.094395102393,0.,2.094395102393,4.188790204786,
6.28318530718,8.377580409573),.UNSPECIFIED.) CURVE() 
GEOMETRIC_REPRESENTATION_ITEM() RATIONAL_B_SPLINE_CURVE((1.,0.5,1.,0.5,
1.,0.5,1.)) REPRESENTATION_ITEM('') );
#6095 = CARTESIAN_POINT('',(1.999999999999,-1.70634E-12));
#6096 = CARTESIAN_POINT('',(1.999999999999,-3.464101615139));
#6097 = CARTESIAN_POINT('',(-1.000000000001,-1.732050807571));
#6098 = CARTESIAN_POINT('',(-4.000000000001,-1.70682985872E-12));
#6099 = CARTESIAN_POINT('',(-1.000000000001,1.732050807567));
#6100 = CARTESIAN_POINT('',(1.999999999999,3.464101615136));
#6101 = CARTESIAN_POINT('',(1.999999999999,-1.70634E-12));
#6102 = ( GEOMETRIC_REPRESENTATION_CONTEXT(2) 
PARAMETRIC_REPRESENTATION_CONTEXT() REPRESENTATION_CONTEXT('2D SPACE',''
  ) );
#6103 = PCURVE('',#6104,#6109);
#6104 = CYLINDRICAL_SURFACE('',#6105,2.);
#6105 = AXIS2_PLACEMENT_3D('',#6106,#6107,#6108);
#6106 = CARTESIAN_POINT('',(35.,0.,25.4));
#6107 = DIRECTION('',(-0.,-0.,-1.));
#6108 = DIRECTION('',(1.,0.,0.));
#6109 = DEFINITIONAL_REPRESENTATION('',(#6110),#6114);
#6110 = LINE('',#6111,#6112);
#6111 = CARTESIAN_POINT('',(-6.28318530718,9.4));
#6112 = VECTOR('',#6113,1.);
#6113 = DIRECTION('',(1.,-0.));
#6114 = ( GEOMETRIC_REPRESENTATION_CONTEXT(2) 
PARAMETRIC_REPRESENTATION_CONTEXT() REPRESENTATION_CONTEXT('2D SPACE',''
  ) );
#6115 = ADVANCED_FACE('',(#6116),#2616,.T.);
#6116 = FACE_BOUND('',#6117,.T.);
#6117 = EDGE_LOOP('',(#6118,#6139,#6140,#6141));
#6118 = ORIENTED_EDGE('',*,*,#6119,.T.);
#6119 = EDGE_CURVE('',#5929,#6034,#6120,.T.);
#6120 = SURFACE_CURVE('',#6121,(#6125,#6132),.PCURVE_S1.);
#6121 = LINE('',#6122,#6123);
#6122 = CARTESIAN_POINT('',(38.25,0.,12.));
#6123 = VECTOR('',#6124,1.);
#6124 = DIRECTION('',(0.,0.,1.));
#6125 = PCURVE('',#2616,#6126);
#6126 = DEFINITIONAL_REPRESENTATION('',(#6127),#6131);
#6127 = LINE('',#6128,#6129);
#6128 = CARTESIAN_POINT('',(0.,0.));
#6129 = VECTOR('',#6130,1.);
#6130 = DIRECTION('',(0.,-1.));
#6131 = ( GEOMETRIC_REPRESENTATION_CONTEXT(2) 
PARAMETRIC_REPRESENTATION_CONTEXT() REPRESENTATION_CONTEXT('2D SPACE',''
  ) );
#6132 = PCURVE('',#2821,#6133);
#6133 = DEFINITIONAL_REPRESENTATION('',(#6134),#6138);
#6134 = LINE('',#6135,#6136);
#6135 = CARTESIAN_POINT('',(3.250000000001,0.));
#6136 = VECTOR('',#6137,1.);
#6137 = DIRECTION('',(0.,-1.));
#6138 = ( GEOMETRIC_REPRESENTATION_CONTEXT(2) 
PARAMETRIC_REPRESENTATION_CONTEXT() REPRESENTATION_CONTEXT('2D SPACE',''
  ) );
#6139 = ORIENTED_EDGE('',*,*,#6033,.T.);
#6140 = ORIENTED_EDGE('',*,*,#2600,.F.);
#6141 = ORIENTED_EDGE('',*,*,#5951,.F.);
#6142 = ADVANCED_FACE('',(#6143),#2821,.T.);
#6143 = FACE_BOUND('',#6144,.T.);
#6144 = EDGE_LOOP('',(#6145,#6146,#6147,#6148));
#6145 = ORIENTED_EDGE('',*,*,#2805,.T.);
#6146 = ORIENTED_EDGE('',*,*,#6060,.T.);
#6147 = ORIENTED_EDGE('',*,*,#6119,.F.);
#6148 = ORIENTED_EDGE('',*,*,#5928,.F.);
#6149 = ADVANCED_FACE('',(#6150),#2981,.F.);
#6150 = FACE_BOUND('',#6151,.T.);
#6151 = EDGE_LOOP('',(#6152,#6153,#6174,#6175,#6176,#6177));
#6152 = ORIENTED_EDGE('',*,*,#6002,.F.);
#6153 = ORIENTED_EDGE('',*,*,#6154,.T.);
#6154 = EDGE_CURVE('',#5975,#3051,#6155,.T.);
#6155 = SEAM_CURVE('',#6156,(#6160,#6167),.PCURVE_S1.);
#6156 = LINE('',#6157,#6158);
#6157 = CARTESIAN_POINT('',(37.,0.,25.4));
#6158 = VECTOR('',#6159,1.);
#6159 = DIRECTION('',(-6.E-17,0.,-1.));
#6160 = PCURVE('',#2981,#6161);
#6161 = DEFINITIONAL_REPRESENTATION('',(#6162),#6166);
#6162 = LINE('',#6163,#6164);
#6163 = CARTESIAN_POINT('',(-0.,0.));
#6164 = VECTOR('',#6165,1.);
#6165 = DIRECTION('',(-0.,1.));
#6166 = ( GEOMETRIC_REPRESENTATION_CONTEXT(2) 
PARAMETRIC_REPRESENTATION_CONTEXT() REPRESENTATION_CONTEXT('2D SPACE',''
  ) );
#6167 = PCURVE('',#2981,#6168);
#6168 = DEFINITIONAL_REPRESENTATION('',(#6169),#6173);
#6169 = LINE('',#6170,#6171);
#6170 = CARTESIAN_POINT('',(-6.28318530718,0.));
#6171 = VECTOR('',#6172,1.);
#6172 = DIRECTION('',(-0.,1.));
#6173 = ( GEOMETRIC_REPRESENTATION_CONTEXT(2) 
PARAMETRIC_REPRESENTATION_CONTEXT() REPRESENTATION_CONTEXT('2D SPACE',''
  ) );
#6174 = ORIENTED_EDGE('',*,*,#3050,.F.);
#6175 = ORIENTED_EDGE('',*,*,#6154,.F.);
#6176 = ORIENTED_EDGE('',*,*,#5974,.F.);
#6177 = ORIENTED_EDGE('',*,*,#2962,.F.);
#6178 = ADVANCED_FACE('',(#6179),#3034,.F.);
#6179 = FACE_BOUND('',#6180,.T.);
#6180 = EDGE_LOOP('',(#6181,#6204,#6231,#6232));
#6181 = ORIENTED_EDGE('',*,*,#6182,.F.);
#6182 = EDGE_CURVE('',#6183,#2997,#6185,.T.);
#6183 = VERTEX_POINT('',#6184);
#6184 = CARTESIAN_POINT('',(50.,11.2,0.));
#6185 = SEAM_CURVE('',#6186,(#6190,#6197),.PCURVE_S1.);
#6186 = LINE('',#6187,#6188);
#6187 = CARTESIAN_POINT('',(49.,10.2,0.));
#6188 = VECTOR('',#6189,1.);
#6189 = DIRECTION('',(-0.707106781187,-0.707106781187,0.));
#6190 = PCURVE('',#3034,#6191);
#6191 = DEFINITIONAL_REPRESENTATION('',(#6192),#6196);
#6192 = LINE('',#6193,#6194);
#6193 = CARTESIAN_POINT('',(0.,-0.));
#6194 = VECTOR('',#6195,1.);
#6195 = DIRECTION('',(0.,-1.));
#6196 = ( GEOMETRIC_REPRESENTATION_CONTEXT(2) 
PARAMETRIC_REPRESENTATION_CONTEXT() REPRESENTATION_CONTEXT('2D SPACE',''
  ) );
#6197 = PCURVE('',#3034,#6198);
#6198 = DEFINITIONAL_REPRESENTATION('',(#6199),#6203);
#6199 = LINE('',#6200,#6201);
#6200 = CARTESIAN_POINT('',(6.28318530718,-0.));
#6201 = VECTOR('',#6202,1.);
#6202 = DIRECTION('',(0.,-1.));
#6203 = ( GEOMETRIC_REPRESENTATION_CONTEXT(2) 
PARAMETRIC_REPRESENTATION_CONTEXT() REPRESENTATION_CONTEXT('2D SPACE',''
  ) );
#6204 = ORIENTED_EDGE('',*,*,#6205,.T.);
#6205 = EDGE_CURVE('',#6183,#6183,#6206,.T.);
#6206 = SURFACE_CURVE('',#6207,(#6212,#6219),.PCURVE_S1.);
#6207 = CIRCLE('',#6208,11.2);
#6208 = AXIS2_PLACEMENT_3D('',#6209,#6210,#6211);
#6209 = CARTESIAN_POINT('',(50.,0.,0.));
#6210 = DIRECTION('',(1.,0.,0.));
#6211 = DIRECTION('',(0.,1.,0.));
#6212 = PCURVE('',#3034,#6213);
#6213 = DEFINITIONAL_REPRESENTATION('',(#6214),#6218);
#6214 = LINE('',#6215,#6216);
#6215 = CARTESIAN_POINT('',(-0.,1.));
#6216 = VECTOR('',#6217,1.);
#6217 = DIRECTION('',(1.,-0.));
#6218 = ( GEOMETRIC_REPRESENTATION_CONTEXT(2) 
PARAMETRIC_REPRESENTATION_CONTEXT() REPRESENTATION_CONTEXT('2D SPACE',''
  ) );
#6219 = PCURVE('',#6220,#6225);
#6220 = PLANE('',#6221);
#6221 = AXIS2_PLACEMENT_3D('',#6222,#6223,#6224);
#6222 = CARTESIAN_POINT('',(50.,0.,0.));
#6223 = DIRECTION('',(1.,0.,0.));
#6224 = DIRECTION('',(0.,1.,0.));
#6225 = DEFINITIONAL_REPRESENTATION('',(#6226),#6230);
#6226 = CIRCLE('',#6227,11.2);
#6227 = AXIS2_PLACEMENT_2D('',#6228,#6229);
#6228 = CARTESIAN_POINT('',(0.,0.));
#6229 = DIRECTION('',(1.,-0.));
#6230 = ( GEOMETRIC_REPRESENTATION_CONTEXT(2) 
PARAMETRIC_REPRESENTATION_CONTEXT() REPRESENTATION_CONTEXT('2D SPACE',''
  ) );
#6231 = ORIENTED_EDGE('',*,*,#6182,.T.);
#6232 = ORIENTED_EDGE('',*,*,#3019,.F.);
#6233 = ADVANCED_FACE('',(#6234),#3366,.F.);
#6234 = FACE_BOUND('',#6235,.T.);
#6235 = EDGE_LOOP('',(#6236,#6264,#6285,#6286,#6287,#6313));
#6236 = ORIENTED_EDGE('',*,*,#6237,.F.);
#6237 = EDGE_CURVE('',#6238,#5404,#6240,.T.);
#6238 = VERTEX_POINT('',#6239);
#6239 = CARTESIAN_POINT('',(37.,-10.39230484541,-6.));
#6240 = SURFACE_CURVE('',#6241,(#6246,#6253),.PCURVE_S1.);
#6241 = CIRCLE('',#6242,2.);
#6242 = AXIS2_PLACEMENT_3D('',#6243,#6244,#6245);
#6243 = CARTESIAN_POINT('',(35.,-10.39230484541,-6.));
#6244 = DIRECTION('',(-0.,0.866025403784,0.5));
#6245 = DIRECTION('',(1.,0.,0.));
#6246 = PCURVE('',#3366,#6247);
#6247 = DEFINITIONAL_REPRESENTATION('',(#6248),#6252);
#6248 = LINE('',#6249,#6250);
#6249 = CARTESIAN_POINT('',(-6.28318530718,13.4));
#6250 = VECTOR('',#6251,1.);
#6251 = DIRECTION('',(1.,-0.));
#6252 = ( GEOMETRIC_REPRESENTATION_CONTEXT(2) 
PARAMETRIC_REPRESENTATION_CONTEXT() REPRESENTATION_CONTEXT('2D SPACE',''
  ) );
#6253 = PCURVE('',#5052,#6254);
#6254 = DEFINITIONAL_REPRESENTATION('',(#6255),#6263);
#6255 = ( BOUNDED_CURVE() B_SPLINE_CURVE(2,(#6256,#6257,#6258,#6259,
#6260,#6261,#6262),.UNSPECIFIED.,.T.,.F.) B_SPLINE_CURVE_WITH_KNOTS((1,2
    ,2,2,2,1),(-2.094395102393,0.,2.094395102393,4.188790204786,
6.28318530718,8.377580409573),.UNSPECIFIED.) CURVE() 
GEOMETRIC_REPRESENTATION_ITEM() RATIONAL_B_SPLINE_CURVE((1.,0.5,1.,0.5,
1.,0.5,1.)) REPRESENTATION_ITEM('') );
#6256 = CARTESIAN_POINT('',(1.999999999999,-1.70634E-12));
#6257 = CARTESIAN_POINT('',(1.999999999999,-3.464101615139));
#6258 = CARTESIAN_POINT('',(-1.000000000001,-1.732050807571));
#6259 = CARTESIAN_POINT('',(-4.000000000001,-1.70682985872E-12));
#6260 = CARTESIAN_POINT('',(-1.000000000001,1.732050807567));
#6261 = CARTESIAN_POINT('',(1.999999999999,3.464101615136));
#6262 = CARTESIAN_POINT('',(1.999999999999,-1.70634E-12));
#6263 = ( GEOMETRIC_REPRESENTATION_CONTEXT(2) 
PARAMETRIC_REPRESENTATION_CONTEXT() REPRESENTATION_CONTEXT('2D SPACE',''
  ) );
#6264 = ORIENTED_EDGE('',*,*,#6265,.T.);
#6265 = EDGE_CURVE('',#6238,#3241,#6266,.T.);
#6266 = SEAM_CURVE('',#6267,(#6271,#6278),.PCURVE_S1.);
#6267 = LINE('',#6268,#6269);
#6268 = CARTESIAN_POINT('',(37.,-21.99704525612,-12.7));
#6269 = VECTOR('',#6270,1.);
#6270 = DIRECTION('',(-6.E-17,0.866025403784,0.5));
#6271 = PCURVE('',#3366,#6272);
#6272 = DEFINITIONAL_REPRESENTATION('',(#6273),#6277);
#6273 = LINE('',#6274,#6275);
#6274 = CARTESIAN_POINT('',(-0.,0.));
#6275 = VECTOR('',#6276,1.);
#6276 = DIRECTION('',(-0.,1.));
#6277 = ( GEOMETRIC_REPRESENTATION_CONTEXT(2) 
PARAMETRIC_REPRESENTATION_CONTEXT() REPRESENTATION_CONTEXT('2D SPACE',''
  ) );
#6278 = PCURVE('',#3366,#6279);
#6279 = DEFINITIONAL_REPRESENTATION('',(#6280),#6284);
#6280 = LINE('',#6281,#6282);
#6281 = CARTESIAN_POINT('',(-6.28318530718,0.));
#6282 = VECTOR('',#6283,1.);
#6283 = DIRECTION('',(-0.,1.));
#6284 = ( GEOMETRIC_REPRESENTATION_CONTEXT(2) 
PARAMETRIC_REPRESENTATION_CONTEXT() REPRESENTATION_CONTEXT('2D SPACE',''
  ) );
#6285 = ORIENTED_EDGE('',*,*,#3240,.F.);
#6286 = ORIENTED_EDGE('',*,*,#6265,.F.);
#6287 = ORIENTED_EDGE('',*,*,#6288,.F.);
#6288 = EDGE_CURVE('',#5377,#6238,#6289,.T.);
#6289 = SURFACE_CURVE('',#6290,(#6295,#6302),.PCURVE_S1.);
#6290 = CIRCLE('',#6291,2.);
#6291 = AXIS2_PLACEMENT_3D('',#6292,#6293,#6294);
#6292 = CARTESIAN_POINT('',(35.,-10.39230484541,-6.));
#6293 = DIRECTION('',(-0.,0.866025403784,0.5));
#6294 = DIRECTION('',(1.,0.,0.));
#6295 = PCURVE('',#3366,#6296);
#6296 = DEFINITIONAL_REPRESENTATION('',(#6297),#6301);
#6297 = LINE('',#6298,#6299);
#6298 = CARTESIAN_POINT('',(-6.28318530718,13.4));
#6299 = VECTOR('',#6300,1.);
#6300 = DIRECTION('',(1.,-0.));
#6301 = ( GEOMETRIC_REPRESENTATION_CONTEXT(2) 
PARAMETRIC_REPRESENTATION_CONTEXT() REPRESENTATION_CONTEXT('2D SPACE',''
  ) );
#6302 = PCURVE('',#5052,#6303);
#6303 = DEFINITIONAL_REPRESENTATION('',(#6304),#6312);
#6304 = ( BOUNDED_CURVE() B_SPLINE_CURVE(2,(#6305,#6306,#6307,#6308,
#6309,#6310,#6311),.UNSPECIFIED.,.T.,.F.) B_SPLINE_CURVE_WITH_KNOTS((1,2
    ,2,2,2,1),(-2.094395102393,0.,2.094395102393,4.188790204786,
6.28318530718,8.377580409573),.UNSPECIFIED.) CURVE() 
GEOMETRIC_REPRESENTATION_ITEM() RATIONAL_B_SPLINE_CURVE((1.,0.5,1.,0.5,
1.,0.5,1.)) REPRESENTATION_ITEM('') );
#6305 = CARTESIAN_POINT('',(1.999999999999,-1.70634E-12));
#6306 = CARTESIAN_POINT('',(1.999999999999,-3.464101615139));
#6307 = CARTESIAN_POINT('',(-1.000000000001,-1.732050807571));
#6308 = CARTESIAN_POINT('',(-4.000000000001,-1.70682985872E-12));
#6309 = CARTESIAN_POINT('',(-1.000000000001,1.732050807567));
#6310 = CARTESIAN_POINT('',(1.999999999999,3.464101615136));
#6311 = CARTESIAN_POINT('',(1.999999999999,-1.70634E-12));
#6312 = ( GEOMETRIC_REPRESENTATION_CONTEXT(2) 
PARAMETRIC_REPRESENTATION_CONTEXT() REPRESENTATION_CONTEXT('2D SPACE',''
  ) );
#6313 = ORIENTED_EDGE('',*,*,#5426,.F.);
#6314 = ADVANCED_FACE('',(#6315),#3561,.F.);
#6315 = FACE_BOUND('',#6316,.T.);
#6316 = EDGE_LOOP('',(#6317,#6345,#6366,#6367,#6368,#6394));
#6317 = ORIENTED_EDGE('',*,*,#6318,.F.);
#6318 = EDGE_CURVE('',#6319,#5877,#6321,.T.);
#6319 = VERTEX_POINT('',#6320);
#6320 = CARTESIAN_POINT('',(37.,10.392304845413,-6.));
#6321 = SURFACE_CURVE('',#6322,(#6327,#6334),.PCURVE_S1.);
#6322 = CIRCLE('',#6323,2.);
#6323 = AXIS2_PLACEMENT_3D('',#6324,#6325,#6326);
#6324 = CARTESIAN_POINT('',(35.,10.392304845413,-6.));
#6325 = DIRECTION('',(0.,-0.866025403784,0.5));
#6326 = DIRECTION('',(1.,0.,0.));
#6327 = PCURVE('',#3561,#6328);
#6328 = DEFINITIONAL_REPRESENTATION('',(#6329),#6333);
#6329 = LINE('',#6330,#6331);
#6330 = CARTESIAN_POINT('',(-6.28318530718,13.4));
#6331 = VECTOR('',#6332,1.);
#6332 = DIRECTION('',(1.,-0.));
#6333 = ( GEOMETRIC_REPRESENTATION_CONTEXT(2) 
PARAMETRIC_REPRESENTATION_CONTEXT() REPRESENTATION_CONTEXT('2D SPACE',''
  ) );
#6334 = PCURVE('',#5525,#6335);
#6335 = DEFINITIONAL_REPRESENTATION('',(#6336),#6344);
#6336 = ( BOUNDED_CURVE() B_SPLINE_CURVE(2,(#6337,#6338,#6339,#6340,
#6341,#6342,#6343),.UNSPECIFIED.,.T.,.F.) B_SPLINE_CURVE_WITH_KNOTS((1,2
    ,2,2,2,1),(-2.094395102393,0.,2.094395102393,4.188790204786,
6.28318530718,8.377580409573),.UNSPECIFIED.) CURVE() 
GEOMETRIC_REPRESENTATION_ITEM() RATIONAL_B_SPLINE_CURVE((1.,0.5,1.,0.5,
1.,0.5,1.)) REPRESENTATION_ITEM('') );
#6337 = CARTESIAN_POINT('',(1.999999999999,-1.70634E-12));
#6338 = CARTESIAN_POINT('',(1.999999999999,-3.464101615139));
#6339 = CARTESIAN_POINT('',(-1.000000000001,-1.732050807571));
#6340 = CARTESIAN_POINT('',(-4.000000000001,-1.70682985872E-12));
#6341 = CARTESIAN_POINT('',(-1.000000000001,1.732050807567));
#6342 = CARTESIAN_POINT('',(1.999999999999,3.464101615136));
#6343 = CARTESIAN_POINT('',(1.999999999999,-1.70634E-12));
#6344 = ( GEOMETRIC_REPRESENTATION_CONTEXT(2) 
PARAMETRIC_REPRESENTATION_CONTEXT() REPRESENTATION_CONTEXT('2D SPACE',''
  ) );
#6345 = ORIENTED_EDGE('',*,*,#6346,.T.);
#6346 = EDGE_CURVE('',#6319,#3436,#6347,.T.);
#6347 = SEAM_CURVE('',#6348,(#6352,#6359),.PCURVE_S1.);
#6348 = LINE('',#6349,#6350);
#6349 = CARTESIAN_POINT('',(37.,21.997045256125,-12.7));
#6350 = VECTOR('',#6351,1.);
#6351 = DIRECTION('',(-6.E-17,-0.866025403784,0.5));
#6352 = PCURVE('',#3561,#6353);
#6353 = DEFINITIONAL_REPRESENTATION('',(#6354),#6358);
#6354 = LINE('',#6355,#6356);
#6355 = CARTESIAN_POINT('',(-0.,0.));
#6356 = VECTOR('',#6357,1.);
#6357 = DIRECTION('',(-0.,1.));
#6358 = ( GEOMETRIC_REPRESENTATION_CONTEXT(2) 
PARAMETRIC_REPRESENTATION_CONTEXT() REPRESENTATION_CONTEXT('2D SPACE',''
  ) );
#6359 = PCURVE('',#3561,#6360);
#6360 = DEFINITIONAL_REPRESENTATION('',(#6361),#6365);
#6361 = LINE('',#6362,#6363);
#6362 = CARTESIAN_POINT('',(-6.28318530718,0.));
#6363 = VECTOR('',#6364,1.);
#6364 = DIRECTION('',(-0.,1.));
#6365 = ( GEOMETRIC_REPRESENTATION_CONTEXT(2) 
PARAMETRIC_REPRESENTATION_CONTEXT() REPRESENTATION_CONTEXT('2D SPACE',''
  ) );
#6366 = ORIENTED_EDGE('',*,*,#3435,.F.);
#6367 = ORIENTED_EDGE('',*,*,#6346,.F.);
#6368 = ORIENTED_EDGE('',*,*,#6369,.F.);
#6369 = EDGE_CURVE('',#5850,#6319,#6370,.T.);
#6370 = SURFACE_CURVE('',#6371,(#6376,#6383),.PCURVE_S1.);
#6371 = CIRCLE('',#6372,2.);
#6372 = AXIS2_PLACEMENT_3D('',#6373,#6374,#6375);
#6373 = CARTESIAN_POINT('',(35.,10.392304845413,-6.));
#6374 = DIRECTION('',(0.,-0.866025403784,0.5));
#6375 = DIRECTION('',(1.,0.,0.));
#6376 = PCURVE('',#3561,#6377);
#6377 = DEFINITIONAL_REPRESENTATION('',(#6378),#6382);
#6378 = LINE('',#6379,#6380);
#6379 = CARTESIAN_POINT('',(-6.28318530718,13.4));
#6380 = VECTOR('',#6381,1.);
#6381 = DIRECTION('',(1.,-0.));
#6382 = ( GEOMETRIC_REPRESENTATION_CONTEXT(2) 
PARAMETRIC_REPRESENTATION_CONTEXT() REPRESENTATION_CONTEXT('2D SPACE',''
  ) );
#6383 = PCURVE('',#5525,#6384);
#6384 = DEFINITIONAL_REPRESENTATION('',(#6385),#6393);
#6385 = ( BOUNDED_CURVE() B_SPLINE_CURVE(2,(#6386,#6387,#6388,#6389,
#6390,#6391,#6392),.UNSPECIFIED.,.T.,.F.) B_SPLINE_CURVE_WITH_KNOTS((1,2
    ,2,2,2,1),(-2.094395102393,0.,2.094395102393,4.188790204786,
6.28318530718,8.377580409573),.UNSPECIFIED.) CURVE() 
GEOMETRIC_REPRESENTATION_ITEM() RATIONAL_B_SPLINE_CURVE((1.,0.5,1.,0.5,
1.,0.5,1.)) REPRESENTATION_ITEM('') );
#6386 = CARTESIAN_POINT('',(1.999999999999,-1.70634E-12));
#6387 = CARTESIAN_POINT('',(1.999999999999,-3.464101615139));
#6388 = CARTESIAN_POINT('',(-1.000000000001,-1.732050807571));
#6389 = CARTESIAN_POINT('',(-4.000000000001,-1.70682985872E-12));
#6390 = CARTESIAN_POINT('',(-1.000000000001,1.732050807567));
#6391 = CARTESIAN_POINT('',(1.999999999999,3.464101615136));
#6392 = CARTESIAN_POINT('',(1.999999999999,-1.70634E-12));
#6393 = ( GEOMETRIC_REPRESENTATION_CONTEXT(2) 
PARAMETRIC_REPRESENTATION_CONTEXT() REPRESENTATION_CONTEXT('2D SPACE',''
  ) );
#6394 = ORIENTED_EDGE('',*,*,#5899,.F.);
#6395 = ADVANCED_FACE('',(#6396),#3669,.T.);
#6396 = FACE_BOUND('',#6397,.T.);
#6397 = EDGE_LOOP('',(#6398,#6421,#6422,#6423));
#6398 = ORIENTED_EDGE('',*,*,#6399,.F.);
#6399 = EDGE_CURVE('',#3632,#6400,#6402,.T.);
#6400 = VERTEX_POINT('',#6401);
#6401 = CARTESIAN_POINT('',(50.,30.2,0.));
#6402 = SEAM_CURVE('',#6403,(#6407,#6414),.PCURVE_S1.);
#6403 = LINE('',#6404,#6405);
#6404 = CARTESIAN_POINT('',(50.,30.2,0.));
#6405 = VECTOR('',#6406,1.);
#6406 = DIRECTION('',(0.782351485242,-0.622837180601,0.));
#6407 = PCURVE('',#3669,#6408);
#6408 = DEFINITIONAL_REPRESENTATION('',(#6409),#6413);
#6409 = LINE('',#6410,#6411);
#6410 = CARTESIAN_POINT('',(-0.,-0.));
#6411 = VECTOR('',#6412,1.);
#6412 = DIRECTION('',(-0.,-1.));
#6413 = ( GEOMETRIC_REPRESENTATION_CONTEXT(2) 
PARAMETRIC_REPRESENTATION_CONTEXT() REPRESENTATION_CONTEXT('2D SPACE',''
  ) );
#6414 = PCURVE('',#3669,#6415);
#6415 = DEFINITIONAL_REPRESENTATION('',(#6416),#6420);
#6416 = LINE('',#6417,#6418);
#6417 = CARTESIAN_POINT('',(-6.28318530718,-0.));
#6418 = VECTOR('',#6419,1.);
#6419 = DIRECTION('',(-0.,-1.));
#6420 = ( GEOMETRIC_REPRESENTATION_CONTEXT(2) 
PARAMETRIC_REPRESENTATION_CONTEXT() REPRESENTATION_CONTEXT('2D SPACE',''
  ) );
#6421 = ORIENTED_EDGE('',*,*,#3654,.T.);
#6422 = ORIENTED_EDGE('',*,*,#6399,.T.);
#6423 = ORIENTED_EDGE('',*,*,#6424,.F.);
#6424 = EDGE_CURVE('',#6400,#6400,#6425,.T.);
#6425 = SURFACE_CURVE('',#6426,(#6431,#6438),.PCURVE_S1.);
#6426 = CIRCLE('',#6427,30.2);
#6427 = AXIS2_PLACEMENT_3D('',#6428,#6429,#6430);
#6428 = CARTESIAN_POINT('',(50.,0.,0.));
#6429 = DIRECTION('',(1.,0.,0.));
#6430 = DIRECTION('',(0.,1.,0.));
#6431 = PCURVE('',#3669,#6432);
#6432 = DEFINITIONAL_REPRESENTATION('',(#6433),#6437);
#6433 = LINE('',#6434,#6435);
#6434 = CARTESIAN_POINT('',(-0.,-0.));
#6435 = VECTOR('',#6436,1.);
#6436 = DIRECTION('',(-1.,-0.));
#6437 = ( GEOMETRIC_REPRESENTATION_CONTEXT(2) 
PARAMETRIC_REPRESENTATION_CONTEXT() REPRESENTATION_CONTEXT('2D SPACE',''
  ) );
#6438 = PCURVE('',#6439,#6444);
#6439 = PLANE('',#6440);
#6440 = AXIS2_PLACEMENT_3D('',#6441,#6442,#6443);
#6441 = CARTESIAN_POINT('',(50.,0.,0.));
#6442 = DIRECTION('',(1.,0.,0.));
#6443 = DIRECTION('',(0.,1.,0.));
#6444 = DEFINITIONAL_REPRESENTATION('',(#6445),#6449);
#6445 = CIRCLE('',#6446,30.2);
#6446 = AXIS2_PLACEMENT_2D('',#6447,#6448);
#6447 = CARTESIAN_POINT('',(0.,0.));
#6448 = DIRECTION('',(1.,-0.));
#6449 = ( GEOMETRIC_REPRESENTATION_CONTEXT(2) 
PARAMETRIC_REPRESENTATION_CONTEXT() REPRESENTATION_CONTEXT('2D SPACE',''
  ) );
#6450 = ADVANCED_FACE('',(#6451),#3969,.F.);
#6451 = FACE_BOUND('',#6452,.T.);
#6452 = EDGE_LOOP('',(#6453,#6454,#6477,#6504));
#6453 = ORIENTED_EDGE('',*,*,#3685,.T.);
#6454 = ORIENTED_EDGE('',*,*,#6455,.T.);
#6455 = EDGE_CURVE('',#3686,#6456,#6458,.T.);
#6456 = VERTEX_POINT('',#6457);
#6457 = CARTESIAN_POINT('',(38.5,0.,25.4));
#6458 = SEAM_CURVE('',#6459,(#6463,#6470),.PCURVE_S1.);
#6459 = LINE('',#6460,#6461);
#6460 = CARTESIAN_POINT('',(38.5,0.,29.));
#6461 = VECTOR('',#6462,1.);
#6462 = DIRECTION('',(0.,0.,-1.));
#6463 = PCURVE('',#3969,#6464);
#6464 = DEFINITIONAL_REPRESENTATION('',(#6465),#6469);
#6465 = LINE('',#6466,#6467);
#6466 = CARTESIAN_POINT('',(-0.,0.));
#6467 = VECTOR('',#6468,1.);
#6468 = DIRECTION('',(-0.,1.));
#6469 = ( GEOMETRIC_REPRESENTATION_CONTEXT(2) 
PARAMETRIC_REPRESENTATION_CONTEXT() REPRESENTATION_CONTEXT('2D SPACE',''
  ) );
#6470 = PCURVE('',#3969,#6471);
#6471 = DEFINITIONAL_REPRESENTATION('',(#6472),#6476);
#6472 = LINE('',#6473,#6474);
#6473 = CARTESIAN_POINT('',(-6.28318530718,0.));
#6474 = VECTOR('',#6475,1.);
#6475 = DIRECTION('',(-0.,1.));
#6476 = ( GEOMETRIC_REPRESENTATION_CONTEXT(2) 
PARAMETRIC_REPRESENTATION_CONTEXT() REPRESENTATION_CONTEXT('2D SPACE',''
  ) );
#6477 = ORIENTED_EDGE('',*,*,#6478,.F.);
#6478 = EDGE_CURVE('',#6456,#6456,#6479,.T.);
#6479 = SURFACE_CURVE('',#6480,(#6485,#6492),.PCURVE_S1.);
#6480 = CIRCLE('',#6481,3.5);
#6481 = AXIS2_PLACEMENT_3D('',#6482,#6483,#6484);
#6482 = CARTESIAN_POINT('',(35.,0.,25.4));
#6483 = DIRECTION('',(0.,0.,1.));
#6484 = DIRECTION('',(1.,0.,0.));
#6485 = PCURVE('',#3969,#6486);
#6486 = DEFINITIONAL_REPRESENTATION('',(#6487),#6491);
#6487 = LINE('',#6488,#6489);
#6488 = CARTESIAN_POINT('',(-0.,3.6));
#6489 = VECTOR('',#6490,1.);
#6490 = DIRECTION('',(-1.,0.));
#6491 = ( GEOMETRIC_REPRESENTATION_CONTEXT(2) 
PARAMETRIC_REPRESENTATION_CONTEXT() REPRESENTATION_CONTEXT('2D SPACE',''
  ) );
#6492 = PCURVE('',#6493,#6498);
#6493 = PLANE('',#6494);
#6494 = AXIS2_PLACEMENT_3D('',#6495,#6496,#6497);
#6495 = CARTESIAN_POINT('',(35.,0.,25.4));
#6496 = DIRECTION('',(0.,0.,1.));
#6497 = DIRECTION('',(1.,0.,0.));
#6498 = DEFINITIONAL_REPRESENTATION('',(#6499),#6503);
#6499 = CIRCLE('',#6500,3.5);
#6500 = AXIS2_PLACEMENT_2D('',#6501,#6502);
#6501 = CARTESIAN_POINT('',(0.,0.));
#6502 = DIRECTION('',(1.,0.));
#6503 = ( GEOMETRIC_REPRESENTATION_CONTEXT(2) 
PARAMETRIC_REPRESENTATION_CONTEXT() REPRESENTATION_CONTEXT('2D SPACE',''
  ) );
#6504 = ORIENTED_EDGE('',*,*,#6455,.F.);
#6505 = ADVANCED_FACE('',(#6506),#4401,.F.);
#6506 = FACE_BOUND('',#6507,.T.);
#6507 = EDGE_LOOP('',(#6508,#6509,#6532,#6559));
#6508 = ORIENTED_EDGE('',*,*,#4117,.T.);
#6509 = ORIENTED_EDGE('',*,*,#6510,.T.);
#6510 = EDGE_CURVE('',#4118,#6511,#6513,.T.);
#6511 = VERTEX_POINT('',#6512);
#6512 = CARTESIAN_POINT('',(38.5,-21.99704525612,-12.7));
#6513 = SEAM_CURVE('',#6514,(#6518,#6525),.PCURVE_S1.);
#6514 = LINE('',#6515,#6516);
#6515 = CARTESIAN_POINT('',(38.5,-25.11473670974,-14.5));
#6516 = VECTOR('',#6517,1.);
#6517 = DIRECTION('',(0.,0.866025403784,0.5));
#6518 = PCURVE('',#4401,#6519);
#6519 = DEFINITIONAL_REPRESENTATION('',(#6520),#6524);
#6520 = LINE('',#6521,#6522);
#6521 = CARTESIAN_POINT('',(-0.,0.));
#6522 = VECTOR('',#6523,1.);
#6523 = DIRECTION('',(-0.,1.));
#6524 = ( GEOMETRIC_REPRESENTATION_CONTEXT(2) 
PARAMETRIC_REPRESENTATION_CONTEXT() REPRESENTATION_CONTEXT('2D SPACE',''
  ) );
#6525 = PCURVE('',#4401,#6526);
#6526 = DEFINITIONAL_REPRESENTATION('',(#6527),#6531);
#6527 = LINE('',#6528,#6529);
#6528 = CARTESIAN_POINT('',(-6.28318530718,0.));
#6529 = VECTOR('',#6530,1.);
#6530 = DIRECTION('',(-0.,1.));
#6531 = ( GEOMETRIC_REPRESENTATION_CONTEXT(2) 
PARAMETRIC_REPRESENTATION_CONTEXT() REPRESENTATION_CONTEXT('2D SPACE',''
  ) );
#6532 = ORIENTED_EDGE('',*,*,#6533,.F.);
#6533 = EDGE_CURVE('',#6511,#6511,#6534,.T.);
#6534 = SURFACE_CURVE('',#6535,(#6540,#6547),.PCURVE_S1.);
#6535 = CIRCLE('',#6536,3.5);
#6536 = AXIS2_PLACEMENT_3D('',#6537,#6538,#6539);
#6537 = CARTESIAN_POINT('',(35.,-21.99704525612,-12.7));
#6538 = DIRECTION('',(0.,-0.866025403784,-0.5));
#6539 = DIRECTION('',(1.,0.,0.));
#6540 = PCURVE('',#4401,#6541);
#6541 = DEFINITIONAL_REPRESENTATION('',(#6542),#6546);
#6542 = LINE('',#6543,#6544);
#6543 = CARTESIAN_POINT('',(-0.,3.6));
#6544 = VECTOR('',#6545,1.);
#6545 = DIRECTION('',(-1.,0.));
#6546 = ( GEOMETRIC_REPRESENTATION_CONTEXT(2) 
PARAMETRIC_REPRESENTATION_CONTEXT() REPRESENTATION_CONTEXT('2D SPACE',''
  ) );
#6547 = PCURVE('',#6548,#6553);
#6548 = PLANE('',#6549);
#6549 = AXIS2_PLACEMENT_3D('',#6550,#6551,#6552);
#6550 = CARTESIAN_POINT('',(35.,-21.99704525612,-12.7));
#6551 = DIRECTION('',(0.,-0.866025403784,-0.5));
#6552 = DIRECTION('',(1.,0.,0.));
#6553 = DEFINITIONAL_REPRESENTATION('',(#6554),#6558);
#6554 = CIRCLE('',#6555,3.5);
#6555 = AXIS2_PLACEMENT_2D('',#6556,#6557);
#6556 = CARTESIAN_POINT('',(0.,0.));
#6557 = DIRECTION('',(1.,0.));
#6558 = ( GEOMETRIC_REPRESENTATION_CONTEXT(2) 
PARAMETRIC_REPRESENTATION_CONTEXT() REPRESENTATION_CONTEXT('2D SPACE',''
  ) );
#6559 = ORIENTED_EDGE('',*,*,#6510,.F.);
#6560 = ADVANCED_FACE('',(#6561),#4833,.F.);
#6561 = FACE_BOUND('',#6562,.T.);
#6562 = EDGE_LOOP('',(#6563,#6564,#6587,#6614));
#6563 = ORIENTED_EDGE('',*,*,#4549,.T.);
#6564 = ORIENTED_EDGE('',*,*,#6565,.T.);
#6565 = EDGE_CURVE('',#4550,#6566,#6568,.T.);
#6566 = VERTEX_POINT('',#6567);
#6567 = CARTESIAN_POINT('',(38.5,21.997045256125,-12.7));
#6568 = SEAM_CURVE('',#6569,(#6573,#6580),.PCURVE_S1.);
#6569 = LINE('',#6570,#6571);
#6570 = CARTESIAN_POINT('',(38.5,25.114736709749,-14.5));
#6571 = VECTOR('',#6572,1.);
#6572 = DIRECTION('',(0.,-0.866025403784,0.5));
#6573 = PCURVE('',#4833,#6574);
#6574 = DEFINITIONAL_REPRESENTATION('',(#6575),#6579);
#6575 = LINE('',#6576,#6577);
#6576 = CARTESIAN_POINT('',(-0.,0.));
#6577 = VECTOR('',#6578,1.);
#6578 = DIRECTION('',(-0.,1.));
#6579 = ( GEOMETRIC_REPRESENTATION_CONTEXT(2) 
PARAMETRIC_REPRESENTATION_CONTEXT() REPRESENTATION_CONTEXT('2D SPACE',''
  ) );
#6580 = PCURVE('',#4833,#6581);
#6581 = DEFINITIONAL_REPRESENTATION('',(#6582),#6586);
#6582 = LINE('',#6583,#6584);
#6583 = CARTESIAN_POINT('',(-6.28318530718,0.));
#6584 = VECTOR('',#6585,1.);
#6585 = DIRECTION('',(-0.,1.));
#6586 = ( GEOMETRIC_REPRESENTATION_CONTEXT(2) 
PARAMETRIC_REPRESENTATION_CONTEXT() REPRESENTATION_CONTEXT('2D SPACE',''
  ) );
#6587 = ORIENTED_EDGE('',*,*,#6588,.F.);
#6588 = EDGE_CURVE('',#6566,#6566,#6589,.T.);
#6589 = SURFACE_CURVE('',#6590,(#6595,#6602),.PCURVE_S1.);
#6590 = CIRCLE('',#6591,3.5);
#6591 = AXIS2_PLACEMENT_3D('',#6592,#6593,#6594);
#6592 = CARTESIAN_POINT('',(35.,21.997045256125,-12.7));
#6593 = DIRECTION('',(0.,0.866025403784,-0.5));
#6594 = DIRECTION('',(1.,0.,0.));
#6595 = PCURVE('',#4833,#6596);
#6596 = DEFINITIONAL_REPRESENTATION('',(#6597),#6601);
#6597 = LINE('',#6598,#6599);
#6598 = CARTESIAN_POINT('',(-0.,3.6));
#6599 = VECTOR('',#6600,1.);
#6600 = DIRECTION('',(-1.,0.));
#6601 = ( GEOMETRIC_REPRESENTATION_CONTEXT(2) 
PARAMETRIC_REPRESENTATION_CONTEXT() REPRESENTATION_CONTEXT('2D SPACE',''
  ) );
#6602 = PCURVE('',#6603,#6608);
#6603 = PLANE('',#6604);
#6604 = AXIS2_PLACEMENT_3D('',#6605,#6606,#6607);
#6605 = CARTESIAN_POINT('',(35.,21.997045256125,-12.7));
#6606 = DIRECTION('',(0.,0.866025403784,-0.5));
#6607 = DIRECTION('',(1.,0.,0.));
#6608 = DEFINITIONAL_REPRESENTATION('',(#6609),#6613);
#6609 = CIRCLE('',#6610,3.5);
#6610 = AXIS2_PLACEMENT_2D('',#6611,#6612);
#6611 = CARTESIAN_POINT('',(0.,0.));
#6612 = DIRECTION('',(1.,0.));
#6613 = ( GEOMETRIC_REPRESENTATION_CONTEXT(2) 
PARAMETRIC_REPRESENTATION_CONTEXT() REPRESENTATION_CONTEXT('2D SPACE',''
  ) );
#6614 = ORIENTED_EDGE('',*,*,#6565,.F.);
#6615 = ADVANCED_FACE('',(#6616),#5052,.T.);
#6616 = FACE_BOUND('',#6617,.T.);
#6617 = EDGE_LOOP('',(#6618,#6641,#6662,#6663,#6664,#6665,#6666,#6667));
#6618 = ORIENTED_EDGE('',*,*,#6619,.T.);
#6619 = EDGE_CURVE('',#5270,#6620,#6622,.T.);
#6620 = VERTEX_POINT('',#6621);
#6621 = CARTESIAN_POINT('',(38.25,-10.39230484541,-6.));
#6622 = SURFACE_CURVE('',#6623,(#6627,#6634),.PCURVE_S1.);
#6623 = LINE('',#6624,#6625);
#6624 = CARTESIAN_POINT('',(36.625,-8.985013564263,-8.437500000001));
#6625 = VECTOR('',#6626,1.);
#6626 = DIRECTION('',(0.5,-0.433012701892,0.75));
#6627 = PCURVE('',#5052,#6628);
#6628 = DEFINITIONAL_REPRESENTATION('',(#6629),#6633);
#6629 = LINE('',#6630,#6631);
#6630 = CARTESIAN_POINT('',(1.624999999999,-2.814582562302));
#6631 = VECTOR('',#6632,1.);
#6632 = DIRECTION('',(0.5,0.866025403784));
#6633 = ( GEOMETRIC_REPRESENTATION_CONTEXT(2) 
PARAMETRIC_REPRESENTATION_CONTEXT() REPRESENTATION_CONTEXT('2D SPACE',''
  ) );
#6634 = PCURVE('',#5285,#6635);
#6635 = DEFINITIONAL_REPRESENTATION('',(#6636),#6640);
#6636 = LINE('',#6637,#6638);
#6637 = CARTESIAN_POINT('',(0.,-1.7763568394E-15));
#6638 = VECTOR('',#6639,1.);
#6639 = DIRECTION('',(1.,0.));
#6640 = ( GEOMETRIC_REPRESENTATION_CONTEXT(2) 
PARAMETRIC_REPRESENTATION_CONTEXT() REPRESENTATION_CONTEXT('2D SPACE',''
  ) );
#6641 = ORIENTED_EDGE('',*,*,#6642,.T.);
#6642 = EDGE_CURVE('',#6620,#5037,#6643,.T.);
#6643 = SURFACE_CURVE('',#6644,(#6648,#6655),.PCURVE_S1.);
#6644 = LINE('',#6645,#6646);
#6645 = CARTESIAN_POINT('',(38.25,-10.39230484541,-6.));
#6646 = VECTOR('',#6647,1.);
#6647 = DIRECTION('',(-0.499999999998,-0.433012701893,0.750000000001));
#6648 = PCURVE('',#5052,#6649);
#6649 = DEFINITIONAL_REPRESENTATION('',(#6650),#6654);
#6650 = LINE('',#6651,#6652);
#6651 = CARTESIAN_POINT('',(3.249999999999,-1.70634E-12));
#6652 = VECTOR('',#6653,1.);
#6653 = DIRECTION('',(-0.499999999998,0.866025403785));
#6654 = ( GEOMETRIC_REPRESENTATION_CONTEXT(2) 
PARAMETRIC_REPRESENTATION_CONTEXT() REPRESENTATION_CONTEXT('2D SPACE',''
  ) );
#6655 = PCURVE('',#5080,#6656);
#6656 = DEFINITIONAL_REPRESENTATION('',(#6657),#6661);
#6657 = LINE('',#6658,#6659);
#6658 = CARTESIAN_POINT('',(0.,-1.7763568394E-15));
#6659 = VECTOR('',#6660,1.);
#6660 = DIRECTION('',(1.,0.));
#6661 = ( GEOMETRIC_REPRESENTATION_CONTEXT(2) 
PARAMETRIC_REPRESENTATION_CONTEXT() REPRESENTATION_CONTEXT('2D SPACE',''
  ) );
#6662 = ORIENTED_EDGE('',*,*,#5036,.T.);
#6663 = ORIENTED_EDGE('',*,*,#5376,.T.);
#6664 = ORIENTED_EDGE('',*,*,#6288,.T.);
#6665 = ORIENTED_EDGE('',*,*,#6237,.T.);
#6666 = ORIENTED_EDGE('',*,*,#5403,.T.);
#6667 = ORIENTED_EDGE('',*,*,#5297,.T.);
#6668 = ADVANCED_FACE('',(#6669,#6719),#5108,.F.);
#6669 = FACE_BOUND('',#6670,.F.);
#6670 = EDGE_LOOP('',(#6671,#6694,#6695,#6696,#6697,#6698));
#6671 = ORIENTED_EDGE('',*,*,#6672,.T.);
#6672 = EDGE_CURVE('',#6673,#5065,#6675,.T.);
#6673 = VERTEX_POINT('',#6674);
#6674 = CARTESIAN_POINT('',(38.25,-13.85640646055,-8.));
#6675 = SURFACE_CURVE('',#6676,(#6680,#6687),.PCURVE_S1.);
#6676 = LINE('',#6677,#6678);
#6677 = CARTESIAN_POINT('',(38.25,-13.85640646055,-8.));
#6678 = VECTOR('',#6679,1.);
#6679 = DIRECTION('',(-0.499999999998,-0.433012701893,0.750000000001));
#6680 = PCURVE('',#5108,#6681);
#6681 = DEFINITIONAL_REPRESENTATION('',(#6682),#6686);
#6682 = LINE('',#6683,#6684);
#6683 = CARTESIAN_POINT('',(3.249999999999,-1.70634E-12));
#6684 = VECTOR('',#6685,1.);
#6685 = DIRECTION('',(-0.499999999998,0.866025403785));
#6686 = ( GEOMETRIC_REPRESENTATION_CONTEXT(2) 
PARAMETRIC_REPRESENTATION_CONTEXT() REPRESENTATION_CONTEXT('2D SPACE',''
  ) );
#6687 = PCURVE('',#5080,#6688);
#6688 = DEFINITIONAL_REPRESENTATION('',(#6689),#6693);
#6689 = LINE('',#6690,#6691);
#6690 = CARTESIAN_POINT('',(0.,-4.));
#6691 = VECTOR('',#6692,1.);
#6692 = DIRECTION('',(1.,0.));
#6693 = ( GEOMETRIC_REPRESENTATION_CONTEXT(2) 
PARAMETRIC_REPRESENTATION_CONTEXT() REPRESENTATION_CONTEXT('2D SPACE',''
  ) );
#6694 = ORIENTED_EDGE('',*,*,#5092,.T.);
#6695 = ORIENTED_EDGE('',*,*,#5148,.T.);
#6696 = ORIENTED_EDGE('',*,*,#5197,.T.);
#6697 = ORIENTED_EDGE('',*,*,#5246,.T.);
#6698 = ORIENTED_EDGE('',*,*,#6699,.T.);
#6699 = EDGE_CURVE('',#5247,#6673,#6700,.T.);
#6700 = SURFACE_CURVE('',#6701,(#6705,#6712),.PCURVE_S1.);
#6701 = LINE('',#6702,#6703);
#6702 = CARTESIAN_POINT('',(36.625,-12.4491151794,-10.4375));
#6703 = VECTOR('',#6704,1.);
#6704 = DIRECTION('',(0.5,-0.433012701892,0.75));
#6705 = PCURVE('',#5108,#6706);
#6706 = DEFINITIONAL_REPRESENTATION('',(#6707),#6711);
#6707 = LINE('',#6708,#6709);
#6708 = CARTESIAN_POINT('',(1.624999999999,-2.814582562302));
#6709 = VECTOR('',#6710,1.);
#6710 = DIRECTION('',(0.5,0.866025403784));
#6711 = ( GEOMETRIC_REPRESENTATION_CONTEXT(2) 
PARAMETRIC_REPRESENTATION_CONTEXT() REPRESENTATION_CONTEXT('2D SPACE',''
  ) );
#6712 = PCURVE('',#5285,#6713);
#6713 = DEFINITIONAL_REPRESENTATION('',(#6714),#6718);
#6714 = LINE('',#6715,#6716);
#6715 = CARTESIAN_POINT('',(0.,-4.));
#6716 = VECTOR('',#6717,1.);
#6717 = DIRECTION('',(1.,0.));
#6718 = ( GEOMETRIC_REPRESENTATION_CONTEXT(2) 
PARAMETRIC_REPRESENTATION_CONTEXT() REPRESENTATION_CONTEXT('2D SPACE',''
  ) );
#6719 = FACE_BOUND('',#6720,.F.);
#6720 = EDGE_LOOP('',(#6721));
#6721 = ORIENTED_EDGE('',*,*,#6722,.T.);
#6722 = EDGE_CURVE('',#6723,#6723,#6725,.T.);
#6723 = VERTEX_POINT('',#6724);
#6724 = CARTESIAN_POINT('',(37.,-13.85640646055,-8.));
#6725 = SURFACE_CURVE('',#6726,(#6731,#6742),.PCURVE_S1.);
#6726 = CIRCLE('',#6727,2.);
#6727 = AXIS2_PLACEMENT_3D('',#6728,#6729,#6730);
#6728 = CARTESIAN_POINT('',(35.,-13.85640646055,-8.));
#6729 = DIRECTION('',(-0.,0.866025403784,0.5));
#6730 = DIRECTION('',(1.,0.,0.));
#6731 = PCURVE('',#5108,#6732);
#6732 = DEFINITIONAL_REPRESENTATION('',(#6733),#6741);
#6733 = ( BOUNDED_CURVE() B_SPLINE_CURVE(2,(#6734,#6735,#6736,#6737,
#6738,#6739,#6740),.UNSPECIFIED.,.T.,.F.) B_SPLINE_CURVE_WITH_KNOTS((1,2
    ,2,2,2,1),(-2.094395102393,0.,2.094395102393,4.188790204786,
6.28318530718,8.377580409573),.UNSPECIFIED.) CURVE() 
GEOMETRIC_REPRESENTATION_ITEM() RATIONAL_B_SPLINE_CURVE((1.,0.5,1.,0.5,
1.,0.5,1.)) REPRESENTATION_ITEM('') );
#6734 = CARTESIAN_POINT('',(1.999999999999,-1.70634E-12));
#6735 = CARTESIAN_POINT('',(1.999999999999,-3.464101615139));
#6736 = CARTESIAN_POINT('',(-1.000000000001,-1.732050807571));
#6737 = CARTESIAN_POINT('',(-4.000000000001,-1.70682985872E-12));
#6738 = CARTESIAN_POINT('',(-1.000000000001,1.732050807567));
#6739 = CARTESIAN_POINT('',(1.999999999999,3.464101615136));
#6740 = CARTESIAN_POINT('',(1.999999999999,-1.70634E-12));
#6741 = ( GEOMETRIC_REPRESENTATION_CONTEXT(2) 
PARAMETRIC_REPRESENTATION_CONTEXT() REPRESENTATION_CONTEXT('2D SPACE',''
  ) );
#6742 = PCURVE('',#6743,#6748);
#6743 = CYLINDRICAL_SURFACE('',#6744,2.);
#6744 = AXIS2_PLACEMENT_3D('',#6745,#6746,#6747);
#6745 = CARTESIAN_POINT('',(35.,-21.99704525612,-12.7));
#6746 = DIRECTION('',(-0.,0.866025403784,0.5));
#6747 = DIRECTION('',(1.,0.,0.));
#6748 = DEFINITIONAL_REPRESENTATION('',(#6749),#6753);
#6749 = LINE('',#6750,#6751);
#6750 = CARTESIAN_POINT('',(-6.28318530718,9.4));
#6751 = VECTOR('',#6752,1.);
#6752 = DIRECTION('',(1.,-0.));
#6753 = ( GEOMETRIC_REPRESENTATION_CONTEXT(2) 
PARAMETRIC_REPRESENTATION_CONTEXT() REPRESENTATION_CONTEXT('2D SPACE',''
  ) );
#6754 = ADVANCED_FACE('',(#6755),#5080,.T.);
#6755 = FACE_BOUND('',#6756,.T.);
#6756 = EDGE_LOOP('',(#6757,#6778,#6779,#6780));
#6757 = ORIENTED_EDGE('',*,*,#6758,.T.);
#6758 = EDGE_CURVE('',#6620,#6673,#6759,.T.);
#6759 = SURFACE_CURVE('',#6760,(#6764,#6771),.PCURVE_S1.);
#6760 = LINE('',#6761,#6762);
#6761 = CARTESIAN_POINT('',(38.25,-10.39230484541,-6.));
#6762 = VECTOR('',#6763,1.);
#6763 = DIRECTION('',(0.,-0.866025403784,-0.5));
#6764 = PCURVE('',#5080,#6765);
#6765 = DEFINITIONAL_REPRESENTATION('',(#6766),#6770);
#6766 = LINE('',#6767,#6768);
#6767 = CARTESIAN_POINT('',(0.,0.));
#6768 = VECTOR('',#6769,1.);
#6769 = DIRECTION('',(0.,-1.));
#6770 = ( GEOMETRIC_REPRESENTATION_CONTEXT(2) 
PARAMETRIC_REPRESENTATION_CONTEXT() REPRESENTATION_CONTEXT('2D SPACE',''
  ) );
#6771 = PCURVE('',#5285,#6772);
#6772 = DEFINITIONAL_REPRESENTATION('',(#6773),#6777);
#6773 = LINE('',#6774,#6775);
#6774 = CARTESIAN_POINT('',(3.250000000001,0.));
#6775 = VECTOR('',#6776,1.);
#6776 = DIRECTION('',(0.,-1.));
#6777 = ( GEOMETRIC_REPRESENTATION_CONTEXT(2) 
PARAMETRIC_REPRESENTATION_CONTEXT() REPRESENTATION_CONTEXT('2D SPACE',''
  ) );
#6778 = ORIENTED_EDGE('',*,*,#6672,.T.);
#6779 = ORIENTED_EDGE('',*,*,#5064,.F.);
#6780 = ORIENTED_EDGE('',*,*,#6642,.F.);
#6781 = ADVANCED_FACE('',(#6782),#5285,.T.);
#6782 = FACE_BOUND('',#6783,.T.);
#6783 = EDGE_LOOP('',(#6784,#6785,#6786,#6787));
#6784 = ORIENTED_EDGE('',*,*,#5269,.T.);
#6785 = ORIENTED_EDGE('',*,*,#6699,.T.);
#6786 = ORIENTED_EDGE('',*,*,#6758,.F.);
#6787 = ORIENTED_EDGE('',*,*,#6619,.F.);
#6788 = ADVANCED_FACE('',(#6789),#5525,.T.);
#6789 = FACE_BOUND('',#6790,.T.);
#6790 = EDGE_LOOP('',(#6791,#6814,#6835,#6836,#6837,#6838,#6839,#6840));
#6791 = ORIENTED_EDGE('',*,*,#6792,.T.);
#6792 = EDGE_CURVE('',#5743,#6793,#6795,.T.);
#6793 = VERTEX_POINT('',#6794);
#6794 = CARTESIAN_POINT('',(38.25,10.392304845413,-6.));
#6795 = SURFACE_CURVE('',#6796,(#6800,#6807),.PCURVE_S1.);
#6796 = LINE('',#6797,#6798);
#6797 = CARTESIAN_POINT('',(36.625,11.799596126563,-3.562499999999));
#6798 = VECTOR('',#6799,1.);
#6799 = DIRECTION('',(0.5,-0.433012701892,-0.75));
#6800 = PCURVE('',#5525,#6801);
#6801 = DEFINITIONAL_REPRESENTATION('',(#6802),#6806);
#6802 = LINE('',#6803,#6804);
#6803 = CARTESIAN_POINT('',(1.624999999999,-2.814582562302));
#6804 = VECTOR('',#6805,1.);
#6805 = DIRECTION('',(0.5,0.866025403784));
#6806 = ( GEOMETRIC_REPRESENTATION_CONTEXT(2) 
PARAMETRIC_REPRESENTATION_CONTEXT() REPRESENTATION_CONTEXT('2D SPACE',''
  ) );
#6807 = PCURVE('',#5758,#6808);
#6808 = DEFINITIONAL_REPRESENTATION('',(#6809),#6813);
#6809 = LINE('',#6810,#6811);
#6810 = CARTESIAN_POINT('',(0.,0.));
#6811 = VECTOR('',#6812,1.);
#6812 = DIRECTION('',(1.,0.));
#6813 = ( GEOMETRIC_REPRESENTATION_CONTEXT(2) 
PARAMETRIC_REPRESENTATION_CONTEXT() REPRESENTATION_CONTEXT('2D SPACE',''
  ) );
#6814 = ORIENTED_EDGE('',*,*,#6815,.T.);
#6815 = EDGE_CURVE('',#6793,#5510,#6816,.T.);
#6816 = SURFACE_CURVE('',#6817,(#6821,#6828),.PCURVE_S1.);
#6817 = LINE('',#6818,#6819);
#6818 = CARTESIAN_POINT('',(38.25,10.392304845413,-6.));
#6819 = VECTOR('',#6820,1.);
#6820 = DIRECTION('',(-0.499999999998,-0.433012701893,-0.750000000001));
#6821 = PCURVE('',#5525,#6822);
#6822 = DEFINITIONAL_REPRESENTATION('',(#6823),#6827);
#6823 = LINE('',#6824,#6825);
#6824 = CARTESIAN_POINT('',(3.249999999999,-1.70634E-12));
#6825 = VECTOR('',#6826,1.);
#6826 = DIRECTION('',(-0.499999999998,0.866025403785));
#6827 = ( GEOMETRIC_REPRESENTATION_CONTEXT(2) 
PARAMETRIC_REPRESENTATION_CONTEXT() REPRESENTATION_CONTEXT('2D SPACE',''
  ) );
#6828 = PCURVE('',#5553,#6829);
#6829 = DEFINITIONAL_REPRESENTATION('',(#6830),#6834);
#6830 = LINE('',#6831,#6832);
#6831 = CARTESIAN_POINT('',(0.,0.));
#6832 = VECTOR('',#6833,1.);
#6833 = DIRECTION('',(1.,0.));
#6834 = ( GEOMETRIC_REPRESENTATION_CONTEXT(2) 
PARAMETRIC_REPRESENTATION_CONTEXT() REPRESENTATION_CONTEXT('2D SPACE',''
  ) );
#6835 = ORIENTED_EDGE('',*,*,#5509,.T.);
#6836 = ORIENTED_EDGE('',*,*,#5849,.T.);
#6837 = ORIENTED_EDGE('',*,*,#6369,.T.);
#6838 = ORIENTED_EDGE('',*,*,#6318,.T.);
#6839 = ORIENTED_EDGE('',*,*,#5876,.T.);
#6840 = ORIENTED_EDGE('',*,*,#5770,.T.);
#6841 = ADVANCED_FACE('',(#6842,#6892),#5581,.F.);
#6842 = FACE_BOUND('',#6843,.F.);
#6843 = EDGE_LOOP('',(#6844,#6867,#6868,#6869,#6870,#6871));
#6844 = ORIENTED_EDGE('',*,*,#6845,.T.);
#6845 = EDGE_CURVE('',#6846,#5538,#6848,.T.);
#6846 = VERTEX_POINT('',#6847);
#6847 = CARTESIAN_POINT('',(38.25,13.856406460551,-8.));
#6848 = SURFACE_CURVE('',#6849,(#6853,#6860),.PCURVE_S1.);
#6849 = LINE('',#6850,#6851);
#6850 = CARTESIAN_POINT('',(38.25,13.856406460551,-8.));
#6851 = VECTOR('',#6852,1.);
#6852 = DIRECTION('',(-0.499999999998,-0.433012701893,-0.750000000001));
#6853 = PCURVE('',#5581,#6854);
#6854 = DEFINITIONAL_REPRESENTATION('',(#6855),#6859);
#6855 = LINE('',#6856,#6857);
#6856 = CARTESIAN_POINT('',(3.249999999999,-1.70634E-12));
#6857 = VECTOR('',#6858,1.);
#6858 = DIRECTION('',(-0.499999999998,0.866025403785));
#6859 = ( GEOMETRIC_REPRESENTATION_CONTEXT(2) 
PARAMETRIC_REPRESENTATION_CONTEXT() REPRESENTATION_CONTEXT('2D SPACE',''
  ) );
#6860 = PCURVE('',#5553,#6861);
#6861 = DEFINITIONAL_REPRESENTATION('',(#6862),#6866);
#6862 = LINE('',#6863,#6864);
#6863 = CARTESIAN_POINT('',(0.,-4.));
#6864 = VECTOR('',#6865,1.);
#6865 = DIRECTION('',(1.,0.));
#6866 = ( GEOMETRIC_REPRESENTATION_CONTEXT(2) 
PARAMETRIC_REPRESENTATION_CONTEXT() REPRESENTATION_CONTEXT('2D SPACE',''
  ) );
#6867 = ORIENTED_EDGE('',*,*,#5565,.T.);
#6868 = ORIENTED_EDGE('',*,*,#5621,.T.);
#6869 = ORIENTED_EDGE('',*,*,#5670,.T.);
#6870 = ORIENTED_EDGE('',*,*,#5719,.T.);
#6871 = ORIENTED_EDGE('',*,*,#6872,.T.);
#6872 = EDGE_CURVE('',#5720,#6846,#6873,.T.);
#6873 = SURFACE_CURVE('',#6874,(#6878,#6885),.PCURVE_S1.);
#6874 = LINE('',#6875,#6876);
#6875 = CARTESIAN_POINT('',(36.625,15.263697741701,-5.562499999999));
#6876 = VECTOR('',#6877,1.);
#6877 = DIRECTION('',(0.5,-0.433012701892,-0.75));
#6878 = PCURVE('',#5581,#6879);
#6879 = DEFINITIONAL_REPRESENTATION('',(#6880),#6884);
#6880 = LINE('',#6881,#6882);
#6881 = CARTESIAN_POINT('',(1.624999999999,-2.814582562302));
#6882 = VECTOR('',#6883,1.);
#6883 = DIRECTION('',(0.5,0.866025403784));
#6884 = ( GEOMETRIC_REPRESENTATION_CONTEXT(2) 
PARAMETRIC_REPRESENTATION_CONTEXT() REPRESENTATION_CONTEXT('2D SPACE',''
  ) );
#6885 = PCURVE('',#5758,#6886);
#6886 = DEFINITIONAL_REPRESENTATION('',(#6887),#6891);
#6887 = LINE('',#6888,#6889);
#6888 = CARTESIAN_POINT('',(0.,-4.));
#6889 = VECTOR('',#6890,1.);
#6890 = DIRECTION('',(1.,0.));
#6891 = ( GEOMETRIC_REPRESENTATION_CONTEXT(2) 
PARAMETRIC_REPRESENTATION_CONTEXT() REPRESENTATION_CONTEXT('2D SPACE',''
  ) );
#6892 = FACE_BOUND('',#6893,.F.);
#6893 = EDGE_LOOP('',(#6894));
#6894 = ORIENTED_EDGE('',*,*,#6895,.T.);
#6895 = EDGE_CURVE('',#6896,#6896,#6898,.T.);
#6896 = VERTEX_POINT('',#6897);
#6897 = CARTESIAN_POINT('',(37.,13.856406460551,-8.));
#6898 = SURFACE_CURVE('',#6899,(#6904,#6915),.PCURVE_S1.);
#6899 = CIRCLE('',#6900,2.);
#6900 = AXIS2_PLACEMENT_3D('',#6901,#6902,#6903);
#6901 = CARTESIAN_POINT('',(35.,13.856406460551,-8.));
#6902 = DIRECTION('',(0.,-0.866025403784,0.5));
#6903 = DIRECTION('',(1.,0.,0.));
#6904 = PCURVE('',#5581,#6905);
#6905 = DEFINITIONAL_REPRESENTATION('',(#6906),#6914);
#6906 = ( BOUNDED_CURVE() B_SPLINE_CURVE(2,(#6907,#6908,#6909,#6910,
#6911,#6912,#6913),.UNSPECIFIED.,.T.,.F.) B_SPLINE_CURVE_WITH_KNOTS((1,2
    ,2,2,2,1),(-2.094395102393,0.,2.094395102393,4.188790204786,
6.28318530718,8.377580409573),.UNSPECIFIED.) CURVE() 
GEOMETRIC_REPRESENTATION_ITEM() RATIONAL_B_SPLINE_CURVE((1.,0.5,1.,0.5,
1.,0.5,1.)) REPRESENTATION_ITEM('') );
#6907 = CARTESIAN_POINT('',(1.999999999999,-1.70634E-12));
#6908 = CARTESIAN_POINT('',(1.999999999999,-3.464101615139));
#6909 = CARTESIAN_POINT('',(-1.000000000001,-1.732050807571));
#6910 = CARTESIAN_POINT('',(-4.000000000001,-1.70682985872E-12));
#6911 = CARTESIAN_POINT('',(-1.000000000001,1.732050807567));
#6912 = CARTESIAN_POINT('',(1.999999999999,3.464101615136));
#6913 = CARTESIAN_POINT('',(1.999999999999,-1.70634E-12));
#6914 = ( GEOMETRIC_REPRESENTATION_CONTEXT(2) 
PARAMETRIC_REPRESENTATION_CONTEXT() REPRESENTATION_CONTEXT('2D SPACE',''
  ) );
#6915 = PCURVE('',#6916,#6921);
#6916 = CYLINDRICAL_SURFACE('',#6917,2.);
#6917 = AXIS2_PLACEMENT_3D('',#6918,#6919,#6920);
#6918 = CARTESIAN_POINT('',(35.,21.997045256125,-12.7));
#6919 = DIRECTION('',(-0.,-0.866025403784,0.5));
#6920 = DIRECTION('',(1.,0.,0.));
#6921 = DEFINITIONAL_REPRESENTATION('',(#6922),#6926);
#6922 = LINE('',#6923,#6924);
#6923 = CARTESIAN_POINT('',(-6.28318530718,9.4));
#6924 = VECTOR('',#6925,1.);
#6925 = DIRECTION('',(1.,-0.));
#6926 = ( GEOMETRIC_REPRESENTATION_CONTEXT(2) 
PARAMETRIC_REPRESENTATION_CONTEXT() REPRESENTATION_CONTEXT('2D SPACE',''
  ) );
#6927 = ADVANCED_FACE('',(#6928),#5553,.T.);
#6928 = FACE_BOUND('',#6929,.T.);
#6929 = EDGE_LOOP('',(#6930,#6951,#6952,#6953));
#6930 = ORIENTED_EDGE('',*,*,#6931,.T.);
#6931 = EDGE_CURVE('',#6793,#6846,#6932,.T.);
#6932 = SURFACE_CURVE('',#6933,(#6937,#6944),.PCURVE_S1.);
#6933 = LINE('',#6934,#6935);
#6934 = CARTESIAN_POINT('',(38.25,10.392304845413,-6.));
#6935 = VECTOR('',#6936,1.);
#6936 = DIRECTION('',(0.,0.866025403784,-0.5));
#6937 = PCURVE('',#5553,#6938);
#6938 = DEFINITIONAL_REPRESENTATION('',(#6939),#6943);
#6939 = LINE('',#6940,#6941);
#6940 = CARTESIAN_POINT('',(0.,0.));
#6941 = VECTOR('',#6942,1.);
#6942 = DIRECTION('',(0.,-1.));
#6943 = ( GEOMETRIC_REPRESENTATION_CONTEXT(2) 
PARAMETRIC_REPRESENTATION_CONTEXT() REPRESENTATION_CONTEXT('2D SPACE',''
  ) );
#6944 = PCURVE('',#5758,#6945);
#6945 = DEFINITIONAL_REPRESENTATION('',(#6946),#6950);
#6946 = LINE('',#6947,#6948);
#6947 = CARTESIAN_POINT('',(3.250000000001,0.));
#6948 = VECTOR('',#6949,1.);
#6949 = DIRECTION('',(0.,-1.));
#6950 = ( GEOMETRIC_REPRESENTATION_CONTEXT(2) 
PARAMETRIC_REPRESENTATION_CONTEXT() REPRESENTATION_CONTEXT('2D SPACE',''
  ) );
#6951 = ORIENTED_EDGE('',*,*,#6845,.T.);
#6952 = ORIENTED_EDGE('',*,*,#5537,.F.);
#6953 = ORIENTED_EDGE('',*,*,#6815,.F.);
#6954 = ADVANCED_FACE('',(#6955),#5758,.T.);
#6955 = FACE_BOUND('',#6956,.T.);
#6956 = EDGE_LOOP('',(#6957,#6958,#6959,#6960));
#6957 = ORIENTED_EDGE('',*,*,#5742,.T.);
#6958 = ORIENTED_EDGE('',*,*,#6872,.T.);
#6959 = ORIENTED_EDGE('',*,*,#6931,.F.);
#6960 = ORIENTED_EDGE('',*,*,#6792,.F.);
#6961 = ADVANCED_FACE('',(#6962),#6104,.F.);
#6962 = FACE_BOUND('',#6963,.T.);
#6963 = EDGE_LOOP('',(#6964,#6987,#7009,#7010));
#6964 = ORIENTED_EDGE('',*,*,#6965,.F.);
#6965 = EDGE_CURVE('',#6966,#6084,#6968,.T.);
#6966 = VERTEX_POINT('',#6967);
#6967 = CARTESIAN_POINT('',(37.,0.,25.4));
#6968 = SEAM_CURVE('',#6969,(#6973,#6980),.PCURVE_S1.);
#6969 = LINE('',#6970,#6971);
#6970 = CARTESIAN_POINT('',(37.,0.,25.4));
#6971 = VECTOR('',#6972,1.);
#6972 = DIRECTION('',(-6.E-17,0.,-1.));
#6973 = PCURVE('',#6104,#6974);
#6974 = DEFINITIONAL_REPRESENTATION('',(#6975),#6979);
#6975 = LINE('',#6976,#6977);
#6976 = CARTESIAN_POINT('',(-0.,0.));
#6977 = VECTOR('',#6978,1.);
#6978 = DIRECTION('',(-0.,1.));
#6979 = ( GEOMETRIC_REPRESENTATION_CONTEXT(2) 
PARAMETRIC_REPRESENTATION_CONTEXT() REPRESENTATION_CONTEXT('2D SPACE',''
  ) );
#6980 = PCURVE('',#6104,#6981);
#6981 = DEFINITIONAL_REPRESENTATION('',(#6982),#6986);
#6982 = LINE('',#6983,#6984);
#6983 = CARTESIAN_POINT('',(-6.28318530718,0.));
#6984 = VECTOR('',#6985,1.);
#6985 = DIRECTION('',(-0.,1.));
#6986 = ( GEOMETRIC_REPRESENTATION_CONTEXT(2) 
PARAMETRIC_REPRESENTATION_CONTEXT() REPRESENTATION_CONTEXT('2D SPACE',''
  ) );
#6987 = ORIENTED_EDGE('',*,*,#6988,.T.);
#6988 = EDGE_CURVE('',#6966,#6966,#6989,.T.);
#6989 = SURFACE_CURVE('',#6990,(#6995,#7002),.PCURVE_S1.);
#6990 = CIRCLE('',#6991,2.);
#6991 = AXIS2_PLACEMENT_3D('',#6992,#6993,#6994);
#6992 = CARTESIAN_POINT('',(35.,0.,25.4));
#6993 = DIRECTION('',(0.,0.,1.));
#6994 = DIRECTION('',(1.,0.,0.));
#6995 = PCURVE('',#6104,#6996);
#6996 = DEFINITIONAL_REPRESENTATION('',(#6997),#7001);
#6997 = LINE('',#6998,#6999);
#6998 = CARTESIAN_POINT('',(-0.,0.));
#6999 = VECTOR('',#7000,1.);
#7000 = DIRECTION('',(-1.,0.));
#7001 = ( GEOMETRIC_REPRESENTATION_CONTEXT(2) 
PARAMETRIC_REPRESENTATION_CONTEXT() REPRESENTATION_CONTEXT('2D SPACE',''
  ) );
#7002 = PCURVE('',#6493,#7003);
#7003 = DEFINITIONAL_REPRESENTATION('',(#7004),#7008);
#7004 = CIRCLE('',#7005,2.);
#7005 = AXIS2_PLACEMENT_2D('',#7006,#7007);
#7006 = CARTESIAN_POINT('',(0.,0.));
#7007 = DIRECTION('',(1.,0.));
#7008 = ( GEOMETRIC_REPRESENTATION_CONTEXT(2) 
PARAMETRIC_REPRESENTATION_CONTEXT() REPRESENTATION_CONTEXT('2D SPACE',''
  ) );
#7009 = ORIENTED_EDGE('',*,*,#6965,.T.);
#7010 = ORIENTED_EDGE('',*,*,#6083,.T.);
#7011 = ADVANCED_FACE('',(#7012,#7015),#6220,.T.);
#7012 = FACE_BOUND('',#7013,.F.);
#7013 = EDGE_LOOP('',(#7014));
#7014 = ORIENTED_EDGE('',*,*,#6205,.T.);
#7015 = FACE_BOUND('',#7016,.F.);
#7016 = EDGE_LOOP('',(#7017,#7057,#7095,#7133,#7171,#7209));
#7017 = ORIENTED_EDGE('',*,*,#7018,.T.);
#7018 = EDGE_CURVE('',#7019,#7021,#7023,.T.);
#7019 = VERTEX_POINT('',#7020);
#7020 = CARTESIAN_POINT('',(50.,-19.28349899093,-7.E-15));
#7021 = VERTEX_POINT('',#7022);
#7022 = CARTESIAN_POINT('',(50.,-9.641749495467,16.7));
#7023 = SURFACE_CURVE('',#7024,(#7030,#7039),.PCURVE_S1.);
#7024 = B_SPLINE_CURVE_WITH_KNOTS('',2,(#7025,#7026,#7027,#7028,#7029),
  .UNSPECIFIED.,.F.,.F.,(3,1,1,3),(-1.714,-1.3252484864,19.7252484864,
    20.114),.UNSPECIFIED.);
#7025 = CARTESIAN_POINT('',(50.,-19.9196242432,-1.101801256903));
#7026 = CARTESIAN_POINT('',(50.,-19.8224363648,-0.933466913635));
#7027 = CARTESIAN_POINT('',(50.,-14.4626242432,8.35));
#7028 = CARTESIAN_POINT('',(50.,-9.1028121216,17.633466913635));
#7029 = CARTESIAN_POINT('',(50.,-9.0056242432,17.801801256903));
#7030 = PCURVE('',#6220,#7031);
#7031 = DEFINITIONAL_REPRESENTATION('',(#7032),#7038);
#7032 = B_SPLINE_CURVE_WITH_KNOTS('',2,(#7033,#7034,#7035,#7036,#7037),
  .UNSPECIFIED.,.F.,.F.,(3,1,1,3),(-1.714,-1.3252484864,19.7252484864,
    20.114),.UNSPECIFIED.);
#7033 = CARTESIAN_POINT('',(-19.9196242432,-1.101801256903));
#7034 = CARTESIAN_POINT('',(-19.8224363648,-0.933466913635));
#7035 = CARTESIAN_POINT('',(-14.4626242432,8.35));
#7036 = CARTESIAN_POINT('',(-9.1028121216,17.633466913635));
#7037 = CARTESIAN_POINT('',(-9.0056242432,17.801801256903));
#7038 = ( GEOMETRIC_REPRESENTATION_CONTEXT(2) 
PARAMETRIC_REPRESENTATION_CONTEXT() REPRESENTATION_CONTEXT('2D SPACE',''
  ) );
#7039 = PCURVE('',#7040,#7051);
#7040 = B_SPLINE_SURFACE_WITH_KNOTS('',1,2,(
    (#7041,#7042,#7043,#7044,#7045)
    ,(#7046,#7047,#7048,#7049,#7050
    )),.UNSPECIFIED.,.F.,.F.,.F.,(2,2),(3,1,1,3),(0.,21.050496972801),(
    -1.714,-1.3252484864,19.7252484864,20.114),.UNSPECIFIED.);
#7041 = CARTESIAN_POINT('',(50.,-19.9196242432,-1.101801256903));
#7042 = CARTESIAN_POINT('',(50.,-19.8224363648,-0.933466913635));
#7043 = CARTESIAN_POINT('',(50.,-14.4626242432,8.35));
#7044 = CARTESIAN_POINT('',(50.,-9.1028121216,17.633466913635));
#7045 = CARTESIAN_POINT('',(50.,-9.0056242432,17.801801256903));
#7046 = CARTESIAN_POINT('',(49.500076152422,-20.36019405875,
    -0.847438155294));
#7047 = CARTESIAN_POINT('',(49.500076152422,-20.26300618035,
    -0.679103812026));
#7048 = CARTESIAN_POINT('',(49.500076152422,-14.90319405875,
    8.604363101609));
#7049 = CARTESIAN_POINT('',(49.500076152422,-9.543381937158,
    17.887830015244));
#7050 = CARTESIAN_POINT('',(49.500076152422,-9.446194058758,
    18.056164358513));
#7051 = DEFINITIONAL_REPRESENTATION('',(#7052),#7056);
#7052 = LINE('',#7053,#7054);
#7053 = CARTESIAN_POINT('',(0.,0.));
#7054 = VECTOR('',#7055,1.);
#7055 = DIRECTION('',(0.,1.));
#7056 = ( GEOMETRIC_REPRESENTATION_CONTEXT(2) 
PARAMETRIC_REPRESENTATION_CONTEXT() REPRESENTATION_CONTEXT('2D SPACE',''
  ) );
#7057 = ORIENTED_EDGE('',*,*,#7058,.T.);
#7058 = EDGE_CURVE('',#7021,#7059,#7061,.T.);
#7059 = VERTEX_POINT('',#7060);
#7060 = CARTESIAN_POINT('',(50.,9.641749495467,16.7));
#7061 = SURFACE_CURVE('',#7062,(#7068,#7077),.PCURVE_S1.);
#7062 = B_SPLINE_CURVE_WITH_KNOTS('',2,(#7063,#7064,#7065,#7066,#7067),
  .UNSPECIFIED.,.F.,.F.,(3,1,1,3),(-1.714,-1.3252484864,19.7252484864,
    20.114),.UNSPECIFIED.);
#7063 = CARTESIAN_POINT('',(50.,-10.914,16.7));
#7064 = CARTESIAN_POINT('',(50.,-10.7196242432,16.7));
#7065 = CARTESIAN_POINT('',(50.,1.421E-14,16.7));
#7066 = CARTESIAN_POINT('',(50.,10.7196242432,16.7));
#7067 = CARTESIAN_POINT('',(50.,10.914,16.7));
#7068 = PCURVE('',#6220,#7069);
#7069 = DEFINITIONAL_REPRESENTATION('',(#7070),#7076);
#7070 = B_SPLINE_CURVE_WITH_KNOTS('',2,(#7071,#7072,#7073,#7074,#7075),
  .UNSPECIFIED.,.F.,.F.,(3,1,1,3),(-1.714,-1.3252484864,19.7252484864,
    20.114),.UNSPECIFIED.);
#7071 = CARTESIAN_POINT('',(-10.914,16.7));
#7072 = CARTESIAN_POINT('',(-10.7196242432,16.7));
#7073 = CARTESIAN_POINT('',(1.421E-14,16.7));
#7074 = CARTESIAN_POINT('',(10.7196242432,16.7));
#7075 = CARTESIAN_POINT('',(10.914,16.7));
#7076 = ( GEOMETRIC_REPRESENTATION_CONTEXT(2) 
PARAMETRIC_REPRESENTATION_CONTEXT() REPRESENTATION_CONTEXT('2D SPACE',''
  ) );
#7077 = PCURVE('',#7078,#7089);
#7078 = B_SPLINE_SURFACE_WITH_KNOTS('',1,2,(
    (#7079,#7080,#7081,#7082,#7083)
    ,(#7084,#7085,#7086,#7087,#7088
    )),.UNSPECIFIED.,.F.,.F.,.F.,(2,2),(3,1,1,3),(0.,21.050496972801),(
    -1.714,-1.3252484864,19.7252484864,20.114),.UNSPECIFIED.);
#7079 = CARTESIAN_POINT('',(50.,-10.914,16.7));
#7080 = CARTESIAN_POINT('',(50.,-10.7196242432,16.7));
#7081 = CARTESIAN_POINT('',(50.,1.421E-14,16.7));
#7082 = CARTESIAN_POINT('',(50.,10.7196242432,16.7));
#7083 = CARTESIAN_POINT('',(50.,10.914,16.7));
#7084 = CARTESIAN_POINT('',(49.500076152422,-10.914,17.208726203219));
#7085 = CARTESIAN_POINT('',(49.500076152422,-10.7196242432,
    17.208726203219));
#7086 = CARTESIAN_POINT('',(49.500076152422,1.776E-14,17.208726203219));
#7087 = CARTESIAN_POINT('',(49.500076152422,10.7196242432,
    17.208726203219));
#7088 = CARTESIAN_POINT('',(49.500076152422,10.914,17.208726203219));
#7089 = DEFINITIONAL_REPRESENTATION('',(#7090),#7094);
#7090 = LINE('',#7091,#7092);
#7091 = CARTESIAN_POINT('',(0.,0.));
#7092 = VECTOR('',#7093,1.);
#7093 = DIRECTION('',(0.,1.));
#7094 = ( GEOMETRIC_REPRESENTATION_CONTEXT(2) 
PARAMETRIC_REPRESENTATION_CONTEXT() REPRESENTATION_CONTEXT('2D SPACE',''
  ) );
#7095 = ORIENTED_EDGE('',*,*,#7096,.T.);
#7096 = EDGE_CURVE('',#7059,#7097,#7099,.T.);
#7097 = VERTEX_POINT('',#7098);
#7098 = CARTESIAN_POINT('',(50.,19.283498990934,-3.E-15));
#7099 = SURFACE_CURVE('',#7100,(#7106,#7115),.PCURVE_S1.);
#7100 = B_SPLINE_CURVE_WITH_KNOTS('',2,(#7101,#7102,#7103,#7104,#7105),
  .UNSPECIFIED.,.F.,.F.,(3,1,1,3),(-1.714,-1.3252484864,19.7252484864,
    20.114),.UNSPECIFIED.);
#7101 = CARTESIAN_POINT('',(50.,9.0056242432,17.801801256903));
#7102 = CARTESIAN_POINT('',(50.,9.1028121216,17.633466913635));
#7103 = CARTESIAN_POINT('',(50.,14.4626242432,8.35));
#7104 = CARTESIAN_POINT('',(50.,19.8224363648,-0.933466913635));
#7105 = CARTESIAN_POINT('',(50.,19.9196242432,-1.101801256903));
#7106 = PCURVE('',#6220,#7107);
#7107 = DEFINITIONAL_REPRESENTATION('',(#7108),#7114);
#7108 = B_SPLINE_CURVE_WITH_KNOTS('',2,(#7109,#7110,#7111,#7112,#7113),
  .UNSPECIFIED.,.F.,.F.,(3,1,1,3),(-1.714,-1.3252484864,19.7252484864,
    20.114),.UNSPECIFIED.);
#7109 = CARTESIAN_POINT('',(9.0056242432,17.801801256903));
#7110 = CARTESIAN_POINT('',(9.1028121216,17.633466913635));
#7111 = CARTESIAN_POINT('',(14.4626242432,8.35));
#7112 = CARTESIAN_POINT('',(19.8224363648,-0.933466913635));
#7113 = CARTESIAN_POINT('',(19.9196242432,-1.101801256903));
#7114 = ( GEOMETRIC_REPRESENTATION_CONTEXT(2) 
PARAMETRIC_REPRESENTATION_CONTEXT() REPRESENTATION_CONTEXT('2D SPACE',''
  ) );
#7115 = PCURVE('',#7116,#7127);
#7116 = B_SPLINE_SURFACE_WITH_KNOTS('',1,2,(
    (#7117,#7118,#7119,#7120,#7121)
    ,(#7122,#7123,#7124,#7125,#7126
    )),.UNSPECIFIED.,.F.,.F.,.F.,(2,2),(3,1,1,3),(0.,21.050496972801),(
    -1.714,-1.3252484864,19.7252484864,20.114),.UNSPECIFIED.);
#7117 = CARTESIAN_POINT('',(50.,9.0056242432,17.801801256903));
#7118 = CARTESIAN_POINT('',(50.,9.1028121216,17.633466913635));
#7119 = CARTESIAN_POINT('',(50.,14.4626242432,8.35));
#7120 = CARTESIAN_POINT('',(50.,19.8224363648,-0.933466913635));
#7121 = CARTESIAN_POINT('',(50.,19.9196242432,-1.101801256903));
#7122 = CARTESIAN_POINT('',(49.500076152422,9.446194058758,
    18.056164358513));
#7123 = CARTESIAN_POINT('',(49.500076152422,9.543381937158,
    17.887830015244));
#7124 = CARTESIAN_POINT('',(49.500076152422,14.903194058758,
    8.604363101609));
#7125 = CARTESIAN_POINT('',(49.500076152422,20.263006180358,
    -0.679103812026));
#7126 = CARTESIAN_POINT('',(49.500076152422,20.360194058758,
    -0.847438155294));
#7127 = DEFINITIONAL_REPRESENTATION('',(#7128),#7132);
#7128 = LINE('',#7129,#7130);
#7129 = CARTESIAN_POINT('',(0.,0.));
#7130 = VECTOR('',#7131,1.);
#7131 = DIRECTION('',(0.,1.));
#7132 = ( GEOMETRIC_REPRESENTATION_CONTEXT(2) 
PARAMETRIC_REPRESENTATION_CONTEXT() REPRESENTATION_CONTEXT('2D SPACE',''
  ) );
#7133 = ORIENTED_EDGE('',*,*,#7134,.T.);
#7134 = EDGE_CURVE('',#7097,#7135,#7137,.T.);
#7135 = VERTEX_POINT('',#7136);
#7136 = CARTESIAN_POINT('',(50.,9.641749495467,-16.7));
#7137 = SURFACE_CURVE('',#7138,(#7144,#7153),.PCURVE_S1.);
#7138 = B_SPLINE_CURVE_WITH_KNOTS('',2,(#7139,#7140,#7141,#7142,#7143),
  .UNSPECIFIED.,.F.,.F.,(3,1,1,3),(-1.714,-1.3252484864,19.7252484864,
    20.114),.UNSPECIFIED.);
#7139 = CARTESIAN_POINT('',(50.,19.9196242432,1.101801256903));
#7140 = CARTESIAN_POINT('',(50.,19.8224363648,0.933466913635));
#7141 = CARTESIAN_POINT('',(50.,14.4626242432,-8.35));
#7142 = CARTESIAN_POINT('',(50.,9.1028121216,-17.63346691363));
#7143 = CARTESIAN_POINT('',(50.,9.0056242432,-17.8018012569));
#7144 = PCURVE('',#6220,#7145);
#7145 = DEFINITIONAL_REPRESENTATION('',(#7146),#7152);
#7146 = B_SPLINE_CURVE_WITH_KNOTS('',2,(#7147,#7148,#7149,#7150,#7151),
  .UNSPECIFIED.,.F.,.F.,(3,1,1,3),(-1.714,-1.3252484864,19.7252484864,
    20.114),.UNSPECIFIED.);
#7147 = CARTESIAN_POINT('',(19.9196242432,1.101801256903));
#7148 = CARTESIAN_POINT('',(19.8224363648,0.933466913635));
#7149 = CARTESIAN_POINT('',(14.4626242432,-8.35));
#7150 = CARTESIAN_POINT('',(9.1028121216,-17.63346691363));
#7151 = CARTESIAN_POINT('',(9.0056242432,-17.8018012569));
#7152 = ( GEOMETRIC_REPRESENTATION_CONTEXT(2) 
PARAMETRIC_REPRESENTATION_CONTEXT() REPRESENTATION_CONTEXT('2D SPACE',''
  ) );
#7153 = PCURVE('',#7154,#7165);
#7154 = B_SPLINE_SURFACE_WITH_KNOTS('',1,2,(
    (#7155,#7156,#7157,#7158,#7159)
    ,(#7160,#7161,#7162,#7163,#7164
    )),.UNSPECIFIED.,.F.,.F.,.F.,(2,2),(3,1,1,3),(0.,21.050496972801),(
    -1.714,-1.3252484864,19.7252484864,20.114),.UNSPECIFIED.);
#7155 = CARTESIAN_POINT('',(50.,19.9196242432,1.101801256903));
#7156 = CARTESIAN_POINT('',(50.,19.8224363648,0.933466913635));
#7157 = CARTESIAN_POINT('',(50.,14.4626242432,-8.35));
#7158 = CARTESIAN_POINT('',(50.,9.1028121216,-17.63346691363));
#7159 = CARTESIAN_POINT('',(50.,9.0056242432,-17.8018012569));
#7160 = CARTESIAN_POINT('',(49.500076152422,20.360194058758,
    0.847438155294));
#7161 = CARTESIAN_POINT('',(49.500076152422,20.263006180358,
    0.679103812026));
#7162 = CARTESIAN_POINT('',(49.500076152422,14.903194058758,
    -8.604363101609));
#7163 = CARTESIAN_POINT('',(49.500076152422,9.543381937158,
    -17.88783001524));
#7164 = CARTESIAN_POINT('',(49.500076152422,9.446194058758,
    -18.05616435851));
#7165 = DEFINITIONAL_REPRESENTATION('',(#7166),#7170);
#7166 = LINE('',#7167,#7168);
#7167 = CARTESIAN_POINT('',(0.,0.));
#7168 = VECTOR('',#7169,1.);
#7169 = DIRECTION('',(0.,1.));
#7170 = ( GEOMETRIC_REPRESENTATION_CONTEXT(2) 
PARAMETRIC_REPRESENTATION_CONTEXT() REPRESENTATION_CONTEXT('2D SPACE',''
  ) );
#7171 = ORIENTED_EDGE('',*,*,#7172,.T.);
#7172 = EDGE_CURVE('',#7135,#7173,#7175,.T.);
#7173 = VERTEX_POINT('',#7174);
#7174 = CARTESIAN_POINT('',(50.,-9.641749495467,-16.7));
#7175 = SURFACE_CURVE('',#7176,(#7182,#7191),.PCURVE_S1.);
#7176 = B_SPLINE_CURVE_WITH_KNOTS('',2,(#7177,#7178,#7179,#7180,#7181),
  .UNSPECIFIED.,.F.,.F.,(3,1,1,3),(-1.714,-1.3252484864,19.7252484864,
    20.114),.UNSPECIFIED.);
#7177 = CARTESIAN_POINT('',(50.,10.914,-16.7));
#7178 = CARTESIAN_POINT('',(50.,10.7196242432,-16.7));
#7179 = CARTESIAN_POINT('',(50.,-1.421E-14,-16.7));
#7180 = CARTESIAN_POINT('',(50.,-10.7196242432,-16.7));
#7181 = CARTESIAN_POINT('',(50.,-10.914,-16.7));
#7182 = PCURVE('',#6220,#7183);
#7183 = DEFINITIONAL_REPRESENTATION('',(#7184),#7190);
#7184 = B_SPLINE_CURVE_WITH_KNOTS('',2,(#7185,#7186,#7187,#7188,#7189),
  .UNSPECIFIED.,.F.,.F.,(3,1,1,3),(-1.714,-1.3252484864,19.7252484864,
    20.114),.UNSPECIFIED.);
#7185 = CARTESIAN_POINT('',(10.914,-16.7));
#7186 = CARTESIAN_POINT('',(10.7196242432,-16.7));
#7187 = CARTESIAN_POINT('',(-1.421E-14,-16.7));
#7188 = CARTESIAN_POINT('',(-10.7196242432,-16.7));
#7189 = CARTESIAN_POINT('',(-10.914,-16.7));
#7190 = ( GEOMETRIC_REPRESENTATION_CONTEXT(2) 
PARAMETRIC_REPRESENTATION_CONTEXT() REPRESENTATION_CONTEXT('2D SPACE',''
  ) );
#7191 = PCURVE('',#7192,#7203);
#7192 = B_SPLINE_SURFACE_WITH_KNOTS('',1,2,(
    (#7193,#7194,#7195,#7196,#7197)
    ,(#7198,#7199,#7200,#7201,#7202
    )),.UNSPECIFIED.,.F.,.F.,.F.,(2,2),(3,1,1,3),(0.,21.050496972801),(
    -1.714,-1.3252484864,19.7252484864,20.114),.UNSPECIFIED.);
#7193 = CARTESIAN_POINT('',(50.,10.914,-16.7));
#7194 = CARTESIAN_POINT('',(50.,10.7196242432,-16.7));
#7195 = CARTESIAN_POINT('',(50.,-1.421E-14,-16.7));
#7196 = CARTESIAN_POINT('',(50.,-10.7196242432,-16.7));
#7197 = CARTESIAN_POINT('',(50.,-10.914,-16.7));
#7198 = CARTESIAN_POINT('',(49.500076152422,10.914,-17.20872620321));
#7199 = CARTESIAN_POINT('',(49.500076152422,10.7196242432,
    -17.20872620321));
#7200 = CARTESIAN_POINT('',(49.500076152422,-1.776E-14,-17.20872620321)
  );
#7201 = CARTESIAN_POINT('',(49.500076152422,-10.7196242432,
    -17.20872620321));
#7202 = CARTESIAN_POINT('',(49.500076152422,-10.914,-17.20872620321));
#7203 = DEFINITIONAL_REPRESENTATION('',(#7204),#7208);
#7204 = LINE('',#7205,#7206);
#7205 = CARTESIAN_POINT('',(0.,0.));
#7206 = VECTOR('',#7207,1.);
#7207 = DIRECTION('',(0.,1.));
#7208 = ( GEOMETRIC_REPRESENTATION_CONTEXT(2) 
PARAMETRIC_REPRESENTATION_CONTEXT() REPRESENTATION_CONTEXT('2D SPACE',''
  ) );
#7209 = ORIENTED_EDGE('',*,*,#7210,.T.);
#7210 = EDGE_CURVE('',#7173,#7019,#7211,.T.);
#7211 = SURFACE_CURVE('',#7212,(#7218,#7227),.PCURVE_S1.);
#7212 = B_SPLINE_CURVE_WITH_KNOTS('',2,(#7213,#7214,#7215,#7216,#7217),
  .UNSPECIFIED.,.F.,.F.,(3,1,1,3),(-1.714,-1.3252484864,19.7252484864,
    20.114),.UNSPECIFIED.);
#7213 = CARTESIAN_POINT('',(50.,-9.0056242432,-17.8018012569));
#7214 = CARTESIAN_POINT('',(50.,-9.1028121216,-17.63346691363));
#7215 = CARTESIAN_POINT('',(50.,-14.4626242432,-8.35));
#7216 = CARTESIAN_POINT('',(50.,-19.8224363648,0.933466913635));
#7217 = CARTESIAN_POINT('',(50.,-19.9196242432,1.101801256903));
#7218 = PCURVE('',#6220,#7219);
#7219 = DEFINITIONAL_REPRESENTATION('',(#7220),#7226);
#7220 = B_SPLINE_CURVE_WITH_KNOTS('',2,(#7221,#7222,#7223,#7224,#7225),
  .UNSPECIFIED.,.F.,.F.,(3,1,1,3),(-1.714,-1.3252484864,19.7252484864,
    20.114),.UNSPECIFIED.);
#7221 = CARTESIAN_POINT('',(-9.0056242432,-17.8018012569));
#7222 = CARTESIAN_POINT('',(-9.1028121216,-17.63346691363));
#7223 = CARTESIAN_POINT('',(-14.4626242432,-8.35));
#7224 = CARTESIAN_POINT('',(-19.8224363648,0.933466913635));
#7225 = CARTESIAN_POINT('',(-19.9196242432,1.101801256903));
#7226 = ( GEOMETRIC_REPRESENTATION_CONTEXT(2) 
PARAMETRIC_REPRESENTATION_CONTEXT() REPRESENTATION_CONTEXT('2D SPACE',''
  ) );
#7227 = PCURVE('',#7228,#7239);
#7228 = B_SPLINE_SURFACE_WITH_KNOTS('',1,2,(
    (#7229,#7230,#7231,#7232,#7233)
    ,(#7234,#7235,#7236,#7237,#7238
    )),.UNSPECIFIED.,.F.,.F.,.F.,(2,2),(3,1,1,3),(0.,21.050496972801),(
    -1.714,-1.3252484864,19.7252484864,20.114),.UNSPECIFIED.);
#7229 = CARTESIAN_POINT('',(50.,-9.0056242432,-17.8018012569));
#7230 = CARTESIAN_POINT('',(50.,-9.1028121216,-17.63346691363));
#7231 = CARTESIAN_POINT('',(50.,-14.4626242432,-8.35));
#7232 = CARTESIAN_POINT('',(50.,-19.8224363648,0.933466913635));
#7233 = CARTESIAN_POINT('',(50.,-19.9196242432,1.101801256903));
#7234 = CARTESIAN_POINT('',(49.500076152422,-9.446194058758,
    -18.05616435851));
#7235 = CARTESIAN_POINT('',(49.500076152422,-9.543381937158,
    -17.88783001524));
#7236 = CARTESIAN_POINT('',(49.500076152422,-14.90319405875,
    -8.604363101609));
#7237 = CARTESIAN_POINT('',(49.500076152422,-20.26300618035,
    0.679103812026));
#7238 = CARTESIAN_POINT('',(49.500076152422,-20.36019405875,
    0.847438155294));
#7239 = DEFINITIONAL_REPRESENTATION('',(#7240),#7244);
#7240 = LINE('',#7241,#7242);
#7241 = CARTESIAN_POINT('',(0.,0.));
#7242 = VECTOR('',#7243,1.);
#7243 = DIRECTION('',(0.,1.));
#7244 = ( GEOMETRIC_REPRESENTATION_CONTEXT(2) 
PARAMETRIC_REPRESENTATION_CONTEXT() REPRESENTATION_CONTEXT('2D SPACE',''
  ) );
#7245 = ADVANCED_FACE('',(#7246,#7249),#6439,.T.);
#7246 = FACE_BOUND('',#7247,.F.);
#7247 = EDGE_LOOP('',(#7248));
#7248 = ORIENTED_EDGE('',*,*,#6424,.F.);
#7249 = FACE_BOUND('',#7250,.F.);
#7250 = EDGE_LOOP('',(#7251,#7279,#7305,#7331,#7357,#7383,#7409,#7435,
    #7461,#7487,#7513,#7539,#7565,#7591,#7617,#7643,#7669,#7695));
#7251 = ORIENTED_EDGE('',*,*,#7252,.T.);
#7252 = EDGE_CURVE('',#7253,#7255,#7257,.T.);
#7253 = VERTEX_POINT('',#7254);
#7254 = CARTESIAN_POINT('',(50.,-9.7,25.5));
#7255 = VERTEX_POINT('',#7256);
#7256 = CARTESIAN_POINT('',(50.,-9.7,16.800892833418));
#7257 = SURFACE_CURVE('',#7258,(#7261,#7267),.PCURVE_S1.);
#7258 = B_SPLINE_CURVE_WITH_KNOTS('',1,(#7259,#7260),.UNSPECIFIED.,.F.,
  .F.,(2,2),(-1.6005,8.6505),.PIECEWISE_BEZIER_KNOTS.);
#7259 = CARTESIAN_POINT('',(50.,-9.7,26.6005));
#7260 = CARTESIAN_POINT('',(50.,-9.7,16.3495));
#7261 = PCURVE('',#6439,#7262);
#7262 = DEFINITIONAL_REPRESENTATION('',(#7263),#7266);
#7263 = B_SPLINE_CURVE_WITH_KNOTS('',1,(#7264,#7265),.UNSPECIFIED.,.F.,
  .F.,(2,2),(-1.6005,8.6505),.PIECEWISE_BEZIER_KNOTS.);
#7264 = CARTESIAN_POINT('',(-9.7,26.6005));
#7265 = CARTESIAN_POINT('',(-9.7,16.3495));
#7266 = ( GEOMETRIC_REPRESENTATION_CONTEXT(2) 
PARAMETRIC_REPRESENTATION_CONTEXT() REPRESENTATION_CONTEXT('2D SPACE',''
  ) );
#7267 = PCURVE('',#7268,#7273);
#7268 = B_SPLINE_SURFACE_WITH_KNOTS('',1,1,(
    (#7269,#7270)
    ,(#7271,#7272
    )),.UNSPECIFIED.,.F.,.F.,.F.,(2,2),(2,2),(0.,10.251),(-1.6005,8.6505
    ),.PIECEWISE_BEZIER_KNOTS.);
#7269 = CARTESIAN_POINT('',(50.,-9.7,26.6005));
#7270 = CARTESIAN_POINT('',(50.,-9.7,16.3495));
#7271 = CARTESIAN_POINT('',(49.500076152422,-9.191273796781,26.6005));
#7272 = CARTESIAN_POINT('',(49.500076152422,-9.191273796781,16.3495));
#7273 = DEFINITIONAL_REPRESENTATION('',(#7274),#7278);
#7274 = LINE('',#7275,#7276);
#7275 = CARTESIAN_POINT('',(0.,0.));
#7276 = VECTOR('',#7277,1.);
#7277 = DIRECTION('',(0.,1.));
#7278 = ( GEOMETRIC_REPRESENTATION_CONTEXT(2) 
PARAMETRIC_REPRESENTATION_CONTEXT() REPRESENTATION_CONTEXT('2D SPACE',''
  ) );
#7279 = ORIENTED_EDGE('',*,*,#7280,.T.);
#7280 = EDGE_CURVE('',#7255,#7281,#7283,.T.);
#7281 = VERTEX_POINT('',#7282);
#7282 = CARTESIAN_POINT('',(50.,-17.2336477965,21.150446416709));
#7283 = SURFACE_CURVE('',#7284,(#7287,#7293),.PCURVE_S1.);
#7284 = B_SPLINE_CURVE_WITH_KNOTS('',1,(#7285,#7286),.UNSPECIFIED.,.F.,
  .F.,(2,2),(-0.843,8.643),.PIECEWISE_BEZIER_KNOTS.);
#7285 = CARTESIAN_POINT('',(50.,-9.315577529702,16.578946416709));
#7286 = CARTESIAN_POINT('',(50.,-17.53069451,21.321946416709));
#7287 = PCURVE('',#6439,#7288);
#7288 = DEFINITIONAL_REPRESENTATION('',(#7289),#7292);
#7289 = B_SPLINE_CURVE_WITH_KNOTS('',1,(#7290,#7291),.UNSPECIFIED.,.F.,
  .F.,(2,2),(-0.843,8.643),.PIECEWISE_BEZIER_KNOTS.);
#7290 = CARTESIAN_POINT('',(-9.315577529702,16.578946416709));
#7291 = CARTESIAN_POINT('',(-17.53069451,21.321946416709));
#7292 = ( GEOMETRIC_REPRESENTATION_CONTEXT(2) 
PARAMETRIC_REPRESENTATION_CONTEXT() REPRESENTATION_CONTEXT('2D SPACE',''
  ) );
#7293 = PCURVE('',#7294,#7299);
#7294 = B_SPLINE_SURFACE_WITH_KNOTS('',1,1,(
    (#7295,#7296)
    ,(#7297,#7298
    )),.UNSPECIFIED.,.F.,.F.,.F.,(2,2),(2,2),(0.,9.486),(-0.843,8.643),
  .PIECEWISE_BEZIER_KNOTS.);
#7295 = CARTESIAN_POINT('',(50.,-9.315577529702,16.578946416709));
#7296 = CARTESIAN_POINT('',(50.,-17.53069451,21.321946416709));
#7297 = CARTESIAN_POINT('',(49.500076152422,-9.569940631311,
    16.138376601151));
#7298 = CARTESIAN_POINT('',(49.500076152422,-17.78505761161,
    20.881376601151));
#7299 = DEFINITIONAL_REPRESENTATION('',(#7300),#7304);
#7300 = LINE('',#7301,#7302);
#7301 = CARTESIAN_POINT('',(0.,0.));
#7302 = VECTOR('',#7303,1.);
#7303 = DIRECTION('',(0.,1.));
#7304 = ( GEOMETRIC_REPRESENTATION_CONTEXT(2) 
PARAMETRIC_REPRESENTATION_CONTEXT() REPRESENTATION_CONTEXT('2D SPACE',''
  ) );
#7305 = ORIENTED_EDGE('',*,*,#7306,.T.);
#7306 = EDGE_CURVE('',#7281,#7307,#7309,.T.);
#7307 = VERTEX_POINT('',#7308);
#7308 = CARTESIAN_POINT('',(50.,-26.9336477965,4.349553583291));
#7309 = SURFACE_CURVE('',#7310,(#7313,#7319),.PCURVE_S1.);
#7310 = B_SPLINE_CURVE_WITH_KNOTS('',1,(#7311,#7312),.UNSPECIFIED.,.F.,
  .F.,(2,2),(-1.7065,19.3565),.PIECEWISE_BEZIER_KNOTS.);
#7311 = CARTESIAN_POINT('',(50.,-16.6303977965,22.195306066375));
#7312 = CARTESIAN_POINT('',(50.,-27.1618977965,3.954212986463));
#7313 = PCURVE('',#6439,#7314);
#7314 = DEFINITIONAL_REPRESENTATION('',(#7315),#7318);
#7315 = B_SPLINE_CURVE_WITH_KNOTS('',1,(#7316,#7317),.UNSPECIFIED.,.F.,
  .F.,(2,2),(-1.7065,19.3565),.PIECEWISE_BEZIER_KNOTS.);
#7316 = CARTESIAN_POINT('',(-16.6303977965,22.195306066375));
#7317 = CARTESIAN_POINT('',(-27.1618977965,3.954212986463));
#7318 = ( GEOMETRIC_REPRESENTATION_CONTEXT(2) 
PARAMETRIC_REPRESENTATION_CONTEXT() REPRESENTATION_CONTEXT('2D SPACE',''
  ) );
#7319 = PCURVE('',#7320,#7325);
#7320 = B_SPLINE_SURFACE_WITH_KNOTS('',1,1,(
    (#7321,#7322)
    ,(#7323,#7324
    )),.UNSPECIFIED.,.F.,.F.,.F.,(2,2),(2,2),(0.,21.063),(-1.7065,
    19.3565),.PIECEWISE_BEZIER_KNOTS.);
#7321 = CARTESIAN_POINT('',(50.,-16.6303977965,22.195306066375));
#7322 = CARTESIAN_POINT('',(50.,-27.1618977965,3.954212986463));
#7323 = CARTESIAN_POINT('',(49.500076152422,-16.18982798094,
    21.940942964766));
#7324 = CARTESIAN_POINT('',(49.500076152422,-26.72132798094,
    3.699849884854));
#7325 = DEFINITIONAL_REPRESENTATION('',(#7326),#7330);
#7326 = LINE('',#7327,#7328);
#7327 = CARTESIAN_POINT('',(0.,0.));
#7328 = VECTOR('',#7329,1.);
#7329 = DIRECTION('',(0.,1.));
#7330 = ( GEOMETRIC_REPRESENTATION_CONTEXT(2) 
PARAMETRIC_REPRESENTATION_CONTEXT() REPRESENTATION_CONTEXT('2D SPACE',''
  ) );
#7331 = ORIENTED_EDGE('',*,*,#7332,.T.);
#7332 = EDGE_CURVE('',#7307,#7333,#7335,.T.);
#7333 = VERTEX_POINT('',#7334);
#7334 = CARTESIAN_POINT('',(50.,-19.4,6.E-15));
#7335 = SURFACE_CURVE('',#7336,(#7339,#7345),.PCURVE_S1.);
#7336 = B_SPLINE_CURVE_WITH_KNOTS('',1,(#7337,#7338),.UNSPECIFIED.,.F.,
  .F.,(2,2),(-1.6005,8.6505),.PIECEWISE_BEZIER_KNOTS.);
#7337 = CARTESIAN_POINT('',(50.,-27.88670875336,4.899803583291));
#7338 = CARTESIAN_POINT('',(50.,-19.00908233917,-0.225696416709));
#7339 = PCURVE('',#6439,#7340);
#7340 = DEFINITIONAL_REPRESENTATION('',(#7341),#7344);
#7341 = B_SPLINE_CURVE_WITH_KNOTS('',1,(#7342,#7343),.UNSPECIFIED.,.F.,
  .F.,(2,2),(-1.6005,8.6505),.PIECEWISE_BEZIER_KNOTS.);
#7342 = CARTESIAN_POINT('',(-27.88670875336,4.899803583291));
#7343 = CARTESIAN_POINT('',(-19.00908233917,-0.225696416709));
#7344 = ( GEOMETRIC_REPRESENTATION_CONTEXT(2) 
PARAMETRIC_REPRESENTATION_CONTEXT() REPRESENTATION_CONTEXT('2D SPACE',''
  ) );
#7345 = PCURVE('',#7346,#7351);
#7346 = B_SPLINE_SURFACE_WITH_KNOTS('',1,1,(
    (#7347,#7348)
    ,(#7349,#7350
    )),.UNSPECIFIED.,.F.,.F.,.F.,(2,2),(2,2),(0.,10.251),(-1.6005,8.6505
    ),.PIECEWISE_BEZIER_KNOTS.);
#7347 = CARTESIAN_POINT('',(50.,-27.88670875336,4.899803583291));
#7348 = CARTESIAN_POINT('',(50.,-19.00908233917,-0.225696416709));
#7349 = CARTESIAN_POINT('',(49.500076152422,-27.63234565175,
    5.340373398849));
#7350 = CARTESIAN_POINT('',(49.500076152422,-18.75471923756,
    0.214873398849));
#7351 = DEFINITIONAL_REPRESENTATION('',(#7352),#7356);
#7352 = LINE('',#7353,#7354);
#7353 = CARTESIAN_POINT('',(0.,0.));
#7354 = VECTOR('',#7355,1.);
#7355 = DIRECTION('',(0.,1.));
#7356 = ( GEOMETRIC_REPRESENTATION_CONTEXT(2) 
PARAMETRIC_REPRESENTATION_CONTEXT() REPRESENTATION_CONTEXT('2D SPACE',''
  ) );
#7357 = ORIENTED_EDGE('',*,*,#7358,.T.);
#7358 = EDGE_CURVE('',#7333,#7359,#7361,.T.);
#7359 = VERTEX_POINT('',#7360);
#7360 = CARTESIAN_POINT('',(50.,-26.9336477965,-4.349553583291));
#7361 = SURFACE_CURVE('',#7362,(#7365,#7371),.PCURVE_S1.);
#7362 = B_SPLINE_CURVE_WITH_KNOTS('',1,(#7363,#7364),.UNSPECIFIED.,.F.,
  .F.,(2,2),(-0.843,8.643),.PIECEWISE_BEZIER_KNOTS.);
#7363 = CARTESIAN_POINT('',(50.,-19.0155775297,0.221946416709));
#7364 = CARTESIAN_POINT('',(50.,-27.23069451,-4.521053583291));
#7365 = PCURVE('',#6439,#7366);
#7366 = DEFINITIONAL_REPRESENTATION('',(#7367),#7370);
#7367 = B_SPLINE_CURVE_WITH_KNOTS('',1,(#7368,#7369),.UNSPECIFIED.,.F.,
  .F.,(2,2),(-0.843,8.643),.PIECEWISE_BEZIER_KNOTS.);
#7368 = CARTESIAN_POINT('',(-19.0155775297,0.221946416709));
#7369 = CARTESIAN_POINT('',(-27.23069451,-4.521053583291));
#7370 = ( GEOMETRIC_REPRESENTATION_CONTEXT(2) 
PARAMETRIC_REPRESENTATION_CONTEXT() REPRESENTATION_CONTEXT('2D SPACE',''
  ) );
#7371 = PCURVE('',#7372,#7377);
#7372 = B_SPLINE_SURFACE_WITH_KNOTS('',1,1,(
    (#7373,#7374)
    ,(#7375,#7376
    )),.UNSPECIFIED.,.F.,.F.,.F.,(2,2),(2,2),(0.,9.486),(-0.843,8.643),
  .PIECEWISE_BEZIER_KNOTS.);
#7373 = CARTESIAN_POINT('',(50.,-19.0155775297,0.221946416709));
#7374 = CARTESIAN_POINT('',(50.,-27.23069451,-4.521053583291));
#7375 = CARTESIAN_POINT('',(49.500076152422,-18.76121442809,
    -0.218623398849));
#7376 = CARTESIAN_POINT('',(49.500076152422,-26.97633140839,
    -4.961623398849));
#7377 = DEFINITIONAL_REPRESENTATION('',(#7378),#7382);
#7378 = LINE('',#7379,#7380);
#7379 = CARTESIAN_POINT('',(0.,0.));
#7380 = VECTOR('',#7381,1.);
#7381 = DIRECTION('',(0.,1.));
#7382 = ( GEOMETRIC_REPRESENTATION_CONTEXT(2) 
PARAMETRIC_REPRESENTATION_CONTEXT() REPRESENTATION_CONTEXT('2D SPACE',''
  ) );
#7383 = ORIENTED_EDGE('',*,*,#7384,.T.);
#7384 = EDGE_CURVE('',#7359,#7385,#7387,.T.);
#7385 = VERTEX_POINT('',#7386);
#7386 = CARTESIAN_POINT('',(50.,-17.2336477965,-21.1504464167));
#7387 = SURFACE_CURVE('',#7388,(#7391,#7397),.PCURVE_S1.);
#7388 = B_SPLINE_CURVE_WITH_KNOTS('',1,(#7389,#7390),.UNSPECIFIED.,.F.,
  .F.,(2,2),(-1.7065,19.3565),.PIECEWISE_BEZIER_KNOTS.);
#7389 = CARTESIAN_POINT('',(50.,-27.5368977965,-3.304693933625));
#7390 = CARTESIAN_POINT('',(50.,-17.0053977965,-21.54578701353));
#7391 = PCURVE('',#6439,#7392);
#7392 = DEFINITIONAL_REPRESENTATION('',(#7393),#7396);
#7393 = B_SPLINE_CURVE_WITH_KNOTS('',1,(#7394,#7395),.UNSPECIFIED.,.F.,
  .F.,(2,2),(-1.7065,19.3565),.PIECEWISE_BEZIER_KNOTS.);
#7394 = CARTESIAN_POINT('',(-27.5368977965,-3.304693933625));
#7395 = CARTESIAN_POINT('',(-17.0053977965,-21.54578701353));
#7396 = ( GEOMETRIC_REPRESENTATION_CONTEXT(2) 
PARAMETRIC_REPRESENTATION_CONTEXT() REPRESENTATION_CONTEXT('2D SPACE',''
  ) );
#7397 = PCURVE('',#7398,#7403);
#7398 = B_SPLINE_SURFACE_WITH_KNOTS('',1,1,(
    (#7399,#7400)
    ,(#7401,#7402
    )),.UNSPECIFIED.,.F.,.F.,.F.,(2,2),(2,2),(0.,21.063),(-1.7065,
    19.3565),.PIECEWISE_BEZIER_KNOTS.);
#7399 = CARTESIAN_POINT('',(50.,-27.5368977965,-3.304693933625));
#7400 = CARTESIAN_POINT('',(50.,-17.0053977965,-21.54578701353));
#7401 = CARTESIAN_POINT('',(49.500076152422,-27.09632798094,
    -3.050330832016));
#7402 = CARTESIAN_POINT('',(49.500076152422,-16.56482798094,
    -21.29142391192));
#7403 = DEFINITIONAL_REPRESENTATION('',(#7404),#7408);
#7404 = LINE('',#7405,#7406);
#7405 = CARTESIAN_POINT('',(0.,0.));
#7406 = VECTOR('',#7407,1.);
#7407 = DIRECTION('',(0.,1.));
#7408 = ( GEOMETRIC_REPRESENTATION_CONTEXT(2) 
PARAMETRIC_REPRESENTATION_CONTEXT() REPRESENTATION_CONTEXT('2D SPACE',''
  ) );
#7409 = ORIENTED_EDGE('',*,*,#7410,.T.);
#7410 = EDGE_CURVE('',#7385,#7411,#7413,.T.);
#7411 = VERTEX_POINT('',#7412);
#7412 = CARTESIAN_POINT('',(50.,-9.7,-16.80089283341));
#7413 = SURFACE_CURVE('',#7414,(#7417,#7423),.PCURVE_S1.);
#7414 = B_SPLINE_CURVE_WITH_KNOTS('',1,(#7415,#7416),.UNSPECIFIED.,.F.,
  .F.,(2,2),(-1.6005,8.6505),.PIECEWISE_BEZIER_KNOTS.);
#7415 = CARTESIAN_POINT('',(50.,-18.18670875336,-21.7006964167));
#7416 = CARTESIAN_POINT('',(50.,-9.309082339174,-16.5751964167));
#7417 = PCURVE('',#6439,#7418);
#7418 = DEFINITIONAL_REPRESENTATION('',(#7419),#7422);
#7419 = B_SPLINE_CURVE_WITH_KNOTS('',1,(#7420,#7421),.UNSPECIFIED.,.F.,
  .F.,(2,2),(-1.6005,8.6505),.PIECEWISE_BEZIER_KNOTS.);
#7420 = CARTESIAN_POINT('',(-18.18670875336,-21.7006964167));
#7421 = CARTESIAN_POINT('',(-9.309082339174,-16.5751964167));
#7422 = ( GEOMETRIC_REPRESENTATION_CONTEXT(2) 
PARAMETRIC_REPRESENTATION_CONTEXT() REPRESENTATION_CONTEXT('2D SPACE',''
  ) );
#7423 = PCURVE('',#7424,#7429);
#7424 = B_SPLINE_SURFACE_WITH_KNOTS('',1,1,(
    (#7425,#7426)
    ,(#7427,#7428
    )),.UNSPECIFIED.,.F.,.F.,.F.,(2,2),(2,2),(0.,10.251),(-1.6005,8.6505
    ),.PIECEWISE_BEZIER_KNOTS.);
#7425 = CARTESIAN_POINT('',(50.,-18.18670875336,-21.7006964167));
#7426 = CARTESIAN_POINT('',(50.,-9.309082339174,-16.5751964167));
#7427 = CARTESIAN_POINT('',(49.500076152422,-18.44107185497,
    -21.26012660115));
#7428 = CARTESIAN_POINT('',(49.500076152422,-9.563445440783,
    -16.13462660115));
#7429 = DEFINITIONAL_REPRESENTATION('',(#7430),#7434);
#7430 = LINE('',#7431,#7432);
#7431 = CARTESIAN_POINT('',(0.,0.));
#7432 = VECTOR('',#7433,1.);
#7433 = DIRECTION('',(0.,1.));
#7434 = ( GEOMETRIC_REPRESENTATION_CONTEXT(2) 
PARAMETRIC_REPRESENTATION_CONTEXT() REPRESENTATION_CONTEXT('2D SPACE',''
  ) );
#7435 = ORIENTED_EDGE('',*,*,#7436,.T.);
#7436 = EDGE_CURVE('',#7411,#7437,#7439,.T.);
#7437 = VERTEX_POINT('',#7438);
#7438 = CARTESIAN_POINT('',(50.,-9.7,-25.5));
#7439 = SURFACE_CURVE('',#7440,(#7443,#7449),.PCURVE_S1.);
#7440 = B_SPLINE_CURVE_WITH_KNOTS('',1,(#7441,#7442),.UNSPECIFIED.,.F.,
  .F.,(2,2),(-0.843,8.643),.PIECEWISE_BEZIER_KNOTS.);
#7441 = CARTESIAN_POINT('',(50.,-9.7,-16.357));
#7442 = CARTESIAN_POINT('',(50.,-9.7,-25.843));
#7443 = PCURVE('',#6439,#7444);
#7444 = DEFINITIONAL_REPRESENTATION('',(#7445),#7448);
#7445 = B_SPLINE_CURVE_WITH_KNOTS('',1,(#7446,#7447),.UNSPECIFIED.,.F.,
  .F.,(2,2),(-0.843,8.643),.PIECEWISE_BEZIER_KNOTS.);
#7446 = CARTESIAN_POINT('',(-9.7,-16.357));
#7447 = CARTESIAN_POINT('',(-9.7,-25.843));
#7448 = ( GEOMETRIC_REPRESENTATION_CONTEXT(2) 
PARAMETRIC_REPRESENTATION_CONTEXT() REPRESENTATION_CONTEXT('2D SPACE',''
  ) );
#7449 = PCURVE('',#7450,#7455);
#7450 = B_SPLINE_SURFACE_WITH_KNOTS('',1,1,(
    (#7451,#7452)
    ,(#7453,#7454
    )),.UNSPECIFIED.,.F.,.F.,.F.,(2,2),(2,2),(0.,9.486),(-0.843,8.643),
  .PIECEWISE_BEZIER_KNOTS.);
#7451 = CARTESIAN_POINT('',(50.,-9.7,-16.357));
#7452 = CARTESIAN_POINT('',(50.,-9.7,-25.843));
#7453 = CARTESIAN_POINT('',(49.500076152422,-9.191273796781,-16.357));
#7454 = CARTESIAN_POINT('',(49.500076152422,-9.191273796781,-25.843));
#7455 = DEFINITIONAL_REPRESENTATION('',(#7456),#7460);
#7456 = LINE('',#7457,#7458);
#7457 = CARTESIAN_POINT('',(0.,0.));
#7458 = VECTOR('',#7459,1.);
#7459 = DIRECTION('',(0.,1.));
#7460 = ( GEOMETRIC_REPRESENTATION_CONTEXT(2) 
PARAMETRIC_REPRESENTATION_CONTEXT() REPRESENTATION_CONTEXT('2D SPACE',''
  ) );
#7461 = ORIENTED_EDGE('',*,*,#7462,.T.);
#7462 = EDGE_CURVE('',#7437,#7463,#7465,.T.);
#7463 = VERTEX_POINT('',#7464);
#7464 = CARTESIAN_POINT('',(50.,9.7,-25.5));
#7465 = SURFACE_CURVE('',#7466,(#7469,#7475),.PCURVE_S1.);
#7466 = B_SPLINE_CURVE_WITH_KNOTS('',1,(#7467,#7468),.UNSPECIFIED.,.F.,
  .F.,(2,2),(-1.7065,19.3565),.PIECEWISE_BEZIER_KNOTS.);
#7467 = CARTESIAN_POINT('',(50.,-10.9065,-25.5));
#7468 = CARTESIAN_POINT('',(50.,10.1565,-25.5));
#7469 = PCURVE('',#6439,#7470);
#7470 = DEFINITIONAL_REPRESENTATION('',(#7471),#7474);
#7471 = B_SPLINE_CURVE_WITH_KNOTS('',1,(#7472,#7473),.UNSPECIFIED.,.F.,
  .F.,(2,2),(-1.7065,19.3565),.PIECEWISE_BEZIER_KNOTS.);
#7472 = CARTESIAN_POINT('',(-10.9065,-25.5));
#7473 = CARTESIAN_POINT('',(10.1565,-25.5));
#7474 = ( GEOMETRIC_REPRESENTATION_CONTEXT(2) 
PARAMETRIC_REPRESENTATION_CONTEXT() REPRESENTATION_CONTEXT('2D SPACE',''
  ) );
#7475 = PCURVE('',#7476,#7481);
#7476 = B_SPLINE_SURFACE_WITH_KNOTS('',1,1,(
    (#7477,#7478)
    ,(#7479,#7480
    )),.UNSPECIFIED.,.F.,.F.,.F.,(2,2),(2,2),(0.,21.063),(-1.7065,
    19.3565),.PIECEWISE_BEZIER_KNOTS.);
#7477 = CARTESIAN_POINT('',(50.,-10.9065,-25.5));
#7478 = CARTESIAN_POINT('',(50.,10.1565,-25.5));
#7479 = CARTESIAN_POINT('',(49.500076152422,-10.9065,-24.99127379678));
#7480 = CARTESIAN_POINT('',(49.500076152422,10.1565,-24.99127379678));
#7481 = DEFINITIONAL_REPRESENTATION('',(#7482),#7486);
#7482 = LINE('',#7483,#7484);
#7483 = CARTESIAN_POINT('',(0.,0.));
#7484 = VECTOR('',#7485,1.);
#7485 = DIRECTION('',(0.,1.));
#7486 = ( GEOMETRIC_REPRESENTATION_CONTEXT(2) 
PARAMETRIC_REPRESENTATION_CONTEXT() REPRESENTATION_CONTEXT('2D SPACE',''
  ) );
#7487 = ORIENTED_EDGE('',*,*,#7488,.T.);
#7488 = EDGE_CURVE('',#7463,#7489,#7491,.T.);
#7489 = VERTEX_POINT('',#7490);
#7490 = CARTESIAN_POINT('',(50.,9.7,-16.80089283341));
#7491 = SURFACE_CURVE('',#7492,(#7495,#7501),.PCURVE_S1.);
#7492 = B_SPLINE_CURVE_WITH_KNOTS('',1,(#7493,#7494),.UNSPECIFIED.,.F.,
  .F.,(2,2),(-1.6005,8.6505),.PIECEWISE_BEZIER_KNOTS.);
#7493 = CARTESIAN_POINT('',(50.,9.7,-26.6005));
#7494 = CARTESIAN_POINT('',(50.,9.7,-16.3495));
#7495 = PCURVE('',#6439,#7496);
#7496 = DEFINITIONAL_REPRESENTATION('',(#7497),#7500);
#7497 = B_SPLINE_CURVE_WITH_KNOTS('',1,(#7498,#7499),.UNSPECIFIED.,.F.,
  .F.,(2,2),(-1.6005,8.6505),.PIECEWISE_BEZIER_KNOTS.);
#7498 = CARTESIAN_POINT('',(9.7,-26.6005));
#7499 = CARTESIAN_POINT('',(9.7,-16.3495));
#7500 = ( GEOMETRIC_REPRESENTATION_CONTEXT(2) 
PARAMETRIC_REPRESENTATION_CONTEXT() REPRESENTATION_CONTEXT('2D SPACE',''
  ) );
#7501 = PCURVE('',#7502,#7507);
#7502 = B_SPLINE_SURFACE_WITH_KNOTS('',1,1,(
    (#7503,#7504)
    ,(#7505,#7506
    )),.UNSPECIFIED.,.F.,.F.,.F.,(2,2),(2,2),(0.,10.251),(-1.6005,8.6505
    ),.PIECEWISE_BEZIER_KNOTS.);
#7503 = CARTESIAN_POINT('',(50.,9.7,-26.6005));
#7504 = CARTESIAN_POINT('',(50.,9.7,-16.3495));
#7505 = CARTESIAN_POINT('',(49.500076152422,9.191273796781,-26.6005));
#7506 = CARTESIAN_POINT('',(49.500076152422,9.191273796781,-16.3495));
#7507 = DEFINITIONAL_REPRESENTATION('',(#7508),#7512);
#7508 = LINE('',#7509,#7510);
#7509 = CARTESIAN_POINT('',(0.,0.));
#7510 = VECTOR('',#7511,1.);
#7511 = DIRECTION('',(0.,1.));
#7512 = ( GEOMETRIC_REPRESENTATION_CONTEXT(2) 
PARAMETRIC_REPRESENTATION_CONTEXT() REPRESENTATION_CONTEXT('2D SPACE',''
  ) );
#7513 = ORIENTED_EDGE('',*,*,#7514,.T.);
#7514 = EDGE_CURVE('',#7489,#7515,#7517,.T.);
#7515 = VERTEX_POINT('',#7516);
#7516 = CARTESIAN_POINT('',(50.,17.233647796503,-21.1504464167));
#7517 = SURFACE_CURVE('',#7518,(#7521,#7527),.PCURVE_S1.);
#7518 = B_SPLINE_CURVE_WITH_KNOTS('',1,(#7519,#7520),.UNSPECIFIED.,.F.,
  .F.,(2,2),(-0.843,8.643),.PIECEWISE_BEZIER_KNOTS.);
#7519 = CARTESIAN_POINT('',(50.,9.315577529702,-16.5789464167));
#7520 = CARTESIAN_POINT('',(50.,17.530694510001,-21.3219464167));
#7521 = PCURVE('',#6439,#7522);
#7522 = DEFINITIONAL_REPRESENTATION('',(#7523),#7526);
#7523 = B_SPLINE_CURVE_WITH_KNOTS('',1,(#7524,#7525),.UNSPECIFIED.,.F.,
  .F.,(2,2),(-0.843,8.643),.PIECEWISE_BEZIER_KNOTS.);
#7524 = CARTESIAN_POINT('',(9.315577529702,-16.5789464167));
#7525 = CARTESIAN_POINT('',(17.530694510001,-21.3219464167));
#7526 = ( GEOMETRIC_REPRESENTATION_CONTEXT(2) 
PARAMETRIC_REPRESENTATION_CONTEXT() REPRESENTATION_CONTEXT('2D SPACE',''
  ) );
#7527 = PCURVE('',#7528,#7533);
#7528 = B_SPLINE_SURFACE_WITH_KNOTS('',1,1,(
    (#7529,#7530)
    ,(#7531,#7532
    )),.UNSPECIFIED.,.F.,.F.,.F.,(2,2),(2,2),(0.,9.486),(-0.843,8.643),
  .PIECEWISE_BEZIER_KNOTS.);
#7529 = CARTESIAN_POINT('',(50.,9.315577529702,-16.5789464167));
#7530 = CARTESIAN_POINT('',(50.,17.530694510001,-21.3219464167));
#7531 = CARTESIAN_POINT('',(49.500076152422,9.569940631311,
    -16.13837660115));
#7532 = CARTESIAN_POINT('',(49.500076152422,17.785057611611,
    -20.88137660115));
#7533 = DEFINITIONAL_REPRESENTATION('',(#7534),#7538);
#7534 = LINE('',#7535,#7536);
#7535 = CARTESIAN_POINT('',(0.,0.));
#7536 = VECTOR('',#7537,1.);
#7537 = DIRECTION('',(0.,1.));
#7538 = ( GEOMETRIC_REPRESENTATION_CONTEXT(2) 
PARAMETRIC_REPRESENTATION_CONTEXT() REPRESENTATION_CONTEXT('2D SPACE',''
  ) );
#7539 = ORIENTED_EDGE('',*,*,#7540,.T.);
#7540 = EDGE_CURVE('',#7515,#7541,#7543,.T.);
#7541 = VERTEX_POINT('',#7542);
#7542 = CARTESIAN_POINT('',(50.,26.933647796503,-4.349553583291));
#7543 = SURFACE_CURVE('',#7544,(#7547,#7553),.PCURVE_S1.);
#7544 = B_SPLINE_CURVE_WITH_KNOTS('',1,(#7545,#7546),.UNSPECIFIED.,.F.,
  .F.,(2,2),(-1.7065,19.3565),.PIECEWISE_BEZIER_KNOTS.);
#7545 = CARTESIAN_POINT('',(50.,16.630397796503,-22.19530606637));
#7546 = CARTESIAN_POINT('',(50.,27.161897796503,-3.954212986463));
#7547 = PCURVE('',#6439,#7548);
#7548 = DEFINITIONAL_REPRESENTATION('',(#7549),#7552);
#7549 = B_SPLINE_CURVE_WITH_KNOTS('',1,(#7550,#7551),.UNSPECIFIED.,.F.,
  .F.,(2,2),(-1.7065,19.3565),.PIECEWISE_BEZIER_KNOTS.);
#7550 = CARTESIAN_POINT('',(16.630397796503,-22.19530606637));
#7551 = CARTESIAN_POINT('',(27.161897796503,-3.954212986463));
#7552 = ( GEOMETRIC_REPRESENTATION_CONTEXT(2) 
PARAMETRIC_REPRESENTATION_CONTEXT() REPRESENTATION_CONTEXT('2D SPACE',''
  ) );
#7553 = PCURVE('',#7554,#7559);
#7554 = B_SPLINE_SURFACE_WITH_KNOTS('',1,1,(
    (#7555,#7556)
    ,(#7557,#7558
    )),.UNSPECIFIED.,.F.,.F.,.F.,(2,2),(2,2),(0.,21.063),(-1.7065,
    19.3565),.PIECEWISE_BEZIER_KNOTS.);
#7555 = CARTESIAN_POINT('',(50.,16.630397796503,-22.19530606637));
#7556 = CARTESIAN_POINT('',(50.,27.161897796503,-3.954212986463));
#7557 = CARTESIAN_POINT('',(49.500076152422,16.189827980945,
    -21.94094296476));
#7558 = CARTESIAN_POINT('',(49.500076152422,26.721327980945,
    -3.699849884854));
#7559 = DEFINITIONAL_REPRESENTATION('',(#7560),#7564);
#7560 = LINE('',#7561,#7562);
#7561 = CARTESIAN_POINT('',(0.,0.));
#7562 = VECTOR('',#7563,1.);
#7563 = DIRECTION('',(0.,1.));
#7564 = ( GEOMETRIC_REPRESENTATION_CONTEXT(2) 
PARAMETRIC_REPRESENTATION_CONTEXT() REPRESENTATION_CONTEXT('2D SPACE',''
  ) );
#7565 = ORIENTED_EDGE('',*,*,#7566,.T.);
#7566 = EDGE_CURVE('',#7541,#7567,#7569,.T.);
#7567 = VERTEX_POINT('',#7568);
#7568 = CARTESIAN_POINT('',(50.,19.4,-1.5E-14));
#7569 = SURFACE_CURVE('',#7570,(#7573,#7579),.PCURVE_S1.);
#7570 = B_SPLINE_CURVE_WITH_KNOTS('',1,(#7571,#7572),.UNSPECIFIED.,.F.,
  .F.,(2,2),(-1.6005,8.6505),.PIECEWISE_BEZIER_KNOTS.);
#7571 = CARTESIAN_POINT('',(50.,27.886708753368,-4.899803583291));
#7572 = CARTESIAN_POINT('',(50.,19.009082339174,0.225696416709));
#7573 = PCURVE('',#6439,#7574);
#7574 = DEFINITIONAL_REPRESENTATION('',(#7575),#7578);
#7575 = B_SPLINE_CURVE_WITH_KNOTS('',1,(#7576,#7577),.UNSPECIFIED.,.F.,
  .F.,(2,2),(-1.6005,8.6505),.PIECEWISE_BEZIER_KNOTS.);
#7576 = CARTESIAN_POINT('',(27.886708753368,-4.899803583291));
#7577 = CARTESIAN_POINT('',(19.009082339174,0.225696416709));
#7578 = ( GEOMETRIC_REPRESENTATION_CONTEXT(2) 
PARAMETRIC_REPRESENTATION_CONTEXT() REPRESENTATION_CONTEXT('2D SPACE',''
  ) );
#7579 = PCURVE('',#7580,#7585);
#7580 = B_SPLINE_SURFACE_WITH_KNOTS('',1,1,(
    (#7581,#7582)
    ,(#7583,#7584
    )),.UNSPECIFIED.,.F.,.F.,.F.,(2,2),(2,2),(0.,10.251),(-1.6005,8.6505
    ),.PIECEWISE_BEZIER_KNOTS.);
#7581 = CARTESIAN_POINT('',(50.,27.886708753368,-4.899803583291));
#7582 = CARTESIAN_POINT('',(50.,19.009082339174,0.225696416709));
#7583 = CARTESIAN_POINT('',(49.500076152422,27.632345651759,
    -5.340373398849));
#7584 = CARTESIAN_POINT('',(49.500076152422,18.754719237564,
    -0.214873398849));
#7585 = DEFINITIONAL_REPRESENTATION('',(#7586),#7590);
#7586 = LINE('',#7587,#7588);
#7587 = CARTESIAN_POINT('',(0.,0.));
#7588 = VECTOR('',#7589,1.);
#7589 = DIRECTION('',(0.,1.));
#7590 = ( GEOMETRIC_REPRESENTATION_CONTEXT(2) 
PARAMETRIC_REPRESENTATION_CONTEXT() REPRESENTATION_CONTEXT('2D SPACE',''
  ) );
#7591 = ORIENTED_EDGE('',*,*,#7592,.T.);
#7592 = EDGE_CURVE('',#7567,#7593,#7595,.T.);
#7593 = VERTEX_POINT('',#7594);
#7594 = CARTESIAN_POINT('',(50.,26.933647796503,4.349553583291));
#7595 = SURFACE_CURVE('',#7596,(#7599,#7605),.PCURVE_S1.);
#7596 = B_SPLINE_CURVE_WITH_KNOTS('',1,(#7597,#7598),.UNSPECIFIED.,.F.,
  .F.,(2,2),(-0.843,8.643),.PIECEWISE_BEZIER_KNOTS.);
#7597 = CARTESIAN_POINT('',(50.,19.015577529702,-0.221946416709));
#7598 = CARTESIAN_POINT('',(50.,27.230694510001,4.521053583291));
#7599 = PCURVE('',#6439,#7600);
#7600 = DEFINITIONAL_REPRESENTATION('',(#7601),#7604);
#7601 = B_SPLINE_CURVE_WITH_KNOTS('',1,(#7602,#7603),.UNSPECIFIED.,.F.,
  .F.,(2,2),(-0.843,8.643),.PIECEWISE_BEZIER_KNOTS.);
#7602 = CARTESIAN_POINT('',(19.015577529702,-0.221946416709));
#7603 = CARTESIAN_POINT('',(27.230694510001,4.521053583291));
#7604 = ( GEOMETRIC_REPRESENTATION_CONTEXT(2) 
PARAMETRIC_REPRESENTATION_CONTEXT() REPRESENTATION_CONTEXT('2D SPACE',''
  ) );
#7605 = PCURVE('',#7606,#7611);
#7606 = B_SPLINE_SURFACE_WITH_KNOTS('',1,1,(
    (#7607,#7608)
    ,(#7609,#7610
    )),.UNSPECIFIED.,.F.,.F.,.F.,(2,2),(2,2),(0.,9.486),(-0.843,8.643),
  .PIECEWISE_BEZIER_KNOTS.);
#7607 = CARTESIAN_POINT('',(50.,19.015577529702,-0.221946416709));
#7608 = CARTESIAN_POINT('',(50.,27.230694510001,4.521053583291));
#7609 = CARTESIAN_POINT('',(49.500076152422,18.761214428093,
    0.218623398849));
#7610 = CARTESIAN_POINT('',(49.500076152422,26.976331408392,
    4.961623398849));
#7611 = DEFINITIONAL_REPRESENTATION('',(#7612),#7616);
#7612 = LINE('',#7613,#7614);
#7613 = CARTESIAN_POINT('',(0.,0.));
#7614 = VECTOR('',#7615,1.);
#7615 = DIRECTION('',(0.,1.));
#7616 = ( GEOMETRIC_REPRESENTATION_CONTEXT(2) 
PARAMETRIC_REPRESENTATION_CONTEXT() REPRESENTATION_CONTEXT('2D SPACE',''
  ) );
#7617 = ORIENTED_EDGE('',*,*,#7618,.T.);
#7618 = EDGE_CURVE('',#7593,#7619,#7621,.T.);
#7619 = VERTEX_POINT('',#7620);
#7620 = CARTESIAN_POINT('',(50.,17.233647796503,21.150446416709));
#7621 = SURFACE_CURVE('',#7622,(#7625,#7631),.PCURVE_S1.);
#7622 = B_SPLINE_CURVE_WITH_KNOTS('',1,(#7623,#7624),.UNSPECIFIED.,.F.,
  .F.,(2,2),(-1.7065,19.3565),.PIECEWISE_BEZIER_KNOTS.);
#7623 = CARTESIAN_POINT('',(50.,27.536897796503,3.304693933625));
#7624 = CARTESIAN_POINT('',(50.,17.005397796503,21.545787013537));
#7625 = PCURVE('',#6439,#7626);
#7626 = DEFINITIONAL_REPRESENTATION('',(#7627),#7630);
#7627 = B_SPLINE_CURVE_WITH_KNOTS('',1,(#7628,#7629),.UNSPECIFIED.,.F.,
  .F.,(2,2),(-1.7065,19.3565),.PIECEWISE_BEZIER_KNOTS.);
#7628 = CARTESIAN_POINT('',(27.536897796503,3.304693933625));
#7629 = CARTESIAN_POINT('',(17.005397796503,21.545787013537));
#7630 = ( GEOMETRIC_REPRESENTATION_CONTEXT(2) 
PARAMETRIC_REPRESENTATION_CONTEXT() REPRESENTATION_CONTEXT('2D SPACE',''
  ) );
#7631 = PCURVE('',#7632,#7637);
#7632 = B_SPLINE_SURFACE_WITH_KNOTS('',1,1,(
    (#7633,#7634)
    ,(#7635,#7636
    )),.UNSPECIFIED.,.F.,.F.,.F.,(2,2),(2,2),(0.,21.063),(-1.7065,
    19.3565),.PIECEWISE_BEZIER_KNOTS.);
#7633 = CARTESIAN_POINT('',(50.,27.536897796503,3.304693933625));
#7634 = CARTESIAN_POINT('',(50.,17.005397796503,21.545787013537));
#7635 = CARTESIAN_POINT('',(49.500076152422,27.096327980945,
    3.050330832016));
#7636 = CARTESIAN_POINT('',(49.500076152422,16.564827980945,
    21.291423911927));
#7637 = DEFINITIONAL_REPRESENTATION('',(#7638),#7642);
#7638 = LINE('',#7639,#7640);
#7639 = CARTESIAN_POINT('',(0.,0.));
#7640 = VECTOR('',#7641,1.);
#7641 = DIRECTION('',(0.,1.));
#7642 = ( GEOMETRIC_REPRESENTATION_CONTEXT(2) 
PARAMETRIC_REPRESENTATION_CONTEXT() REPRESENTATION_CONTEXT('2D SPACE',''
  ) );
#7643 = ORIENTED_EDGE('',*,*,#7644,.T.);
#7644 = EDGE_CURVE('',#7619,#7645,#7647,.T.);
#7645 = VERTEX_POINT('',#7646);
#7646 = CARTESIAN_POINT('',(50.,9.7,16.800892833418));
#7647 = SURFACE_CURVE('',#7648,(#7651,#7657),.PCURVE_S1.);
#7648 = B_SPLINE_CURVE_WITH_KNOTS('',1,(#7649,#7650),.UNSPECIFIED.,.F.,
  .F.,(2,2),(-1.6005,8.6505),.PIECEWISE_BEZIER_KNOTS.);
#7649 = CARTESIAN_POINT('',(50.,18.186708753368,21.700696416709));
#7650 = CARTESIAN_POINT('',(50.,9.309082339174,16.575196416709));
#7651 = PCURVE('',#6439,#7652);
#7652 = DEFINITIONAL_REPRESENTATION('',(#7653),#7656);
#7653 = B_SPLINE_CURVE_WITH_KNOTS('',1,(#7654,#7655),.UNSPECIFIED.,.F.,
  .F.,(2,2),(-1.6005,8.6505),.PIECEWISE_BEZIER_KNOTS.);
#7654 = CARTESIAN_POINT('',(18.186708753368,21.700696416709));
#7655 = CARTESIAN_POINT('',(9.309082339174,16.575196416709));
#7656 = ( GEOMETRIC_REPRESENTATION_CONTEXT(2) 
PARAMETRIC_REPRESENTATION_CONTEXT() REPRESENTATION_CONTEXT('2D SPACE',''
  ) );
#7657 = PCURVE('',#7658,#7663);
#7658 = B_SPLINE_SURFACE_WITH_KNOTS('',1,1,(
    (#7659,#7660)
    ,(#7661,#7662
    )),.UNSPECIFIED.,.F.,.F.,.F.,(2,2),(2,2),(0.,10.251),(-1.6005,8.6505
    ),.PIECEWISE_BEZIER_KNOTS.);
#7659 = CARTESIAN_POINT('',(50.,18.186708753368,21.700696416709));
#7660 = CARTESIAN_POINT('',(50.,9.309082339174,16.575196416709));
#7661 = CARTESIAN_POINT('',(49.500076152422,18.441071854977,
    21.260126601151));
#7662 = CARTESIAN_POINT('',(49.500076152422,9.563445440783,
    16.134626601151));
#7663 = DEFINITIONAL_REPRESENTATION('',(#7664),#7668);
#7664 = LINE('',#7665,#7666);
#7665 = CARTESIAN_POINT('',(0.,0.));
#7666 = VECTOR('',#7667,1.);
#7667 = DIRECTION('',(0.,1.));
#7668 = ( GEOMETRIC_REPRESENTATION_CONTEXT(2) 
PARAMETRIC_REPRESENTATION_CONTEXT() REPRESENTATION_CONTEXT('2D SPACE',''
  ) );
#7669 = ORIENTED_EDGE('',*,*,#7670,.T.);
#7670 = EDGE_CURVE('',#7645,#7671,#7673,.T.);
#7671 = VERTEX_POINT('',#7672);
#7672 = CARTESIAN_POINT('',(50.,9.7,25.5));
#7673 = SURFACE_CURVE('',#7674,(#7677,#7683),.PCURVE_S1.);
#7674 = B_SPLINE_CURVE_WITH_KNOTS('',1,(#7675,#7676),.UNSPECIFIED.,.F.,
  .F.,(2,2),(-0.843,8.643),.PIECEWISE_BEZIER_KNOTS.);
#7675 = CARTESIAN_POINT('',(50.,9.7,16.357));
#7676 = CARTESIAN_POINT('',(50.,9.7,25.843));
#7677 = PCURVE('',#6439,#7678);
#7678 = DEFINITIONAL_REPRESENTATION('',(#7679),#7682);
#7679 = B_SPLINE_CURVE_WITH_KNOTS('',1,(#7680,#7681),.UNSPECIFIED.,.F.,
  .F.,(2,2),(-0.843,8.643),.PIECEWISE_BEZIER_KNOTS.);
#7680 = CARTESIAN_POINT('',(9.7,16.357));
#7681 = CARTESIAN_POINT('',(9.7,25.843));
#7682 = ( GEOMETRIC_REPRESENTATION_CONTEXT(2) 
PARAMETRIC_REPRESENTATION_CONTEXT() REPRESENTATION_CONTEXT('2D SPACE',''
  ) );
#7683 = PCURVE('',#7684,#7689);
#7684 = B_SPLINE_SURFACE_WITH_KNOTS('',1,1,(
    (#7685,#7686)
    ,(#7687,#7688
    )),.UNSPECIFIED.,.F.,.F.,.F.,(2,2),(2,2),(0.,9.486),(-0.843,8.643),
  .PIECEWISE_BEZIER_KNOTS.);
#7685 = CARTESIAN_POINT('',(50.,9.7,16.357));
#7686 = CARTESIAN_POINT('',(50.,9.7,25.843));
#7687 = CARTESIAN_POINT('',(49.500076152422,9.191273796781,16.357));
#7688 = CARTESIAN_POINT('',(49.500076152422,9.191273796781,25.843));
#7689 = DEFINITIONAL_REPRESENTATION('',(#7690),#7694);
#7690 = LINE('',#7691,#7692);
#7691 = CARTESIAN_POINT('',(0.,0.));
#7692 = VECTOR('',#7693,1.);
#7693 = DIRECTION('',(0.,1.));
#7694 = ( GEOMETRIC_REPRESENTATION_CONTEXT(2) 
PARAMETRIC_REPRESENTATION_CONTEXT() REPRESENTATION_CONTEXT('2D SPACE',''
  ) );
#7695 = ORIENTED_EDGE('',*,*,#7696,.T.);
#7696 = EDGE_CURVE('',#7671,#7253,#7697,.T.);
#7697 = SURFACE_CURVE('',#7698,(#7701,#7707),.PCURVE_S1.);
#7698 = B_SPLINE_CURVE_WITH_KNOTS('',1,(#7699,#7700),.UNSPECIFIED.,.F.,
  .F.,(2,2),(-1.7065,19.3565),.PIECEWISE_BEZIER_KNOTS.);
#7699 = CARTESIAN_POINT('',(50.,10.9065,25.5));
#7700 = CARTESIAN_POINT('',(50.,-10.1565,25.5));
#7701 = PCURVE('',#6439,#7702);
#7702 = DEFINITIONAL_REPRESENTATION('',(#7703),#7706);
#7703 = B_SPLINE_CURVE_WITH_KNOTS('',1,(#7704,#7705),.UNSPECIFIED.,.F.,
  .F.,(2,2),(-1.7065,19.3565),.PIECEWISE_BEZIER_KNOTS.);
#7704 = CARTESIAN_POINT('',(10.9065,25.5));
#7705 = CARTESIAN_POINT('',(-10.1565,25.5));
#7706 = ( GEOMETRIC_REPRESENTATION_CONTEXT(2) 
PARAMETRIC_REPRESENTATION_CONTEXT() REPRESENTATION_CONTEXT('2D SPACE',''
  ) );
#7707 = PCURVE('',#7708,#7713);
#7708 = B_SPLINE_SURFACE_WITH_KNOTS('',1,1,(
    (#7709,#7710)
    ,(#7711,#7712
    )),.UNSPECIFIED.,.F.,.F.,.F.,(2,2),(2,2),(0.,21.063),(-1.7065,
    19.3565),.PIECEWISE_BEZIER_KNOTS.);
#7709 = CARTESIAN_POINT('',(50.,10.9065,25.5));
#7710 = CARTESIAN_POINT('',(50.,-10.1565,25.5));
#7711 = CARTESIAN_POINT('',(49.500076152422,10.9065,24.991273796781));
#7712 = CARTESIAN_POINT('',(49.500076152422,-10.1565,24.991273796781));
#7713 = DEFINITIONAL_REPRESENTATION('',(#7714),#7718);
#7714 = LINE('',#7715,#7716);
#7715 = CARTESIAN_POINT('',(0.,0.));
#7716 = VECTOR('',#7717,1.);
#7717 = DIRECTION('',(0.,1.));
#7718 = ( GEOMETRIC_REPRESENTATION_CONTEXT(2) 
PARAMETRIC_REPRESENTATION_CONTEXT() REPRESENTATION_CONTEXT('2D SPACE',''
  ) );
#7719 = ADVANCED_FACE('',(#7720,#7723),#6493,.T.);
#7720 = FACE_BOUND('',#7721,.T.);
#7721 = EDGE_LOOP('',(#7722));
#7722 = ORIENTED_EDGE('',*,*,#6478,.T.);
#7723 = FACE_BOUND('',#7724,.T.);
#7724 = EDGE_LOOP('',(#7725));
#7725 = ORIENTED_EDGE('',*,*,#6988,.F.);
#7726 = ADVANCED_FACE('',(#7727,#7730),#6548,.T.);
#7727 = FACE_BOUND('',#7728,.T.);
#7728 = EDGE_LOOP('',(#7729));
#7729 = ORIENTED_EDGE('',*,*,#6533,.T.);
#7730 = FACE_BOUND('',#7731,.T.);
#7731 = EDGE_LOOP('',(#7732));
#7732 = ORIENTED_EDGE('',*,*,#7733,.F.);
#7733 = EDGE_CURVE('',#7734,#7734,#7736,.T.);
#7734 = VERTEX_POINT('',#7735);
#7735 = CARTESIAN_POINT('',(37.,-21.99704525612,-12.7));
#7736 = SURFACE_CURVE('',#7737,(#7742,#7749),.PCURVE_S1.);
#7737 = CIRCLE('',#7738,2.);
#7738 = AXIS2_PLACEMENT_3D('',#7739,#7740,#7741);
#7739 = CARTESIAN_POINT('',(35.,-21.99704525612,-12.7));
#7740 = DIRECTION('',(0.,-0.866025403784,-0.5));
#7741 = DIRECTION('',(1.,0.,0.));
#7742 = PCURVE('',#6548,#7743);
#7743 = DEFINITIONAL_REPRESENTATION('',(#7744),#7748);
#7744 = CIRCLE('',#7745,2.);
#7745 = AXIS2_PLACEMENT_2D('',#7746,#7747);
#7746 = CARTESIAN_POINT('',(0.,0.));
#7747 = DIRECTION('',(1.,0.));
#7748 = ( GEOMETRIC_REPRESENTATION_CONTEXT(2) 
PARAMETRIC_REPRESENTATION_CONTEXT() REPRESENTATION_CONTEXT('2D SPACE',''
  ) );
#7749 = PCURVE('',#6743,#7750);
#7750 = DEFINITIONAL_REPRESENTATION('',(#7751),#7755);
#7751 = LINE('',#7752,#7753);
#7752 = CARTESIAN_POINT('',(-0.,0.));
#7753 = VECTOR('',#7754,1.);
#7754 = DIRECTION('',(-1.,0.));
#7755 = ( GEOMETRIC_REPRESENTATION_CONTEXT(2) 
PARAMETRIC_REPRESENTATION_CONTEXT() REPRESENTATION_CONTEXT('2D SPACE',''
  ) );
#7756 = ADVANCED_FACE('',(#7757,#7760),#6603,.T.);
#7757 = FACE_BOUND('',#7758,.T.);
#7758 = EDGE_LOOP('',(#7759));
#7759 = ORIENTED_EDGE('',*,*,#6588,.T.);
#7760 = FACE_BOUND('',#7761,.T.);
#7761 = EDGE_LOOP('',(#7762));
#7762 = ORIENTED_EDGE('',*,*,#7763,.F.);
#7763 = EDGE_CURVE('',#7764,#7764,#7766,.T.);
#7764 = VERTEX_POINT('',#7765);
#7765 = CARTESIAN_POINT('',(37.,21.997045256125,-12.7));
#7766 = SURFACE_CURVE('',#7767,(#7772,#7779),.PCURVE_S1.);
#7767 = CIRCLE('',#7768,2.);
#7768 = AXIS2_PLACEMENT_3D('',#7769,#7770,#7771);
#7769 = CARTESIAN_POINT('',(35.,21.997045256125,-12.7));
#7770 = DIRECTION('',(0.,0.866025403784,-0.5));
#7771 = DIRECTION('',(1.,0.,0.));
#7772 = PCURVE('',#6603,#7773);
#7773 = DEFINITIONAL_REPRESENTATION('',(#7774),#7778);
#7774 = CIRCLE('',#7775,2.);
#7775 = AXIS2_PLACEMENT_2D('',#7776,#7777);
#7776 = CARTESIAN_POINT('',(0.,0.));
#7777 = DIRECTION('',(1.,0.));
#7778 = ( GEOMETRIC_REPRESENTATION_CONTEXT(2) 
PARAMETRIC_REPRESENTATION_CONTEXT() REPRESENTATION_CONTEXT('2D SPACE',''
  ) );
#7779 = PCURVE('',#6916,#7780);
#7780 = DEFINITIONAL_REPRESENTATION('',(#7781),#7785);
#7781 = LINE('',#7782,#7783);
#7782 = CARTESIAN_POINT('',(-0.,0.));
#7783 = VECTOR('',#7784,1.);
#7784 = DIRECTION('',(-1.,0.));
#7785 = ( GEOMETRIC_REPRESENTATION_CONTEXT(2) 
PARAMETRIC_REPRESENTATION_CONTEXT() REPRESENTATION_CONTEXT('2D SPACE',''
  ) );
#7786 = ADVANCED_FACE('',(#7787),#6743,.F.);
#7787 = FACE_BOUND('',#7788,.T.);
#7788 = EDGE_LOOP('',(#7789,#7810,#7811,#7812));
#7789 = ORIENTED_EDGE('',*,*,#7790,.F.);
#7790 = EDGE_CURVE('',#7734,#6723,#7791,.T.);
#7791 = SEAM_CURVE('',#7792,(#7796,#7803),.PCURVE_S1.);
#7792 = LINE('',#7793,#7794);
#7793 = CARTESIAN_POINT('',(37.,-21.99704525612,-12.7));
#7794 = VECTOR('',#7795,1.);
#7795 = DIRECTION('',(-6.E-17,0.866025403784,0.5));
#7796 = PCURVE('',#6743,#7797);
#7797 = DEFINITIONAL_REPRESENTATION('',(#7798),#7802);
#7798 = LINE('',#7799,#7800);
#7799 = CARTESIAN_POINT('',(-0.,0.));
#7800 = VECTOR('',#7801,1.);
#7801 = DIRECTION('',(-0.,1.));
#7802 = ( GEOMETRIC_REPRESENTATION_CONTEXT(2) 
PARAMETRIC_REPRESENTATION_CONTEXT() REPRESENTATION_CONTEXT('2D SPACE',''
  ) );
#7803 = PCURVE('',#6743,#7804);
#7804 = DEFINITIONAL_REPRESENTATION('',(#7805),#7809);
#7805 = LINE('',#7806,#7807);
#7806 = CARTESIAN_POINT('',(-6.28318530718,0.));
#7807 = VECTOR('',#7808,1.);
#7808 = DIRECTION('',(-0.,1.));
#7809 = ( GEOMETRIC_REPRESENTATION_CONTEXT(2) 
PARAMETRIC_REPRESENTATION_CONTEXT() REPRESENTATION_CONTEXT('2D SPACE',''
  ) );
#7810 = ORIENTED_EDGE('',*,*,#7733,.T.);
#7811 = ORIENTED_EDGE('',*,*,#7790,.T.);
#7812 = ORIENTED_EDGE('',*,*,#6722,.T.);
#7813 = ADVANCED_FACE('',(#7814),#6916,.F.);
#7814 = FACE_BOUND('',#7815,.T.);
#7815 = EDGE_LOOP('',(#7816,#7837,#7838,#7839));
#7816 = ORIENTED_EDGE('',*,*,#7817,.F.);
#7817 = EDGE_CURVE('',#7764,#6896,#7818,.T.);
#7818 = SEAM_CURVE('',#7819,(#7823,#7830),.PCURVE_S1.);
#7819 = LINE('',#7820,#7821);
#7820 = CARTESIAN_POINT('',(37.,21.997045256125,-12.7));
#7821 = VECTOR('',#7822,1.);
#7822 = DIRECTION('',(-6.E-17,-0.866025403784,0.5));
#7823 = PCURVE('',#6916,#7824);
#7824 = DEFINITIONAL_REPRESENTATION('',(#7825),#7829);
#7825 = LINE('',#7826,#7827);
#7826 = CARTESIAN_POINT('',(-0.,0.));
#7827 = VECTOR('',#7828,1.);
#7828 = DIRECTION('',(-0.,1.));
#7829 = ( GEOMETRIC_REPRESENTATION_CONTEXT(2) 
PARAMETRIC_REPRESENTATION_CONTEXT() REPRESENTATION_CONTEXT('2D SPACE',''
  ) );
#7830 = PCURVE('',#6916,#7831);
#7831 = DEFINITIONAL_REPRESENTATION('',(#7832),#7836);
#7832 = LINE('',#7833,#7834);
#7833 = CARTESIAN_POINT('',(-6.28318530718,0.));
#7834 = VECTOR('',#7835,1.);
#7835 = DIRECTION('',(-0.,1.));
#7836 = ( GEOMETRIC_REPRESENTATION_CONTEXT(2) 
PARAMETRIC_REPRESENTATION_CONTEXT() REPRESENTATION_CONTEXT('2D SPACE',''
  ) );
#7837 = ORIENTED_EDGE('',*,*,#7763,.T.);
#7838 = ORIENTED_EDGE('',*,*,#7817,.T.);
#7839 = ORIENTED_EDGE('',*,*,#6895,.T.);
#7840 = ADVANCED_FACE('',(#7841),#7040,.F.);
#7841 = FACE_BOUND('',#7842,.F.);
#7842 = EDGE_LOOP('',(#7843,#7872,#7901,#7931,#7960,#7987));
#7843 = ORIENTED_EDGE('',*,*,#7844,.T.);
#7844 = EDGE_CURVE('',#7019,#7845,#7847,.T.);
#7845 = VERTEX_POINT('',#7846);
#7846 = CARTESIAN_POINT('',(49.963709638564,-19.32614131981,-2.E-15));
#7847 = SURFACE_CURVE('',#7848,(#7854,#7863),.PCURVE_S1.);
#7848 = B_SPLINE_CURVE_WITH_KNOTS('',4,(#7849,#7850,#7851,#7852,#7853),
  .UNSPECIFIED.,.F.,.F.,(5,5),(0.,1.),.PIECEWISE_BEZIER_KNOTS.);
#7849 = CARTESIAN_POINT('',(50.,-19.28349899093,8.3E-16));
#7850 = CARTESIAN_POINT('',(49.975136373622,-19.3127145427,9.82E-15));
#7851 = CARTESIAN_POINT('',(49.950272747259,-19.34193009445,2.84E-15));
#7852 = CARTESIAN_POINT('',(49.925409120884,-19.37114564622,2.85E-15));
#7853 = CARTESIAN_POINT('',(49.900545494512,-19.40036119798,6.12E-15));
#7854 = PCURVE('',#7040,#7855);
#7855 = DEFINITIONAL_REPRESENTATION('',(#7856),#7862);
#7856 = B_SPLINE_CURVE_WITH_KNOTS('',4,(#7857,#7858,#7859,#7860,#7861),
  .UNSPECIFIED.,.F.,.F.,(5,5),(0.,1.),.PIECEWISE_BEZIER_KNOTS.);
#7857 = CARTESIAN_POINT('',(0.,-0.441749495467));
#7858 = CARTESIAN_POINT('',(1.046942838092,-0.456357271352));
#7859 = CARTESIAN_POINT('',(2.093885675531,-0.470965047228));
#7860 = CARTESIAN_POINT('',(3.140828513465,-0.485572823111));
#7861 = CARTESIAN_POINT('',(4.187771351257,-0.500180598992));
#7862 = ( GEOMETRIC_REPRESENTATION_CONTEXT(2) 
PARAMETRIC_REPRESENTATION_CONTEXT() REPRESENTATION_CONTEXT('2D SPACE',''
  ) );
#7863 = PCURVE('',#7228,#7864);
#7864 = DEFINITIONAL_REPRESENTATION('',(#7865),#7871);
#7865 = B_SPLINE_CURVE_WITH_KNOTS('',4,(#7866,#7867,#7868,#7869,#7870),
  .UNSPECIFIED.,.F.,.F.,(5,5),(0.,1.),.PIECEWISE_BEZIER_KNOTS.);
#7866 = CARTESIAN_POINT('',(2.3389439E-10,18.84174949547));
#7867 = CARTESIAN_POINT('',(1.046942837697,18.856357271347));
#7868 = CARTESIAN_POINT('',(2.093885675813,18.870965047232));
#7869 = CARTESIAN_POINT('',(3.140828513434,18.885572823111));
#7870 = CARTESIAN_POINT('',(4.187771351198,18.900180598991));
#7871 = ( GEOMETRIC_REPRESENTATION_CONTEXT(2) 
PARAMETRIC_REPRESENTATION_CONTEXT() REPRESENTATION_CONTEXT('2D SPACE',''
  ) );
#7872 = ORIENTED_EDGE('',*,*,#7873,.T.);
#7873 = EDGE_CURVE('',#7845,#7874,#7876,.T.);
#7874 = VERTEX_POINT('',#7875);
#7875 = CARTESIAN_POINT('',(49.500076152422,-19.49883095714,
    0.644486500458));
#7876 = SURFACE_CURVE('',#7877,(#7883,#7892),.PCURVE_S1.);
#7877 = B_SPLINE_CURVE_WITH_KNOTS('',4,(#7878,#7879,#7880,#7881,#7882),
  .UNSPECIFIED.,.F.,.F.,(5,5),(0.,1.),.PIECEWISE_BEZIER_KNOTS.);
#7878 = CARTESIAN_POINT('',(50.,-19.3126242432,-5.044641670906E-02));
#7879 = CARTESIAN_POINT('',(49.875019038106,-19.35917592168,
    0.123286812581));
#7880 = CARTESIAN_POINT('',(49.750038076206,-19.40572760017,
    0.297020041882));
#7881 = CARTESIAN_POINT('',(49.625057114315,-19.45227927866,
    0.470753271168));
#7882 = CARTESIAN_POINT('',(49.500076152422,-19.49883095714,
    0.644486500458));
#7883 = PCURVE('',#7040,#7884);
#7884 = DEFINITIONAL_REPRESENTATION('',(#7885),#7891);
#7885 = B_SPLINE_CURVE_WITH_KNOTS('',4,(#7886,#7887,#7888,#7889,#7890),
  .UNSPECIFIED.,.F.,.F.,(5,5),(0.,1.),.PIECEWISE_BEZIER_KNOTS.);
#7886 = CARTESIAN_POINT('',(0.,-0.5));
#7887 = CARTESIAN_POINT('',(5.26262424316,-0.372818449196));
#7888 = CARTESIAN_POINT('',(10.525248486621,-0.245636898385));
#7889 = CARTESIAN_POINT('',(15.787872729641,-0.118455347585));
#7890 = CARTESIAN_POINT('',(21.050496972801,8.726203218662E-03));
#7891 = ( GEOMETRIC_REPRESENTATION_CONTEXT(2) 
PARAMETRIC_REPRESENTATION_CONTEXT() REPRESENTATION_CONTEXT('2D SPACE',''
  ) );
#7892 = PCURVE('',#7346,#7893);
#7893 = DEFINITIONAL_REPRESENTATION('',(#7894),#7900);
#7894 = B_SPLINE_CURVE_WITH_KNOTS('',4,(#7895,#7896,#7897,#7898,#7899),
  .UNSPECIFIED.,.F.,.F.,(5,5),(0.,1.),.PIECEWISE_BEZIER_KNOTS.);
#7895 = CARTESIAN_POINT('',(3.6447948E-10,8.299999999982));
#7896 = CARTESIAN_POINT('',(2.562750000345,8.172818449178));
#7897 = CARTESIAN_POINT('',(5.125499999706,8.045636898405));
#7898 = CARTESIAN_POINT('',(7.688249999974,7.918455347587));
#7899 = CARTESIAN_POINT('',(10.250999999955,7.791273796784));
#7900 = ( GEOMETRIC_REPRESENTATION_CONTEXT(2) 
PARAMETRIC_REPRESENTATION_CONTEXT() REPRESENTATION_CONTEXT('2D SPACE',''
  ) );
#7901 = ORIENTED_EDGE('',*,*,#7902,.T.);
#7902 = EDGE_CURVE('',#7874,#7903,#7905,.T.);
#7903 = VERTEX_POINT('',#7904);
#7904 = CARTESIAN_POINT('',(49.500076152422,-10.30755716036,
    16.56423970276));
#7905 = SURFACE_CURVE('',#7906,(#7912,#7919),.PCURVE_S1.);
#7906 = B_SPLINE_CURVE_WITH_KNOTS('',2,(#7907,#7908,#7909,#7910,#7911),
  .UNSPECIFIED.,.F.,.F.,(3,1,1,3),(-1.714,-1.3252484864,19.7252484864,
    20.114),.UNSPECIFIED.);
#7907 = CARTESIAN_POINT('',(49.500076152422,-20.36019405875,
    -0.847438155294));
#7908 = CARTESIAN_POINT('',(49.500076152422,-20.26300618035,
    -0.679103812026));
#7909 = CARTESIAN_POINT('',(49.500076152422,-14.90319405875,
    8.604363101609));
#7910 = CARTESIAN_POINT('',(49.500076152422,-9.543381937158,
    17.887830015244));
#7911 = CARTESIAN_POINT('',(49.500076152422,-9.446194058758,
    18.056164358513));
#7912 = PCURVE('',#7040,#7913);
#7913 = DEFINITIONAL_REPRESENTATION('',(#7914),#7918);
#7914 = LINE('',#7915,#7916);
#7915 = CARTESIAN_POINT('',(21.050496972801,0.));
#7916 = VECTOR('',#7917,1.);
#7917 = DIRECTION('',(0.,1.));
#7918 = ( GEOMETRIC_REPRESENTATION_CONTEXT(2) 
PARAMETRIC_REPRESENTATION_CONTEXT() REPRESENTATION_CONTEXT('2D SPACE',''
  ) );
#7919 = PCURVE('',#7920,#7925);
#7920 = B_SPLINE_SURFACE_WITH_KNOTS('',1,1,(
    (#7921,#7922)
    ,(#7923,#7924
    )),.UNSPECIFIED.,.F.,.F.,.F.,(2,2),(2,2),(0.,18.4),(0.,1.),
  .PIECEWISE_BEZIER_KNOTS.);
#7921 = CARTESIAN_POINT('',(50.,-19.49563694509,0.632566285183));
#7922 = CARTESIAN_POINT('',(42.,-19.5467489226,0.823318782116));
#7923 = CARTESIAN_POINT('',(50.,-10.29563694509,16.567433714817));
#7924 = CARTESIAN_POINT('',(42.,-10.48638944202,16.516321737309));
#7925 = DEFINITIONAL_REPRESENTATION('',(#7926),#7930);
#7926 = B_SPLINE_CURVE_WITH_KNOTS('',2,(#7927,#7928,#7929),
  .UNSPECIFIED.,.F.,.F.,(3,3),(8.726203218652E-03,18.391273796781),
  .PIECEWISE_BEZIER_KNOTS.);
#7927 = CARTESIAN_POINT('',(4.49E-15,6.249048094728E-02));
#7928 = CARTESIAN_POINT('',(9.2,6.249048094728E-02));
#7929 = CARTESIAN_POINT('',(18.4,6.249048094728E-02));
#7930 = ( GEOMETRIC_REPRESENTATION_CONTEXT(2) 
PARAMETRIC_REPRESENTATION_CONTEXT() REPRESENTATION_CONTEXT('2D SPACE',''
  ) );
#7931 = ORIENTED_EDGE('',*,*,#7932,.F.);
#7932 = EDGE_CURVE('',#7933,#7903,#7935,.T.);
#7933 = VERTEX_POINT('',#7934);
#7934 = CARTESIAN_POINT('',(49.963709638564,-9.663070659909,
    16.736929340091));
#7935 = SURFACE_CURVE('',#7936,(#7942,#7951),.PCURVE_S1.);
#7936 = B_SPLINE_CURVE_WITH_KNOTS('',4,(#7937,#7938,#7939,#7940,#7941),
  .UNSPECIFIED.,.F.,.F.,(5,5),(0.,1.),.PIECEWISE_BEZIER_KNOTS.);
#7937 = CARTESIAN_POINT('',(50.,-9.6126242432,16.750446416709));
#7938 = CARTESIAN_POINT('',(49.875019038106,-9.786357472491,
    16.703894738222));
#7939 = CARTESIAN_POINT('',(49.750038076206,-9.96009070179,
    16.657343059733));
#7940 = CARTESIAN_POINT('',(49.625057114316,-10.13382393107,
    16.610791381247));
#7941 = CARTESIAN_POINT('',(49.500076152422,-10.30755716036,
    16.56423970276));
#7942 = PCURVE('',#7040,#7943);
#7943 = DEFINITIONAL_REPRESENTATION('',(#7944),#7950);
#7944 = B_SPLINE_CURVE_WITH_KNOTS('',4,(#7945,#7946,#7947,#7948,#7949),
  .UNSPECIFIED.,.F.,.F.,(5,5),(0.,1.),.PIECEWISE_BEZIER_KNOTS.);
#7945 = CARTESIAN_POINT('',(0.,18.9));
#7946 = CARTESIAN_POINT('',(5.262624243164,18.772818449196));
#7947 = CARTESIAN_POINT('',(10.525248486594,18.645636898386));
#7948 = CARTESIAN_POINT('',(15.787872729636,18.518455347585));
#7949 = CARTESIAN_POINT('',(21.050496972801,18.391273796781));
#7950 = ( GEOMETRIC_REPRESENTATION_CONTEXT(2) 
PARAMETRIC_REPRESENTATION_CONTEXT() REPRESENTATION_CONTEXT('2D SPACE',''
  ) );
#7951 = PCURVE('',#7294,#7952);
#7952 = DEFINITIONAL_REPRESENTATION('',(#7953),#7959);
#7953 = B_SPLINE_CURVE_WITH_KNOTS('',4,(#7954,#7955,#7956,#7957,#7958),
  .UNSPECIFIED.,.F.,.F.,(5,5),(0.,1.),.PIECEWISE_BEZIER_KNOTS.);
#7954 = CARTESIAN_POINT('',(3.3727998E-10,-0.499999999982));
#7955 = CARTESIAN_POINT('',(2.371500000321,-0.372818449178));
#7956 = CARTESIAN_POINT('',(4.742999999719,-0.245636898406));
#7957 = CARTESIAN_POINT('',(7.114499999974,-0.118455347587));
#7958 = CARTESIAN_POINT('',(9.485999999958,8.726203216374E-03));
#7959 = ( GEOMETRIC_REPRESENTATION_CONTEXT(2) 
PARAMETRIC_REPRESENTATION_CONTEXT() REPRESENTATION_CONTEXT('2D SPACE',''
  ) );
#7960 = ORIENTED_EDGE('',*,*,#7961,.F.);
#7961 = EDGE_CURVE('',#7021,#7933,#7962,.T.);
#7962 = SURFACE_CURVE('',#7963,(#7969,#7978),.PCURVE_S1.);
#7963 = B_SPLINE_CURVE_WITH_KNOTS('',4,(#7964,#7965,#7966,#7967,#7968),
  .UNSPECIFIED.,.F.,.F.,(5,5),(0.,1.),.PIECEWISE_BEZIER_KNOTS.);
#7964 = CARTESIAN_POINT('',(50.,-9.641749495467,16.7));
#7965 = CARTESIAN_POINT('',(49.975136373622,-9.656357271352,
    16.725301410019));
#7966 = CARTESIAN_POINT('',(49.950272747259,-9.670965047228,
    16.750602820022));
#7967 = CARTESIAN_POINT('',(49.925409120884,-9.685572823111,
    16.775904230037));
#7968 = CARTESIAN_POINT('',(49.900545494512,-9.700180598992,
    16.801205640049));
#7969 = PCURVE('',#7040,#7970);
#7970 = DEFINITIONAL_REPRESENTATION('',(#7971),#7977);
#7971 = B_SPLINE_CURVE_WITH_KNOTS('',4,(#7972,#7973,#7974,#7975,#7976),
  .UNSPECIFIED.,.F.,.F.,(5,5),(0.,1.),.PIECEWISE_BEZIER_KNOTS.);
#7972 = CARTESIAN_POINT('',(2.3389439E-10,18.84174949547));
#7973 = CARTESIAN_POINT('',(1.046942837697,18.856357271346));
#7974 = CARTESIAN_POINT('',(2.093885675813,18.870965047232));
#7975 = CARTESIAN_POINT('',(3.140828513433,18.885572823111));
#7976 = CARTESIAN_POINT('',(4.187771351197,18.900180598991));
#7977 = ( GEOMETRIC_REPRESENTATION_CONTEXT(2) 
PARAMETRIC_REPRESENTATION_CONTEXT() REPRESENTATION_CONTEXT('2D SPACE',''
  ) );
#7978 = PCURVE('',#7078,#7979);
#7979 = DEFINITIONAL_REPRESENTATION('',(#7980),#7986);
#7980 = B_SPLINE_CURVE_WITH_KNOTS('',4,(#7981,#7982,#7983,#7984,#7985),
  .UNSPECIFIED.,.F.,.F.,(5,5),(0.,1.),.PIECEWISE_BEZIER_KNOTS.);
#7981 = CARTESIAN_POINT('',(0.,-0.441749495467));
#7982 = CARTESIAN_POINT('',(1.046942838092,-0.456357271352));
#7983 = CARTESIAN_POINT('',(2.09388567553,-0.470965047228));
#7984 = CARTESIAN_POINT('',(3.140828513465,-0.485572823111));
#7985 = CARTESIAN_POINT('',(4.187771351256,-0.500180598992));
#7986 = ( GEOMETRIC_REPRESENTATION_CONTEXT(2) 
PARAMETRIC_REPRESENTATION_CONTEXT() REPRESENTATION_CONTEXT('2D SPACE',''
  ) );
#7987 = ORIENTED_EDGE('',*,*,#7018,.F.);
#7988 = ADVANCED_FACE('',(#7989),#7228,.F.);
#7989 = FACE_BOUND('',#7990,.F.);
#7990 = EDGE_LOOP('',(#7991,#8020,#8049,#8079,#8106,#8107));
#7991 = ORIENTED_EDGE('',*,*,#7992,.T.);
#7992 = EDGE_CURVE('',#7173,#7993,#7995,.T.);
#7993 = VERTEX_POINT('',#7994);
#7994 = CARTESIAN_POINT('',(49.963709638564,-9.663070659909,
    -16.73692934009));
#7995 = SURFACE_CURVE('',#7996,(#8002,#8011),.PCURVE_S1.);
#7996 = B_SPLINE_CURVE_WITH_KNOTS('',4,(#7997,#7998,#7999,#8000,#8001),
  .UNSPECIFIED.,.F.,.F.,(5,5),(0.,1.),.PIECEWISE_BEZIER_KNOTS.);
#7997 = CARTESIAN_POINT('',(50.,-9.641749495467,-16.7));
#7998 = CARTESIAN_POINT('',(49.975136373622,-9.656357271352,
    -16.72530141001));
#7999 = CARTESIAN_POINT('',(49.950272747259,-9.670965047228,
    -16.75060282002));
#8000 = CARTESIAN_POINT('',(49.925409120884,-9.685572823111,
    -16.77590423003));
#8001 = CARTESIAN_POINT('',(49.900545494512,-9.700180598992,
    -16.80120564004));
#8002 = PCURVE('',#7228,#8003);
#8003 = DEFINITIONAL_REPRESENTATION('',(#8004),#8010);
#8004 = B_SPLINE_CURVE_WITH_KNOTS('',4,(#8005,#8006,#8007,#8008,#8009),
  .UNSPECIFIED.,.F.,.F.,(5,5),(0.,1.),.PIECEWISE_BEZIER_KNOTS.);
#8005 = CARTESIAN_POINT('',(0.,-0.441749495467));
#8006 = CARTESIAN_POINT('',(1.046942838091,-0.456357271352));
#8007 = CARTESIAN_POINT('',(2.093885675531,-0.470965047228));
#8008 = CARTESIAN_POINT('',(3.140828513465,-0.485572823111));
#8009 = CARTESIAN_POINT('',(4.187771351256,-0.500180598992));
#8010 = ( GEOMETRIC_REPRESENTATION_CONTEXT(2) 
PARAMETRIC_REPRESENTATION_CONTEXT() REPRESENTATION_CONTEXT('2D SPACE',''
  ) );
#8011 = PCURVE('',#7192,#8012);
#8012 = DEFINITIONAL_REPRESENTATION('',(#8013),#8019);
#8013 = B_SPLINE_CURVE_WITH_KNOTS('',4,(#8014,#8015,#8016,#8017,#8018),
  .UNSPECIFIED.,.F.,.F.,(5,5),(0.,1.),.PIECEWISE_BEZIER_KNOTS.);
#8014 = CARTESIAN_POINT('',(2.3389439E-10,18.84174949547));
#8015 = CARTESIAN_POINT('',(1.046942837697,18.856357271347));
#8016 = CARTESIAN_POINT('',(2.093885675813,18.870965047232));
#8017 = CARTESIAN_POINT('',(3.140828513434,18.885572823111));
#8018 = CARTESIAN_POINT('',(4.187771351197,18.900180598991));
#8019 = ( GEOMETRIC_REPRESENTATION_CONTEXT(2) 
PARAMETRIC_REPRESENTATION_CONTEXT() REPRESENTATION_CONTEXT('2D SPACE',''
  ) );
#8020 = ORIENTED_EDGE('',*,*,#8021,.T.);
#8021 = EDGE_CURVE('',#7993,#8022,#8024,.T.);
#8022 = VERTEX_POINT('',#8023);
#8023 = CARTESIAN_POINT('',(49.500076152422,-10.30755716036,
    -16.56423970276));
#8024 = SURFACE_CURVE('',#8025,(#8031,#8040),.PCURVE_S1.);
#8025 = B_SPLINE_CURVE_WITH_KNOTS('',4,(#8026,#8027,#8028,#8029,#8030),
  .UNSPECIFIED.,.F.,.F.,(5,5),(0.,1.),.PIECEWISE_BEZIER_KNOTS.);
#8026 = CARTESIAN_POINT('',(50.,-9.6126242432,-16.7504464167));
#8027 = CARTESIAN_POINT('',(49.875019038106,-9.786357472491,
    -16.70389473822));
#8028 = CARTESIAN_POINT('',(49.750038076206,-9.960090701791,
    -16.65734305973));
#8029 = CARTESIAN_POINT('',(49.625057114315,-10.13382393107,
    -16.61079138124));
#8030 = CARTESIAN_POINT('',(49.500076152422,-10.30755716036,
    -16.56423970276));
#8031 = PCURVE('',#7228,#8032);
#8032 = DEFINITIONAL_REPRESENTATION('',(#8033),#8039);
#8033 = B_SPLINE_CURVE_WITH_KNOTS('',4,(#8034,#8035,#8036,#8037,#8038),
  .UNSPECIFIED.,.F.,.F.,(5,5),(0.,1.),.PIECEWISE_BEZIER_KNOTS.);
#8034 = CARTESIAN_POINT('',(0.,-0.5));
#8035 = CARTESIAN_POINT('',(5.26262424316,-0.372818449196));
#8036 = CARTESIAN_POINT('',(10.525248486621,-0.245636898385));
#8037 = CARTESIAN_POINT('',(15.787872729641,-0.118455347585));
#8038 = CARTESIAN_POINT('',(21.050496972801,8.726203218662E-03));
#8039 = ( GEOMETRIC_REPRESENTATION_CONTEXT(2) 
PARAMETRIC_REPRESENTATION_CONTEXT() REPRESENTATION_CONTEXT('2D SPACE',''
  ) );
#8040 = PCURVE('',#7424,#8041);
#8041 = DEFINITIONAL_REPRESENTATION('',(#8042),#8048);
#8042 = B_SPLINE_CURVE_WITH_KNOTS('',4,(#8043,#8044,#8045,#8046,#8047),
  .UNSPECIFIED.,.F.,.F.,(5,5),(0.,1.),.PIECEWISE_BEZIER_KNOTS.);
#8043 = CARTESIAN_POINT('',(3.6447948E-10,8.299999999982));
#8044 = CARTESIAN_POINT('',(2.562750000345,8.172818449178));
#8045 = CARTESIAN_POINT('',(5.125499999706,8.045636898405));
#8046 = CARTESIAN_POINT('',(7.688249999974,7.918455347587));
#8047 = CARTESIAN_POINT('',(10.250999999955,7.791273796784));
#8048 = ( GEOMETRIC_REPRESENTATION_CONTEXT(2) 
PARAMETRIC_REPRESENTATION_CONTEXT() REPRESENTATION_CONTEXT('2D SPACE',''
  ) );
#8049 = ORIENTED_EDGE('',*,*,#8050,.T.);
#8050 = EDGE_CURVE('',#8022,#8051,#8053,.T.);
#8051 = VERTEX_POINT('',#8052);
#8052 = CARTESIAN_POINT('',(49.500076152422,-19.49883095714,
    -0.644486500458));
#8053 = SURFACE_CURVE('',#8054,(#8060,#8067),.PCURVE_S1.);
#8054 = B_SPLINE_CURVE_WITH_KNOTS('',2,(#8055,#8056,#8057,#8058,#8059),
  .UNSPECIFIED.,.F.,.F.,(3,1,1,3),(-1.714,-1.3252484864,19.7252484864,
    20.114),.UNSPECIFIED.);
#8055 = CARTESIAN_POINT('',(49.500076152422,-9.446194058758,
    -18.05616435851));
#8056 = CARTESIAN_POINT('',(49.500076152422,-9.543381937158,
    -17.88783001524));
#8057 = CARTESIAN_POINT('',(49.500076152422,-14.90319405875,
    -8.604363101609));
#8058 = CARTESIAN_POINT('',(49.500076152422,-20.26300618035,
    0.679103812026));
#8059 = CARTESIAN_POINT('',(49.500076152422,-20.36019405875,
    0.847438155294));
#8060 = PCURVE('',#7228,#8061);
#8061 = DEFINITIONAL_REPRESENTATION('',(#8062),#8066);
#8062 = LINE('',#8063,#8064);
#8063 = CARTESIAN_POINT('',(21.050496972801,0.));
#8064 = VECTOR('',#8065,1.);
#8065 = DIRECTION('',(0.,1.));
#8066 = ( GEOMETRIC_REPRESENTATION_CONTEXT(2) 
PARAMETRIC_REPRESENTATION_CONTEXT() REPRESENTATION_CONTEXT('2D SPACE',''
  ) );
#8067 = PCURVE('',#8068,#8073);
#8068 = B_SPLINE_SURFACE_WITH_KNOTS('',1,1,(
    (#8069,#8070)
    ,(#8071,#8072
    )),.UNSPECIFIED.,.F.,.F.,.F.,(2,2),(2,2),(0.,18.4),(0.,1.),
  .PIECEWISE_BEZIER_KNOTS.);
#8069 = CARTESIAN_POINT('',(50.,-10.29563694509,-16.56743371481));
#8070 = CARTESIAN_POINT('',(42.,-10.48638944202,-16.5163217373));
#8071 = CARTESIAN_POINT('',(50.,-19.49563694509,-0.632566285183));
#8072 = CARTESIAN_POINT('',(42.,-19.5467489226,-0.823318782116));
#8073 = DEFINITIONAL_REPRESENTATION('',(#8074),#8078);
#8074 = B_SPLINE_CURVE_WITH_KNOTS('',2,(#8075,#8076,#8077),
  .UNSPECIFIED.,.F.,.F.,(3,3),(8.726203218652E-03,18.391273796781),
  .PIECEWISE_BEZIER_KNOTS.);
#8075 = CARTESIAN_POINT('',(0.,6.249048094728E-02));
#8076 = CARTESIAN_POINT('',(9.2,6.249048094728E-02));
#8077 = CARTESIAN_POINT('',(18.4,6.249048094728E-02));
#8078 = ( GEOMETRIC_REPRESENTATION_CONTEXT(2) 
PARAMETRIC_REPRESENTATION_CONTEXT() REPRESENTATION_CONTEXT('2D SPACE',''
  ) );
#8079 = ORIENTED_EDGE('',*,*,#8080,.F.);
#8080 = EDGE_CURVE('',#7845,#8051,#8081,.T.);
#8081 = SURFACE_CURVE('',#8082,(#8088,#8097),.PCURVE_S1.);
#8082 = B_SPLINE_CURVE_WITH_KNOTS('',4,(#8083,#8084,#8085,#8086,#8087),
  .UNSPECIFIED.,.F.,.F.,(5,5),(0.,1.),.PIECEWISE_BEZIER_KNOTS.);
#8083 = CARTESIAN_POINT('',(50.,-19.3126242432,5.044641670906E-02));
#8084 = CARTESIAN_POINT('',(49.875019038106,-19.35917592168,
    -0.123286812582));
#8085 = CARTESIAN_POINT('',(49.750038076206,-19.40572760017,
    -0.297020041881));
#8086 = CARTESIAN_POINT('',(49.625057114316,-19.45227927866,
    -0.470753271168));
#8087 = CARTESIAN_POINT('',(49.500076152422,-19.49883095714,
    -0.644486500458));
#8088 = PCURVE('',#7228,#8089);
#8089 = DEFINITIONAL_REPRESENTATION('',(#8090),#8096);
#8090 = B_SPLINE_CURVE_WITH_KNOTS('',4,(#8091,#8092,#8093,#8094,#8095),
  .UNSPECIFIED.,.F.,.F.,(5,5),(0.,1.),.PIECEWISE_BEZIER_KNOTS.);
#8091 = CARTESIAN_POINT('',(0.,18.9));
#8092 = CARTESIAN_POINT('',(5.262624243164,18.772818449196));
#8093 = CARTESIAN_POINT('',(10.525248486594,18.645636898386));
#8094 = CARTESIAN_POINT('',(15.787872729636,18.518455347585));
#8095 = CARTESIAN_POINT('',(21.050496972801,18.391273796781));
#8096 = ( GEOMETRIC_REPRESENTATION_CONTEXT(2) 
PARAMETRIC_REPRESENTATION_CONTEXT() REPRESENTATION_CONTEXT('2D SPACE',''
  ) );
#8097 = PCURVE('',#7372,#8098);
#8098 = DEFINITIONAL_REPRESENTATION('',(#8099),#8105);
#8099 = B_SPLINE_CURVE_WITH_KNOTS('',4,(#8100,#8101,#8102,#8103,#8104),
  .UNSPECIFIED.,.F.,.F.,(5,5),(0.,1.),.PIECEWISE_BEZIER_KNOTS.);
#8100 = CARTESIAN_POINT('',(3.3727998E-10,-0.499999999982));
#8101 = CARTESIAN_POINT('',(2.371500000321,-0.372818449178));
#8102 = CARTESIAN_POINT('',(4.742999999719,-0.245636898406));
#8103 = CARTESIAN_POINT('',(7.114499999974,-0.118455347587));
#8104 = CARTESIAN_POINT('',(9.485999999958,8.726203216374E-03));
#8105 = ( GEOMETRIC_REPRESENTATION_CONTEXT(2) 
PARAMETRIC_REPRESENTATION_CONTEXT() REPRESENTATION_CONTEXT('2D SPACE',''
  ) );
#8106 = ORIENTED_EDGE('',*,*,#7844,.F.);
#8107 = ORIENTED_EDGE('',*,*,#7210,.F.);
#8108 = ADVANCED_FACE('',(#8109),#7078,.F.);
#8109 = FACE_BOUND('',#8110,.F.);
#8110 = EDGE_LOOP('',(#8111,#8112,#8141,#8170,#8199,#8229));
#8111 = ORIENTED_EDGE('',*,*,#7961,.T.);
#8112 = ORIENTED_EDGE('',*,*,#8113,.T.);
#8113 = EDGE_CURVE('',#7933,#8114,#8116,.T.);
#8114 = VERTEX_POINT('',#8115);
#8115 = CARTESIAN_POINT('',(49.500076152422,-9.191273796781,
    17.208726203219));
#8116 = SURFACE_CURVE('',#8117,(#8123,#8132),.PCURVE_S1.);
#8117 = B_SPLINE_CURVE_WITH_KNOTS('',4,(#8118,#8119,#8120,#8121,#8122),
  .UNSPECIFIED.,.F.,.F.,(5,5),(0.,1.),.PIECEWISE_BEZIER_KNOTS.);
#8118 = CARTESIAN_POINT('',(50.,-9.7,16.7));
#8119 = CARTESIAN_POINT('',(49.875019038106,-9.572818449196,
    16.827181550804));
#8120 = CARTESIAN_POINT('',(49.750038076206,-9.445636898385,
    16.954363101615));
#8121 = CARTESIAN_POINT('',(49.625057114315,-9.318455347585,
    17.081544652415));
#8122 = CARTESIAN_POINT('',(49.500076152422,-9.191273796781,
    17.208726203219));
#8123 = PCURVE('',#7078,#8124);
#8124 = DEFINITIONAL_REPRESENTATION('',(#8125),#8131);
#8125 = B_SPLINE_CURVE_WITH_KNOTS('',4,(#8126,#8127,#8128,#8129,#8130),
  .UNSPECIFIED.,.F.,.F.,(5,5),(0.,1.),.PIECEWISE_BEZIER_KNOTS.);
#8126 = CARTESIAN_POINT('',(0.,-0.5));
#8127 = CARTESIAN_POINT('',(5.26262424316,-0.372818449196));
#8128 = CARTESIAN_POINT('',(10.525248486621,-0.245636898385));
#8129 = CARTESIAN_POINT('',(15.787872729641,-0.118455347585));
#8130 = CARTESIAN_POINT('',(21.050496972801,8.726203218662E-03));
#8131 = ( GEOMETRIC_REPRESENTATION_CONTEXT(2) 
PARAMETRIC_REPRESENTATION_CONTEXT() REPRESENTATION_CONTEXT('2D SPACE',''
  ) );
#8132 = PCURVE('',#7268,#8133);
#8133 = DEFINITIONAL_REPRESENTATION('',(#8134),#8140);
#8134 = B_SPLINE_CURVE_WITH_KNOTS('',4,(#8135,#8136,#8137,#8138,#8139),
  .UNSPECIFIED.,.F.,.F.,(5,5),(0.,1.),.PIECEWISE_BEZIER_KNOTS.);
#8135 = CARTESIAN_POINT('',(3.6447948E-10,8.299999999982));
#8136 = CARTESIAN_POINT('',(2.562750000345,8.172818449178));
#8137 = CARTESIAN_POINT('',(5.125499999706,8.045636898405));
#8138 = CARTESIAN_POINT('',(7.688249999974,7.918455347587));
#8139 = CARTESIAN_POINT('',(10.250999999955,7.791273796784));
#8140 = ( GEOMETRIC_REPRESENTATION_CONTEXT(2) 
PARAMETRIC_REPRESENTATION_CONTEXT() REPRESENTATION_CONTEXT('2D SPACE',''
  ) );
#8141 = ORIENTED_EDGE('',*,*,#8142,.T.);
#8142 = EDGE_CURVE('',#8114,#8143,#8145,.T.);
#8143 = VERTEX_POINT('',#8144);
#8144 = CARTESIAN_POINT('',(49.500076152422,9.191273796781,
    17.208726203219));
#8145 = SURFACE_CURVE('',#8146,(#8152,#8159),.PCURVE_S1.);
#8146 = B_SPLINE_CURVE_WITH_KNOTS('',2,(#8147,#8148,#8149,#8150,#8151),
  .UNSPECIFIED.,.F.,.F.,(3,1,1,3),(-1.714,-1.3252484864,19.7252484864,
    20.114),.UNSPECIFIED.);
#8147 = CARTESIAN_POINT('',(49.500076152422,-10.914,17.208726203219));
#8148 = CARTESIAN_POINT('',(49.500076152422,-10.7196242432,
    17.208726203219));
#8149 = CARTESIAN_POINT('',(49.500076152422,1.776E-14,17.208726203219));
#8150 = CARTESIAN_POINT('',(49.500076152422,10.7196242432,
    17.208726203219));
#8151 = CARTESIAN_POINT('',(49.500076152422,10.914,17.208726203219));
#8152 = PCURVE('',#7078,#8153);
#8153 = DEFINITIONAL_REPRESENTATION('',(#8154),#8158);
#8154 = LINE('',#8155,#8156);
#8155 = CARTESIAN_POINT('',(21.050496972801,0.));
#8156 = VECTOR('',#8157,1.);
#8157 = DIRECTION('',(0.,1.));
#8158 = ( GEOMETRIC_REPRESENTATION_CONTEXT(2) 
PARAMETRIC_REPRESENTATION_CONTEXT() REPRESENTATION_CONTEXT('2D SPACE',''
  ) );
#8159 = PCURVE('',#8160,#8165);
#8160 = B_SPLINE_SURFACE_WITH_KNOTS('',1,1,(
    (#8161,#8162)
    ,(#8163,#8164
    )),.UNSPECIFIED.,.F.,.F.,.F.,(2,2),(2,2),(0.,18.4),(0.,1.),
  .PIECEWISE_BEZIER_KNOTS.);
#8161 = CARTESIAN_POINT('',(50.,-9.2,17.2));
#8162 = CARTESIAN_POINT('',(42.,-9.060359480574,17.339640519426));
#8163 = CARTESIAN_POINT('',(50.,9.2,17.2));
#8164 = CARTESIAN_POINT('',(42.,9.060359480574,17.339640519426));
#8165 = DEFINITIONAL_REPRESENTATION('',(#8166),#8169);
#8166 = B_SPLINE_CURVE_WITH_KNOTS('',1,(#8167,#8168),.UNSPECIFIED.,.F.,
  .F.,(2,2),(-1.3252484864,19.7252484864),.PIECEWISE_BEZIER_KNOTS.);
#8167 = CARTESIAN_POINT('',(-1.335241166332,6.249048094728E-02));
#8168 = CARTESIAN_POINT('',(19.735241166332,6.249048094728E-02));
#8169 = ( GEOMETRIC_REPRESENTATION_CONTEXT(2) 
PARAMETRIC_REPRESENTATION_CONTEXT() REPRESENTATION_CONTEXT('2D SPACE',''
  ) );
#8170 = ORIENTED_EDGE('',*,*,#8171,.F.);
#8171 = EDGE_CURVE('',#8172,#8143,#8174,.T.);
#8172 = VERTEX_POINT('',#8173);
#8173 = CARTESIAN_POINT('',(49.963709638564,9.663070659909,
    16.736929340091));
#8174 = SURFACE_CURVE('',#8175,(#8181,#8190),.PCURVE_S1.);
#8175 = B_SPLINE_CURVE_WITH_KNOTS('',4,(#8176,#8177,#8178,#8179,#8180),
  .UNSPECIFIED.,.F.,.F.,(5,5),(0.,1.),.PIECEWISE_BEZIER_KNOTS.);
#8176 = CARTESIAN_POINT('',(50.,9.7,16.7));
#8177 = CARTESIAN_POINT('',(49.875019038106,9.572818449196,
    16.827181550804));
#8178 = CARTESIAN_POINT('',(49.750038076206,9.445636898386,
    16.954363101614));
#8179 = CARTESIAN_POINT('',(49.625057114316,9.318455347585,
    17.081544652415));
#8180 = CARTESIAN_POINT('',(49.500076152422,9.191273796781,
    17.208726203219));
#8181 = PCURVE('',#7078,#8182);
#8182 = DEFINITIONAL_REPRESENTATION('',(#8183),#8189);
#8183 = B_SPLINE_CURVE_WITH_KNOTS('',4,(#8184,#8185,#8186,#8187,#8188),
  .UNSPECIFIED.,.F.,.F.,(5,5),(0.,1.),.PIECEWISE_BEZIER_KNOTS.);
#8184 = CARTESIAN_POINT('',(0.,18.9));
#8185 = CARTESIAN_POINT('',(5.262624243164,18.772818449196));
#8186 = CARTESIAN_POINT('',(10.525248486594,18.645636898386));
#8187 = CARTESIAN_POINT('',(15.787872729636,18.518455347585));
#8188 = CARTESIAN_POINT('',(21.050496972801,18.391273796781));
#8189 = ( GEOMETRIC_REPRESENTATION_CONTEXT(2) 
PARAMETRIC_REPRESENTATION_CONTEXT() REPRESENTATION_CONTEXT('2D SPACE',''
  ) );
#8190 = PCURVE('',#7684,#8191);
#8191 = DEFINITIONAL_REPRESENTATION('',(#8192),#8198);
#8192 = B_SPLINE_CURVE_WITH_KNOTS('',4,(#8193,#8194,#8195,#8196,#8197),
  .UNSPECIFIED.,.F.,.F.,(5,5),(0.,1.),.PIECEWISE_BEZIER_KNOTS.);
#8193 = CARTESIAN_POINT('',(3.3727998E-10,-0.499999999982));
#8194 = CARTESIAN_POINT('',(2.371500000321,-0.372818449178));
#8195 = CARTESIAN_POINT('',(4.742999999719,-0.245636898406));
#8196 = CARTESIAN_POINT('',(7.114499999974,-0.118455347587));
#8197 = CARTESIAN_POINT('',(9.485999999958,8.726203216374E-03));
#8198 = ( GEOMETRIC_REPRESENTATION_CONTEXT(2) 
PARAMETRIC_REPRESENTATION_CONTEXT() REPRESENTATION_CONTEXT('2D SPACE',''
  ) );
#8199 = ORIENTED_EDGE('',*,*,#8200,.T.);
#8200 = EDGE_CURVE('',#8172,#7059,#8201,.T.);
#8201 = SURFACE_CURVE('',#8202,(#8209,#8219),.PCURVE_S1.);
#8202 = B_SPLINE_CURVE_WITH_KNOTS('',5,(#8203,#8204,#8205,#8206,#8207,
    #8208),.UNSPECIFIED.,.F.,.F.,(6,6),(0.,1.),
  .PIECEWISE_BEZIER_KNOTS.);
#8203 = CARTESIAN_POINT('',(49.900545494512,9.700180598992,
    16.801205640049));
#8204 = CARTESIAN_POINT('',(49.920996921926,9.688165060163,
    16.780394116316));
#8205 = CARTESIAN_POINT('',(49.940242284013,9.676858103892,
    16.760809893576));
#8206 = CARTESIAN_POINT('',(49.960256147608,9.665099640764,
    16.74044363802));
#8207 = CARTESIAN_POINT('',(49.980915911036,9.652961701213,
    16.719420110018));
#8208 = CARTESIAN_POINT('',(50.,9.641749495467,16.7));
#8209 = PCURVE('',#7078,#8210);
#8210 = DEFINITIONAL_REPRESENTATION('',(#8211),#8218);
#8211 = B_SPLINE_CURVE_WITH_KNOTS('',5,(#8212,#8213,#8214,#8215,#8216,
    #8217),.UNSPECIFIED.,.F.,.F.,(6,6),(0.,1.),
  .PIECEWISE_BEZIER_KNOTS.);
#8212 = CARTESIAN_POINT('',(4.187771351256,18.900180598992));
#8213 = CARTESIAN_POINT('',(3.326614771239,18.888165060163));
#8214 = CARTESIAN_POINT('',(2.5162424749,18.876858103892));
#8215 = CARTESIAN_POINT('',(1.673510572711,18.865099640764));
#8216 = CARTESIAN_POINT('',(0.803581503295,18.852961701213));
#8217 = CARTESIAN_POINT('',(0.,18.841749495467));
#8218 = ( GEOMETRIC_REPRESENTATION_CONTEXT(2) 
PARAMETRIC_REPRESENTATION_CONTEXT() REPRESENTATION_CONTEXT('2D SPACE',''
  ) );
#8219 = PCURVE('',#7116,#8220);
#8220 = DEFINITIONAL_REPRESENTATION('',(#8221),#8228);
#8221 = B_SPLINE_CURVE_WITH_KNOTS('',5,(#8222,#8223,#8224,#8225,#8226,
    #8227),.UNSPECIFIED.,.F.,.F.,(6,6),(0.,1.),
  .PIECEWISE_BEZIER_KNOTS.);
#8222 = CARTESIAN_POINT('',(4.187771351196,-0.500180598991));
#8223 = CARTESIAN_POINT('',(3.326614771519,-0.488165060167));
#8224 = CARTESIAN_POINT('',(2.516242474262,-0.476858103883));
#8225 = CARTESIAN_POINT('',(1.673510573521,-0.465099640776));
#8226 = CARTESIAN_POINT('',(0.803581502703,-0.452961701205));
#8227 = CARTESIAN_POINT('',(2.3389433E-10,-0.44174949547));
#8228 = ( GEOMETRIC_REPRESENTATION_CONTEXT(2) 
PARAMETRIC_REPRESENTATION_CONTEXT() REPRESENTATION_CONTEXT('2D SPACE',''
  ) );
#8229 = ORIENTED_EDGE('',*,*,#7058,.F.);
#8230 = ADVANCED_FACE('',(#8231),#7192,.F.);
#8231 = FACE_BOUND('',#8232,.F.);
#8232 = EDGE_LOOP('',(#8233,#8262,#8291,#8321,#8348,#8349));
#8233 = ORIENTED_EDGE('',*,*,#8234,.T.);
#8234 = EDGE_CURVE('',#7135,#8235,#8237,.T.);
#8235 = VERTEX_POINT('',#8236);
#8236 = CARTESIAN_POINT('',(49.963709638564,9.663070659909,
    -16.73692934009));
#8237 = SURFACE_CURVE('',#8238,(#8244,#8253),.PCURVE_S1.);
#8238 = B_SPLINE_CURVE_WITH_KNOTS('',4,(#8239,#8240,#8241,#8242,#8243),
  .UNSPECIFIED.,.F.,.F.,(5,5),(0.,1.),.PIECEWISE_BEZIER_KNOTS.);
#8239 = CARTESIAN_POINT('',(50.,9.641749495467,-16.7));
#8240 = CARTESIAN_POINT('',(49.975136373622,9.656357271352,
    -16.72530141001));
#8241 = CARTESIAN_POINT('',(49.950272747259,9.670965047228,
    -16.75060282002));
#8242 = CARTESIAN_POINT('',(49.925409120884,9.685572823111,
    -16.77590423003));
#8243 = CARTESIAN_POINT('',(49.900545494512,9.700180598992,
    -16.80120564004));
#8244 = PCURVE('',#7192,#8245);
#8245 = DEFINITIONAL_REPRESENTATION('',(#8246),#8252);
#8246 = B_SPLINE_CURVE_WITH_KNOTS('',4,(#8247,#8248,#8249,#8250,#8251),
  .UNSPECIFIED.,.F.,.F.,(5,5),(0.,1.),.PIECEWISE_BEZIER_KNOTS.);
#8247 = CARTESIAN_POINT('',(0.,-0.441749495467));
#8248 = CARTESIAN_POINT('',(1.046942838092,-0.456357271352));
#8249 = CARTESIAN_POINT('',(2.093885675531,-0.470965047228));
#8250 = CARTESIAN_POINT('',(3.140828513465,-0.485572823111));
#8251 = CARTESIAN_POINT('',(4.187771351257,-0.500180598992));
#8252 = ( GEOMETRIC_REPRESENTATION_CONTEXT(2) 
PARAMETRIC_REPRESENTATION_CONTEXT() REPRESENTATION_CONTEXT('2D SPACE',''
  ) );
#8253 = PCURVE('',#7154,#8254);
#8254 = DEFINITIONAL_REPRESENTATION('',(#8255),#8261);
#8255 = B_SPLINE_CURVE_WITH_KNOTS('',4,(#8256,#8257,#8258,#8259,#8260),
  .UNSPECIFIED.,.F.,.F.,(5,5),(0.,1.),.PIECEWISE_BEZIER_KNOTS.);
#8256 = CARTESIAN_POINT('',(2.3389439E-10,18.84174949547));
#8257 = CARTESIAN_POINT('',(1.046942837697,18.856357271347));
#8258 = CARTESIAN_POINT('',(2.093885675813,18.870965047232));
#8259 = CARTESIAN_POINT('',(3.140828513434,18.885572823111));
#8260 = CARTESIAN_POINT('',(4.187771351198,18.900180598991));
#8261 = ( GEOMETRIC_REPRESENTATION_CONTEXT(2) 
PARAMETRIC_REPRESENTATION_CONTEXT() REPRESENTATION_CONTEXT('2D SPACE',''
  ) );
#8262 = ORIENTED_EDGE('',*,*,#8263,.T.);
#8263 = EDGE_CURVE('',#8235,#8264,#8266,.T.);
#8264 = VERTEX_POINT('',#8265);
#8265 = CARTESIAN_POINT('',(49.500076152422,9.191273796781,
    -17.20872620321));
#8266 = SURFACE_CURVE('',#8267,(#8273,#8282),.PCURVE_S1.);
#8267 = B_SPLINE_CURVE_WITH_KNOTS('',4,(#8268,#8269,#8270,#8271,#8272),
  .UNSPECIFIED.,.F.,.F.,(5,5),(0.,1.),.PIECEWISE_BEZIER_KNOTS.);
#8268 = CARTESIAN_POINT('',(50.,9.7,-16.7));
#8269 = CARTESIAN_POINT('',(49.875019038106,9.572818449196,
    -16.8271815508));
#8270 = CARTESIAN_POINT('',(49.750038076206,9.445636898385,
    -16.95436310161));
#8271 = CARTESIAN_POINT('',(49.625057114315,9.318455347585,
    -17.08154465241));
#8272 = CARTESIAN_POINT('',(49.500076152422,9.191273796781,
    -17.20872620321));
#8273 = PCURVE('',#7192,#8274);
#8274 = DEFINITIONAL_REPRESENTATION('',(#8275),#8281);
#8275 = B_SPLINE_CURVE_WITH_KNOTS('',4,(#8276,#8277,#8278,#8279,#8280),
  .UNSPECIFIED.,.F.,.F.,(5,5),(0.,1.),.PIECEWISE_BEZIER_KNOTS.);
#8276 = CARTESIAN_POINT('',(0.,-0.5));
#8277 = CARTESIAN_POINT('',(5.26262424316,-0.372818449196));
#8278 = CARTESIAN_POINT('',(10.525248486621,-0.245636898385));
#8279 = CARTESIAN_POINT('',(15.787872729641,-0.118455347585));
#8280 = CARTESIAN_POINT('',(21.050496972801,8.726203218662E-03));
#8281 = ( GEOMETRIC_REPRESENTATION_CONTEXT(2) 
PARAMETRIC_REPRESENTATION_CONTEXT() REPRESENTATION_CONTEXT('2D SPACE',''
  ) );
#8282 = PCURVE('',#7502,#8283);
#8283 = DEFINITIONAL_REPRESENTATION('',(#8284),#8290);
#8284 = B_SPLINE_CURVE_WITH_KNOTS('',4,(#8285,#8286,#8287,#8288,#8289),
  .UNSPECIFIED.,.F.,.F.,(5,5),(0.,1.),.PIECEWISE_BEZIER_KNOTS.);
#8285 = CARTESIAN_POINT('',(3.6447948E-10,8.299999999982));
#8286 = CARTESIAN_POINT('',(2.562750000345,8.172818449178));
#8287 = CARTESIAN_POINT('',(5.125499999706,8.045636898405));
#8288 = CARTESIAN_POINT('',(7.688249999974,7.918455347587));
#8289 = CARTESIAN_POINT('',(10.250999999955,7.791273796784));
#8290 = ( GEOMETRIC_REPRESENTATION_CONTEXT(2) 
PARAMETRIC_REPRESENTATION_CONTEXT() REPRESENTATION_CONTEXT('2D SPACE',''
  ) );
#8291 = ORIENTED_EDGE('',*,*,#8292,.T.);
#8292 = EDGE_CURVE('',#8264,#8293,#8295,.T.);
#8293 = VERTEX_POINT('',#8294);
#8294 = CARTESIAN_POINT('',(49.500076152422,-9.191273796781,
    -17.20872620321));
#8295 = SURFACE_CURVE('',#8296,(#8302,#8309),.PCURVE_S1.);
#8296 = B_SPLINE_CURVE_WITH_KNOTS('',2,(#8297,#8298,#8299,#8300,#8301),
  .UNSPECIFIED.,.F.,.F.,(3,1,1,3),(-1.714,-1.3252484864,19.7252484864,
    20.114),.UNSPECIFIED.);
#8297 = CARTESIAN_POINT('',(49.500076152422,10.914,-17.20872620321));
#8298 = CARTESIAN_POINT('',(49.500076152422,10.7196242432,
    -17.20872620321));
#8299 = CARTESIAN_POINT('',(49.500076152422,-1.776E-14,-17.20872620321)
  );
#8300 = CARTESIAN_POINT('',(49.500076152422,-10.7196242432,
    -17.20872620321));
#8301 = CARTESIAN_POINT('',(49.500076152422,-10.914,-17.20872620321));
#8302 = PCURVE('',#7192,#8303);
#8303 = DEFINITIONAL_REPRESENTATION('',(#8304),#8308);
#8304 = LINE('',#8305,#8306);
#8305 = CARTESIAN_POINT('',(21.050496972801,0.));
#8306 = VECTOR('',#8307,1.);
#8307 = DIRECTION('',(0.,1.));
#8308 = ( GEOMETRIC_REPRESENTATION_CONTEXT(2) 
PARAMETRIC_REPRESENTATION_CONTEXT() REPRESENTATION_CONTEXT('2D SPACE',''
  ) );
#8309 = PCURVE('',#8310,#8315);
#8310 = B_SPLINE_SURFACE_WITH_KNOTS('',1,1,(
    (#8311,#8312)
    ,(#8313,#8314
    )),.UNSPECIFIED.,.F.,.F.,.F.,(2,2),(2,2),(0.,18.4),(0.,1.),
  .PIECEWISE_BEZIER_KNOTS.);
#8311 = CARTESIAN_POINT('',(50.,9.2,-17.2));
#8312 = CARTESIAN_POINT('',(42.,9.060359480574,-17.33964051942));
#8313 = CARTESIAN_POINT('',(50.,-9.2,-17.2));
#8314 = CARTESIAN_POINT('',(42.,-9.060359480574,-17.33964051942));
#8315 = DEFINITIONAL_REPRESENTATION('',(#8316),#8320);
#8316 = B_SPLINE_CURVE_WITH_KNOTS('',2,(#8317,#8318,#8319),
  .UNSPECIFIED.,.F.,.F.,(3,3),(8.726203218652E-03,18.391273796781),
  .PIECEWISE_BEZIER_KNOTS.);
#8317 = CARTESIAN_POINT('',(1.88E-15,6.249048094728E-02));
#8318 = CARTESIAN_POINT('',(9.2,6.249048094728E-02));
#8319 = CARTESIAN_POINT('',(18.4,6.249048094728E-02));
#8320 = ( GEOMETRIC_REPRESENTATION_CONTEXT(2) 
PARAMETRIC_REPRESENTATION_CONTEXT() REPRESENTATION_CONTEXT('2D SPACE',''
  ) );
#8321 = ORIENTED_EDGE('',*,*,#8322,.F.);
#8322 = EDGE_CURVE('',#7993,#8293,#8323,.T.);
#8323 = SURFACE_CURVE('',#8324,(#8330,#8339),.PCURVE_S1.);
#8324 = B_SPLINE_CURVE_WITH_KNOTS('',4,(#8325,#8326,#8327,#8328,#8329),
  .UNSPECIFIED.,.F.,.F.,(5,5),(0.,1.),.PIECEWISE_BEZIER_KNOTS.);
#8325 = CARTESIAN_POINT('',(50.,-9.7,-16.7));
#8326 = CARTESIAN_POINT('',(49.875019038106,-9.572818449196,
    -16.8271815508));
#8327 = CARTESIAN_POINT('',(49.750038076206,-9.445636898386,
    -16.95436310161));
#8328 = CARTESIAN_POINT('',(49.625057114316,-9.318455347585,
    -17.08154465241));
#8329 = CARTESIAN_POINT('',(49.500076152422,-9.191273796781,
    -17.20872620321));
#8330 = PCURVE('',#7192,#8331);
#8331 = DEFINITIONAL_REPRESENTATION('',(#8332),#8338);
#8332 = B_SPLINE_CURVE_WITH_KNOTS('',4,(#8333,#8334,#8335,#8336,#8337),
  .UNSPECIFIED.,.F.,.F.,(5,5),(0.,1.),.PIECEWISE_BEZIER_KNOTS.);
#8333 = CARTESIAN_POINT('',(0.,18.9));
#8334 = CARTESIAN_POINT('',(5.262624243164,18.772818449196));
#8335 = CARTESIAN_POINT('',(10.525248486594,18.645636898386));
#8336 = CARTESIAN_POINT('',(15.787872729636,18.518455347585));
#8337 = CARTESIAN_POINT('',(21.050496972801,18.391273796781));
#8338 = ( GEOMETRIC_REPRESENTATION_CONTEXT(2) 
PARAMETRIC_REPRESENTATION_CONTEXT() REPRESENTATION_CONTEXT('2D SPACE',''
  ) );
#8339 = PCURVE('',#7450,#8340);
#8340 = DEFINITIONAL_REPRESENTATION('',(#8341),#8347);
#8341 = B_SPLINE_CURVE_WITH_KNOTS('',4,(#8342,#8343,#8344,#8345,#8346),
  .UNSPECIFIED.,.F.,.F.,(5,5),(0.,1.),.PIECEWISE_BEZIER_KNOTS.);
#8342 = CARTESIAN_POINT('',(3.3727998E-10,-0.499999999982));
#8343 = CARTESIAN_POINT('',(2.371500000321,-0.372818449178));
#8344 = CARTESIAN_POINT('',(4.742999999719,-0.245636898406));
#8345 = CARTESIAN_POINT('',(7.114499999974,-0.118455347587));
#8346 = CARTESIAN_POINT('',(9.485999999958,8.726203216374E-03));
#8347 = ( GEOMETRIC_REPRESENTATION_CONTEXT(2) 
PARAMETRIC_REPRESENTATION_CONTEXT() REPRESENTATION_CONTEXT('2D SPACE',''
  ) );
#8348 = ORIENTED_EDGE('',*,*,#7992,.F.);
#8349 = ORIENTED_EDGE('',*,*,#7172,.F.);
#8350 = ADVANCED_FACE('',(#8351),#7116,.F.);
#8351 = FACE_BOUND('',#8352,.F.);
#8352 = EDGE_LOOP('',(#8353,#8354,#8383,#8413,#8442,#8469));
#8353 = ORIENTED_EDGE('',*,*,#8200,.F.);
#8354 = ORIENTED_EDGE('',*,*,#8355,.T.);
#8355 = EDGE_CURVE('',#8172,#8356,#8358,.T.);
#8356 = VERTEX_POINT('',#8357);
#8357 = CARTESIAN_POINT('',(49.500076152422,10.307557160368,
    16.56423970276));
#8358 = SURFACE_CURVE('',#8359,(#8365,#8374),.PCURVE_S1.);
#8359 = B_SPLINE_CURVE_WITH_KNOTS('',4,(#8360,#8361,#8362,#8363,#8364),
  .UNSPECIFIED.,.F.,.F.,(5,5),(0.,1.),.PIECEWISE_BEZIER_KNOTS.);
#8360 = CARTESIAN_POINT('',(50.,9.6126242432,16.750446416709));
#8361 = CARTESIAN_POINT('',(49.875019038106,9.786357472491,
    16.703894738222));
#8362 = CARTESIAN_POINT('',(49.750038076206,9.960090701791,
    16.657343059733));
#8363 = CARTESIAN_POINT('',(49.625057114315,10.133823931077,
    16.610791381247));
#8364 = CARTESIAN_POINT('',(49.500076152422,10.307557160368,
    16.56423970276));
#8365 = PCURVE('',#7116,#8366);
#8366 = DEFINITIONAL_REPRESENTATION('',(#8367),#8373);
#8367 = B_SPLINE_CURVE_WITH_KNOTS('',4,(#8368,#8369,#8370,#8371,#8372),
  .UNSPECIFIED.,.F.,.F.,(5,5),(0.,1.),.PIECEWISE_BEZIER_KNOTS.);
#8368 = CARTESIAN_POINT('',(0.,-0.5));
#8369 = CARTESIAN_POINT('',(5.26262424316,-0.372818449196));
#8370 = CARTESIAN_POINT('',(10.525248486621,-0.245636898385));
#8371 = CARTESIAN_POINT('',(15.787872729641,-0.118455347585));
#8372 = CARTESIAN_POINT('',(21.050496972801,8.726203218662E-03));
#8373 = ( GEOMETRIC_REPRESENTATION_CONTEXT(2) 
PARAMETRIC_REPRESENTATION_CONTEXT() REPRESENTATION_CONTEXT('2D SPACE',''
  ) );
#8374 = PCURVE('',#7658,#8375);
#8375 = DEFINITIONAL_REPRESENTATION('',(#8376),#8382);
#8376 = B_SPLINE_CURVE_WITH_KNOTS('',4,(#8377,#8378,#8379,#8380,#8381),
  .UNSPECIFIED.,.F.,.F.,(5,5),(0.,1.),.PIECEWISE_BEZIER_KNOTS.);
#8377 = CARTESIAN_POINT('',(3.6447948E-10,8.299999999982));
#8378 = CARTESIAN_POINT('',(2.562750000345,8.172818449178));
#8379 = CARTESIAN_POINT('',(5.125499999706,8.045636898405));
#8380 = CARTESIAN_POINT('',(7.688249999974,7.918455347587));
#8381 = CARTESIAN_POINT('',(10.250999999955,7.791273796784));
#8382 = ( GEOMETRIC_REPRESENTATION_CONTEXT(2) 
PARAMETRIC_REPRESENTATION_CONTEXT() REPRESENTATION_CONTEXT('2D SPACE',''
  ) );
#8383 = ORIENTED_EDGE('',*,*,#8384,.T.);
#8384 = EDGE_CURVE('',#8356,#8385,#8387,.T.);
#8385 = VERTEX_POINT('',#8386);
#8386 = CARTESIAN_POINT('',(49.500076152422,19.498830957149,
    0.644486500458));
#8387 = SURFACE_CURVE('',#8388,(#8394,#8401),.PCURVE_S1.);
#8388 = B_SPLINE_CURVE_WITH_KNOTS('',2,(#8389,#8390,#8391,#8392,#8393),
  .UNSPECIFIED.,.F.,.F.,(3,1,1,3),(-1.714,-1.3252484864,19.7252484864,
    20.114),.UNSPECIFIED.);
#8389 = CARTESIAN_POINT('',(49.500076152422,9.446194058758,
    18.056164358513));
#8390 = CARTESIAN_POINT('',(49.500076152422,9.543381937158,
    17.887830015244));
#8391 = CARTESIAN_POINT('',(49.500076152422,14.903194058758,
    8.604363101609));
#8392 = CARTESIAN_POINT('',(49.500076152422,20.263006180358,
    -0.679103812026));
#8393 = CARTESIAN_POINT('',(49.500076152422,20.360194058758,
    -0.847438155294));
#8394 = PCURVE('',#7116,#8395);
#8395 = DEFINITIONAL_REPRESENTATION('',(#8396),#8400);
#8396 = LINE('',#8397,#8398);
#8397 = CARTESIAN_POINT('',(21.050496972801,0.));
#8398 = VECTOR('',#8399,1.);
#8399 = DIRECTION('',(0.,1.));
#8400 = ( GEOMETRIC_REPRESENTATION_CONTEXT(2) 
PARAMETRIC_REPRESENTATION_CONTEXT() REPRESENTATION_CONTEXT('2D SPACE',''
  ) );
#8401 = PCURVE('',#8402,#8407);
#8402 = B_SPLINE_SURFACE_WITH_KNOTS('',1,1,(
    (#8403,#8404)
    ,(#8405,#8406
    )),.UNSPECIFIED.,.F.,.F.,.F.,(2,2),(2,2),(0.,18.4),(0.,1.),
  .PIECEWISE_BEZIER_KNOTS.);
#8403 = CARTESIAN_POINT('',(50.,10.295636945092,16.567433714817));
#8404 = CARTESIAN_POINT('',(42.,10.486389442026,16.516321737309));
#8405 = CARTESIAN_POINT('',(50.,19.495636945092,0.632566285183));
#8406 = CARTESIAN_POINT('',(42.,19.5467489226,0.823318782116));
#8407 = DEFINITIONAL_REPRESENTATION('',(#8408),#8412);
#8408 = B_SPLINE_CURVE_WITH_KNOTS('',2,(#8409,#8410,#8411),
  .UNSPECIFIED.,.F.,.F.,(3,3),(8.726203218652E-03,18.391273796781),
  .PIECEWISE_BEZIER_KNOTS.);
#8409 = CARTESIAN_POINT('',(4.07E-15,6.249048094728E-02));
#8410 = CARTESIAN_POINT('',(9.2,6.249048094728E-02));
#8411 = CARTESIAN_POINT('',(18.4,6.249048094728E-02));
#8412 = ( GEOMETRIC_REPRESENTATION_CONTEXT(2) 
PARAMETRIC_REPRESENTATION_CONTEXT() REPRESENTATION_CONTEXT('2D SPACE',''
  ) );
#8413 = ORIENTED_EDGE('',*,*,#8414,.F.);
#8414 = EDGE_CURVE('',#8415,#8385,#8417,.T.);
#8415 = VERTEX_POINT('',#8416);
#8416 = CARTESIAN_POINT('',(49.963709638564,19.326141319818,-5.E-15));
#8417 = SURFACE_CURVE('',#8418,(#8424,#8433),.PCURVE_S1.);
#8418 = B_SPLINE_CURVE_WITH_KNOTS('',4,(#8419,#8420,#8421,#8422,#8423),
  .UNSPECIFIED.,.F.,.F.,(5,5),(0.,1.),.PIECEWISE_BEZIER_KNOTS.);
#8419 = CARTESIAN_POINT('',(50.,19.3126242432,-5.044641670908E-02));
#8420 = CARTESIAN_POINT('',(49.875019038106,19.359175921687,
    0.123286812582));
#8421 = CARTESIAN_POINT('',(49.750038076206,19.405727600176,
    0.297020041881));
#8422 = CARTESIAN_POINT('',(49.625057114316,19.452279278662,
    0.470753271168));
#8423 = CARTESIAN_POINT('',(49.500076152422,19.498830957149,
    0.644486500458));
#8424 = PCURVE('',#7116,#8425);
#8425 = DEFINITIONAL_REPRESENTATION('',(#8426),#8432);
#8426 = B_SPLINE_CURVE_WITH_KNOTS('',4,(#8427,#8428,#8429,#8430,#8431),
  .UNSPECIFIED.,.F.,.F.,(5,5),(0.,1.),.PIECEWISE_BEZIER_KNOTS.);
#8427 = CARTESIAN_POINT('',(0.,18.9));
#8428 = CARTESIAN_POINT('',(5.262624243164,18.772818449196));
#8429 = CARTESIAN_POINT('',(10.525248486594,18.645636898386));
#8430 = CARTESIAN_POINT('',(15.787872729636,18.518455347585));
#8431 = CARTESIAN_POINT('',(21.050496972801,18.391273796781));
#8432 = ( GEOMETRIC_REPRESENTATION_CONTEXT(2) 
PARAMETRIC_REPRESENTATION_CONTEXT() REPRESENTATION_CONTEXT('2D SPACE',''
  ) );
#8433 = PCURVE('',#7606,#8434);
#8434 = DEFINITIONAL_REPRESENTATION('',(#8435),#8441);
#8435 = B_SPLINE_CURVE_WITH_KNOTS('',4,(#8436,#8437,#8438,#8439,#8440),
  .UNSPECIFIED.,.F.,.F.,(5,5),(0.,1.),.PIECEWISE_BEZIER_KNOTS.);
#8436 = CARTESIAN_POINT('',(3.3727998E-10,-0.499999999982));
#8437 = CARTESIAN_POINT('',(2.371500000321,-0.372818449178));
#8438 = CARTESIAN_POINT('',(4.742999999719,-0.245636898406));
#8439 = CARTESIAN_POINT('',(7.114499999974,-0.118455347587));
#8440 = CARTESIAN_POINT('',(9.485999999958,8.726203216374E-03));
#8441 = ( GEOMETRIC_REPRESENTATION_CONTEXT(2) 
PARAMETRIC_REPRESENTATION_CONTEXT() REPRESENTATION_CONTEXT('2D SPACE',''
  ) );
#8442 = ORIENTED_EDGE('',*,*,#8443,.F.);
#8443 = EDGE_CURVE('',#7097,#8415,#8444,.T.);
#8444 = SURFACE_CURVE('',#8445,(#8451,#8460),.PCURVE_S1.);
#8445 = B_SPLINE_CURVE_WITH_KNOTS('',4,(#8446,#8447,#8448,#8449,#8450),
  .UNSPECIFIED.,.F.,.F.,(5,5),(0.,1.),.PIECEWISE_BEZIER_KNOTS.);
#8446 = CARTESIAN_POINT('',(50.,19.283498990934,-8.41E-15));
#8447 = CARTESIAN_POINT('',(49.975136373622,19.312714542704,-2.459E-14)
  );
#8448 = CARTESIAN_POINT('',(49.950272747259,19.341930094456,-6.39E-15));
#8449 = CARTESIAN_POINT('',(49.925409120884,19.371145646222,-1.534E-14)
  );
#8450 = CARTESIAN_POINT('',(49.900545494512,19.400361197985,-1.654E-14)
  );
#8451 = PCURVE('',#7116,#8452);
#8452 = DEFINITIONAL_REPRESENTATION('',(#8453),#8459);
#8453 = B_SPLINE_CURVE_WITH_KNOTS('',4,(#8454,#8455,#8456,#8457,#8458),
  .UNSPECIFIED.,.F.,.F.,(5,5),(0.,1.),.PIECEWISE_BEZIER_KNOTS.);
#8454 = CARTESIAN_POINT('',(2.3389439E-10,18.84174949547));
#8455 = CARTESIAN_POINT('',(1.046942837697,18.856357271347));
#8456 = CARTESIAN_POINT('',(2.093885675813,18.870965047232));
#8457 = CARTESIAN_POINT('',(3.140828513435,18.885572823111));
#8458 = CARTESIAN_POINT('',(4.187771351198,18.900180598991));
#8459 = ( GEOMETRIC_REPRESENTATION_CONTEXT(2) 
PARAMETRIC_REPRESENTATION_CONTEXT() REPRESENTATION_CONTEXT('2D SPACE',''
  ) );
#8460 = PCURVE('',#7154,#8461);
#8461 = DEFINITIONAL_REPRESENTATION('',(#8462),#8468);
#8462 = B_SPLINE_CURVE_WITH_KNOTS('',4,(#8463,#8464,#8465,#8466,#8467),
  .UNSPECIFIED.,.F.,.F.,(5,5),(0.,1.),.PIECEWISE_BEZIER_KNOTS.);
#8463 = CARTESIAN_POINT('',(0.,-0.441749495467));
#8464 = CARTESIAN_POINT('',(1.046942838092,-0.456357271352));
#8465 = CARTESIAN_POINT('',(2.093885675531,-0.470965047228));
#8466 = CARTESIAN_POINT('',(3.140828513465,-0.485572823111));
#8467 = CARTESIAN_POINT('',(4.187771351257,-0.500180598992));
#8468 = ( GEOMETRIC_REPRESENTATION_CONTEXT(2) 
PARAMETRIC_REPRESENTATION_CONTEXT() REPRESENTATION_CONTEXT('2D SPACE',''
  ) );
#8469 = ORIENTED_EDGE('',*,*,#7096,.F.);
#8470 = ADVANCED_FACE('',(#8471),#7154,.F.);
#8471 = FACE_BOUND('',#8472,.F.);
#8472 = EDGE_LOOP('',(#8473,#8474,#8503,#8533,#8560,#8561));
#8473 = ORIENTED_EDGE('',*,*,#8443,.T.);
#8474 = ORIENTED_EDGE('',*,*,#8475,.T.);
#8475 = EDGE_CURVE('',#8415,#8476,#8478,.T.);
#8476 = VERTEX_POINT('',#8477);
#8477 = CARTESIAN_POINT('',(49.500076152422,19.498830957149,
    -0.644486500458));
#8478 = SURFACE_CURVE('',#8479,(#8485,#8494),.PCURVE_S1.);
#8479 = B_SPLINE_CURVE_WITH_KNOTS('',4,(#8480,#8481,#8482,#8483,#8484),
  .UNSPECIFIED.,.F.,.F.,(5,5),(0.,1.),.PIECEWISE_BEZIER_KNOTS.);
#8480 = CARTESIAN_POINT('',(50.,19.3126242432,5.044641670905E-02));
#8481 = CARTESIAN_POINT('',(49.875019038106,19.359175921687,
    -0.123286812581));
#8482 = CARTESIAN_POINT('',(49.750038076206,19.405727600176,
    -0.297020041882));
#8483 = CARTESIAN_POINT('',(49.625057114315,19.452279278662,
    -0.470753271168));
#8484 = CARTESIAN_POINT('',(49.500076152422,19.498830957149,
    -0.644486500458));
#8485 = PCURVE('',#7154,#8486);
#8486 = DEFINITIONAL_REPRESENTATION('',(#8487),#8493);
#8487 = B_SPLINE_CURVE_WITH_KNOTS('',4,(#8488,#8489,#8490,#8491,#8492),
  .UNSPECIFIED.,.F.,.F.,(5,5),(0.,1.),.PIECEWISE_BEZIER_KNOTS.);
#8488 = CARTESIAN_POINT('',(0.,-0.5));
#8489 = CARTESIAN_POINT('',(5.26262424316,-0.372818449196));
#8490 = CARTESIAN_POINT('',(10.525248486621,-0.245636898385));
#8491 = CARTESIAN_POINT('',(15.787872729641,-0.118455347585));
#8492 = CARTESIAN_POINT('',(21.050496972801,8.726203218662E-03));
#8493 = ( GEOMETRIC_REPRESENTATION_CONTEXT(2) 
PARAMETRIC_REPRESENTATION_CONTEXT() REPRESENTATION_CONTEXT('2D SPACE',''
  ) );
#8494 = PCURVE('',#7580,#8495);
#8495 = DEFINITIONAL_REPRESENTATION('',(#8496),#8502);
#8496 = B_SPLINE_CURVE_WITH_KNOTS('',4,(#8497,#8498,#8499,#8500,#8501),
  .UNSPECIFIED.,.F.,.F.,(5,5),(0.,1.),.PIECEWISE_BEZIER_KNOTS.);
#8497 = CARTESIAN_POINT('',(3.6447948E-10,8.299999999982));
#8498 = CARTESIAN_POINT('',(2.562750000345,8.172818449178));
#8499 = CARTESIAN_POINT('',(5.125499999706,8.045636898405));
#8500 = CARTESIAN_POINT('',(7.688249999974,7.918455347587));
#8501 = CARTESIAN_POINT('',(10.250999999955,7.791273796784));
#8502 = ( GEOMETRIC_REPRESENTATION_CONTEXT(2) 
PARAMETRIC_REPRESENTATION_CONTEXT() REPRESENTATION_CONTEXT('2D SPACE',''
  ) );
#8503 = ORIENTED_EDGE('',*,*,#8504,.T.);
#8504 = EDGE_CURVE('',#8476,#8505,#8507,.T.);
#8505 = VERTEX_POINT('',#8506);
#8506 = CARTESIAN_POINT('',(49.500076152422,10.307557160368,
    -16.56423970276));
#8507 = SURFACE_CURVE('',#8508,(#8514,#8521),.PCURVE_S1.);
#8508 = B_SPLINE_CURVE_WITH_KNOTS('',2,(#8509,#8510,#8511,#8512,#8513),
  .UNSPECIFIED.,.F.,.F.,(3,1,1,3),(-1.714,-1.3252484864,19.7252484864,
    20.114),.UNSPECIFIED.);
#8509 = CARTESIAN_POINT('',(49.500076152422,20.360194058758,
    0.847438155294));
#8510 = CARTESIAN_POINT('',(49.500076152422,20.263006180358,
    0.679103812026));
#8511 = CARTESIAN_POINT('',(49.500076152422,14.903194058758,
    -8.604363101609));
#8512 = CARTESIAN_POINT('',(49.500076152422,9.543381937158,
    -17.88783001524));
#8513 = CARTESIAN_POINT('',(49.500076152422,9.446194058758,
    -18.05616435851));
#8514 = PCURVE('',#7154,#8515);
#8515 = DEFINITIONAL_REPRESENTATION('',(#8516),#8520);
#8516 = LINE('',#8517,#8518);
#8517 = CARTESIAN_POINT('',(21.050496972801,0.));
#8518 = VECTOR('',#8519,1.);
#8519 = DIRECTION('',(0.,1.));
#8520 = ( GEOMETRIC_REPRESENTATION_CONTEXT(2) 
PARAMETRIC_REPRESENTATION_CONTEXT() REPRESENTATION_CONTEXT('2D SPACE',''
  ) );
#8521 = PCURVE('',#8522,#8527);
#8522 = B_SPLINE_SURFACE_WITH_KNOTS('',1,1,(
    (#8523,#8524)
    ,(#8525,#8526
    )),.UNSPECIFIED.,.F.,.F.,.F.,(2,2),(2,2),(0.,18.4),(0.,1.),
  .PIECEWISE_BEZIER_KNOTS.);
#8523 = CARTESIAN_POINT('',(50.,19.495636945092,-0.632566285183));
#8524 = CARTESIAN_POINT('',(42.,19.5467489226,-0.823318782116));
#8525 = CARTESIAN_POINT('',(50.,10.295636945092,-16.56743371481));
#8526 = CARTESIAN_POINT('',(42.,10.486389442026,-16.5163217373));
#8527 = DEFINITIONAL_REPRESENTATION('',(#8528),#8532);
#8528 = B_SPLINE_CURVE_WITH_KNOTS('',2,(#8529,#8530,#8531),
  .UNSPECIFIED.,.F.,.F.,(3,3),(8.726203218652E-03,18.391273796781),
  .PIECEWISE_BEZIER_KNOTS.);
#8529 = CARTESIAN_POINT('',(0.,6.249048094728E-02));
#8530 = CARTESIAN_POINT('',(9.2,6.249048094728E-02));
#8531 = CARTESIAN_POINT('',(18.4,6.249048094728E-02));
#8532 = ( GEOMETRIC_REPRESENTATION_CONTEXT(2) 
PARAMETRIC_REPRESENTATION_CONTEXT() REPRESENTATION_CONTEXT('2D SPACE',''
  ) );
#8533 = ORIENTED_EDGE('',*,*,#8534,.F.);
#8534 = EDGE_CURVE('',#8235,#8505,#8535,.T.);
#8535 = SURFACE_CURVE('',#8536,(#8542,#8551),.PCURVE_S1.);
#8536 = B_SPLINE_CURVE_WITH_KNOTS('',4,(#8537,#8538,#8539,#8540,#8541),
  .UNSPECIFIED.,.F.,.F.,(5,5),(0.,1.),.PIECEWISE_BEZIER_KNOTS.);
#8537 = CARTESIAN_POINT('',(50.,9.6126242432,-16.7504464167));
#8538 = CARTESIAN_POINT('',(49.875019038106,9.786357472491,
    -16.70389473822));
#8539 = CARTESIAN_POINT('',(49.750038076206,9.96009070179,
    -16.65734305973));
#8540 = CARTESIAN_POINT('',(49.625057114315,10.133823931077,
    -16.61079138124));
#8541 = CARTESIAN_POINT('',(49.500076152422,10.307557160368,
    -16.56423970276));
#8542 = PCURVE('',#7154,#8543);
#8543 = DEFINITIONAL_REPRESENTATION('',(#8544),#8550);
#8544 = B_SPLINE_CURVE_WITH_KNOTS('',4,(#8545,#8546,#8547,#8548,#8549),
  .UNSPECIFIED.,.F.,.F.,(5,5),(0.,1.),.PIECEWISE_BEZIER_KNOTS.);
#8545 = CARTESIAN_POINT('',(0.,18.9));
#8546 = CARTESIAN_POINT('',(5.262624243164,18.772818449196));
#8547 = CARTESIAN_POINT('',(10.525248486594,18.645636898386));
#8548 = CARTESIAN_POINT('',(15.787872729636,18.518455347585));
#8549 = CARTESIAN_POINT('',(21.050496972801,18.391273796781));
#8550 = ( GEOMETRIC_REPRESENTATION_CONTEXT(2) 
PARAMETRIC_REPRESENTATION_CONTEXT() REPRESENTATION_CONTEXT('2D SPACE',''
  ) );
#8551 = PCURVE('',#7528,#8552);
#8552 = DEFINITIONAL_REPRESENTATION('',(#8553),#8559);
#8553 = B_SPLINE_CURVE_WITH_KNOTS('',4,(#8554,#8555,#8556,#8557,#8558),
  .UNSPECIFIED.,.F.,.F.,(5,5),(0.,1.),.PIECEWISE_BEZIER_KNOTS.);
#8554 = CARTESIAN_POINT('',(3.3727998E-10,-0.499999999982));
#8555 = CARTESIAN_POINT('',(2.371500000321,-0.372818449178));
#8556 = CARTESIAN_POINT('',(4.742999999719,-0.245636898406));
#8557 = CARTESIAN_POINT('',(7.114499999974,-0.118455347587));
#8558 = CARTESIAN_POINT('',(9.485999999958,8.726203216374E-03));
#8559 = ( GEOMETRIC_REPRESENTATION_CONTEXT(2) 
PARAMETRIC_REPRESENTATION_CONTEXT() REPRESENTATION_CONTEXT('2D SPACE',''
  ) );
#8560 = ORIENTED_EDGE('',*,*,#8234,.F.);
#8561 = ORIENTED_EDGE('',*,*,#7134,.F.);
#8562 = ADVANCED_FACE('',(#8563),#7268,.F.);
#8563 = FACE_BOUND('',#8564,.F.);
#8564 = EDGE_LOOP('',(#8565,#8566,#8586,#8610,#8611));
#8565 = ORIENTED_EDGE('',*,*,#7252,.F.);
#8566 = ORIENTED_EDGE('',*,*,#8567,.T.);
#8567 = EDGE_CURVE('',#7253,#8568,#8570,.T.);
#8568 = VERTEX_POINT('',#8569);
#8569 = CARTESIAN_POINT('',(49.500076152422,-9.191273796781,
    24.991273796781));
#8570 = SURFACE_CURVE('',#8571,(#8574,#8580),.PCURVE_S1.);
#8571 = B_SPLINE_CURVE_WITH_KNOTS('',1,(#8572,#8573),.UNSPECIFIED.,.F.,
  .F.,(2,2),(0.,1.),.PIECEWISE_BEZIER_KNOTS.);
#8572 = CARTESIAN_POINT('',(50.,-9.7,25.5));
#8573 = CARTESIAN_POINT('',(49.500076152422,-9.191273796781,
    24.991273796781));
#8574 = PCURVE('',#7268,#8575);
#8575 = DEFINITIONAL_REPRESENTATION('',(#8576),#8579);
#8576 = B_SPLINE_CURVE_WITH_KNOTS('',1,(#8577,#8578),.UNSPECIFIED.,.F.,
  .F.,(2,2),(0.,1.),.PIECEWISE_BEZIER_KNOTS.);
#8577 = CARTESIAN_POINT('',(0.,-0.5));
#8578 = CARTESIAN_POINT('',(10.251,8.72620321864E-03));
#8579 = ( GEOMETRIC_REPRESENTATION_CONTEXT(2) 
PARAMETRIC_REPRESENTATION_CONTEXT() REPRESENTATION_CONTEXT('2D SPACE',''
  ) );
#8580 = PCURVE('',#7708,#8581);
#8581 = DEFINITIONAL_REPRESENTATION('',(#8582),#8585);
#8582 = B_SPLINE_CURVE_WITH_KNOTS('',1,(#8583,#8584),.UNSPECIFIED.,.F.,
  .F.,(2,2),(0.,1.),.PIECEWISE_BEZIER_KNOTS.);
#8583 = CARTESIAN_POINT('',(1.9362026E-10,18.899999999995));
#8584 = CARTESIAN_POINT('',(21.062999999351,18.391273796797));
#8585 = ( GEOMETRIC_REPRESENTATION_CONTEXT(2) 
PARAMETRIC_REPRESENTATION_CONTEXT() REPRESENTATION_CONTEXT('2D SPACE',''
  ) );
#8586 = ORIENTED_EDGE('',*,*,#8587,.T.);
#8587 = EDGE_CURVE('',#8568,#8114,#8588,.T.);
#8588 = SURFACE_CURVE('',#8589,(#8592,#8599),.PCURVE_S1.);
#8589 = B_SPLINE_CURVE_WITH_KNOTS('',1,(#8590,#8591),.UNSPECIFIED.,.F.,
  .F.,(2,2),(-1.6005,8.6505),.PIECEWISE_BEZIER_KNOTS.);
#8590 = CARTESIAN_POINT('',(49.500076152422,-9.191273796781,26.6005));
#8591 = CARTESIAN_POINT('',(49.500076152422,-9.191273796781,16.3495));
#8592 = PCURVE('',#7268,#8593);
#8593 = DEFINITIONAL_REPRESENTATION('',(#8594),#8598);
#8594 = LINE('',#8595,#8596);
#8595 = CARTESIAN_POINT('',(10.251,0.));
#8596 = VECTOR('',#8597,1.);
#8597 = DIRECTION('',(0.,1.));
#8598 = ( GEOMETRIC_REPRESENTATION_CONTEXT(2) 
PARAMETRIC_REPRESENTATION_CONTEXT() REPRESENTATION_CONTEXT('2D SPACE',''
  ) );
#8599 = PCURVE('',#8600,#8605);
#8600 = B_SPLINE_SURFACE_WITH_KNOTS('',1,1,(
    (#8601,#8602)
    ,(#8603,#8604
    )),.UNSPECIFIED.,.F.,.F.,.F.,(2,2),(2,2),(0.,7.8),(0.,1.),
  .PIECEWISE_BEZIER_KNOTS.);
#8601 = CARTESIAN_POINT('',(50.,-9.2,25.));
#8602 = CARTESIAN_POINT('',(42.,-9.060359480574,24.860359480574));
#8603 = CARTESIAN_POINT('',(50.,-9.2,17.2));
#8604 = CARTESIAN_POINT('',(42.,-9.060359480574,17.339640519426));
#8605 = DEFINITIONAL_REPRESENTATION('',(#8606),#8609);
#8606 = B_SPLINE_CURVE_WITH_KNOTS('',1,(#8607,#8608),.UNSPECIFIED.,.F.,
  .F.,(2,2),(-1.6005,8.6505),.PIECEWISE_BEZIER_KNOTS.);
#8607 = CARTESIAN_POINT('',(-1.612834901965,6.249048094727E-02));
#8608 = CARTESIAN_POINT('',(8.661153022777,6.249048094727E-02));
#8609 = ( GEOMETRIC_REPRESENTATION_CONTEXT(2) 
PARAMETRIC_REPRESENTATION_CONTEXT() REPRESENTATION_CONTEXT('2D SPACE',''
  ) );
#8610 = ORIENTED_EDGE('',*,*,#8113,.F.);
#8611 = ORIENTED_EDGE('',*,*,#8612,.T.);
#8612 = EDGE_CURVE('',#7933,#7255,#8613,.T.);
#8613 = SURFACE_CURVE('',#8614,(#8617,#8623),.PCURVE_S1.);
#8614 = B_SPLINE_CURVE_WITH_KNOTS('',1,(#8615,#8616),.UNSPECIFIED.,.F.,
  .F.,(2,2),(0.,1.),.PIECEWISE_BEZIER_KNOTS.);
#8615 = CARTESIAN_POINT('',(49.94265492388,-9.64164522659,
    16.699819401008));
#8616 = CARTESIAN_POINT('',(50.,-9.7,16.800892833418));
#8617 = PCURVE('',#7268,#8618);
#8618 = DEFINITIONAL_REPRESENTATION('',(#8619),#8622);
#8619 = B_SPLINE_CURVE_WITH_KNOTS('',1,(#8620,#8621),.UNSPECIFIED.,.F.,
  .F.,(2,2),(0.,1.),.PIECEWISE_BEZIER_KNOTS.);
#8620 = CARTESIAN_POINT('',(1.175867840976,8.300180598992));
#8621 = CARTESIAN_POINT('',(0.,8.199107166582));
#8622 = ( GEOMETRIC_REPRESENTATION_CONTEXT(2) 
PARAMETRIC_REPRESENTATION_CONTEXT() REPRESENTATION_CONTEXT('2D SPACE',''
  ) );
#8623 = PCURVE('',#7294,#8624);
#8624 = DEFINITIONAL_REPRESENTATION('',(#8625),#8628);
#8625 = B_SPLINE_CURVE_WITH_KNOTS('',1,(#8626,#8627),.UNSPECIFIED.,.F.,
  .F.,(2,2),(0.,1.),.PIECEWISE_BEZIER_KNOTS.);
#8626 = CARTESIAN_POINT('',(1.088116509437,-0.500180598981));
#8627 = CARTESIAN_POINT('',(1.86794225E-09,-0.399107166755));
#8628 = ( GEOMETRIC_REPRESENTATION_CONTEXT(2) 
PARAMETRIC_REPRESENTATION_CONTEXT() REPRESENTATION_CONTEXT('2D SPACE',''
  ) );
#8629 = ADVANCED_FACE('',(#8630),#7708,.F.);
#8630 = FACE_BOUND('',#8631,.F.);
#8631 = EDGE_LOOP('',(#8632,#8652,#8676,#8677));
#8632 = ORIENTED_EDGE('',*,*,#8633,.T.);
#8633 = EDGE_CURVE('',#7671,#8634,#8636,.T.);
#8634 = VERTEX_POINT('',#8635);
#8635 = CARTESIAN_POINT('',(49.500076152422,9.191273796781,
    24.991273796781));
#8636 = SURFACE_CURVE('',#8637,(#8640,#8646),.PCURVE_S1.);
#8637 = B_SPLINE_CURVE_WITH_KNOTS('',1,(#8638,#8639),.UNSPECIFIED.,.F.,
  .F.,(2,2),(0.,1.),.PIECEWISE_BEZIER_KNOTS.);
#8638 = CARTESIAN_POINT('',(50.,9.7,25.5));
#8639 = CARTESIAN_POINT('',(49.500076152422,9.191273796781,
    24.991273796781));
#8640 = PCURVE('',#7708,#8641);
#8641 = DEFINITIONAL_REPRESENTATION('',(#8642),#8645);
#8642 = B_SPLINE_CURVE_WITH_KNOTS('',1,(#8643,#8644),.UNSPECIFIED.,.F.,
  .F.,(2,2),(0.,1.),.PIECEWISE_BEZIER_KNOTS.);
#8643 = CARTESIAN_POINT('',(0.,-0.5));
#8644 = CARTESIAN_POINT('',(21.063,8.726203218658E-03));
#8645 = ( GEOMETRIC_REPRESENTATION_CONTEXT(2) 
PARAMETRIC_REPRESENTATION_CONTEXT() REPRESENTATION_CONTEXT('2D SPACE',''
  ) );
#8646 = PCURVE('',#7684,#8647);
#8647 = DEFINITIONAL_REPRESENTATION('',(#8648),#8651);
#8648 = B_SPLINE_CURVE_WITH_KNOTS('',1,(#8649,#8650),.UNSPECIFIED.,.F.,
  .F.,(2,2),(0.,1.),.PIECEWISE_BEZIER_KNOTS.);
#8649 = CARTESIAN_POINT('',(1.3552688E-10,8.299999999993));
#8650 = CARTESIAN_POINT('',(9.485999999756,7.791273796794));
#8651 = ( GEOMETRIC_REPRESENTATION_CONTEXT(2) 
PARAMETRIC_REPRESENTATION_CONTEXT() REPRESENTATION_CONTEXT('2D SPACE',''
  ) );
#8652 = ORIENTED_EDGE('',*,*,#8653,.T.);
#8653 = EDGE_CURVE('',#8634,#8568,#8654,.T.);
#8654 = SURFACE_CURVE('',#8655,(#8658,#8665),.PCURVE_S1.);
#8655 = B_SPLINE_CURVE_WITH_KNOTS('',1,(#8656,#8657),.UNSPECIFIED.,.F.,
  .F.,(2,2),(-1.7065,19.3565),.PIECEWISE_BEZIER_KNOTS.);
#8656 = CARTESIAN_POINT('',(49.500076152422,10.9065,24.991273796781));
#8657 = CARTESIAN_POINT('',(49.500076152422,-10.1565,24.991273796781));
#8658 = PCURVE('',#7708,#8659);
#8659 = DEFINITIONAL_REPRESENTATION('',(#8660),#8664);
#8660 = LINE('',#8661,#8662);
#8661 = CARTESIAN_POINT('',(21.063,0.));
#8662 = VECTOR('',#8663,1.);
#8663 = DIRECTION('',(0.,1.));
#8664 = ( GEOMETRIC_REPRESENTATION_CONTEXT(2) 
PARAMETRIC_REPRESENTATION_CONTEXT() REPRESENTATION_CONTEXT('2D SPACE',''
  ) );
#8665 = PCURVE('',#8666,#8671);
#8666 = B_SPLINE_SURFACE_WITH_KNOTS('',1,1,(
    (#8667,#8668)
    ,(#8669,#8670
    )),.UNSPECIFIED.,.F.,.F.,.F.,(2,2),(2,2),(0.,18.4),(0.,1.),
  .PIECEWISE_BEZIER_KNOTS.);
#8667 = CARTESIAN_POINT('',(50.,9.2,25.));
#8668 = CARTESIAN_POINT('',(42.,9.060359480574,24.860359480574));
#8669 = CARTESIAN_POINT('',(50.,-9.2,25.));
#8670 = CARTESIAN_POINT('',(42.,-9.060359480574,24.860359480574));
#8671 = DEFINITIONAL_REPRESENTATION('',(#8672),#8675);
#8672 = B_SPLINE_CURVE_WITH_KNOTS('',1,(#8673,#8674),.UNSPECIFIED.,.F.,
  .F.,(2,2),(-1.7065,19.3565),.PIECEWISE_BEZIER_KNOTS.);
#8673 = CARTESIAN_POINT('',(-1.716854640446,6.249048094728E-02));
#8674 = CARTESIAN_POINT('',(19.366142589803,6.249048094728E-02));
#8675 = ( GEOMETRIC_REPRESENTATION_CONTEXT(2) 
PARAMETRIC_REPRESENTATION_CONTEXT() REPRESENTATION_CONTEXT('2D SPACE',''
  ) );
#8676 = ORIENTED_EDGE('',*,*,#8567,.F.);
#8677 = ORIENTED_EDGE('',*,*,#7696,.F.);
#8678 = ADVANCED_FACE('',(#8679),#7684,.F.);
#8679 = FACE_BOUND('',#8680,.F.);
#8680 = EDGE_LOOP('',(#8681,#8699,#8700,#8724,#8725));
#8681 = ORIENTED_EDGE('',*,*,#8682,.T.);
#8682 = EDGE_CURVE('',#7645,#8172,#8683,.T.);
#8683 = SURFACE_CURVE('',#8684,(#8687,#8693),.PCURVE_S1.);
#8684 = B_SPLINE_CURVE_WITH_KNOTS('',1,(#8685,#8686),.UNSPECIFIED.,.F.,
  .F.,(2,2),(0.,1.),.PIECEWISE_BEZIER_KNOTS.);
#8685 = CARTESIAN_POINT('',(50.,9.7,16.800892833418));
#8686 = CARTESIAN_POINT('',(49.94265492388,9.64164522659,16.699819401008
    ));
#8687 = PCURVE('',#7684,#8688);
#8688 = DEFINITIONAL_REPRESENTATION('',(#8689),#8692);
#8689 = B_SPLINE_CURVE_WITH_KNOTS('',1,(#8690,#8691),.UNSPECIFIED.,.F.,
  .F.,(2,2),(0.,1.),.PIECEWISE_BEZIER_KNOTS.);
#8690 = CARTESIAN_POINT('',(0.,-0.399107166582));
#8691 = CARTESIAN_POINT('',(1.08811650956,-0.500180598992));
#8692 = ( GEOMETRIC_REPRESENTATION_CONTEXT(2) 
PARAMETRIC_REPRESENTATION_CONTEXT() REPRESENTATION_CONTEXT('2D SPACE',''
  ) );
#8693 = PCURVE('',#7658,#8694);
#8694 = DEFINITIONAL_REPRESENTATION('',(#8695),#8698);
#8695 = B_SPLINE_CURVE_WITH_KNOTS('',1,(#8696,#8697),.UNSPECIFIED.,.F.,
  .F.,(2,2),(0.,1.),.PIECEWISE_BEZIER_KNOTS.);
#8696 = CARTESIAN_POINT('',(2.01290907E-09,8.199107166755));
#8697 = CARTESIAN_POINT('',(1.175867840937,8.300180598989));
#8698 = ( GEOMETRIC_REPRESENTATION_CONTEXT(2) 
PARAMETRIC_REPRESENTATION_CONTEXT() REPRESENTATION_CONTEXT('2D SPACE',''
  ) );
#8699 = ORIENTED_EDGE('',*,*,#8171,.T.);
#8700 = ORIENTED_EDGE('',*,*,#8701,.T.);
#8701 = EDGE_CURVE('',#8143,#8634,#8702,.T.);
#8702 = SURFACE_CURVE('',#8703,(#8706,#8713),.PCURVE_S1.);
#8703 = B_SPLINE_CURVE_WITH_KNOTS('',1,(#8704,#8705),.UNSPECIFIED.,.F.,
  .F.,(2,2),(-0.843,8.643),.PIECEWISE_BEZIER_KNOTS.);
#8704 = CARTESIAN_POINT('',(49.500076152422,9.191273796781,16.357));
#8705 = CARTESIAN_POINT('',(49.500076152422,9.191273796781,25.843));
#8706 = PCURVE('',#7684,#8707);
#8707 = DEFINITIONAL_REPRESENTATION('',(#8708),#8712);
#8708 = LINE('',#8709,#8710);
#8709 = CARTESIAN_POINT('',(9.486,0.));
#8710 = VECTOR('',#8711,1.);
#8711 = DIRECTION('',(0.,1.));
#8712 = ( GEOMETRIC_REPRESENTATION_CONTEXT(2) 
PARAMETRIC_REPRESENTATION_CONTEXT() REPRESENTATION_CONTEXT('2D SPACE',''
  ) );
#8713 = PCURVE('',#8714,#8719);
#8714 = B_SPLINE_SURFACE_WITH_KNOTS('',1,1,(
    (#8715,#8716)
    ,(#8717,#8718
    )),.UNSPECIFIED.,.F.,.F.,.F.,(2,2),(2,2),(0.,7.8),(0.,1.),
  .PIECEWISE_BEZIER_KNOTS.);
#8715 = CARTESIAN_POINT('',(50.,9.2,17.2));
#8716 = CARTESIAN_POINT('',(42.,9.060359480574,17.339640519426));
#8717 = CARTESIAN_POINT('',(50.,9.2,25.));
#8718 = CARTESIAN_POINT('',(42.,9.060359480574,24.860359480574));
#8719 = DEFINITIONAL_REPRESENTATION('',(#8720),#8723);
#8720 = B_SPLINE_CURVE_WITH_KNOTS('',1,(#8721,#8722),.UNSPECIFIED.,.F.,
  .F.,(2,2),(-0.843,8.643),.PIECEWISE_BEZIER_KNOTS.);
#8721 = CARTESIAN_POINT('',(-0.853636203986,6.249048094727E-02));
#8722 = CARTESIAN_POINT('',(8.653636203986,6.249048094727E-02));
#8723 = ( GEOMETRIC_REPRESENTATION_CONTEXT(2) 
PARAMETRIC_REPRESENTATION_CONTEXT() REPRESENTATION_CONTEXT('2D SPACE',''
  ) );
#8724 = ORIENTED_EDGE('',*,*,#8633,.F.);
#8725 = ORIENTED_EDGE('',*,*,#7670,.F.);
#8726 = ADVANCED_FACE('',(#8727),#7658,.F.);
#8727 = FACE_BOUND('',#8728,.F.);
#8728 = EDGE_LOOP('',(#8729,#8730,#8750,#8775,#8776));
#8729 = ORIENTED_EDGE('',*,*,#7644,.F.);
#8730 = ORIENTED_EDGE('',*,*,#8731,.T.);
#8731 = EDGE_CURVE('',#7619,#8732,#8734,.T.);
#8732 = VERTEX_POINT('',#8733);
#8733 = CARTESIAN_POINT('',(49.500076152422,17.047441082554,
    20.455513499542));
#8734 = SURFACE_CURVE('',#8735,(#8738,#8744),.PCURVE_S1.);
#8735 = B_SPLINE_CURVE_WITH_KNOTS('',1,(#8736,#8737),.UNSPECIFIED.,.F.,
  .F.,(2,2),(0.,1.),.PIECEWISE_BEZIER_KNOTS.);
#8736 = CARTESIAN_POINT('',(50.,17.233647796503,21.150446416709));
#8737 = CARTESIAN_POINT('',(49.500076152422,17.047441082554,
    20.455513499542));
#8738 = PCURVE('',#7658,#8739);
#8739 = DEFINITIONAL_REPRESENTATION('',(#8740),#8743);
#8740 = B_SPLINE_CURVE_WITH_KNOTS('',1,(#8741,#8742),.UNSPECIFIED.,.F.,
  .F.,(2,2),(0.,1.),.PIECEWISE_BEZIER_KNOTS.);
#8741 = CARTESIAN_POINT('',(0.,-0.5));
#8742 = CARTESIAN_POINT('',(10.251,8.72620321864E-03));
#8743 = ( GEOMETRIC_REPRESENTATION_CONTEXT(2) 
PARAMETRIC_REPRESENTATION_CONTEXT() REPRESENTATION_CONTEXT('2D SPACE',''
  ) );
#8744 = PCURVE('',#7632,#8745);
#8745 = DEFINITIONAL_REPRESENTATION('',(#8746),#8749);
#8746 = B_SPLINE_CURVE_WITH_KNOTS('',1,(#8747,#8748),.UNSPECIFIED.,.F.,
  .F.,(2,2),(0.,1.),.PIECEWISE_BEZIER_KNOTS.);
#8747 = CARTESIAN_POINT('',(1.9362026E-10,18.899999999995));
#8748 = CARTESIAN_POINT('',(21.062999999351,18.391273796797));
#8749 = ( GEOMETRIC_REPRESENTATION_CONTEXT(2) 
PARAMETRIC_REPRESENTATION_CONTEXT() REPRESENTATION_CONTEXT('2D SPACE',''
  ) );
#8750 = ORIENTED_EDGE('',*,*,#8751,.T.);
#8751 = EDGE_CURVE('',#8732,#8356,#8752,.T.);
#8752 = SURFACE_CURVE('',#8753,(#8756,#8763),.PCURVE_S1.);
#8753 = B_SPLINE_CURVE_WITH_KNOTS('',1,(#8754,#8755),.UNSPECIFIED.,.F.,
  .F.,(2,2),(-1.6005,8.6505),.PIECEWISE_BEZIER_KNOTS.);
#8754 = CARTESIAN_POINT('',(49.500076152422,18.441071854977,
    21.260126601151));
#8755 = CARTESIAN_POINT('',(49.500076152422,9.563445440783,
    16.134626601151));
#8756 = PCURVE('',#7658,#8757);
#8757 = DEFINITIONAL_REPRESENTATION('',(#8758),#8762);
#8758 = LINE('',#8759,#8760);
#8759 = CARTESIAN_POINT('',(10.251,0.));
#8760 = VECTOR('',#8761,1.);
#8761 = DIRECTION('',(0.,1.));
#8762 = ( GEOMETRIC_REPRESENTATION_CONTEXT(2) 
PARAMETRIC_REPRESENTATION_CONTEXT() REPRESENTATION_CONTEXT('2D SPACE',''
  ) );
#8763 = PCURVE('',#8764,#8769);
#8764 = B_SPLINE_SURFACE_WITH_KNOTS('',1,1,(
    (#8765,#8766)
    ,(#8767,#8768
    )),.UNSPECIFIED.,.F.,.F.,.F.,(2,2),(2,2),(0.,7.8),(0.,1.),
  .PIECEWISE_BEZIER_KNOTS.);
#8765 = CARTESIAN_POINT('',(50.,17.050635094611,20.467433714817));
#8766 = CARTESIAN_POINT('',(42.,16.999523117104,20.276681217884));
#8767 = CARTESIAN_POINT('',(50.,10.295636945092,16.567433714817));
#8768 = CARTESIAN_POINT('',(42.,10.486389442026,16.516321737309));
#8769 = DEFINITIONAL_REPRESENTATION('',(#8770),#8774);
#8770 = B_SPLINE_CURVE_WITH_KNOTS('',2,(#8771,#8772,#8773),
  .UNSPECIFIED.,.F.,.F.,(3,3),(8.726203218651E-03,7.791273796781),
  .PIECEWISE_BEZIER_KNOTS.);
#8771 = CARTESIAN_POINT('',(2.72E-15,6.249048094727E-02));
#8772 = CARTESIAN_POINT('',(3.9,6.249048094727E-02));
#8773 = CARTESIAN_POINT('',(7.8,6.249048094727E-02));
#8774 = ( GEOMETRIC_REPRESENTATION_CONTEXT(2) 
PARAMETRIC_REPRESENTATION_CONTEXT() REPRESENTATION_CONTEXT('2D SPACE',''
  ) );
#8775 = ORIENTED_EDGE('',*,*,#8355,.F.);
#8776 = ORIENTED_EDGE('',*,*,#8682,.F.);
#8777 = ADVANCED_FACE('',(#8778),#7632,.F.);
#8778 = FACE_BOUND('',#8779,.F.);
#8779 = EDGE_LOOP('',(#8780,#8800,#8825,#8826));
#8780 = ORIENTED_EDGE('',*,*,#8781,.T.);
#8781 = EDGE_CURVE('',#7593,#8782,#8784,.T.);
#8782 = VERTEX_POINT('',#8783);
#8783 = CARTESIAN_POINT('',(49.500076152422,26.238714879336,
    4.53576029724));
#8784 = SURFACE_CURVE('',#8785,(#8788,#8794),.PCURVE_S1.);
#8785 = B_SPLINE_CURVE_WITH_KNOTS('',1,(#8786,#8787),.UNSPECIFIED.,.F.,
  .F.,(2,2),(0.,1.),.PIECEWISE_BEZIER_KNOTS.);
#8786 = CARTESIAN_POINT('',(50.,26.933647796503,4.349553583291));
#8787 = CARTESIAN_POINT('',(49.500076152422,26.238714879336,
    4.53576029724));
#8788 = PCURVE('',#7632,#8789);
#8789 = DEFINITIONAL_REPRESENTATION('',(#8790),#8793);
#8790 = B_SPLINE_CURVE_WITH_KNOTS('',1,(#8791,#8792),.UNSPECIFIED.,.F.,
  .F.,(2,2),(0.,1.),.PIECEWISE_BEZIER_KNOTS.);
#8791 = CARTESIAN_POINT('',(0.,-0.5));
#8792 = CARTESIAN_POINT('',(21.063,8.726203218658E-03));
#8793 = ( GEOMETRIC_REPRESENTATION_CONTEXT(2) 
PARAMETRIC_REPRESENTATION_CONTEXT() REPRESENTATION_CONTEXT('2D SPACE',''
  ) );
#8794 = PCURVE('',#7606,#8795);
#8795 = DEFINITIONAL_REPRESENTATION('',(#8796),#8799);
#8796 = B_SPLINE_CURVE_WITH_KNOTS('',1,(#8797,#8798),.UNSPECIFIED.,.F.,
  .F.,(2,2),(0.,1.),.PIECEWISE_BEZIER_KNOTS.);
#8797 = CARTESIAN_POINT('',(1.3552688E-10,8.299999999993));
#8798 = CARTESIAN_POINT('',(9.485999999756,7.791273796794));
#8799 = ( GEOMETRIC_REPRESENTATION_CONTEXT(2) 
PARAMETRIC_REPRESENTATION_CONTEXT() REPRESENTATION_CONTEXT('2D SPACE',''
  ) );
#8800 = ORIENTED_EDGE('',*,*,#8801,.T.);
#8801 = EDGE_CURVE('',#8782,#8732,#8802,.T.);
#8802 = SURFACE_CURVE('',#8803,(#8806,#8813),.PCURVE_S1.);
#8803 = B_SPLINE_CURVE_WITH_KNOTS('',1,(#8804,#8805),.UNSPECIFIED.,.F.,
  .F.,(2,2),(-1.7065,19.3565),.PIECEWISE_BEZIER_KNOTS.);
#8804 = CARTESIAN_POINT('',(49.500076152422,27.096327980945,
    3.050330832016));
#8805 = CARTESIAN_POINT('',(49.500076152422,16.564827980945,
    21.291423911927));
#8806 = PCURVE('',#7632,#8807);
#8807 = DEFINITIONAL_REPRESENTATION('',(#8808),#8812);
#8808 = LINE('',#8809,#8810);
#8809 = CARTESIAN_POINT('',(21.063,0.));
#8810 = VECTOR('',#8811,1.);
#8811 = DIRECTION('',(0.,1.));
#8812 = ( GEOMETRIC_REPRESENTATION_CONTEXT(2) 
PARAMETRIC_REPRESENTATION_CONTEXT() REPRESENTATION_CONTEXT('2D SPACE',''
  ) );
#8813 = PCURVE('',#8814,#8819);
#8814 = B_SPLINE_SURFACE_WITH_KNOTS('',1,1,(
    (#8815,#8816)
    ,(#8817,#8818
    )),.UNSPECIFIED.,.F.,.F.,.F.,(2,2),(2,2),(0.,18.4),(0.,1.),
  .PIECEWISE_BEZIER_KNOTS.);
#8815 = CARTESIAN_POINT('',(50.,26.250635094611,4.532566285183));
#8816 = CARTESIAN_POINT('',(42.,26.059882597678,4.583678262691));
#8817 = CARTESIAN_POINT('',(50.,17.050635094611,20.467433714817));
#8818 = CARTESIAN_POINT('',(42.,16.999523117104,20.276681217884));
#8819 = DEFINITIONAL_REPRESENTATION('',(#8820),#8824);
#8820 = B_SPLINE_CURVE_WITH_KNOTS('',2,(#8821,#8822,#8823),
  .UNSPECIFIED.,.F.,.F.,(3,3),(8.726203218642E-03,18.391273796781),
  .PIECEWISE_BEZIER_KNOTS.);
#8821 = CARTESIAN_POINT('',(4.78E-15,6.249048094728E-02));
#8822 = CARTESIAN_POINT('',(9.2,6.249048094728E-02));
#8823 = CARTESIAN_POINT('',(18.4,6.249048094728E-02));
#8824 = ( GEOMETRIC_REPRESENTATION_CONTEXT(2) 
PARAMETRIC_REPRESENTATION_CONTEXT() REPRESENTATION_CONTEXT('2D SPACE',''
  ) );
#8825 = ORIENTED_EDGE('',*,*,#8731,.F.);
#8826 = ORIENTED_EDGE('',*,*,#7618,.F.);
#8827 = ADVANCED_FACE('',(#8828),#7606,.F.);
#8828 = FACE_BOUND('',#8829,.F.);
#8829 = EDGE_LOOP('',(#8830,#8848,#8849,#8874,#8875));
#8830 = ORIENTED_EDGE('',*,*,#8831,.F.);
#8831 = EDGE_CURVE('',#8415,#7567,#8832,.T.);
#8832 = SURFACE_CURVE('',#8833,(#8836,#8842),.PCURVE_S1.);
#8833 = B_SPLINE_CURVE_WITH_KNOTS('',1,(#8834,#8835),.UNSPECIFIED.,.F.,
  .F.,(2,2),(0.,1.),.PIECEWISE_BEZIER_KNOTS.);
#8834 = CARTESIAN_POINT('',(49.94265492388,19.28329045318,-8.27E-15));
#8835 = CARTESIAN_POINT('',(50.,19.4,-1.146E-14));
#8836 = PCURVE('',#7606,#8837);
#8837 = DEFINITIONAL_REPRESENTATION('',(#8838),#8841);
#8838 = B_SPLINE_CURVE_WITH_KNOTS('',1,(#8839,#8840),.UNSPECIFIED.,.F.,
  .F.,(2,2),(0.,1.),.PIECEWISE_BEZIER_KNOTS.);
#8839 = CARTESIAN_POINT('',(1.088116509437,-0.500180598981));
#8840 = CARTESIAN_POINT('',(1.86794225E-09,-0.399107166755));
#8841 = ( GEOMETRIC_REPRESENTATION_CONTEXT(2) 
PARAMETRIC_REPRESENTATION_CONTEXT() REPRESENTATION_CONTEXT('2D SPACE',''
  ) );
#8842 = PCURVE('',#7580,#8843);
#8843 = DEFINITIONAL_REPRESENTATION('',(#8844),#8847);
#8844 = B_SPLINE_CURVE_WITH_KNOTS('',1,(#8845,#8846),.UNSPECIFIED.,.F.,
  .F.,(2,2),(0.,1.),.PIECEWISE_BEZIER_KNOTS.);
#8845 = CARTESIAN_POINT('',(1.175867840976,8.300180598992));
#8846 = CARTESIAN_POINT('',(0.,8.199107166582));
#8847 = ( GEOMETRIC_REPRESENTATION_CONTEXT(2) 
PARAMETRIC_REPRESENTATION_CONTEXT() REPRESENTATION_CONTEXT('2D SPACE',''
  ) );
#8848 = ORIENTED_EDGE('',*,*,#8414,.T.);
#8849 = ORIENTED_EDGE('',*,*,#8850,.T.);
#8850 = EDGE_CURVE('',#8385,#8782,#8851,.T.);
#8851 = SURFACE_CURVE('',#8852,(#8855,#8862),.PCURVE_S1.);
#8852 = B_SPLINE_CURVE_WITH_KNOTS('',1,(#8853,#8854),.UNSPECIFIED.,.F.,
  .F.,(2,2),(-0.843,8.643),.PIECEWISE_BEZIER_KNOTS.);
#8853 = CARTESIAN_POINT('',(49.500076152422,18.761214428093,
    0.218623398849));
#8854 = CARTESIAN_POINT('',(49.500076152422,26.976331408392,
    4.961623398849));
#8855 = PCURVE('',#7606,#8856);
#8856 = DEFINITIONAL_REPRESENTATION('',(#8857),#8861);
#8857 = LINE('',#8858,#8859);
#8858 = CARTESIAN_POINT('',(9.486,0.));
#8859 = VECTOR('',#8860,1.);
#8860 = DIRECTION('',(0.,1.));
#8861 = ( GEOMETRIC_REPRESENTATION_CONTEXT(2) 
PARAMETRIC_REPRESENTATION_CONTEXT() REPRESENTATION_CONTEXT('2D SPACE',''
  ) );
#8862 = PCURVE('',#8863,#8868);
#8863 = B_SPLINE_SURFACE_WITH_KNOTS('',1,1,(
    (#8864,#8865)
    ,(#8866,#8867
    )),.UNSPECIFIED.,.F.,.F.,.F.,(2,2),(2,2),(0.,7.8),(0.,1.),
  .PIECEWISE_BEZIER_KNOTS.);
#8864 = CARTESIAN_POINT('',(50.,19.495636945092,0.632566285183));
#8865 = CARTESIAN_POINT('',(42.,19.5467489226,0.823318782116));
#8866 = CARTESIAN_POINT('',(50.,26.250635094611,4.532566285183));
#8867 = CARTESIAN_POINT('',(42.,26.059882597678,4.583678262691));
#8868 = DEFINITIONAL_REPRESENTATION('',(#8869),#8873);
#8869 = B_SPLINE_CURVE_WITH_KNOTS('',2,(#8870,#8871,#8872),
  .UNSPECIFIED.,.F.,.F.,(3,3),(8.726203218637E-03,7.791273796781),
  .PIECEWISE_BEZIER_KNOTS.);
#8870 = CARTESIAN_POINT('',(4.97E-15,6.249048094727E-02));
#8871 = CARTESIAN_POINT('',(3.9,6.249048094727E-02));
#8872 = CARTESIAN_POINT('',(7.8,6.249048094727E-02));
#8873 = ( GEOMETRIC_REPRESENTATION_CONTEXT(2) 
PARAMETRIC_REPRESENTATION_CONTEXT() REPRESENTATION_CONTEXT('2D SPACE',''
  ) );
#8874 = ORIENTED_EDGE('',*,*,#8781,.F.);
#8875 = ORIENTED_EDGE('',*,*,#7592,.F.);
#8876 = ADVANCED_FACE('',(#8877),#7580,.F.);
#8877 = FACE_BOUND('',#8878,.F.);
#8878 = EDGE_LOOP('',(#8879,#8880,#8900,#8925,#8926));
#8879 = ORIENTED_EDGE('',*,*,#7566,.F.);
#8880 = ORIENTED_EDGE('',*,*,#8881,.T.);
#8881 = EDGE_CURVE('',#7541,#8882,#8884,.T.);
#8882 = VERTEX_POINT('',#8883);
#8883 = CARTESIAN_POINT('',(49.500076152422,26.238714879336,
    -4.53576029724));
#8884 = SURFACE_CURVE('',#8885,(#8888,#8894),.PCURVE_S1.);
#8885 = B_SPLINE_CURVE_WITH_KNOTS('',1,(#8886,#8887),.UNSPECIFIED.,.F.,
  .F.,(2,2),(0.,1.),.PIECEWISE_BEZIER_KNOTS.);
#8886 = CARTESIAN_POINT('',(50.,26.933647796503,-4.349553583291));
#8887 = CARTESIAN_POINT('',(49.500076152422,26.238714879336,
    -4.53576029724));
#8888 = PCURVE('',#7580,#8889);
#8889 = DEFINITIONAL_REPRESENTATION('',(#8890),#8893);
#8890 = B_SPLINE_CURVE_WITH_KNOTS('',1,(#8891,#8892),.UNSPECIFIED.,.F.,
  .F.,(2,2),(0.,1.),.PIECEWISE_BEZIER_KNOTS.);
#8891 = CARTESIAN_POINT('',(0.,-0.5));
#8892 = CARTESIAN_POINT('',(10.251,8.72620321864E-03));
#8893 = ( GEOMETRIC_REPRESENTATION_CONTEXT(2) 
PARAMETRIC_REPRESENTATION_CONTEXT() REPRESENTATION_CONTEXT('2D SPACE',''
  ) );
#8894 = PCURVE('',#7554,#8895);
#8895 = DEFINITIONAL_REPRESENTATION('',(#8896),#8899);
#8896 = B_SPLINE_CURVE_WITH_KNOTS('',1,(#8897,#8898),.UNSPECIFIED.,.F.,
  .F.,(2,2),(0.,1.),.PIECEWISE_BEZIER_KNOTS.);
#8897 = CARTESIAN_POINT('',(1.9362026E-10,18.899999999995));
#8898 = CARTESIAN_POINT('',(21.062999999351,18.391273796797));
#8899 = ( GEOMETRIC_REPRESENTATION_CONTEXT(2) 
PARAMETRIC_REPRESENTATION_CONTEXT() REPRESENTATION_CONTEXT('2D SPACE',''
  ) );
#8900 = ORIENTED_EDGE('',*,*,#8901,.T.);
#8901 = EDGE_CURVE('',#8882,#8476,#8902,.T.);
#8902 = SURFACE_CURVE('',#8903,(#8906,#8913),.PCURVE_S1.);
#8903 = B_SPLINE_CURVE_WITH_KNOTS('',1,(#8904,#8905),.UNSPECIFIED.,.F.,
  .F.,(2,2),(-1.6005,8.6505),.PIECEWISE_BEZIER_KNOTS.);
#8904 = CARTESIAN_POINT('',(49.500076152422,27.632345651759,
    -5.340373398849));
#8905 = CARTESIAN_POINT('',(49.500076152422,18.754719237564,
    -0.214873398849));
#8906 = PCURVE('',#7580,#8907);
#8907 = DEFINITIONAL_REPRESENTATION('',(#8908),#8912);
#8908 = LINE('',#8909,#8910);
#8909 = CARTESIAN_POINT('',(10.251,0.));
#8910 = VECTOR('',#8911,1.);
#8911 = DIRECTION('',(0.,1.));
#8912 = ( GEOMETRIC_REPRESENTATION_CONTEXT(2) 
PARAMETRIC_REPRESENTATION_CONTEXT() REPRESENTATION_CONTEXT('2D SPACE',''
  ) );
#8913 = PCURVE('',#8914,#8919);
#8914 = B_SPLINE_SURFACE_WITH_KNOTS('',1,1,(
    (#8915,#8916)
    ,(#8917,#8918
    )),.UNSPECIFIED.,.F.,.F.,.F.,(2,2),(2,2),(0.,7.8),(0.,1.),
  .PIECEWISE_BEZIER_KNOTS.);
#8915 = CARTESIAN_POINT('',(50.,26.250635094611,-4.532566285183));
#8916 = CARTESIAN_POINT('',(42.,26.059882597678,-4.583678262691));
#8917 = CARTESIAN_POINT('',(50.,19.495636945092,-0.632566285183));
#8918 = CARTESIAN_POINT('',(42.,19.5467489226,-0.823318782116));
#8919 = DEFINITIONAL_REPRESENTATION('',(#8920),#8924);
#8920 = B_SPLINE_CURVE_WITH_KNOTS('',2,(#8921,#8922,#8923),
  .UNSPECIFIED.,.F.,.F.,(3,3),(8.726203218651E-03,7.791273796781),
  .PIECEWISE_BEZIER_KNOTS.);
#8921 = CARTESIAN_POINT('',(1.91E-15,6.249048094727E-02));
#8922 = CARTESIAN_POINT('',(3.9,6.249048094727E-02));
#8923 = CARTESIAN_POINT('',(7.8,6.249048094727E-02));
#8924 = ( GEOMETRIC_REPRESENTATION_CONTEXT(2) 
PARAMETRIC_REPRESENTATION_CONTEXT() REPRESENTATION_CONTEXT('2D SPACE',''
  ) );
#8925 = ORIENTED_EDGE('',*,*,#8475,.F.);
#8926 = ORIENTED_EDGE('',*,*,#8831,.T.);
#8927 = ADVANCED_FACE('',(#8928),#7554,.F.);
#8928 = FACE_BOUND('',#8929,.F.);
#8929 = EDGE_LOOP('',(#8930,#8950,#8975,#8976));
#8930 = ORIENTED_EDGE('',*,*,#8931,.T.);
#8931 = EDGE_CURVE('',#7515,#8932,#8934,.T.);
#8932 = VERTEX_POINT('',#8933);
#8933 = CARTESIAN_POINT('',(49.500076152422,17.047441082554,
    -20.45551349954));
#8934 = SURFACE_CURVE('',#8935,(#8938,#8944),.PCURVE_S1.);
#8935 = B_SPLINE_CURVE_WITH_KNOTS('',1,(#8936,#8937),.UNSPECIFIED.,.F.,
  .F.,(2,2),(0.,1.),.PIECEWISE_BEZIER_KNOTS.);
#8936 = CARTESIAN_POINT('',(50.,17.233647796503,-21.1504464167));
#8937 = CARTESIAN_POINT('',(49.500076152422,17.047441082554,
    -20.45551349954));
#8938 = PCURVE('',#7554,#8939);
#8939 = DEFINITIONAL_REPRESENTATION('',(#8940),#8943);
#8940 = B_SPLINE_CURVE_WITH_KNOTS('',1,(#8941,#8942),.UNSPECIFIED.,.F.,
  .F.,(2,2),(0.,1.),.PIECEWISE_BEZIER_KNOTS.);
#8941 = CARTESIAN_POINT('',(0.,-0.5));
#8942 = CARTESIAN_POINT('',(21.063,8.726203218658E-03));
#8943 = ( GEOMETRIC_REPRESENTATION_CONTEXT(2) 
PARAMETRIC_REPRESENTATION_CONTEXT() REPRESENTATION_CONTEXT('2D SPACE',''
  ) );
#8944 = PCURVE('',#7528,#8945);
#8945 = DEFINITIONAL_REPRESENTATION('',(#8946),#8949);
#8946 = B_SPLINE_CURVE_WITH_KNOTS('',1,(#8947,#8948),.UNSPECIFIED.,.F.,
  .F.,(2,2),(0.,1.),.PIECEWISE_BEZIER_KNOTS.);
#8947 = CARTESIAN_POINT('',(1.3552688E-10,8.299999999993));
#8948 = CARTESIAN_POINT('',(9.485999999756,7.791273796794));
#8949 = ( GEOMETRIC_REPRESENTATION_CONTEXT(2) 
PARAMETRIC_REPRESENTATION_CONTEXT() REPRESENTATION_CONTEXT('2D SPACE',''
  ) );
#8950 = ORIENTED_EDGE('',*,*,#8951,.T.);
#8951 = EDGE_CURVE('',#8932,#8882,#8952,.T.);
#8952 = SURFACE_CURVE('',#8953,(#8956,#8963),.PCURVE_S1.);
#8953 = B_SPLINE_CURVE_WITH_KNOTS('',1,(#8954,#8955),.UNSPECIFIED.,.F.,
  .F.,(2,2),(-1.7065,19.3565),.PIECEWISE_BEZIER_KNOTS.);
#8954 = CARTESIAN_POINT('',(49.500076152422,16.189827980945,
    -21.94094296476));
#8955 = CARTESIAN_POINT('',(49.500076152422,26.721327980945,
    -3.699849884854));
#8956 = PCURVE('',#7554,#8957);
#8957 = DEFINITIONAL_REPRESENTATION('',(#8958),#8962);
#8958 = LINE('',#8959,#8960);
#8959 = CARTESIAN_POINT('',(21.063,0.));
#8960 = VECTOR('',#8961,1.);
#8961 = DIRECTION('',(0.,1.));
#8962 = ( GEOMETRIC_REPRESENTATION_CONTEXT(2) 
PARAMETRIC_REPRESENTATION_CONTEXT() REPRESENTATION_CONTEXT('2D SPACE',''
  ) );
#8963 = PCURVE('',#8964,#8969);
#8964 = B_SPLINE_SURFACE_WITH_KNOTS('',1,1,(
    (#8965,#8966)
    ,(#8967,#8968
    )),.UNSPECIFIED.,.F.,.F.,.F.,(2,2),(2,2),(0.,18.4),(0.,1.),
  .PIECEWISE_BEZIER_KNOTS.);
#8965 = CARTESIAN_POINT('',(50.,17.050635094611,-20.46743371481));
#8966 = CARTESIAN_POINT('',(42.,16.999523117103,-20.27668121788));
#8967 = CARTESIAN_POINT('',(50.,26.250635094611,-4.532566285183));
#8968 = CARTESIAN_POINT('',(42.,26.059882597678,-4.583678262691));
#8969 = DEFINITIONAL_REPRESENTATION('',(#8970),#8974);
#8970 = B_SPLINE_CURVE_WITH_KNOTS('',2,(#8971,#8972,#8973),
  .UNSPECIFIED.,.F.,.F.,(3,3),(8.726203218642E-03,18.391273796781),
  .PIECEWISE_BEZIER_KNOTS.);
#8971 = CARTESIAN_POINT('',(0.,6.249048094728E-02));
#8972 = CARTESIAN_POINT('',(9.2,6.249048094728E-02));
#8973 = CARTESIAN_POINT('',(18.4,6.249048094728E-02));
#8974 = ( GEOMETRIC_REPRESENTATION_CONTEXT(2) 
PARAMETRIC_REPRESENTATION_CONTEXT() REPRESENTATION_CONTEXT('2D SPACE',''
  ) );
#8975 = ORIENTED_EDGE('',*,*,#8881,.F.);
#8976 = ORIENTED_EDGE('',*,*,#7540,.F.);
#8977 = ADVANCED_FACE('',(#8978),#7528,.F.);
#8978 = FACE_BOUND('',#8979,.F.);
#8979 = EDGE_LOOP('',(#8980,#8998,#8999,#9024,#9025));
#8980 = ORIENTED_EDGE('',*,*,#8981,.F.);
#8981 = EDGE_CURVE('',#8235,#7489,#8982,.T.);
#8982 = SURFACE_CURVE('',#8983,(#8986,#8992),.PCURVE_S1.);
#8983 = B_SPLINE_CURVE_WITH_KNOTS('',1,(#8984,#8985),.UNSPECIFIED.,.F.,
  .F.,(2,2),(0.,1.),.PIECEWISE_BEZIER_KNOTS.);
#8984 = CARTESIAN_POINT('',(49.94265492388,9.64164522659,-16.699819401)
  );
#8985 = CARTESIAN_POINT('',(50.,9.7,-16.80089283341));
#8986 = PCURVE('',#7528,#8987);
#8987 = DEFINITIONAL_REPRESENTATION('',(#8988),#8991);
#8988 = B_SPLINE_CURVE_WITH_KNOTS('',1,(#8989,#8990),.UNSPECIFIED.,.F.,
  .F.,(2,2),(0.,1.),.PIECEWISE_BEZIER_KNOTS.);
#8989 = CARTESIAN_POINT('',(1.088116509437,-0.500180598981));
#8990 = CARTESIAN_POINT('',(1.86794225E-09,-0.399107166755));
#8991 = ( GEOMETRIC_REPRESENTATION_CONTEXT(2) 
PARAMETRIC_REPRESENTATION_CONTEXT() REPRESENTATION_CONTEXT('2D SPACE',''
  ) );
#8992 = PCURVE('',#7502,#8993);
#8993 = DEFINITIONAL_REPRESENTATION('',(#8994),#8997);
#8994 = B_SPLINE_CURVE_WITH_KNOTS('',1,(#8995,#8996),.UNSPECIFIED.,.F.,
  .F.,(2,2),(0.,1.),.PIECEWISE_BEZIER_KNOTS.);
#8995 = CARTESIAN_POINT('',(1.175867840976,8.300180598992));
#8996 = CARTESIAN_POINT('',(0.,8.199107166582));
#8997 = ( GEOMETRIC_REPRESENTATION_CONTEXT(2) 
PARAMETRIC_REPRESENTATION_CONTEXT() REPRESENTATION_CONTEXT('2D SPACE',''
  ) );
#8998 = ORIENTED_EDGE('',*,*,#8534,.T.);
#8999 = ORIENTED_EDGE('',*,*,#9000,.T.);
#9000 = EDGE_CURVE('',#8505,#8932,#9001,.T.);
#9001 = SURFACE_CURVE('',#9002,(#9005,#9012),.PCURVE_S1.);
#9002 = B_SPLINE_CURVE_WITH_KNOTS('',1,(#9003,#9004),.UNSPECIFIED.,.F.,
  .F.,(2,2),(-0.843,8.643),.PIECEWISE_BEZIER_KNOTS.);
#9003 = CARTESIAN_POINT('',(49.500076152422,9.569940631311,
    -16.13837660115));
#9004 = CARTESIAN_POINT('',(49.500076152422,17.785057611611,
    -20.88137660115));
#9005 = PCURVE('',#7528,#9006);
#9006 = DEFINITIONAL_REPRESENTATION('',(#9007),#9011);
#9007 = LINE('',#9008,#9009);
#9008 = CARTESIAN_POINT('',(9.486,0.));
#9009 = VECTOR('',#9010,1.);
#9010 = DIRECTION('',(0.,1.));
#9011 = ( GEOMETRIC_REPRESENTATION_CONTEXT(2) 
PARAMETRIC_REPRESENTATION_CONTEXT() REPRESENTATION_CONTEXT('2D SPACE',''
  ) );
#9012 = PCURVE('',#9013,#9018);
#9013 = B_SPLINE_SURFACE_WITH_KNOTS('',1,1,(
    (#9014,#9015)
    ,(#9016,#9017
    )),.UNSPECIFIED.,.F.,.F.,.F.,(2,2),(2,2),(0.,7.8),(0.,1.),
  .PIECEWISE_BEZIER_KNOTS.);
#9014 = CARTESIAN_POINT('',(50.,10.295636945092,-16.56743371481));
#9015 = CARTESIAN_POINT('',(42.,10.486389442026,-16.5163217373));
#9016 = CARTESIAN_POINT('',(50.,17.050635094611,-20.46743371481));
#9017 = CARTESIAN_POINT('',(42.,16.999523117103,-20.27668121788));
#9018 = DEFINITIONAL_REPRESENTATION('',(#9019),#9023);
#9019 = B_SPLINE_CURVE_WITH_KNOTS('',2,(#9020,#9021,#9022),
  .UNSPECIFIED.,.F.,.F.,(3,3),(8.726203218637E-03,7.791273796781),
  .PIECEWISE_BEZIER_KNOTS.);
#9020 = CARTESIAN_POINT('',(2.12E-15,6.249048094727E-02));
#9021 = CARTESIAN_POINT('',(3.9,6.249048094727E-02));
#9022 = CARTESIAN_POINT('',(7.8,6.249048094727E-02));
#9023 = ( GEOMETRIC_REPRESENTATION_CONTEXT(2) 
PARAMETRIC_REPRESENTATION_CONTEXT() REPRESENTATION_CONTEXT('2D SPACE',''
  ) );
#9024 = ORIENTED_EDGE('',*,*,#8931,.F.);
#9025 = ORIENTED_EDGE('',*,*,#7514,.F.);
#9026 = ADVANCED_FACE('',(#9027),#7502,.F.);
#9027 = FACE_BOUND('',#9028,.F.);
#9028 = EDGE_LOOP('',(#9029,#9030,#9050,#9075,#9076));
#9029 = ORIENTED_EDGE('',*,*,#7488,.F.);
#9030 = ORIENTED_EDGE('',*,*,#9031,.T.);
#9031 = EDGE_CURVE('',#7463,#9032,#9034,.T.);
#9032 = VERTEX_POINT('',#9033);
#9033 = CARTESIAN_POINT('',(49.500076152422,9.191273796781,
    -24.99127379678));
#9034 = SURFACE_CURVE('',#9035,(#9038,#9044),.PCURVE_S1.);
#9035 = B_SPLINE_CURVE_WITH_KNOTS('',1,(#9036,#9037),.UNSPECIFIED.,.F.,
  .F.,(2,2),(0.,1.),.PIECEWISE_BEZIER_KNOTS.);
#9036 = CARTESIAN_POINT('',(50.,9.7,-25.5));
#9037 = CARTESIAN_POINT('',(49.500076152422,9.191273796781,
    -24.99127379678));
#9038 = PCURVE('',#7502,#9039);
#9039 = DEFINITIONAL_REPRESENTATION('',(#9040),#9043);
#9040 = B_SPLINE_CURVE_WITH_KNOTS('',1,(#9041,#9042),.UNSPECIFIED.,.F.,
  .F.,(2,2),(0.,1.),.PIECEWISE_BEZIER_KNOTS.);
#9041 = CARTESIAN_POINT('',(0.,-0.5));
#9042 = CARTESIAN_POINT('',(10.251,8.72620321864E-03));
#9043 = ( GEOMETRIC_REPRESENTATION_CONTEXT(2) 
PARAMETRIC_REPRESENTATION_CONTEXT() REPRESENTATION_CONTEXT('2D SPACE',''
  ) );
#9044 = PCURVE('',#7476,#9045);
#9045 = DEFINITIONAL_REPRESENTATION('',(#9046),#9049);
#9046 = B_SPLINE_CURVE_WITH_KNOTS('',1,(#9047,#9048),.UNSPECIFIED.,.F.,
  .F.,(2,2),(0.,1.),.PIECEWISE_BEZIER_KNOTS.);
#9047 = CARTESIAN_POINT('',(1.9362026E-10,18.899999999995));
#9048 = CARTESIAN_POINT('',(21.062999999351,18.391273796797));
#9049 = ( GEOMETRIC_REPRESENTATION_CONTEXT(2) 
PARAMETRIC_REPRESENTATION_CONTEXT() REPRESENTATION_CONTEXT('2D SPACE',''
  ) );
#9050 = ORIENTED_EDGE('',*,*,#9051,.T.);
#9051 = EDGE_CURVE('',#9032,#8264,#9052,.T.);
#9052 = SURFACE_CURVE('',#9053,(#9056,#9063),.PCURVE_S1.);
#9053 = B_SPLINE_CURVE_WITH_KNOTS('',1,(#9054,#9055),.UNSPECIFIED.,.F.,
  .F.,(2,2),(-1.6005,8.6505),.PIECEWISE_BEZIER_KNOTS.);
#9054 = CARTESIAN_POINT('',(49.500076152422,9.191273796781,-26.6005));
#9055 = CARTESIAN_POINT('',(49.500076152422,9.191273796781,-16.3495));
#9056 = PCURVE('',#7502,#9057);
#9057 = DEFINITIONAL_REPRESENTATION('',(#9058),#9062);
#9058 = LINE('',#9059,#9060);
#9059 = CARTESIAN_POINT('',(10.251,0.));
#9060 = VECTOR('',#9061,1.);
#9061 = DIRECTION('',(0.,1.));
#9062 = ( GEOMETRIC_REPRESENTATION_CONTEXT(2) 
PARAMETRIC_REPRESENTATION_CONTEXT() REPRESENTATION_CONTEXT('2D SPACE',''
  ) );
#9063 = PCURVE('',#9064,#9069);
#9064 = B_SPLINE_SURFACE_WITH_KNOTS('',1,1,(
    (#9065,#9066)
    ,(#9067,#9068
    )),.UNSPECIFIED.,.F.,.F.,.F.,(2,2),(2,2),(0.,7.8),(0.,1.),
  .PIECEWISE_BEZIER_KNOTS.);
#9065 = CARTESIAN_POINT('',(50.,9.2,-25.));
#9066 = CARTESIAN_POINT('',(42.,9.060359480574,-24.86035948057));
#9067 = CARTESIAN_POINT('',(50.,9.2,-17.2));
#9068 = CARTESIAN_POINT('',(42.,9.060359480574,-17.33964051942));
#9069 = DEFINITIONAL_REPRESENTATION('',(#9070),#9074);
#9070 = B_SPLINE_CURVE_WITH_KNOTS('',2,(#9071,#9072,#9073),
  .UNSPECIFIED.,.F.,.F.,(3,3),(8.726203218651E-03,7.791273796781),
  .PIECEWISE_BEZIER_KNOTS.);
#9071 = CARTESIAN_POINT('',(4.72E-15,6.249048094727E-02));
#9072 = CARTESIAN_POINT('',(3.9,6.249048094727E-02));
#9073 = CARTESIAN_POINT('',(7.8,6.249048094727E-02));
#9074 = ( GEOMETRIC_REPRESENTATION_CONTEXT(2) 
PARAMETRIC_REPRESENTATION_CONTEXT() REPRESENTATION_CONTEXT('2D SPACE',''
  ) );
#9075 = ORIENTED_EDGE('',*,*,#8263,.F.);
#9076 = ORIENTED_EDGE('',*,*,#8981,.T.);
#9077 = ADVANCED_FACE('',(#9078),#7476,.F.);
#9078 = FACE_BOUND('',#9079,.F.);
#9079 = EDGE_LOOP('',(#9080,#9100,#9125,#9126));
#9080 = ORIENTED_EDGE('',*,*,#9081,.T.);
#9081 = EDGE_CURVE('',#7437,#9082,#9084,.T.);
#9082 = VERTEX_POINT('',#9083);
#9083 = CARTESIAN_POINT('',(49.500076152422,-9.191273796781,
    -24.99127379678));
#9084 = SURFACE_CURVE('',#9085,(#9088,#9094),.PCURVE_S1.);
#9085 = B_SPLINE_CURVE_WITH_KNOTS('',1,(#9086,#9087),.UNSPECIFIED.,.F.,
  .F.,(2,2),(0.,1.),.PIECEWISE_BEZIER_KNOTS.);
#9086 = CARTESIAN_POINT('',(50.,-9.7,-25.5));
#9087 = CARTESIAN_POINT('',(49.500076152422,-9.191273796781,
    -24.99127379678));
#9088 = PCURVE('',#7476,#9089);
#9089 = DEFINITIONAL_REPRESENTATION('',(#9090),#9093);
#9090 = B_SPLINE_CURVE_WITH_KNOTS('',1,(#9091,#9092),.UNSPECIFIED.,.F.,
  .F.,(2,2),(0.,1.),.PIECEWISE_BEZIER_KNOTS.);
#9091 = CARTESIAN_POINT('',(0.,-0.5));
#9092 = CARTESIAN_POINT('',(21.063,8.726203218658E-03));
#9093 = ( GEOMETRIC_REPRESENTATION_CONTEXT(2) 
PARAMETRIC_REPRESENTATION_CONTEXT() REPRESENTATION_CONTEXT('2D SPACE',''
  ) );
#9094 = PCURVE('',#7450,#9095);
#9095 = DEFINITIONAL_REPRESENTATION('',(#9096),#9099);
#9096 = B_SPLINE_CURVE_WITH_KNOTS('',1,(#9097,#9098),.UNSPECIFIED.,.F.,
  .F.,(2,2),(0.,1.),.PIECEWISE_BEZIER_KNOTS.);
#9097 = CARTESIAN_POINT('',(1.3552688E-10,8.299999999993));
#9098 = CARTESIAN_POINT('',(9.485999999756,7.791273796794));
#9099 = ( GEOMETRIC_REPRESENTATION_CONTEXT(2) 
PARAMETRIC_REPRESENTATION_CONTEXT() REPRESENTATION_CONTEXT('2D SPACE',''
  ) );
#9100 = ORIENTED_EDGE('',*,*,#9101,.T.);
#9101 = EDGE_CURVE('',#9082,#9032,#9102,.T.);
#9102 = SURFACE_CURVE('',#9103,(#9106,#9113),.PCURVE_S1.);
#9103 = B_SPLINE_CURVE_WITH_KNOTS('',1,(#9104,#9105),.UNSPECIFIED.,.F.,
  .F.,(2,2),(-1.7065,19.3565),.PIECEWISE_BEZIER_KNOTS.);
#9104 = CARTESIAN_POINT('',(49.500076152422,-10.9065,-24.99127379678));
#9105 = CARTESIAN_POINT('',(49.500076152422,10.1565,-24.99127379678));
#9106 = PCURVE('',#7476,#9107);
#9107 = DEFINITIONAL_REPRESENTATION('',(#9108),#9112);
#9108 = LINE('',#9109,#9110);
#9109 = CARTESIAN_POINT('',(21.063,0.));
#9110 = VECTOR('',#9111,1.);
#9111 = DIRECTION('',(0.,1.));
#9112 = ( GEOMETRIC_REPRESENTATION_CONTEXT(2) 
PARAMETRIC_REPRESENTATION_CONTEXT() REPRESENTATION_CONTEXT('2D SPACE',''
  ) );
#9113 = PCURVE('',#9114,#9119);
#9114 = B_SPLINE_SURFACE_WITH_KNOTS('',1,1,(
    (#9115,#9116)
    ,(#9117,#9118
    )),.UNSPECIFIED.,.F.,.F.,.F.,(2,2),(2,2),(0.,18.4),(0.,1.),
  .PIECEWISE_BEZIER_KNOTS.);
#9115 = CARTESIAN_POINT('',(50.,-9.2,-25.));
#9116 = CARTESIAN_POINT('',(42.,-9.060359480574,-24.86035948057));
#9117 = CARTESIAN_POINT('',(50.,9.2,-25.));
#9118 = CARTESIAN_POINT('',(42.,9.060359480574,-24.86035948057));
#9119 = DEFINITIONAL_REPRESENTATION('',(#9120),#9124);
#9120 = B_SPLINE_CURVE_WITH_KNOTS('',2,(#9121,#9122,#9123),
  .UNSPECIFIED.,.F.,.F.,(3,3),(8.726203218642E-03,18.391273796781),
  .PIECEWISE_BEZIER_KNOTS.);
#9121 = CARTESIAN_POINT('',(1.88E-15,6.249048094728E-02));
#9122 = CARTESIAN_POINT('',(9.2,6.249048094728E-02));
#9123 = CARTESIAN_POINT('',(18.4,6.249048094728E-02));
#9124 = ( GEOMETRIC_REPRESENTATION_CONTEXT(2) 
PARAMETRIC_REPRESENTATION_CONTEXT() REPRESENTATION_CONTEXT('2D SPACE',''
  ) );
#9125 = ORIENTED_EDGE('',*,*,#9031,.F.);
#9126 = ORIENTED_EDGE('',*,*,#7462,.F.);
#9127 = ADVANCED_FACE('',(#9128),#7450,.F.);
#9128 = FACE_BOUND('',#9129,.F.);
#9129 = EDGE_LOOP('',(#9130,#9148,#9149,#9174,#9175));
#9130 = ORIENTED_EDGE('',*,*,#9131,.F.);
#9131 = EDGE_CURVE('',#7993,#7411,#9132,.T.);
#9132 = SURFACE_CURVE('',#9133,(#9136,#9142),.PCURVE_S1.);
#9133 = B_SPLINE_CURVE_WITH_KNOTS('',1,(#9134,#9135),.UNSPECIFIED.,.F.,
  .F.,(2,2),(0.,1.),.PIECEWISE_BEZIER_KNOTS.);
#9134 = CARTESIAN_POINT('',(49.94265492388,-9.64164522659,-16.699819401)
  );
#9135 = CARTESIAN_POINT('',(50.,-9.7,-16.80089283341));
#9136 = PCURVE('',#7450,#9137);
#9137 = DEFINITIONAL_REPRESENTATION('',(#9138),#9141);
#9138 = B_SPLINE_CURVE_WITH_KNOTS('',1,(#9139,#9140),.UNSPECIFIED.,.F.,
  .F.,(2,2),(0.,1.),.PIECEWISE_BEZIER_KNOTS.);
#9139 = CARTESIAN_POINT('',(1.088116509437,-0.500180598981));
#9140 = CARTESIAN_POINT('',(1.86794225E-09,-0.399107166755));
#9141 = ( GEOMETRIC_REPRESENTATION_CONTEXT(2) 
PARAMETRIC_REPRESENTATION_CONTEXT() REPRESENTATION_CONTEXT('2D SPACE',''
  ) );
#9142 = PCURVE('',#7424,#9143);
#9143 = DEFINITIONAL_REPRESENTATION('',(#9144),#9147);
#9144 = B_SPLINE_CURVE_WITH_KNOTS('',1,(#9145,#9146),.UNSPECIFIED.,.F.,
  .F.,(2,2),(0.,1.),.PIECEWISE_BEZIER_KNOTS.);
#9145 = CARTESIAN_POINT('',(1.175867840976,8.300180598992));
#9146 = CARTESIAN_POINT('',(0.,8.199107166582));
#9147 = ( GEOMETRIC_REPRESENTATION_CONTEXT(2) 
PARAMETRIC_REPRESENTATION_CONTEXT() REPRESENTATION_CONTEXT('2D SPACE',''
  ) );
#9148 = ORIENTED_EDGE('',*,*,#8322,.T.);
#9149 = ORIENTED_EDGE('',*,*,#9150,.T.);
#9150 = EDGE_CURVE('',#8293,#9082,#9151,.T.);
#9151 = SURFACE_CURVE('',#9152,(#9155,#9162),.PCURVE_S1.);
#9152 = B_SPLINE_CURVE_WITH_KNOTS('',1,(#9153,#9154),.UNSPECIFIED.,.F.,
  .F.,(2,2),(-0.843,8.643),.PIECEWISE_BEZIER_KNOTS.);
#9153 = CARTESIAN_POINT('',(49.500076152422,-9.191273796781,-16.357));
#9154 = CARTESIAN_POINT('',(49.500076152422,-9.191273796781,-25.843));
#9155 = PCURVE('',#7450,#9156);
#9156 = DEFINITIONAL_REPRESENTATION('',(#9157),#9161);
#9157 = LINE('',#9158,#9159);
#9158 = CARTESIAN_POINT('',(9.486,0.));
#9159 = VECTOR('',#9160,1.);
#9160 = DIRECTION('',(0.,1.));
#9161 = ( GEOMETRIC_REPRESENTATION_CONTEXT(2) 
PARAMETRIC_REPRESENTATION_CONTEXT() REPRESENTATION_CONTEXT('2D SPACE',''
  ) );
#9162 = PCURVE('',#9163,#9168);
#9163 = B_SPLINE_SURFACE_WITH_KNOTS('',1,1,(
    (#9164,#9165)
    ,(#9166,#9167
    )),.UNSPECIFIED.,.F.,.F.,.F.,(2,2),(2,2),(0.,7.8),(0.,1.),
  .PIECEWISE_BEZIER_KNOTS.);
#9164 = CARTESIAN_POINT('',(50.,-9.2,-17.2));
#9165 = CARTESIAN_POINT('',(42.,-9.060359480574,-17.33964051942));
#9166 = CARTESIAN_POINT('',(50.,-9.2,-25.));
#9167 = CARTESIAN_POINT('',(42.,-9.060359480574,-24.86035948057));
#9168 = DEFINITIONAL_REPRESENTATION('',(#9169),#9173);
#9169 = B_SPLINE_CURVE_WITH_KNOTS('',2,(#9170,#9171,#9172),
  .UNSPECIFIED.,.F.,.F.,(3,3),(8.726203218637E-03,7.791273796781),
  .PIECEWISE_BEZIER_KNOTS.);
#9170 = CARTESIAN_POINT('',(0.,6.249048094727E-02));
#9171 = CARTESIAN_POINT('',(3.9,6.249048094727E-02));
#9172 = CARTESIAN_POINT('',(7.8,6.249048094727E-02));
#9173 = ( GEOMETRIC_REPRESENTATION_CONTEXT(2) 
PARAMETRIC_REPRESENTATION_CONTEXT() REPRESENTATION_CONTEXT('2D SPACE',''
  ) );
#9174 = ORIENTED_EDGE('',*,*,#9081,.F.);
#9175 = ORIENTED_EDGE('',*,*,#7436,.F.);
#9176 = ADVANCED_FACE('',(#9177),#7424,.F.);
#9177 = FACE_BOUND('',#9178,.F.);
#9178 = EDGE_LOOP('',(#9179,#9180,#9200,#9225,#9226));
#9179 = ORIENTED_EDGE('',*,*,#7410,.F.);
#9180 = ORIENTED_EDGE('',*,*,#9181,.T.);
#9181 = EDGE_CURVE('',#7385,#9182,#9184,.T.);
#9182 = VERTEX_POINT('',#9183);
#9183 = CARTESIAN_POINT('',(49.500076152422,-17.04744108255,
    -20.45551349954));
#9184 = SURFACE_CURVE('',#9185,(#9188,#9194),.PCURVE_S1.);
#9185 = B_SPLINE_CURVE_WITH_KNOTS('',1,(#9186,#9187),.UNSPECIFIED.,.F.,
  .F.,(2,2),(0.,1.),.PIECEWISE_BEZIER_KNOTS.);
#9186 = CARTESIAN_POINT('',(50.,-17.2336477965,-21.1504464167));
#9187 = CARTESIAN_POINT('',(49.500076152422,-17.04744108255,
    -20.45551349954));
#9188 = PCURVE('',#7424,#9189);
#9189 = DEFINITIONAL_REPRESENTATION('',(#9190),#9193);
#9190 = B_SPLINE_CURVE_WITH_KNOTS('',1,(#9191,#9192),.UNSPECIFIED.,.F.,
  .F.,(2,2),(0.,1.),.PIECEWISE_BEZIER_KNOTS.);
#9191 = CARTESIAN_POINT('',(0.,-0.5));
#9192 = CARTESIAN_POINT('',(10.251,8.72620321864E-03));
#9193 = ( GEOMETRIC_REPRESENTATION_CONTEXT(2) 
PARAMETRIC_REPRESENTATION_CONTEXT() REPRESENTATION_CONTEXT('2D SPACE',''
  ) );
#9194 = PCURVE('',#7398,#9195);
#9195 = DEFINITIONAL_REPRESENTATION('',(#9196),#9199);
#9196 = B_SPLINE_CURVE_WITH_KNOTS('',1,(#9197,#9198),.UNSPECIFIED.,.F.,
  .F.,(2,2),(0.,1.),.PIECEWISE_BEZIER_KNOTS.);
#9197 = CARTESIAN_POINT('',(1.9362026E-10,18.899999999995));
#9198 = CARTESIAN_POINT('',(21.062999999351,18.391273796797));
#9199 = ( GEOMETRIC_REPRESENTATION_CONTEXT(2) 
PARAMETRIC_REPRESENTATION_CONTEXT() REPRESENTATION_CONTEXT('2D SPACE',''
  ) );
#9200 = ORIENTED_EDGE('',*,*,#9201,.T.);
#9201 = EDGE_CURVE('',#9182,#8022,#9202,.T.);
#9202 = SURFACE_CURVE('',#9203,(#9206,#9213),.PCURVE_S1.);
#9203 = B_SPLINE_CURVE_WITH_KNOTS('',1,(#9204,#9205),.UNSPECIFIED.,.F.,
  .F.,(2,2),(-1.6005,8.6505),.PIECEWISE_BEZIER_KNOTS.);
#9204 = CARTESIAN_POINT('',(49.500076152422,-18.44107185497,
    -21.26012660115));
#9205 = CARTESIAN_POINT('',(49.500076152422,-9.563445440783,
    -16.13462660115));
#9206 = PCURVE('',#7424,#9207);
#9207 = DEFINITIONAL_REPRESENTATION('',(#9208),#9212);
#9208 = LINE('',#9209,#9210);
#9209 = CARTESIAN_POINT('',(10.251,0.));
#9210 = VECTOR('',#9211,1.);
#9211 = DIRECTION('',(0.,1.));
#9212 = ( GEOMETRIC_REPRESENTATION_CONTEXT(2) 
PARAMETRIC_REPRESENTATION_CONTEXT() REPRESENTATION_CONTEXT('2D SPACE',''
  ) );
#9213 = PCURVE('',#9214,#9219);
#9214 = B_SPLINE_SURFACE_WITH_KNOTS('',1,1,(
    (#9215,#9216)
    ,(#9217,#9218
    )),.UNSPECIFIED.,.F.,.F.,.F.,(2,2),(2,2),(0.,7.8),(0.,1.),
  .PIECEWISE_BEZIER_KNOTS.);
#9215 = CARTESIAN_POINT('',(50.,-17.05063509461,-20.46743371481));
#9216 = CARTESIAN_POINT('',(42.,-16.9995231171,-20.27668121788));
#9217 = CARTESIAN_POINT('',(50.,-10.29563694509,-16.56743371481));
#9218 = CARTESIAN_POINT('',(42.,-10.48638944202,-16.5163217373));
#9219 = DEFINITIONAL_REPRESENTATION('',(#9220),#9224);
#9220 = B_SPLINE_CURVE_WITH_KNOTS('',2,(#9221,#9222,#9223),
  .UNSPECIFIED.,.F.,.F.,(3,3),(8.726203218651E-03,7.791273796781),
  .PIECEWISE_BEZIER_KNOTS.);
#9221 = CARTESIAN_POINT('',(4.5E-15,6.249048094727E-02));
#9222 = CARTESIAN_POINT('',(3.9,6.249048094727E-02));
#9223 = CARTESIAN_POINT('',(7.8,6.249048094727E-02));
#9224 = ( GEOMETRIC_REPRESENTATION_CONTEXT(2) 
PARAMETRIC_REPRESENTATION_CONTEXT() REPRESENTATION_CONTEXT('2D SPACE',''
  ) );
#9225 = ORIENTED_EDGE('',*,*,#8021,.F.);
#9226 = ORIENTED_EDGE('',*,*,#9131,.T.);
#9227 = ADVANCED_FACE('',(#9228),#7398,.F.);
#9228 = FACE_BOUND('',#9229,.F.);
#9229 = EDGE_LOOP('',(#9230,#9250,#9275,#9276));
#9230 = ORIENTED_EDGE('',*,*,#9231,.T.);
#9231 = EDGE_CURVE('',#7359,#9232,#9234,.T.);
#9232 = VERTEX_POINT('',#9233);
#9233 = CARTESIAN_POINT('',(49.500076152422,-26.23871487933,
    -4.53576029724));
#9234 = SURFACE_CURVE('',#9235,(#9238,#9244),.PCURVE_S1.);
#9235 = B_SPLINE_CURVE_WITH_KNOTS('',1,(#9236,#9237),.UNSPECIFIED.,.F.,
  .F.,(2,2),(0.,1.),.PIECEWISE_BEZIER_KNOTS.);
#9236 = CARTESIAN_POINT('',(50.,-26.9336477965,-4.349553583291));
#9237 = CARTESIAN_POINT('',(49.500076152422,-26.23871487933,
    -4.53576029724));
#9238 = PCURVE('',#7398,#9239);
#9239 = DEFINITIONAL_REPRESENTATION('',(#9240),#9243);
#9240 = B_SPLINE_CURVE_WITH_KNOTS('',1,(#9241,#9242),.UNSPECIFIED.,.F.,
  .F.,(2,2),(0.,1.),.PIECEWISE_BEZIER_KNOTS.);
#9241 = CARTESIAN_POINT('',(0.,-0.5));
#9242 = CARTESIAN_POINT('',(21.063,8.726203218658E-03));
#9243 = ( GEOMETRIC_REPRESENTATION_CONTEXT(2) 
PARAMETRIC_REPRESENTATION_CONTEXT() REPRESENTATION_CONTEXT('2D SPACE',''
  ) );
#9244 = PCURVE('',#7372,#9245);
#9245 = DEFINITIONAL_REPRESENTATION('',(#9246),#9249);
#9246 = B_SPLINE_CURVE_WITH_KNOTS('',1,(#9247,#9248),.UNSPECIFIED.,.F.,
  .F.,(2,2),(0.,1.),.PIECEWISE_BEZIER_KNOTS.);
#9247 = CARTESIAN_POINT('',(1.3552688E-10,8.299999999993));
#9248 = CARTESIAN_POINT('',(9.485999999756,7.791273796794));
#9249 = ( GEOMETRIC_REPRESENTATION_CONTEXT(2) 
PARAMETRIC_REPRESENTATION_CONTEXT() REPRESENTATION_CONTEXT('2D SPACE',''
  ) );
#9250 = ORIENTED_EDGE('',*,*,#9251,.T.);
#9251 = EDGE_CURVE('',#9232,#9182,#9252,.T.);
#9252 = SURFACE_CURVE('',#9253,(#9256,#9263),.PCURVE_S1.);
#9253 = B_SPLINE_CURVE_WITH_KNOTS('',1,(#9254,#9255),.UNSPECIFIED.,.F.,
  .F.,(2,2),(-1.7065,19.3565),.PIECEWISE_BEZIER_KNOTS.);
#9254 = CARTESIAN_POINT('',(49.500076152422,-27.09632798094,
    -3.050330832016));
#9255 = CARTESIAN_POINT('',(49.500076152422,-16.56482798094,
    -21.29142391192));
#9256 = PCURVE('',#7398,#9257);
#9257 = DEFINITIONAL_REPRESENTATION('',(#9258),#9262);
#9258 = LINE('',#9259,#9260);
#9259 = CARTESIAN_POINT('',(21.063,0.));
#9260 = VECTOR('',#9261,1.);
#9261 = DIRECTION('',(0.,1.));
#9262 = ( GEOMETRIC_REPRESENTATION_CONTEXT(2) 
PARAMETRIC_REPRESENTATION_CONTEXT() REPRESENTATION_CONTEXT('2D SPACE',''
  ) );
#9263 = PCURVE('',#9264,#9269);
#9264 = B_SPLINE_SURFACE_WITH_KNOTS('',1,1,(
    (#9265,#9266)
    ,(#9267,#9268
    )),.UNSPECIFIED.,.F.,.F.,.F.,(2,2),(2,2),(0.,18.4),(0.,1.),
  .PIECEWISE_BEZIER_KNOTS.);
#9265 = CARTESIAN_POINT('',(50.,-26.25063509461,-4.532566285183));
#9266 = CARTESIAN_POINT('',(42.,-26.05988259767,-4.583678262691));
#9267 = CARTESIAN_POINT('',(50.,-17.05063509461,-20.46743371481));
#9268 = CARTESIAN_POINT('',(42.,-16.9995231171,-20.27668121788));
#9269 = DEFINITIONAL_REPRESENTATION('',(#9270),#9274);
#9270 = B_SPLINE_CURVE_WITH_KNOTS('',2,(#9271,#9272,#9273),
  .UNSPECIFIED.,.F.,.F.,(3,3),(8.726203218642E-03,18.391273796781),
  .PIECEWISE_BEZIER_KNOTS.);
#9271 = CARTESIAN_POINT('',(3.48E-15,6.249048094728E-02));
#9272 = CARTESIAN_POINT('',(9.2,6.249048094728E-02));
#9273 = CARTESIAN_POINT('',(18.4,6.249048094728E-02));
#9274 = ( GEOMETRIC_REPRESENTATION_CONTEXT(2) 
PARAMETRIC_REPRESENTATION_CONTEXT() REPRESENTATION_CONTEXT('2D SPACE',''
  ) );
#9275 = ORIENTED_EDGE('',*,*,#9181,.F.);
#9276 = ORIENTED_EDGE('',*,*,#7384,.F.);
#9277 = ADVANCED_FACE('',(#9278),#7372,.F.);
#9278 = FACE_BOUND('',#9279,.F.);
#9279 = EDGE_LOOP('',(#9280,#9298,#9299,#9324,#9325));
#9280 = ORIENTED_EDGE('',*,*,#9281,.F.);
#9281 = EDGE_CURVE('',#7845,#7333,#9282,.T.);
#9282 = SURFACE_CURVE('',#9283,(#9286,#9292),.PCURVE_S1.);
#9283 = B_SPLINE_CURVE_WITH_KNOTS('',1,(#9284,#9285),.UNSPECIFIED.,.F.,
  .F.,(2,2),(0.,1.),.PIECEWISE_BEZIER_KNOTS.);
#9284 = CARTESIAN_POINT('',(49.94265492388,-19.28329045318,3.64E-15));
#9285 = CARTESIAN_POINT('',(50.,-19.4,1.92E-15));
#9286 = PCURVE('',#7372,#9287);
#9287 = DEFINITIONAL_REPRESENTATION('',(#9288),#9291);
#9288 = B_SPLINE_CURVE_WITH_KNOTS('',1,(#9289,#9290),.UNSPECIFIED.,.F.,
  .F.,(2,2),(0.,1.),.PIECEWISE_BEZIER_KNOTS.);
#9289 = CARTESIAN_POINT('',(1.088116509437,-0.500180598981));
#9290 = CARTESIAN_POINT('',(1.86794225E-09,-0.399107166755));
#9291 = ( GEOMETRIC_REPRESENTATION_CONTEXT(2) 
PARAMETRIC_REPRESENTATION_CONTEXT() REPRESENTATION_CONTEXT('2D SPACE',''
  ) );
#9292 = PCURVE('',#7346,#9293);
#9293 = DEFINITIONAL_REPRESENTATION('',(#9294),#9297);
#9294 = B_SPLINE_CURVE_WITH_KNOTS('',1,(#9295,#9296),.UNSPECIFIED.,.F.,
  .F.,(2,2),(0.,1.),.PIECEWISE_BEZIER_KNOTS.);
#9295 = CARTESIAN_POINT('',(1.175867840976,8.300180598992));
#9296 = CARTESIAN_POINT('',(0.,8.199107166582));
#9297 = ( GEOMETRIC_REPRESENTATION_CONTEXT(2) 
PARAMETRIC_REPRESENTATION_CONTEXT() REPRESENTATION_CONTEXT('2D SPACE',''
  ) );
#9298 = ORIENTED_EDGE('',*,*,#8080,.T.);
#9299 = ORIENTED_EDGE('',*,*,#9300,.T.);
#9300 = EDGE_CURVE('',#8051,#9232,#9301,.T.);
#9301 = SURFACE_CURVE('',#9302,(#9305,#9312),.PCURVE_S1.);
#9302 = B_SPLINE_CURVE_WITH_KNOTS('',1,(#9303,#9304),.UNSPECIFIED.,.F.,
  .F.,(2,2),(-0.843,8.643),.PIECEWISE_BEZIER_KNOTS.);
#9303 = CARTESIAN_POINT('',(49.500076152422,-18.76121442809,
    -0.218623398849));
#9304 = CARTESIAN_POINT('',(49.500076152422,-26.97633140839,
    -4.961623398849));
#9305 = PCURVE('',#7372,#9306);
#9306 = DEFINITIONAL_REPRESENTATION('',(#9307),#9311);
#9307 = LINE('',#9308,#9309);
#9308 = CARTESIAN_POINT('',(9.486,0.));
#9309 = VECTOR('',#9310,1.);
#9310 = DIRECTION('',(0.,1.));
#9311 = ( GEOMETRIC_REPRESENTATION_CONTEXT(2) 
PARAMETRIC_REPRESENTATION_CONTEXT() REPRESENTATION_CONTEXT('2D SPACE',''
  ) );
#9312 = PCURVE('',#9313,#9318);
#9313 = B_SPLINE_SURFACE_WITH_KNOTS('',1,1,(
    (#9314,#9315)
    ,(#9316,#9317
    )),.UNSPECIFIED.,.F.,.F.,.F.,(2,2),(2,2),(0.,7.8),(0.,1.),
  .PIECEWISE_BEZIER_KNOTS.);
#9314 = CARTESIAN_POINT('',(50.,-19.49563694509,-0.632566285183));
#9315 = CARTESIAN_POINT('',(42.,-19.5467489226,-0.823318782116));
#9316 = CARTESIAN_POINT('',(50.,-26.25063509461,-4.532566285183));
#9317 = CARTESIAN_POINT('',(42.,-26.05988259767,-4.583678262691));
#9318 = DEFINITIONAL_REPRESENTATION('',(#9319),#9323);
#9319 = B_SPLINE_CURVE_WITH_KNOTS('',2,(#9320,#9321,#9322),
  .UNSPECIFIED.,.F.,.F.,(3,3),(8.726203218637E-03,7.791273796781),
  .PIECEWISE_BEZIER_KNOTS.);
#9320 = CARTESIAN_POINT('',(2.46E-15,6.249048094727E-02));
#9321 = CARTESIAN_POINT('',(3.9,6.249048094727E-02));
#9322 = CARTESIAN_POINT('',(7.8,6.249048094727E-02));
#9323 = ( GEOMETRIC_REPRESENTATION_CONTEXT(2) 
PARAMETRIC_REPRESENTATION_CONTEXT() REPRESENTATION_CONTEXT('2D SPACE',''
  ) );
#9324 = ORIENTED_EDGE('',*,*,#9231,.F.);
#9325 = ORIENTED_EDGE('',*,*,#7358,.F.);
#9326 = ADVANCED_FACE('',(#9327),#7346,.F.);
#9327 = FACE_BOUND('',#9328,.F.);
#9328 = EDGE_LOOP('',(#9329,#9330,#9350,#9375,#9376));
#9329 = ORIENTED_EDGE('',*,*,#7332,.F.);
#9330 = ORIENTED_EDGE('',*,*,#9331,.T.);
#9331 = EDGE_CURVE('',#7307,#9332,#9334,.T.);
#9332 = VERTEX_POINT('',#9333);
#9333 = CARTESIAN_POINT('',(49.500076152422,-26.23871487933,
    4.53576029724));
#9334 = SURFACE_CURVE('',#9335,(#9338,#9344),.PCURVE_S1.);
#9335 = B_SPLINE_CURVE_WITH_KNOTS('',1,(#9336,#9337),.UNSPECIFIED.,.F.,
  .F.,(2,2),(0.,1.),.PIECEWISE_BEZIER_KNOTS.);
#9336 = CARTESIAN_POINT('',(50.,-26.9336477965,4.349553583291));
#9337 = CARTESIAN_POINT('',(49.500076152422,-26.23871487933,
    4.53576029724));
#9338 = PCURVE('',#7346,#9339);
#9339 = DEFINITIONAL_REPRESENTATION('',(#9340),#9343);
#9340 = B_SPLINE_CURVE_WITH_KNOTS('',1,(#9341,#9342),.UNSPECIFIED.,.F.,
  .F.,(2,2),(0.,1.),.PIECEWISE_BEZIER_KNOTS.);
#9341 = CARTESIAN_POINT('',(0.,-0.5));
#9342 = CARTESIAN_POINT('',(10.251,8.72620321864E-03));
#9343 = ( GEOMETRIC_REPRESENTATION_CONTEXT(2) 
PARAMETRIC_REPRESENTATION_CONTEXT() REPRESENTATION_CONTEXT('2D SPACE',''
  ) );
#9344 = PCURVE('',#7320,#9345);
#9345 = DEFINITIONAL_REPRESENTATION('',(#9346),#9349);
#9346 = B_SPLINE_CURVE_WITH_KNOTS('',1,(#9347,#9348),.UNSPECIFIED.,.F.,
  .F.,(2,2),(0.,1.),.PIECEWISE_BEZIER_KNOTS.);
#9347 = CARTESIAN_POINT('',(1.9362026E-10,18.899999999995));
#9348 = CARTESIAN_POINT('',(21.062999999351,18.391273796797));
#9349 = ( GEOMETRIC_REPRESENTATION_CONTEXT(2) 
PARAMETRIC_REPRESENTATION_CONTEXT() REPRESENTATION_CONTEXT('2D SPACE',''
  ) );
#9350 = ORIENTED_EDGE('',*,*,#9351,.T.);
#9351 = EDGE_CURVE('',#9332,#7874,#9352,.T.);
#9352 = SURFACE_CURVE('',#9353,(#9356,#9363),.PCURVE_S1.);
#9353 = B_SPLINE_CURVE_WITH_KNOTS('',1,(#9354,#9355),.UNSPECIFIED.,.F.,
  .F.,(2,2),(-1.6005,8.6505),.PIECEWISE_BEZIER_KNOTS.);
#9354 = CARTESIAN_POINT('',(49.500076152422,-27.63234565175,
    5.340373398849));
#9355 = CARTESIAN_POINT('',(49.500076152422,-18.75471923756,
    0.214873398849));
#9356 = PCURVE('',#7346,#9357);
#9357 = DEFINITIONAL_REPRESENTATION('',(#9358),#9362);
#9358 = LINE('',#9359,#9360);
#9359 = CARTESIAN_POINT('',(10.251,0.));
#9360 = VECTOR('',#9361,1.);
#9361 = DIRECTION('',(0.,1.));
#9362 = ( GEOMETRIC_REPRESENTATION_CONTEXT(2) 
PARAMETRIC_REPRESENTATION_CONTEXT() REPRESENTATION_CONTEXT('2D SPACE',''
  ) );
#9363 = PCURVE('',#9364,#9369);
#9364 = B_SPLINE_SURFACE_WITH_KNOTS('',1,1,(
    (#9365,#9366)
    ,(#9367,#9368
    )),.UNSPECIFIED.,.F.,.F.,.F.,(2,2),(2,2),(0.,7.8),(0.,1.),
  .PIECEWISE_BEZIER_KNOTS.);
#9365 = CARTESIAN_POINT('',(50.,-26.25063509461,4.532566285183));
#9366 = CARTESIAN_POINT('',(42.,-26.05988259767,4.583678262691));
#9367 = CARTESIAN_POINT('',(50.,-19.49563694509,0.632566285183));
#9368 = CARTESIAN_POINT('',(42.,-19.5467489226,0.823318782116));
#9369 = DEFINITIONAL_REPRESENTATION('',(#9370),#9374);
#9370 = B_SPLINE_CURVE_WITH_KNOTS('',2,(#9371,#9372,#9373),
  .UNSPECIFIED.,.F.,.F.,(3,3),(8.726203218651E-03,7.791273796781),
  .PIECEWISE_BEZIER_KNOTS.);
#9371 = CARTESIAN_POINT('',(1.06E-15,6.249048094727E-02));
#9372 = CARTESIAN_POINT('',(3.9,6.249048094727E-02));
#9373 = CARTESIAN_POINT('',(7.8,6.249048094727E-02));
#9374 = ( GEOMETRIC_REPRESENTATION_CONTEXT(2) 
PARAMETRIC_REPRESENTATION_CONTEXT() REPRESENTATION_CONTEXT('2D SPACE',''
  ) );
#9375 = ORIENTED_EDGE('',*,*,#7873,.F.);
#9376 = ORIENTED_EDGE('',*,*,#9281,.T.);
#9377 = ADVANCED_FACE('',(#9378),#7320,.F.);
#9378 = FACE_BOUND('',#9379,.F.);
#9379 = EDGE_LOOP('',(#9380,#9400,#9425,#9426));
#9380 = ORIENTED_EDGE('',*,*,#9381,.T.);
#9381 = EDGE_CURVE('',#7281,#9382,#9384,.T.);
#9382 = VERTEX_POINT('',#9383);
#9383 = CARTESIAN_POINT('',(49.500076152422,-17.04744108255,
    20.455513499542));
#9384 = SURFACE_CURVE('',#9385,(#9388,#9394),.PCURVE_S1.);
#9385 = B_SPLINE_CURVE_WITH_KNOTS('',1,(#9386,#9387),.UNSPECIFIED.,.F.,
  .F.,(2,2),(0.,1.),.PIECEWISE_BEZIER_KNOTS.);
#9386 = CARTESIAN_POINT('',(50.,-17.2336477965,21.150446416709));
#9387 = CARTESIAN_POINT('',(49.500076152422,-17.04744108255,
    20.455513499542));
#9388 = PCURVE('',#7320,#9389);
#9389 = DEFINITIONAL_REPRESENTATION('',(#9390),#9393);
#9390 = B_SPLINE_CURVE_WITH_KNOTS('',1,(#9391,#9392),.UNSPECIFIED.,.F.,
  .F.,(2,2),(0.,1.),.PIECEWISE_BEZIER_KNOTS.);
#9391 = CARTESIAN_POINT('',(0.,-0.5));
#9392 = CARTESIAN_POINT('',(21.063,8.726203218658E-03));
#9393 = ( GEOMETRIC_REPRESENTATION_CONTEXT(2) 
PARAMETRIC_REPRESENTATION_CONTEXT() REPRESENTATION_CONTEXT('2D SPACE',''
  ) );
#9394 = PCURVE('',#7294,#9395);
#9395 = DEFINITIONAL_REPRESENTATION('',(#9396),#9399);
#9396 = B_SPLINE_CURVE_WITH_KNOTS('',1,(#9397,#9398),.UNSPECIFIED.,.F.,
  .F.,(2,2),(0.,1.),.PIECEWISE_BEZIER_KNOTS.);
#9397 = CARTESIAN_POINT('',(1.3552688E-10,8.299999999993));
#9398 = CARTESIAN_POINT('',(9.485999999756,7.791273796794));
#9399 = ( GEOMETRIC_REPRESENTATION_CONTEXT(2) 
PARAMETRIC_REPRESENTATION_CONTEXT() REPRESENTATION_CONTEXT('2D SPACE',''
  ) );
#9400 = ORIENTED_EDGE('',*,*,#9401,.T.);
#9401 = EDGE_CURVE('',#9382,#9332,#9402,.T.);
#9402 = SURFACE_CURVE('',#9403,(#9406,#9413),.PCURVE_S1.);
#9403 = B_SPLINE_CURVE_WITH_KNOTS('',1,(#9404,#9405),.UNSPECIFIED.,.F.,
  .F.,(2,2),(-1.7065,19.3565),.PIECEWISE_BEZIER_KNOTS.);
#9404 = CARTESIAN_POINT('',(49.500076152422,-16.18982798094,
    21.940942964766));
#9405 = CARTESIAN_POINT('',(49.500076152422,-26.72132798094,
    3.699849884854));
#9406 = PCURVE('',#7320,#9407);
#9407 = DEFINITIONAL_REPRESENTATION('',(#9408),#9412);
#9408 = LINE('',#9409,#9410);
#9409 = CARTESIAN_POINT('',(21.063,0.));
#9410 = VECTOR('',#9411,1.);
#9411 = DIRECTION('',(0.,1.));
#9412 = ( GEOMETRIC_REPRESENTATION_CONTEXT(2) 
PARAMETRIC_REPRESENTATION_CONTEXT() REPRESENTATION_CONTEXT('2D SPACE',''
  ) );
#9413 = PCURVE('',#9414,#9419);
#9414 = B_SPLINE_SURFACE_WITH_KNOTS('',1,1,(
    (#9415,#9416)
    ,(#9417,#9418
    )),.UNSPECIFIED.,.F.,.F.,.F.,(2,2),(2,2),(0.,18.4),(0.,1.),
  .PIECEWISE_BEZIER_KNOTS.);
#9415 = CARTESIAN_POINT('',(50.,-17.05063509461,20.467433714817));
#9416 = CARTESIAN_POINT('',(42.,-16.9995231171,20.276681217884));
#9417 = CARTESIAN_POINT('',(50.,-26.25063509461,4.532566285183));
#9418 = CARTESIAN_POINT('',(42.,-26.05988259767,4.583678262691));
#9419 = DEFINITIONAL_REPRESENTATION('',(#9420),#9424);
#9420 = B_SPLINE_CURVE_WITH_KNOTS('',2,(#9421,#9422,#9423),
  .UNSPECIFIED.,.F.,.F.,(3,3),(8.726203218642E-03,18.391273796781),
  .PIECEWISE_BEZIER_KNOTS.);
#9421 = CARTESIAN_POINT('',(1.99E-15,6.249048094728E-02));
#9422 = CARTESIAN_POINT('',(9.2,6.249048094728E-02));
#9423 = CARTESIAN_POINT('',(18.4,6.249048094728E-02));
#9424 = ( GEOMETRIC_REPRESENTATION_CONTEXT(2) 
PARAMETRIC_REPRESENTATION_CONTEXT() REPRESENTATION_CONTEXT('2D SPACE',''
  ) );
#9425 = ORIENTED_EDGE('',*,*,#9331,.F.);
#9426 = ORIENTED_EDGE('',*,*,#7306,.F.);
#9427 = ADVANCED_FACE('',(#9428),#7294,.F.);
#9428 = FACE_BOUND('',#9429,.F.);
#9429 = EDGE_LOOP('',(#9430,#9431,#9432,#9457,#9458));
#9430 = ORIENTED_EDGE('',*,*,#8612,.F.);
#9431 = ORIENTED_EDGE('',*,*,#7932,.T.);
#9432 = ORIENTED_EDGE('',*,*,#9433,.T.);
#9433 = EDGE_CURVE('',#7903,#9382,#9434,.T.);
#9434 = SURFACE_CURVE('',#9435,(#9438,#9445),.PCURVE_S1.);
#9435 = B_SPLINE_CURVE_WITH_KNOTS('',1,(#9436,#9437),.UNSPECIFIED.,.F.,
  .F.,(2,2),(-0.843,8.643),.PIECEWISE_BEZIER_KNOTS.);
#9436 = CARTESIAN_POINT('',(49.500076152422,-9.569940631311,
    16.138376601151));
#9437 = CARTESIAN_POINT('',(49.500076152422,-17.78505761161,
    20.881376601151));
#9438 = PCURVE('',#7294,#9439);
#9439 = DEFINITIONAL_REPRESENTATION('',(#9440),#9444);
#9440 = LINE('',#9441,#9442);
#9441 = CARTESIAN_POINT('',(9.486,0.));
#9442 = VECTOR('',#9443,1.);
#9443 = DIRECTION('',(0.,1.));
#9444 = ( GEOMETRIC_REPRESENTATION_CONTEXT(2) 
PARAMETRIC_REPRESENTATION_CONTEXT() REPRESENTATION_CONTEXT('2D SPACE',''
  ) );
#9445 = PCURVE('',#9446,#9451);
#9446 = B_SPLINE_SURFACE_WITH_KNOTS('',1,1,(
    (#9447,#9448)
    ,(#9449,#9450
    )),.UNSPECIFIED.,.F.,.F.,.F.,(2,2),(2,2),(0.,7.8),(0.,1.),
  .PIECEWISE_BEZIER_KNOTS.);
#9447 = CARTESIAN_POINT('',(50.,-10.29563694509,16.567433714817));
#9448 = CARTESIAN_POINT('',(42.,-10.48638944202,16.516321737309));
#9449 = CARTESIAN_POINT('',(50.,-17.05063509461,20.467433714817));
#9450 = CARTESIAN_POINT('',(42.,-16.9995231171,20.276681217884));
#9451 = DEFINITIONAL_REPRESENTATION('',(#9452),#9456);
#9452 = B_SPLINE_CURVE_WITH_KNOTS('',2,(#9453,#9454,#9455),
  .UNSPECIFIED.,.F.,.F.,(3,3),(8.726203218637E-03,7.791273796781),
  .PIECEWISE_BEZIER_KNOTS.);
#9453 = CARTESIAN_POINT('',(0.,6.249048094727E-02));
#9454 = CARTESIAN_POINT('',(3.9,6.249048094727E-02));
#9455 = CARTESIAN_POINT('',(7.8,6.249048094727E-02));
#9456 = ( GEOMETRIC_REPRESENTATION_CONTEXT(2) 
PARAMETRIC_REPRESENTATION_CONTEXT() REPRESENTATION_CONTEXT('2D SPACE',''
  ) );
#9457 = ORIENTED_EDGE('',*,*,#9381,.F.);
#9458 = ORIENTED_EDGE('',*,*,#7280,.F.);
#9459 = ADVANCED_FACE('',(#9460,#9532),#7920,.T.);
#9460 = FACE_BOUND('',#9461,.T.);
#9461 = EDGE_LOOP('',(#9462,#9484,#9485,#9507));
#9462 = ORIENTED_EDGE('',*,*,#9463,.F.);
#9463 = EDGE_CURVE('',#7874,#9464,#9466,.T.);
#9464 = VERTEX_POINT('',#9465);
#9465 = CARTESIAN_POINT('',(42.,-19.5467489226,0.823318782116));
#9466 = SURFACE_CURVE('',#9467,(#9470,#9477),.PCURVE_S1.);
#9467 = B_SPLINE_CURVE_WITH_KNOTS('',1,(#9468,#9469),.UNSPECIFIED.,.F.,
  .F.,(2,2),(0.,1.),.PIECEWISE_BEZIER_KNOTS.);
#9468 = CARTESIAN_POINT('',(50.,-19.49563694509,0.632566285183));
#9469 = CARTESIAN_POINT('',(42.,-19.5467489226,0.823318782116));
#9470 = PCURVE('',#7920,#9471);
#9471 = DEFINITIONAL_REPRESENTATION('',(#9472),#9476);
#9472 = LINE('',#9473,#9474);
#9473 = CARTESIAN_POINT('',(0.,0.));
#9474 = VECTOR('',#9475,1.);
#9475 = DIRECTION('',(0.,1.));
#9476 = ( GEOMETRIC_REPRESENTATION_CONTEXT(2) 
PARAMETRIC_REPRESENTATION_CONTEXT() REPRESENTATION_CONTEXT('2D SPACE',''
  ) );
#9477 = PCURVE('',#9364,#9478);
#9478 = DEFINITIONAL_REPRESENTATION('',(#9479),#9483);
#9479 = LINE('',#9480,#9481);
#9480 = CARTESIAN_POINT('',(7.8,0.));
#9481 = VECTOR('',#9482,1.);
#9482 = DIRECTION('',(0.,1.));
#9483 = ( GEOMETRIC_REPRESENTATION_CONTEXT(2) 
PARAMETRIC_REPRESENTATION_CONTEXT() REPRESENTATION_CONTEXT('2D SPACE',''
  ) );
#9484 = ORIENTED_EDGE('',*,*,#7902,.T.);
#9485 = ORIENTED_EDGE('',*,*,#9486,.T.);
#9486 = EDGE_CURVE('',#7903,#9487,#9489,.T.);
#9487 = VERTEX_POINT('',#9488);
#9488 = CARTESIAN_POINT('',(42.,-10.48638944202,16.516321737309));
#9489 = SURFACE_CURVE('',#9490,(#9493,#9500),.PCURVE_S1.);
#9490 = B_SPLINE_CURVE_WITH_KNOTS('',1,(#9491,#9492),.UNSPECIFIED.,.F.,
  .F.,(2,2),(0.,1.),.PIECEWISE_BEZIER_KNOTS.);
#9491 = CARTESIAN_POINT('',(50.,-10.29563694509,16.567433714817));
#9492 = CARTESIAN_POINT('',(42.,-10.48638944202,16.516321737309));
#9493 = PCURVE('',#7920,#9494);
#9494 = DEFINITIONAL_REPRESENTATION('',(#9495),#9499);
#9495 = LINE('',#9496,#9497);
#9496 = CARTESIAN_POINT('',(18.4,0.));
#9497 = VECTOR('',#9498,1.);
#9498 = DIRECTION('',(0.,1.));
#9499 = ( GEOMETRIC_REPRESENTATION_CONTEXT(2) 
PARAMETRIC_REPRESENTATION_CONTEXT() REPRESENTATION_CONTEXT('2D SPACE',''
  ) );
#9500 = PCURVE('',#9446,#9501);
#9501 = DEFINITIONAL_REPRESENTATION('',(#9502),#9506);
#9502 = LINE('',#9503,#9504);
#9503 = CARTESIAN_POINT('',(0.,0.));
#9504 = VECTOR('',#9505,1.);
#9505 = DIRECTION('',(0.,1.));
#9506 = ( GEOMETRIC_REPRESENTATION_CONTEXT(2) 
PARAMETRIC_REPRESENTATION_CONTEXT() REPRESENTATION_CONTEXT('2D SPACE',''
  ) );
#9507 = ORIENTED_EDGE('',*,*,#9508,.F.);
#9508 = EDGE_CURVE('',#9464,#9487,#9509,.T.);
#9509 = SURFACE_CURVE('',#9510,(#9514,#9520),.PCURVE_S1.);
#9510 = LINE('',#9511,#9512);
#9511 = CARTESIAN_POINT('',(42.,-19.61656918231,0.702386544896));
#9512 = VECTOR('',#9513,1.);
#9513 = DIRECTION('',(0.,0.5,0.866025403784));
#9514 = PCURVE('',#7920,#9515);
#9515 = DEFINITIONAL_REPRESENTATION('',(#9516),#9519);
#9516 = B_SPLINE_CURVE_WITH_KNOTS('',1,(#9517,#9518),.UNSPECIFIED.,.F.,
  .F.,(2,2),(0.139640519426,18.260359480574),.PIECEWISE_BEZIER_KNOTS.);
#9517 = CARTESIAN_POINT('',(0.,1.));
#9518 = CARTESIAN_POINT('',(18.4,1.));
#9519 = ( GEOMETRIC_REPRESENTATION_CONTEXT(2) 
PARAMETRIC_REPRESENTATION_CONTEXT() REPRESENTATION_CONTEXT('2D SPACE',''
  ) );
#9520 = PCURVE('',#9521,#9526);
#9521 = PLANE('',#9522);
#9522 = AXIS2_PLACEMENT_3D('',#9523,#9524,#9525);
#9523 = CARTESIAN_POINT('',(42.,-26.05988259767,4.583678262691));
#9524 = DIRECTION('',(-1.,0.,0.));
#9525 = DIRECTION('',(0.,0.79377945855,0.608205698085));
#9526 = DEFINITIONAL_REPRESENTATION('',(#9527),#9531);
#9527 = LINE('',#9528,#9529);
#9528 = CARTESIAN_POINT('',(2.753946095426,6.999749572001));
#9529 = VECTOR('',#9530,1.);
#9530 = DIRECTION('',(0.923611314543,-0.383330327064));
#9531 = ( GEOMETRIC_REPRESENTATION_CONTEXT(2) 
PARAMETRIC_REPRESENTATION_CONTEXT() REPRESENTATION_CONTEXT('2D SPACE',''
  ) );
#9532 = FACE_BOUND('',#9533,.T.);
#9533 = EDGE_LOOP('',(#9534,#9564,#9593,#9621));
#9534 = ORIENTED_EDGE('',*,*,#9535,.F.);
#9535 = EDGE_CURVE('',#9536,#9538,#9540,.T.);
#9536 = VERTEX_POINT('',#9537);
#9537 = CARTESIAN_POINT('',(42.308968192733,-10.51189865546,
    16.46135236384));
#9538 = VERTEX_POINT('',#9539);
#9539 = CARTESIAN_POINT('',(42.308968192733,-19.51189865546,
    0.87289509572));
#9540 = SURFACE_CURVE('',#9541,(#9545,#9552),.PCURVE_S1.);
#9541 = LINE('',#9542,#9543);
#9542 = CARTESIAN_POINT('',(42.308968192733,-10.51189865546,
    16.46135236384));
#9543 = VECTOR('',#9544,1.);
#9544 = DIRECTION('',(0.,-0.5,-0.866025403784));
#9545 = PCURVE('',#7920,#9546);
#9546 = DEFINITIONAL_REPRESENTATION('',(#9547),#9551);
#9547 = B_SPLINE_CURVE_WITH_KNOTS('',2,(#9548,#9549,#9550),
  .UNSPECIFIED.,.F.,.F.,(3,3),(0.,18.),.PIECEWISE_BEZIER_KNOTS.);
#9548 = CARTESIAN_POINT('',(18.333273782916,0.961378975908));
#9549 = CARTESIAN_POINT('',(9.2,0.961378975908));
#9550 = CARTESIAN_POINT('',(6.672621708368E-02,0.961378975908));
#9551 = ( GEOMETRIC_REPRESENTATION_CONTEXT(2) 
PARAMETRIC_REPRESENTATION_CONTEXT() REPRESENTATION_CONTEXT('2D SPACE',''
  ) );
#9552 = PCURVE('',#9553,#9558);
#9553 = PLANE('',#9554);
#9554 = AXIS2_PLACEMENT_3D('',#9555,#9556,#9557);
#9555 = CARTESIAN_POINT('',(42.308968192733,-10.51189865546,
    16.46135236384));
#9556 = DIRECTION('',(-0.999847695156,-1.511422733186E-02,
    8.726203218642E-03));
#9557 = DIRECTION('',(0.,-0.5,-0.866025403784));
#9558 = DEFINITIONAL_REPRESENTATION('',(#9559),#9563);
#9559 = LINE('',#9560,#9561);
#9560 = CARTESIAN_POINT('',(1.7763568394E-15,1.42086903332E-14));
#9561 = VECTOR('',#9562,1.);
#9562 = DIRECTION('',(1.,0.));
#9563 = ( GEOMETRIC_REPRESENTATION_CONTEXT(2) 
PARAMETRIC_REPRESENTATION_CONTEXT() REPRESENTATION_CONTEXT('2D SPACE',''
  ) );
#9564 = ORIENTED_EDGE('',*,*,#9565,.F.);
#9565 = EDGE_CURVE('',#9566,#9536,#9568,.T.);
#9566 = VERTEX_POINT('',#9567);
#9567 = CARTESIAN_POINT('',(48.308054363671,-10.42121329147,
    16.408995144529));
#9568 = SURFACE_CURVE('',#9569,(#9573,#9581),.PCURVE_S1.);
#9569 = LINE('',#9570,#9571);
#9570 = CARTESIAN_POINT('',(48.308054363671,-10.42121329147,
    16.408995144529));
#9571 = VECTOR('',#9572,1.);
#9572 = DIRECTION('',(-0.999847695156,-1.511422733186E-02,
    8.726203218642E-03));
#9573 = PCURVE('',#7920,#9574);
#9574 = DEFINITIONAL_REPRESENTATION('',(#9575),#9580);
#9575 = B_SPLINE_CURVE_WITH_KNOTS('',3,(#9576,#9577,#9578,#9579),
  .UNSPECIFIED.,.F.,.F.,(4,4),(0.,6.),.PIECEWISE_BEZIER_KNOTS.);
#9576 = CARTESIAN_POINT('',(18.22898404073,0.211493204541));
#9577 = CARTESIAN_POINT('',(18.263350349106,0.46145512833));
#9578 = CARTESIAN_POINT('',(18.298109011601,0.711417052119));
#9579 = CARTESIAN_POINT('',(18.333273782916,0.961378975908));
#9580 = ( GEOMETRIC_REPRESENTATION_CONTEXT(2) 
PARAMETRIC_REPRESENTATION_CONTEXT() REPRESENTATION_CONTEXT('2D SPACE',''
  ) );
#9581 = PCURVE('',#9582,#9587);
#9582 = PLANE('',#9583);
#9583 = AXIS2_PLACEMENT_3D('',#9584,#9585,#9586);
#9584 = CARTESIAN_POINT('',(48.308054363671,-10.42121329147,
    16.408995144529));
#9585 = DIRECTION('',(0.,0.5,0.866025403784));
#9586 = DIRECTION('',(-0.999847695156,-1.511422733186E-02,
    8.726203218642E-03));
#9587 = DEFINITIONAL_REPRESENTATION('',(#9588),#9592);
#9588 = LINE('',#9589,#9590);
#9589 = CARTESIAN_POINT('',(7.352358778909E-15,1.408468352704E-14));
#9590 = VECTOR('',#9591,1.);
#9591 = DIRECTION('',(1.,-3.538835890993E-16));
#9592 = ( GEOMETRIC_REPRESENTATION_CONTEXT(2) 
PARAMETRIC_REPRESENTATION_CONTEXT() REPRESENTATION_CONTEXT('2D SPACE',''
  ) );
#9593 = ORIENTED_EDGE('',*,*,#9594,.F.);
#9594 = EDGE_CURVE('',#9595,#9566,#9597,.T.);
#9595 = VERTEX_POINT('',#9596);
#9596 = CARTESIAN_POINT('',(48.308054363671,-19.42121329147,
    0.820537876409));
#9597 = SURFACE_CURVE('',#9598,(#9602,#9609),.PCURVE_S1.);
#9598 = LINE('',#9599,#9600);
#9599 = CARTESIAN_POINT('',(48.308054363671,-19.42121329147,
    0.820537876409));
#9600 = VECTOR('',#9601,1.);
#9601 = DIRECTION('',(0.,0.5,0.866025403784));
#9602 = PCURVE('',#7920,#9603);
#9603 = DEFINITIONAL_REPRESENTATION('',(#9604),#9608);
#9604 = B_SPLINE_CURVE_WITH_KNOTS('',2,(#9605,#9606,#9607),
  .UNSPECIFIED.,.F.,.F.,(3,3),(0.,18.),.PIECEWISE_BEZIER_KNOTS.);
#9605 = CARTESIAN_POINT('',(0.17101595927,0.211493204541));
#9606 = CARTESIAN_POINT('',(9.2,0.211493204541));
#9607 = CARTESIAN_POINT('',(18.22898404073,0.211493204541));
#9608 = ( GEOMETRIC_REPRESENTATION_CONTEXT(2) 
PARAMETRIC_REPRESENTATION_CONTEXT() REPRESENTATION_CONTEXT('2D SPACE',''
  ) );
#9609 = PCURVE('',#9610,#9615);
#9610 = PLANE('',#9611);
#9611 = AXIS2_PLACEMENT_3D('',#9612,#9613,#9614);
#9612 = CARTESIAN_POINT('',(48.308054363671,-19.42121329147,
    0.820537876409));
#9613 = DIRECTION('',(0.999847695156,1.511422733186E-02,
    -8.726203218642E-03));
#9614 = DIRECTION('',(0.,0.5,0.866025403784));
#9615 = DEFINITIONAL_REPRESENTATION('',(#9616),#9620);
#9616 = LINE('',#9617,#9618);
#9617 = CARTESIAN_POINT('',(1.7763568394E-15,1.42086903332E-14));
#9618 = VECTOR('',#9619,1.);
#9619 = DIRECTION('',(1.,0.));
#9620 = ( GEOMETRIC_REPRESENTATION_CONTEXT(2) 
PARAMETRIC_REPRESENTATION_CONTEXT() REPRESENTATION_CONTEXT('2D SPACE',''
  ) );
#9621 = ORIENTED_EDGE('',*,*,#9622,.F.);
#9622 = EDGE_CURVE('',#9538,#9595,#9623,.T.);
#9623 = SURFACE_CURVE('',#9624,(#9628,#9636),.PCURVE_S1.);
#9624 = LINE('',#9625,#9626);
#9625 = CARTESIAN_POINT('',(42.308968192733,-19.51189865546,
    0.87289509572));
#9626 = VECTOR('',#9627,1.);
#9627 = DIRECTION('',(0.999847695156,1.511422733186E-02,
    -8.726203218642E-03));
#9628 = PCURVE('',#7920,#9629);
#9629 = DEFINITIONAL_REPRESENTATION('',(#9630),#9635);
#9630 = B_SPLINE_CURVE_WITH_KNOTS('',3,(#9631,#9632,#9633,#9634),
  .UNSPECIFIED.,.F.,.F.,(4,4),(0.,6.),.PIECEWISE_BEZIER_KNOTS.);
#9631 = CARTESIAN_POINT('',(6.672621708368E-02,0.961378975908));
#9632 = CARTESIAN_POINT('',(0.101890988399,0.711417052119));
#9633 = CARTESIAN_POINT('',(0.136649650894,0.46145512833));
#9634 = CARTESIAN_POINT('',(0.17101595927,0.211493204541));
#9635 = ( GEOMETRIC_REPRESENTATION_CONTEXT(2) 
PARAMETRIC_REPRESENTATION_CONTEXT() REPRESENTATION_CONTEXT('2D SPACE',''
  ) );
#9636 = PCURVE('',#9637,#9642);
#9637 = PLANE('',#9638);
#9638 = AXIS2_PLACEMENT_3D('',#9639,#9640,#9641);
#9639 = CARTESIAN_POINT('',(42.308968192733,-19.51189865546,
    0.87289509572));
#9640 = DIRECTION('',(0.,-0.5,-0.866025403784));
#9641 = DIRECTION('',(0.999847695156,1.511422733186E-02,
    -8.726203218642E-03));
#9642 = DEFINITIONAL_REPRESENTATION('',(#9643),#9647);
#9643 = LINE('',#9644,#9645);
#9644 = CARTESIAN_POINT('',(-7.352358778909E-15,1.408468352704E-14));
#9645 = VECTOR('',#9646,1.);
#9646 = DIRECTION('',(1.,3.538835890993E-16));
#9647 = ( GEOMETRIC_REPRESENTATION_CONTEXT(2) 
PARAMETRIC_REPRESENTATION_CONTEXT() REPRESENTATION_CONTEXT('2D SPACE',''
  ) );
#9648 = ADVANCED_FACE('',(#9649,#9721),#8068,.T.);
#9649 = FACE_BOUND('',#9650,.T.);
#9650 = EDGE_LOOP('',(#9651,#9673,#9674,#9696));
#9651 = ORIENTED_EDGE('',*,*,#9652,.F.);
#9652 = EDGE_CURVE('',#8022,#9653,#9655,.T.);
#9653 = VERTEX_POINT('',#9654);
#9654 = CARTESIAN_POINT('',(42.,-10.48638944202,-16.5163217373));
#9655 = SURFACE_CURVE('',#9656,(#9659,#9666),.PCURVE_S1.);
#9656 = B_SPLINE_CURVE_WITH_KNOTS('',1,(#9657,#9658),.UNSPECIFIED.,.F.,
  .F.,(2,2),(0.,1.),.PIECEWISE_BEZIER_KNOTS.);
#9657 = CARTESIAN_POINT('',(50.,-10.29563694509,-16.56743371481));
#9658 = CARTESIAN_POINT('',(42.,-10.48638944202,-16.5163217373));
#9659 = PCURVE('',#8068,#9660);
#9660 = DEFINITIONAL_REPRESENTATION('',(#9661),#9665);
#9661 = LINE('',#9662,#9663);
#9662 = CARTESIAN_POINT('',(0.,0.));
#9663 = VECTOR('',#9664,1.);
#9664 = DIRECTION('',(0.,1.));
#9665 = ( GEOMETRIC_REPRESENTATION_CONTEXT(2) 
PARAMETRIC_REPRESENTATION_CONTEXT() REPRESENTATION_CONTEXT('2D SPACE',''
  ) );
#9666 = PCURVE('',#9214,#9667);
#9667 = DEFINITIONAL_REPRESENTATION('',(#9668),#9672);
#9668 = LINE('',#9669,#9670);
#9669 = CARTESIAN_POINT('',(7.8,0.));
#9670 = VECTOR('',#9671,1.);
#9671 = DIRECTION('',(0.,1.));
#9672 = ( GEOMETRIC_REPRESENTATION_CONTEXT(2) 
PARAMETRIC_REPRESENTATION_CONTEXT() REPRESENTATION_CONTEXT('2D SPACE',''
  ) );
#9673 = ORIENTED_EDGE('',*,*,#8050,.T.);
#9674 = ORIENTED_EDGE('',*,*,#9675,.T.);
#9675 = EDGE_CURVE('',#8051,#9676,#9678,.T.);
#9676 = VERTEX_POINT('',#9677);
#9677 = CARTESIAN_POINT('',(42.,-19.5467489226,-0.823318782116));
#9678 = SURFACE_CURVE('',#9679,(#9682,#9689),.PCURVE_S1.);
#9679 = B_SPLINE_CURVE_WITH_KNOTS('',1,(#9680,#9681),.UNSPECIFIED.,.F.,
  .F.,(2,2),(0.,1.),.PIECEWISE_BEZIER_KNOTS.);
#9680 = CARTESIAN_POINT('',(50.,-19.49563694509,-0.632566285183));
#9681 = CARTESIAN_POINT('',(42.,-19.5467489226,-0.823318782116));
#9682 = PCURVE('',#8068,#9683);
#9683 = DEFINITIONAL_REPRESENTATION('',(#9684),#9688);
#9684 = LINE('',#9685,#9686);
#9685 = CARTESIAN_POINT('',(18.4,0.));
#9686 = VECTOR('',#9687,1.);
#9687 = DIRECTION('',(0.,1.));
#9688 = ( GEOMETRIC_REPRESENTATION_CONTEXT(2) 
PARAMETRIC_REPRESENTATION_CONTEXT() REPRESENTATION_CONTEXT('2D SPACE',''
  ) );
#9689 = PCURVE('',#9313,#9690);
#9690 = DEFINITIONAL_REPRESENTATION('',(#9691),#9695);
#9691 = LINE('',#9692,#9693);
#9692 = CARTESIAN_POINT('',(0.,0.));
#9693 = VECTOR('',#9694,1.);
#9694 = DIRECTION('',(0.,1.));
#9695 = ( GEOMETRIC_REPRESENTATION_CONTEXT(2) 
PARAMETRIC_REPRESENTATION_CONTEXT() REPRESENTATION_CONTEXT('2D SPACE',''
  ) );
#9696 = ORIENTED_EDGE('',*,*,#9697,.F.);
#9697 = EDGE_CURVE('',#9653,#9676,#9698,.T.);
#9698 = SURFACE_CURVE('',#9699,(#9703,#9709),.PCURVE_S1.);
#9699 = LINE('',#9700,#9701);
#9700 = CARTESIAN_POINT('',(42.,-10.41656918231,-16.63725397453));
#9701 = VECTOR('',#9702,1.);
#9702 = DIRECTION('',(0.,-0.5,0.866025403784));
#9703 = PCURVE('',#8068,#9704);
#9704 = DEFINITIONAL_REPRESENTATION('',(#9705),#9708);
#9705 = B_SPLINE_CURVE_WITH_KNOTS('',1,(#9706,#9707),.UNSPECIFIED.,.F.,
  .F.,(2,2),(0.139640519426,18.260359480574),.PIECEWISE_BEZIER_KNOTS.);
#9706 = CARTESIAN_POINT('',(0.,1.));
#9707 = CARTESIAN_POINT('',(18.4,1.));
#9708 = ( GEOMETRIC_REPRESENTATION_CONTEXT(2) 
PARAMETRIC_REPRESENTATION_CONTEXT() REPRESENTATION_CONTEXT('2D SPACE',''
  ) );
#9709 = PCURVE('',#9710,#9715);
#9710 = PLANE('',#9711);
#9711 = AXIS2_PLACEMENT_3D('',#9712,#9713,#9714);
#9712 = CARTESIAN_POINT('',(42.,-16.9995231171,-20.27668121788));
#9713 = DIRECTION('',(-1.,-0.,0.));
#9714 = DIRECTION('',(0.,-0.129831855993,0.99153602515));
#9715 = DEFINITIONAL_REPRESENTATION('',(#9716),#9720);
#9716 = LINE('',#9717,#9718);
#9717 = CARTESIAN_POINT('',(2.753946095426,6.999749572001));
#9718 = VECTOR('',#9719,1.);
#9719 = DIRECTION('',(0.923611314543,-0.383330327064));
#9720 = ( GEOMETRIC_REPRESENTATION_CONTEXT(2) 
PARAMETRIC_REPRESENTATION_CONTEXT() REPRESENTATION_CONTEXT('2D SPACE',''
  ) );
#9721 = FACE_BOUND('',#9722,.T.);
#9722 = EDGE_LOOP('',(#9723,#9753,#9782,#9810));
#9723 = ORIENTED_EDGE('',*,*,#9724,.F.);
#9724 = EDGE_CURVE('',#9725,#9727,#9729,.T.);
#9725 = VERTEX_POINT('',#9726);
#9726 = CARTESIAN_POINT('',(42.308968192733,-19.51189865546,
    -0.87289509572));
#9727 = VERTEX_POINT('',#9728);
#9728 = CARTESIAN_POINT('',(42.308968192733,-10.51189865546,
    -16.46135236384));
#9729 = SURFACE_CURVE('',#9730,(#9734,#9741),.PCURVE_S1.);
#9730 = LINE('',#9731,#9732);
#9731 = CARTESIAN_POINT('',(42.308968192733,-19.51189865546,
    -0.87289509572));
#9732 = VECTOR('',#9733,1.);
#9733 = DIRECTION('',(-1.047144386237E-18,0.5,-0.866025403784));
#9734 = PCURVE('',#8068,#9735);
#9735 = DEFINITIONAL_REPRESENTATION('',(#9736),#9740);
#9736 = B_SPLINE_CURVE_WITH_KNOTS('',2,(#9737,#9738,#9739),
  .UNSPECIFIED.,.F.,.F.,(3,3),(0.,18.),.PIECEWISE_BEZIER_KNOTS.);
#9737 = CARTESIAN_POINT('',(18.333273782916,0.961378975908));
#9738 = CARTESIAN_POINT('',(9.2,0.961378975908));
#9739 = CARTESIAN_POINT('',(6.672621708367E-02,0.961378975908));
#9740 = ( GEOMETRIC_REPRESENTATION_CONTEXT(2) 
PARAMETRIC_REPRESENTATION_CONTEXT() REPRESENTATION_CONTEXT('2D SPACE',''
  ) );
#9741 = PCURVE('',#9742,#9747);
#9742 = PLANE('',#9743);
#9743 = AXIS2_PLACEMENT_3D('',#9744,#9745,#9746);
#9744 = CARTESIAN_POINT('',(42.308968192733,-19.51189865546,
    -0.87289509572));
#9745 = DIRECTION('',(-0.999847695156,-1.511422733186E-02,
    -8.726203218642E-03));
#9746 = DIRECTION('',(0.,0.5,-0.866025403784));
#9747 = DEFINITIONAL_REPRESENTATION('',(#9748),#9752);
#9748 = LINE('',#9749,#9750);
#9749 = CARTESIAN_POINT('',(1.7763568394E-15,1.77608629165E-14));
#9750 = VECTOR('',#9751,1.);
#9751 = DIRECTION('',(1.,-6.E-17));
#9752 = ( GEOMETRIC_REPRESENTATION_CONTEXT(2) 
PARAMETRIC_REPRESENTATION_CONTEXT() REPRESENTATION_CONTEXT('2D SPACE',''
  ) );
#9753 = ORIENTED_EDGE('',*,*,#9754,.F.);
#9754 = EDGE_CURVE('',#9755,#9725,#9757,.T.);
#9755 = VERTEX_POINT('',#9756);
#9756 = CARTESIAN_POINT('',(48.308054363671,-19.42121329147,
    -0.820537876409));
#9757 = SURFACE_CURVE('',#9758,(#9762,#9770),.PCURVE_S1.);
#9758 = LINE('',#9759,#9760);
#9759 = CARTESIAN_POINT('',(48.308054363671,-19.42121329147,
    -0.820537876409));
#9760 = VECTOR('',#9761,1.);
#9761 = DIRECTION('',(-0.999847695156,-1.511422733186E-02,
    -8.726203218642E-03));
#9762 = PCURVE('',#8068,#9763);
#9763 = DEFINITIONAL_REPRESENTATION('',(#9764),#9769);
#9764 = B_SPLINE_CURVE_WITH_KNOTS('',3,(#9765,#9766,#9767,#9768),
  .UNSPECIFIED.,.F.,.F.,(4,4),(0.,6.),.PIECEWISE_BEZIER_KNOTS.);
#9765 = CARTESIAN_POINT('',(18.22898404073,0.211493204541));
#9766 = CARTESIAN_POINT('',(18.263350349106,0.46145512833));
#9767 = CARTESIAN_POINT('',(18.298109011601,0.711417052119));
#9768 = CARTESIAN_POINT('',(18.333273782916,0.961378975908));
#9769 = ( GEOMETRIC_REPRESENTATION_CONTEXT(2) 
PARAMETRIC_REPRESENTATION_CONTEXT() REPRESENTATION_CONTEXT('2D SPACE',''
  ) );
#9770 = PCURVE('',#9771,#9776);
#9771 = PLANE('',#9772);
#9772 = AXIS2_PLACEMENT_3D('',#9773,#9774,#9775);
#9773 = CARTESIAN_POINT('',(48.308054363671,-19.42121329147,
    -0.820537876409));
#9774 = DIRECTION('',(0.,-0.5,0.866025403784));
#9775 = DIRECTION('',(-0.999847695156,-1.511422733186E-02,
    -8.726203218642E-03));
#9776 = DEFINITIONAL_REPRESENTATION('',(#9777),#9781);
#9777 = LINE('',#9778,#9779);
#9778 = CARTESIAN_POINT('',(7.476365585065E-15,2.118902869364E-14));
#9779 = VECTOR('',#9780,1.);
#9780 = DIRECTION('',(1.,-3.434752482434E-16));
#9781 = ( GEOMETRIC_REPRESENTATION_CONTEXT(2) 
PARAMETRIC_REPRESENTATION_CONTEXT() REPRESENTATION_CONTEXT('2D SPACE',''
  ) );
#9782 = ORIENTED_EDGE('',*,*,#9783,.F.);
#9783 = EDGE_CURVE('',#9784,#9755,#9786,.T.);
#9784 = VERTEX_POINT('',#9785);
#9785 = CARTESIAN_POINT('',(48.308054363671,-10.42121329147,
    -16.40899514452));
#9786 = SURFACE_CURVE('',#9787,(#9791,#9798),.PCURVE_S1.);
#9787 = LINE('',#9788,#9789);
#9788 = CARTESIAN_POINT('',(48.308054363671,-10.42121329147,
    -16.40899514452));
#9789 = VECTOR('',#9790,1.);
#9790 = DIRECTION('',(1.047144386237E-18,-0.5,0.866025403784));
#9791 = PCURVE('',#8068,#9792);
#9792 = DEFINITIONAL_REPRESENTATION('',(#9793),#9797);
#9793 = B_SPLINE_CURVE_WITH_KNOTS('',2,(#9794,#9795,#9796),
  .UNSPECIFIED.,.F.,.F.,(3,3),(0.,18.),.PIECEWISE_BEZIER_KNOTS.);
#9794 = CARTESIAN_POINT('',(0.17101595927,0.211493204541));
#9795 = CARTESIAN_POINT('',(9.2,0.211493204541));
#9796 = CARTESIAN_POINT('',(18.22898404073,0.211493204541));
#9797 = ( GEOMETRIC_REPRESENTATION_CONTEXT(2) 
PARAMETRIC_REPRESENTATION_CONTEXT() REPRESENTATION_CONTEXT('2D SPACE',''
  ) );
#9798 = PCURVE('',#9799,#9804);
#9799 = PLANE('',#9800);
#9800 = AXIS2_PLACEMENT_3D('',#9801,#9802,#9803);
#9801 = CARTESIAN_POINT('',(48.308054363671,-10.42121329147,
    -16.40899514452));
#9802 = DIRECTION('',(0.999847695156,1.511422733186E-02,
    8.726203218642E-03));
#9803 = DIRECTION('',(0.,-0.5,0.866025403784));
#9804 = DEFINITIONAL_REPRESENTATION('',(#9805),#9809);
#9805 = LINE('',#9806,#9807);
#9806 = CARTESIAN_POINT('',(1.7763568394E-15,1.77608629165E-14));
#9807 = VECTOR('',#9808,1.);
#9808 = DIRECTION('',(1.,6.E-17));
#9809 = ( GEOMETRIC_REPRESENTATION_CONTEXT(2) 
PARAMETRIC_REPRESENTATION_CONTEXT() REPRESENTATION_CONTEXT('2D SPACE',''
  ) );
#9810 = ORIENTED_EDGE('',*,*,#9811,.F.);
#9811 = EDGE_CURVE('',#9727,#9784,#9812,.T.);
#9812 = SURFACE_CURVE('',#9813,(#9817,#9825),.PCURVE_S1.);
#9813 = LINE('',#9814,#9815);
#9814 = CARTESIAN_POINT('',(42.308968192733,-10.51189865546,
    -16.46135236384));
#9815 = VECTOR('',#9816,1.);
#9816 = DIRECTION('',(0.999847695156,1.511422733186E-02,
    8.726203218642E-03));
#9817 = PCURVE('',#8068,#9818);
#9818 = DEFINITIONAL_REPRESENTATION('',(#9819),#9824);
#9819 = B_SPLINE_CURVE_WITH_KNOTS('',3,(#9820,#9821,#9822,#9823),
  .UNSPECIFIED.,.F.,.F.,(4,4),(0.,6.),.PIECEWISE_BEZIER_KNOTS.);
#9820 = CARTESIAN_POINT('',(6.672621708368E-02,0.961378975908));
#9821 = CARTESIAN_POINT('',(0.101890988399,0.711417052119));
#9822 = CARTESIAN_POINT('',(0.136649650894,0.46145512833));
#9823 = CARTESIAN_POINT('',(0.17101595927,0.211493204541));
#9824 = ( GEOMETRIC_REPRESENTATION_CONTEXT(2) 
PARAMETRIC_REPRESENTATION_CONTEXT() REPRESENTATION_CONTEXT('2D SPACE',''
  ) );
#9825 = PCURVE('',#9826,#9831);
#9826 = PLANE('',#9827);
#9827 = AXIS2_PLACEMENT_3D('',#9828,#9829,#9830);
#9828 = CARTESIAN_POINT('',(42.308968192733,-10.51189865546,
    -16.46135236384));
#9829 = DIRECTION('',(0.,0.5,-0.866025403784));
#9830 = DIRECTION('',(0.999847695156,1.511422733186E-02,
    8.726203218642E-03));
#9831 = DEFINITIONAL_REPRESENTATION('',(#9832),#9836);
#9832 = LINE('',#9833,#9834);
#9833 = CARTESIAN_POINT('',(-7.414362181987E-15,1.763685611034E-14));
#9834 = VECTOR('',#9835,1.);
#9835 = DIRECTION('',(1.,3.434752482434E-16));
#9836 = ( GEOMETRIC_REPRESENTATION_CONTEXT(2) 
PARAMETRIC_REPRESENTATION_CONTEXT() REPRESENTATION_CONTEXT('2D SPACE',''
  ) );
#9837 = ADVANCED_FACE('',(#9838,#9910),#8160,.T.);
#9838 = FACE_BOUND('',#9839,.T.);
#9839 = EDGE_LOOP('',(#9840,#9862,#9863,#9885));
#9840 = ORIENTED_EDGE('',*,*,#9841,.F.);
#9841 = EDGE_CURVE('',#8114,#9842,#9844,.T.);
#9842 = VERTEX_POINT('',#9843);
#9843 = CARTESIAN_POINT('',(42.,-9.060359480574,17.339640519426));
#9844 = SURFACE_CURVE('',#9845,(#9848,#9855),.PCURVE_S1.);
#9845 = B_SPLINE_CURVE_WITH_KNOTS('',1,(#9846,#9847),.UNSPECIFIED.,.F.,
  .F.,(2,2),(0.,1.),.PIECEWISE_BEZIER_KNOTS.);
#9846 = CARTESIAN_POINT('',(50.,-9.2,17.2));
#9847 = CARTESIAN_POINT('',(42.,-9.060359480574,17.339640519426));
#9848 = PCURVE('',#8160,#9849);
#9849 = DEFINITIONAL_REPRESENTATION('',(#9850),#9854);
#9850 = LINE('',#9851,#9852);
#9851 = CARTESIAN_POINT('',(0.,0.));
#9852 = VECTOR('',#9853,1.);
#9853 = DIRECTION('',(0.,1.));
#9854 = ( GEOMETRIC_REPRESENTATION_CONTEXT(2) 
PARAMETRIC_REPRESENTATION_CONTEXT() REPRESENTATION_CONTEXT('2D SPACE',''
  ) );
#9855 = PCURVE('',#8600,#9856);
#9856 = DEFINITIONAL_REPRESENTATION('',(#9857),#9861);
#9857 = LINE('',#9858,#9859);
#9858 = CARTESIAN_POINT('',(7.8,0.));
#9859 = VECTOR('',#9860,1.);
#9860 = DIRECTION('',(0.,1.));
#9861 = ( GEOMETRIC_REPRESENTATION_CONTEXT(2) 
PARAMETRIC_REPRESENTATION_CONTEXT() REPRESENTATION_CONTEXT('2D SPACE',''
  ) );
#9862 = ORIENTED_EDGE('',*,*,#8142,.T.);
#9863 = ORIENTED_EDGE('',*,*,#9864,.T.);
#9864 = EDGE_CURVE('',#8143,#9865,#9867,.T.);
#9865 = VERTEX_POINT('',#9866);
#9866 = CARTESIAN_POINT('',(42.,9.060359480574,17.339640519426));
#9867 = SURFACE_CURVE('',#9868,(#9871,#9878),.PCURVE_S1.);
#9868 = B_SPLINE_CURVE_WITH_KNOTS('',1,(#9869,#9870),.UNSPECIFIED.,.F.,
  .F.,(2,2),(0.,1.),.PIECEWISE_BEZIER_KNOTS.);
#9869 = CARTESIAN_POINT('',(50.,9.2,17.2));
#9870 = CARTESIAN_POINT('',(42.,9.060359480574,17.339640519426));
#9871 = PCURVE('',#8160,#9872);
#9872 = DEFINITIONAL_REPRESENTATION('',(#9873),#9877);
#9873 = LINE('',#9874,#9875);
#9874 = CARTESIAN_POINT('',(18.4,0.));
#9875 = VECTOR('',#9876,1.);
#9876 = DIRECTION('',(0.,1.));
#9877 = ( GEOMETRIC_REPRESENTATION_CONTEXT(2) 
PARAMETRIC_REPRESENTATION_CONTEXT() REPRESENTATION_CONTEXT('2D SPACE',''
  ) );
#9878 = PCURVE('',#8714,#9879);
#9879 = DEFINITIONAL_REPRESENTATION('',(#9880),#9884);
#9880 = LINE('',#9881,#9882);
#9881 = CARTESIAN_POINT('',(0.,0.));
#9882 = VECTOR('',#9883,1.);
#9883 = DIRECTION('',(0.,1.));
#9884 = ( GEOMETRIC_REPRESENTATION_CONTEXT(2) 
PARAMETRIC_REPRESENTATION_CONTEXT() REPRESENTATION_CONTEXT('2D SPACE',''
  ) );
#9885 = ORIENTED_EDGE('',*,*,#9886,.F.);
#9886 = EDGE_CURVE('',#9842,#9865,#9887,.T.);
#9887 = SURFACE_CURVE('',#9888,(#9892,#9898),.PCURVE_S1.);
#9888 = LINE('',#9889,#9890);
#9889 = CARTESIAN_POINT('',(42.,-9.2,17.339640519426));
#9890 = VECTOR('',#9891,1.);
#9891 = DIRECTION('',(0.,1.,0.));
#9892 = PCURVE('',#8160,#9893);
#9893 = DEFINITIONAL_REPRESENTATION('',(#9894),#9897);
#9894 = B_SPLINE_CURVE_WITH_KNOTS('',1,(#9895,#9896),.UNSPECIFIED.,.F.,
  .F.,(2,2),(0.139640519426,18.260359480574),.PIECEWISE_BEZIER_KNOTS.);
#9895 = CARTESIAN_POINT('',(0.,1.));
#9896 = CARTESIAN_POINT('',(18.4,1.));
#9897 = ( GEOMETRIC_REPRESENTATION_CONTEXT(2) 
PARAMETRIC_REPRESENTATION_CONTEXT() REPRESENTATION_CONTEXT('2D SPACE',''
  ) );
#9898 = PCURVE('',#9899,#9904);
#9899 = PLANE('',#9900);
#9900 = AXIS2_PLACEMENT_3D('',#9901,#9902,#9903);
#9901 = CARTESIAN_POINT('',(42.,-9.060359480574,24.860359480574));
#9902 = DIRECTION('',(-1.,0.,0.));
#9903 = DIRECTION('',(0.,0.923611314543,-0.383330327064));
#9904 = DEFINITIONAL_REPRESENTATION('',(#9905),#9909);
#9905 = LINE('',#9906,#9907);
#9906 = CARTESIAN_POINT('',(2.753946095426,6.999749572001));
#9907 = VECTOR('',#9908,1.);
#9908 = DIRECTION('',(0.923611314543,-0.383330327064));
#9909 = ( GEOMETRIC_REPRESENTATION_CONTEXT(2) 
PARAMETRIC_REPRESENTATION_CONTEXT() REPRESENTATION_CONTEXT('2D SPACE',''
  ) );
#9910 = FACE_BOUND('',#9911,.T.);
#9911 = EDGE_LOOP('',(#9912,#9942,#9971,#9999));
#9912 = ORIENTED_EDGE('',*,*,#9913,.F.);
#9913 = EDGE_CURVE('',#9914,#9916,#9918,.T.);
#9914 = VERTEX_POINT('',#9915);
#9915 = CARTESIAN_POINT('',(42.308968192733,9.,17.334247459561));
#9916 = VERTEX_POINT('',#9917);
#9917 = CARTESIAN_POINT('',(42.308968192733,-9.,17.334247459561));
#9918 = SURFACE_CURVE('',#9919,(#9923,#9930),.PCURVE_S1.);
#9919 = LINE('',#9920,#9921);
#9920 = CARTESIAN_POINT('',(42.308968192733,9.,17.334247459561));
#9921 = VECTOR('',#9922,1.);
#9922 = DIRECTION('',(0.,-1.,0.));
#9923 = PCURVE('',#8160,#9924);
#9924 = DEFINITIONAL_REPRESENTATION('',(#9925),#9929);
#9925 = B_SPLINE_CURVE_WITH_KNOTS('',2,(#9926,#9927,#9928),
  .UNSPECIFIED.,.F.,.F.,(3,3),(0.,18.),.PIECEWISE_BEZIER_KNOTS.);
#9926 = CARTESIAN_POINT('',(18.333273782916,0.961378975908));
#9927 = CARTESIAN_POINT('',(9.2,0.961378975908));
#9928 = CARTESIAN_POINT('',(6.672621708368E-02,0.961378975908));
#9929 = ( GEOMETRIC_REPRESENTATION_CONTEXT(2) 
PARAMETRIC_REPRESENTATION_CONTEXT() REPRESENTATION_CONTEXT('2D SPACE',''
  ) );
#9930 = PCURVE('',#9931,#9936);
#9931 = PLANE('',#9932);
#9932 = AXIS2_PLACEMENT_3D('',#9933,#9934,#9935);
#9933 = CARTESIAN_POINT('',(42.308968192733,9.,17.334247459561));
#9934 = DIRECTION('',(-0.999847695156,0.,1.745240643728E-02));
#9935 = DIRECTION('',(0.,-1.,0.));
#9936 = DEFINITIONAL_REPRESENTATION('',(#9937),#9941);
#9937 = LINE('',#9938,#9939);
#9938 = CARTESIAN_POINT('',(1.7763568394E-15,1.42086903332E-14));
#9939 = VECTOR('',#9940,1.);
#9940 = DIRECTION('',(1.,0.));
#9941 = ( GEOMETRIC_REPRESENTATION_CONTEXT(2) 
PARAMETRIC_REPRESENTATION_CONTEXT() REPRESENTATION_CONTEXT('2D SPACE',''
  ) );
#9942 = ORIENTED_EDGE('',*,*,#9943,.F.);
#9943 = EDGE_CURVE('',#9944,#9914,#9946,.T.);
#9944 = VERTEX_POINT('',#9945);
#9945 = CARTESIAN_POINT('',(48.308054363671,9.,17.229533020937));
#9946 = SURFACE_CURVE('',#9947,(#9951,#9959),.PCURVE_S1.);
#9947 = LINE('',#9948,#9949);
#9948 = CARTESIAN_POINT('',(48.308054363671,9.,17.229533020937));
#9949 = VECTOR('',#9950,1.);
#9950 = DIRECTION('',(-0.999847695156,0.,1.745240643728E-02));
#9951 = PCURVE('',#8160,#9952);
#9952 = DEFINITIONAL_REPRESENTATION('',(#9953),#9958);
#9953 = B_SPLINE_CURVE_WITH_KNOTS('',3,(#9954,#9955,#9956,#9957),
  .UNSPECIFIED.,.F.,.F.,(4,4),(0.,6.),.PIECEWISE_BEZIER_KNOTS.);
#9954 = CARTESIAN_POINT('',(18.22898404073,0.211493204541));
#9955 = CARTESIAN_POINT('',(18.263350349106,0.46145512833));
#9956 = CARTESIAN_POINT('',(18.298109011601,0.711417052119));
#9957 = CARTESIAN_POINT('',(18.333273782916,0.961378975908));
#9958 = ( GEOMETRIC_REPRESENTATION_CONTEXT(2) 
PARAMETRIC_REPRESENTATION_CONTEXT() REPRESENTATION_CONTEXT('2D SPACE',''
  ) );
#9959 = PCURVE('',#9960,#9965);
#9960 = PLANE('',#9961);
#9961 = AXIS2_PLACEMENT_3D('',#9962,#9963,#9964);
#9962 = CARTESIAN_POINT('',(48.308054363671,9.,17.229533020937));
#9963 = DIRECTION('',(0.,1.,0.));
#9964 = DIRECTION('',(-0.999847695156,0.,1.745240643728E-02));
#9965 = DEFINITIONAL_REPRESENTATION('',(#9966),#9970);
#9966 = LINE('',#9967,#9968);
#9967 = CARTESIAN_POINT('',(7.352358778909E-15,1.408468352704E-14));
#9968 = VECTOR('',#9969,1.);
#9969 = DIRECTION('',(1.,-3.538835890993E-16));
#9970 = ( GEOMETRIC_REPRESENTATION_CONTEXT(2) 
PARAMETRIC_REPRESENTATION_CONTEXT() REPRESENTATION_CONTEXT('2D SPACE',''
  ) );
#9971 = ORIENTED_EDGE('',*,*,#9972,.F.);
#9972 = EDGE_CURVE('',#9973,#9944,#9975,.T.);
#9973 = VERTEX_POINT('',#9974);
#9974 = CARTESIAN_POINT('',(48.308054363671,-9.,17.229533020937));
#9975 = SURFACE_CURVE('',#9976,(#9980,#9987),.PCURVE_S1.);
#9976 = LINE('',#9977,#9978);
#9977 = CARTESIAN_POINT('',(48.308054363671,-9.,17.229533020937));
#9978 = VECTOR('',#9979,1.);
#9979 = DIRECTION('',(0.,1.,0.));
#9980 = PCURVE('',#8160,#9981);
#9981 = DEFINITIONAL_REPRESENTATION('',(#9982),#9986);
#9982 = B_SPLINE_CURVE_WITH_KNOTS('',2,(#9983,#9984,#9985),
  .UNSPECIFIED.,.F.,.F.,(3,3),(0.,18.),.PIECEWISE_BEZIER_KNOTS.);
#9983 = CARTESIAN_POINT('',(0.17101595927,0.211493204541));
#9984 = CARTESIAN_POINT('',(9.2,0.211493204541));
#9985 = CARTESIAN_POINT('',(18.22898404073,0.211493204541));
#9986 = ( GEOMETRIC_REPRESENTATION_CONTEXT(2) 
PARAMETRIC_REPRESENTATION_CONTEXT() REPRESENTATION_CONTEXT('2D SPACE',''
  ) );
#9987 = PCURVE('',#9988,#9993);
#9988 = PLANE('',#9989);
#9989 = AXIS2_PLACEMENT_3D('',#9990,#9991,#9992);
#9990 = CARTESIAN_POINT('',(48.308054363671,-9.,17.229533020937));
#9991 = DIRECTION('',(0.999847695156,0.,-1.745240643728E-02));
#9992 = DIRECTION('',(0.,1.,0.));
#9993 = DEFINITIONAL_REPRESENTATION('',(#9994),#9998);
#9994 = LINE('',#9995,#9996);
#9995 = CARTESIAN_POINT('',(1.7763568394E-15,1.42086903332E-14));
#9996 = VECTOR('',#9997,1.);
#9997 = DIRECTION('',(1.,0.));
#9998 = ( GEOMETRIC_REPRESENTATION_CONTEXT(2) 
PARAMETRIC_REPRESENTATION_CONTEXT() REPRESENTATION_CONTEXT('2D SPACE',''
  ) );
#9999 = ORIENTED_EDGE('',*,*,#10000,.F.);
#10000 = EDGE_CURVE('',#9916,#9973,#10001,.T.);
#10001 = SURFACE_CURVE('',#10002,(#10006,#10014),.PCURVE_S1.);
#10002 = LINE('',#10003,#10004);
#10003 = CARTESIAN_POINT('',(42.308968192733,-9.,17.334247459561));
#10004 = VECTOR('',#10005,1.);
#10005 = DIRECTION('',(0.999847695156,0.,-1.745240643728E-02));
#10006 = PCURVE('',#8160,#10007);
#10007 = DEFINITIONAL_REPRESENTATION('',(#10008),#10013);
#10008 = B_SPLINE_CURVE_WITH_KNOTS('',3,(#10009,#10010,#10011,#10012),
  .UNSPECIFIED.,.F.,.F.,(4,4),(0.,6.),.PIECEWISE_BEZIER_KNOTS.);
#10009 = CARTESIAN_POINT('',(6.672621708368E-02,0.961378975908));
#10010 = CARTESIAN_POINT('',(0.101890988399,0.711417052119));
#10011 = CARTESIAN_POINT('',(0.136649650894,0.46145512833));
#10012 = CARTESIAN_POINT('',(0.17101595927,0.211493204541));
#10013 = ( GEOMETRIC_REPRESENTATION_CONTEXT(2) 
PARAMETRIC_REPRESENTATION_CONTEXT() REPRESENTATION_CONTEXT('2D SPACE',''
  ) );
#10014 = PCURVE('',#10015,#10020);
#10015 = PLANE('',#10016);
#10016 = AXIS2_PLACEMENT_3D('',#10017,#10018,#10019);
#10017 = CARTESIAN_POINT('',(42.308968192733,-9.,17.334247459561));
#10018 = DIRECTION('',(0.,-1.,0.));
#10019 = DIRECTION('',(0.999847695156,0.,-1.745240643728E-02));
#10020 = DEFINITIONAL_REPRESENTATION('',(#10021),#10025);
#10021 = LINE('',#10022,#10023);
#10022 = CARTESIAN_POINT('',(-7.352358778909E-15,1.408468352704E-14));
#10023 = VECTOR('',#10024,1.);
#10024 = DIRECTION('',(1.,3.538835890993E-16));
#10025 = ( GEOMETRIC_REPRESENTATION_CONTEXT(2) 
PARAMETRIC_REPRESENTATION_CONTEXT() REPRESENTATION_CONTEXT('2D SPACE',''
  ) );
#10026 = ADVANCED_FACE('',(#10027,#10099),#8310,.T.);
#10027 = FACE_BOUND('',#10028,.T.);
#10028 = EDGE_LOOP('',(#10029,#10051,#10052,#10074));
#10029 = ORIENTED_EDGE('',*,*,#10030,.F.);
#10030 = EDGE_CURVE('',#8264,#10031,#10033,.T.);
#10031 = VERTEX_POINT('',#10032);
#10032 = CARTESIAN_POINT('',(42.,9.060359480574,-17.33964051942));
#10033 = SURFACE_CURVE('',#10034,(#10037,#10044),.PCURVE_S1.);
#10034 = B_SPLINE_CURVE_WITH_KNOTS('',1,(#10035,#10036),.UNSPECIFIED.,
  .F.,.F.,(2,2),(0.,1.),.PIECEWISE_BEZIER_KNOTS.);
#10035 = CARTESIAN_POINT('',(50.,9.2,-17.2));
#10036 = CARTESIAN_POINT('',(42.,9.060359480574,-17.33964051942));
#10037 = PCURVE('',#8310,#10038);
#10038 = DEFINITIONAL_REPRESENTATION('',(#10039),#10043);
#10039 = LINE('',#10040,#10041);
#10040 = CARTESIAN_POINT('',(0.,0.));
#10041 = VECTOR('',#10042,1.);
#10042 = DIRECTION('',(0.,1.));
#10043 = ( GEOMETRIC_REPRESENTATION_CONTEXT(2) 
PARAMETRIC_REPRESENTATION_CONTEXT() REPRESENTATION_CONTEXT('2D SPACE',''
  ) );
#10044 = PCURVE('',#9064,#10045);
#10045 = DEFINITIONAL_REPRESENTATION('',(#10046),#10050);
#10046 = LINE('',#10047,#10048);
#10047 = CARTESIAN_POINT('',(7.8,0.));
#10048 = VECTOR('',#10049,1.);
#10049 = DIRECTION('',(0.,1.));
#10050 = ( GEOMETRIC_REPRESENTATION_CONTEXT(2) 
PARAMETRIC_REPRESENTATION_CONTEXT() REPRESENTATION_CONTEXT('2D SPACE',''
  ) );
#10051 = ORIENTED_EDGE('',*,*,#8292,.T.);
#10052 = ORIENTED_EDGE('',*,*,#10053,.T.);
#10053 = EDGE_CURVE('',#8293,#10054,#10056,.T.);
#10054 = VERTEX_POINT('',#10055);
#10055 = CARTESIAN_POINT('',(42.,-9.060359480574,-17.33964051942));
#10056 = SURFACE_CURVE('',#10057,(#10060,#10067),.PCURVE_S1.);
#10057 = B_SPLINE_CURVE_WITH_KNOTS('',1,(#10058,#10059),.UNSPECIFIED.,
  .F.,.F.,(2,2),(0.,1.),.PIECEWISE_BEZIER_KNOTS.);
#10058 = CARTESIAN_POINT('',(50.,-9.2,-17.2));
#10059 = CARTESIAN_POINT('',(42.,-9.060359480574,-17.33964051942));
#10060 = PCURVE('',#8310,#10061);
#10061 = DEFINITIONAL_REPRESENTATION('',(#10062),#10066);
#10062 = LINE('',#10063,#10064);
#10063 = CARTESIAN_POINT('',(18.4,0.));
#10064 = VECTOR('',#10065,1.);
#10065 = DIRECTION('',(0.,1.));
#10066 = ( GEOMETRIC_REPRESENTATION_CONTEXT(2) 
PARAMETRIC_REPRESENTATION_CONTEXT() REPRESENTATION_CONTEXT('2D SPACE',''
  ) );
#10067 = PCURVE('',#9163,#10068);
#10068 = DEFINITIONAL_REPRESENTATION('',(#10069),#10073);
#10069 = LINE('',#10070,#10071);
#10070 = CARTESIAN_POINT('',(0.,0.));
#10071 = VECTOR('',#10072,1.);
#10072 = DIRECTION('',(0.,1.));
#10073 = ( GEOMETRIC_REPRESENTATION_CONTEXT(2) 
PARAMETRIC_REPRESENTATION_CONTEXT() REPRESENTATION_CONTEXT('2D SPACE',''
  ) );
#10074 = ORIENTED_EDGE('',*,*,#10075,.F.);
#10075 = EDGE_CURVE('',#10031,#10054,#10076,.T.);
#10076 = SURFACE_CURVE('',#10077,(#10081,#10087),.PCURVE_S1.);
#10077 = LINE('',#10078,#10079);
#10078 = CARTESIAN_POINT('',(42.,9.2,-17.33964051942));
#10079 = VECTOR('',#10080,1.);
#10080 = DIRECTION('',(0.,-1.,0.));
#10081 = PCURVE('',#8310,#10082);
#10082 = DEFINITIONAL_REPRESENTATION('',(#10083),#10086);
#10083 = B_SPLINE_CURVE_WITH_KNOTS('',1,(#10084,#10085),.UNSPECIFIED.,
  .F.,.F.,(2,2),(0.139640519426,18.260359480574),
  .PIECEWISE_BEZIER_KNOTS.);
#10084 = CARTESIAN_POINT('',(0.,1.));
#10085 = CARTESIAN_POINT('',(18.4,1.));
#10086 = ( GEOMETRIC_REPRESENTATION_CONTEXT(2) 
PARAMETRIC_REPRESENTATION_CONTEXT() REPRESENTATION_CONTEXT('2D SPACE',''
  ) );
#10087 = PCURVE('',#10088,#10093);
#10088 = PLANE('',#10089);
#10089 = AXIS2_PLACEMENT_3D('',#10090,#10091,#10092);
#10090 = CARTESIAN_POINT('',(42.,9.060359480574,-24.86035948057));
#10091 = DIRECTION('',(-1.,0.,0.));
#10092 = DIRECTION('',(0.,-0.923611314543,0.383330327064));
#10093 = DEFINITIONAL_REPRESENTATION('',(#10094),#10098);
#10094 = LINE('',#10095,#10096);
#10095 = CARTESIAN_POINT('',(2.753946095426,6.999749572001));
#10096 = VECTOR('',#10097,1.);
#10097 = DIRECTION('',(0.923611314543,-0.383330327064));
#10098 = ( GEOMETRIC_REPRESENTATION_CONTEXT(2) 
PARAMETRIC_REPRESENTATION_CONTEXT() REPRESENTATION_CONTEXT('2D SPACE',''
  ) );
#10099 = FACE_BOUND('',#10100,.T.);
#10100 = EDGE_LOOP('',(#10101,#10131,#10160,#10188));
#10101 = ORIENTED_EDGE('',*,*,#10102,.F.);
#10102 = EDGE_CURVE('',#10103,#10105,#10107,.T.);
#10103 = VERTEX_POINT('',#10104);
#10104 = CARTESIAN_POINT('',(42.308968192733,-9.,-17.33424745956));
#10105 = VERTEX_POINT('',#10106);
#10106 = CARTESIAN_POINT('',(42.308968192733,9.,-17.33424745956));
#10107 = SURFACE_CURVE('',#10108,(#10112,#10119),.PCURVE_S1.);
#10108 = LINE('',#10109,#10110);
#10109 = CARTESIAN_POINT('',(42.308968192733,-9.,-17.33424745956));
#10110 = VECTOR('',#10111,1.);
#10111 = DIRECTION('',(0.,1.,0.));
#10112 = PCURVE('',#8310,#10113);
#10113 = DEFINITIONAL_REPRESENTATION('',(#10114),#10118);
#10114 = B_SPLINE_CURVE_WITH_KNOTS('',2,(#10115,#10116,#10117),
  .UNSPECIFIED.,.F.,.F.,(3,3),(0.,18.),.PIECEWISE_BEZIER_KNOTS.);
#10115 = CARTESIAN_POINT('',(18.333273782916,0.961378975908));
#10116 = CARTESIAN_POINT('',(9.2,0.961378975908));
#10117 = CARTESIAN_POINT('',(6.672621708368E-02,0.961378975908));
#10118 = ( GEOMETRIC_REPRESENTATION_CONTEXT(2) 
PARAMETRIC_REPRESENTATION_CONTEXT() REPRESENTATION_CONTEXT('2D SPACE',''
  ) );
#10119 = PCURVE('',#10120,#10125);
#10120 = PLANE('',#10121);
#10121 = AXIS2_PLACEMENT_3D('',#10122,#10123,#10124);
#10122 = CARTESIAN_POINT('',(42.308968192733,-9.,-17.33424745956));
#10123 = DIRECTION('',(-0.999847695156,0.,-1.745240643728E-02));
#10124 = DIRECTION('',(0.,1.,0.));
#10125 = DEFINITIONAL_REPRESENTATION('',(#10126),#10130);
#10126 = LINE('',#10127,#10128);
#10127 = CARTESIAN_POINT('',(1.7763568394E-15,1.42086903332E-14));
#10128 = VECTOR('',#10129,1.);
#10129 = DIRECTION('',(1.,0.));
#10130 = ( GEOMETRIC_REPRESENTATION_CONTEXT(2) 
PARAMETRIC_REPRESENTATION_CONTEXT() REPRESENTATION_CONTEXT('2D SPACE',''
  ) );
#10131 = ORIENTED_EDGE('',*,*,#10132,.F.);
#10132 = EDGE_CURVE('',#10133,#10103,#10135,.T.);
#10133 = VERTEX_POINT('',#10134);
#10134 = CARTESIAN_POINT('',(48.308054363671,-9.,-17.22953302093));
#10135 = SURFACE_CURVE('',#10136,(#10140,#10148),.PCURVE_S1.);
#10136 = LINE('',#10137,#10138);
#10137 = CARTESIAN_POINT('',(48.308054363671,-9.,-17.22953302093));
#10138 = VECTOR('',#10139,1.);
#10139 = DIRECTION('',(-0.999847695156,0.,-1.745240643728E-02));
#10140 = PCURVE('',#8310,#10141);
#10141 = DEFINITIONAL_REPRESENTATION('',(#10142),#10147);
#10142 = B_SPLINE_CURVE_WITH_KNOTS('',3,(#10143,#10144,#10145,#10146),
  .UNSPECIFIED.,.F.,.F.,(4,4),(0.,6.),.PIECEWISE_BEZIER_KNOTS.);
#10143 = CARTESIAN_POINT('',(18.22898404073,0.211493204541));
#10144 = CARTESIAN_POINT('',(18.263350349106,0.46145512833));
#10145 = CARTESIAN_POINT('',(18.298109011601,0.711417052119));
#10146 = CARTESIAN_POINT('',(18.333273782916,0.961378975908));
#10147 = ( GEOMETRIC_REPRESENTATION_CONTEXT(2) 
PARAMETRIC_REPRESENTATION_CONTEXT() REPRESENTATION_CONTEXT('2D SPACE',''
  ) );
#10148 = PCURVE('',#10149,#10154);
#10149 = PLANE('',#10150);
#10150 = AXIS2_PLACEMENT_3D('',#10151,#10152,#10153);
#10151 = CARTESIAN_POINT('',(48.308054363671,-9.,-17.22953302093));
#10152 = DIRECTION('',(0.,-1.,0.));
#10153 = DIRECTION('',(-0.999847695156,0.,-1.745240643728E-02));
#10154 = DEFINITIONAL_REPRESENTATION('',(#10155),#10159);
#10155 = LINE('',#10156,#10157);
#10156 = CARTESIAN_POINT('',(7.352358778909E-15,1.408468352704E-14));
#10157 = VECTOR('',#10158,1.);
#10158 = DIRECTION('',(1.,-3.538835890993E-16));
#10159 = ( GEOMETRIC_REPRESENTATION_CONTEXT(2) 
PARAMETRIC_REPRESENTATION_CONTEXT() REPRESENTATION_CONTEXT('2D SPACE',''
  ) );
#10160 = ORIENTED_EDGE('',*,*,#10161,.F.);
#10161 = EDGE_CURVE('',#10162,#10133,#10164,.T.);
#10162 = VERTEX_POINT('',#10163);
#10163 = CARTESIAN_POINT('',(48.308054363671,9.,-17.22953302093));
#10164 = SURFACE_CURVE('',#10165,(#10169,#10176),.PCURVE_S1.);
#10165 = LINE('',#10166,#10167);
#10166 = CARTESIAN_POINT('',(48.308054363671,9.,-17.22953302093));
#10167 = VECTOR('',#10168,1.);
#10168 = DIRECTION('',(0.,-1.,0.));
#10169 = PCURVE('',#8310,#10170);
#10170 = DEFINITIONAL_REPRESENTATION('',(#10171),#10175);
#10171 = B_SPLINE_CURVE_WITH_KNOTS('',2,(#10172,#10173,#10174),
  .UNSPECIFIED.,.F.,.F.,(3,3),(0.,18.),.PIECEWISE_BEZIER_KNOTS.);
#10172 = CARTESIAN_POINT('',(0.17101595927,0.211493204541));
#10173 = CARTESIAN_POINT('',(9.2,0.211493204541));
#10174 = CARTESIAN_POINT('',(18.22898404073,0.211493204541));
#10175 = ( GEOMETRIC_REPRESENTATION_CONTEXT(2) 
PARAMETRIC_REPRESENTATION_CONTEXT() REPRESENTATION_CONTEXT('2D SPACE',''
  ) );
#10176 = PCURVE('',#10177,#10182);
#10177 = PLANE('',#10178);
#10178 = AXIS2_PLACEMENT_3D('',#10179,#10180,#10181);
#10179 = CARTESIAN_POINT('',(48.308054363671,9.,-17.22953302093));
#10180 = DIRECTION('',(0.999847695156,0.,1.745240643728E-02));
#10181 = DIRECTION('',(0.,-1.,0.));
#10182 = DEFINITIONAL_REPRESENTATION('',(#10183),#10187);
#10183 = LINE('',#10184,#10185);
#10184 = CARTESIAN_POINT('',(1.7763568394E-15,1.42086903332E-14));
#10185 = VECTOR('',#10186,1.);
#10186 = DIRECTION('',(1.,0.));
#10187 = ( GEOMETRIC_REPRESENTATION_CONTEXT(2) 
PARAMETRIC_REPRESENTATION_CONTEXT() REPRESENTATION_CONTEXT('2D SPACE',''
  ) );
#10188 = ORIENTED_EDGE('',*,*,#10189,.F.);
#10189 = EDGE_CURVE('',#10105,#10162,#10190,.T.);
#10190 = SURFACE_CURVE('',#10191,(#10195,#10203),.PCURVE_S1.);
#10191 = LINE('',#10192,#10193);
#10192 = CARTESIAN_POINT('',(42.308968192733,9.,-17.33424745956));
#10193 = VECTOR('',#10194,1.);
#10194 = DIRECTION('',(0.999847695156,0.,1.745240643728E-02));
#10195 = PCURVE('',#8310,#10196);
#10196 = DEFINITIONAL_REPRESENTATION('',(#10197),#10202);
#10197 = B_SPLINE_CURVE_WITH_KNOTS('',3,(#10198,#10199,#10200,#10201),
  .UNSPECIFIED.,.F.,.F.,(4,4),(0.,6.),.PIECEWISE_BEZIER_KNOTS.);
#10198 = CARTESIAN_POINT('',(6.672621708368E-02,0.961378975908));
#10199 = CARTESIAN_POINT('',(0.101890988399,0.711417052119));
#10200 = CARTESIAN_POINT('',(0.136649650894,0.46145512833));
#10201 = CARTESIAN_POINT('',(0.17101595927,0.211493204541));
#10202 = ( GEOMETRIC_REPRESENTATION_CONTEXT(2) 
PARAMETRIC_REPRESENTATION_CONTEXT() REPRESENTATION_CONTEXT('2D SPACE',''
  ) );
#10203 = PCURVE('',#10204,#10209);
#10204 = PLANE('',#10205);
#10205 = AXIS2_PLACEMENT_3D('',#10206,#10207,#10208);
#10206 = CARTESIAN_POINT('',(42.308968192733,9.,-17.33424745956));
#10207 = DIRECTION('',(0.,1.,0.));
#10208 = DIRECTION('',(0.999847695156,0.,1.745240643728E-02));
#10209 = DEFINITIONAL_REPRESENTATION('',(#10210),#10214);
#10210 = LINE('',#10211,#10212);
#10211 = CARTESIAN_POINT('',(-7.352358778909E-15,1.408468352704E-14));
#10212 = VECTOR('',#10213,1.);
#10213 = DIRECTION('',(1.,3.538835890993E-16));
#10214 = ( GEOMETRIC_REPRESENTATION_CONTEXT(2) 
PARAMETRIC_REPRESENTATION_CONTEXT() REPRESENTATION_CONTEXT('2D SPACE',''
  ) );
#10215 = ADVANCED_FACE('',(#10216,#10288),#8402,.T.);
#10216 = FACE_BOUND('',#10217,.T.);
#10217 = EDGE_LOOP('',(#10218,#10240,#10241,#10263));
#10218 = ORIENTED_EDGE('',*,*,#10219,.F.);
#10219 = EDGE_CURVE('',#8356,#10220,#10222,.T.);
#10220 = VERTEX_POINT('',#10221);
#10221 = CARTESIAN_POINT('',(42.,10.486389442026,16.516321737309));
#10222 = SURFACE_CURVE('',#10223,(#10226,#10233),.PCURVE_S1.);
#10223 = B_SPLINE_CURVE_WITH_KNOTS('',1,(#10224,#10225),.UNSPECIFIED.,
  .F.,.F.,(2,2),(0.,1.),.PIECEWISE_BEZIER_KNOTS.);
#10224 = CARTESIAN_POINT('',(50.,10.295636945092,16.567433714817));
#10225 = CARTESIAN_POINT('',(42.,10.486389442026,16.516321737309));
#10226 = PCURVE('',#8402,#10227);
#10227 = DEFINITIONAL_REPRESENTATION('',(#10228),#10232);
#10228 = LINE('',#10229,#10230);
#10229 = CARTESIAN_POINT('',(0.,0.));
#10230 = VECTOR('',#10231,1.);
#10231 = DIRECTION('',(0.,1.));
#10232 = ( GEOMETRIC_REPRESENTATION_CONTEXT(2) 
PARAMETRIC_REPRESENTATION_CONTEXT() REPRESENTATION_CONTEXT('2D SPACE',''
  ) );
#10233 = PCURVE('',#8764,#10234);
#10234 = DEFINITIONAL_REPRESENTATION('',(#10235),#10239);
#10235 = LINE('',#10236,#10237);
#10236 = CARTESIAN_POINT('',(7.8,0.));
#10237 = VECTOR('',#10238,1.);
#10238 = DIRECTION('',(0.,1.));
#10239 = ( GEOMETRIC_REPRESENTATION_CONTEXT(2) 
PARAMETRIC_REPRESENTATION_CONTEXT() REPRESENTATION_CONTEXT('2D SPACE',''
  ) );
#10240 = ORIENTED_EDGE('',*,*,#8384,.T.);
#10241 = ORIENTED_EDGE('',*,*,#10242,.T.);
#10242 = EDGE_CURVE('',#8385,#10243,#10245,.T.);
#10243 = VERTEX_POINT('',#10244);
#10244 = CARTESIAN_POINT('',(42.,19.5467489226,0.823318782116));
#10245 = SURFACE_CURVE('',#10246,(#10249,#10256),.PCURVE_S1.);
#10246 = B_SPLINE_CURVE_WITH_KNOTS('',1,(#10247,#10248),.UNSPECIFIED.,
  .F.,.F.,(2,2),(0.,1.),.PIECEWISE_BEZIER_KNOTS.);
#10247 = CARTESIAN_POINT('',(50.,19.495636945092,0.632566285183));
#10248 = CARTESIAN_POINT('',(42.,19.5467489226,0.823318782116));
#10249 = PCURVE('',#8402,#10250);
#10250 = DEFINITIONAL_REPRESENTATION('',(#10251),#10255);
#10251 = LINE('',#10252,#10253);
#10252 = CARTESIAN_POINT('',(18.4,0.));
#10253 = VECTOR('',#10254,1.);
#10254 = DIRECTION('',(0.,1.));
#10255 = ( GEOMETRIC_REPRESENTATION_CONTEXT(2) 
PARAMETRIC_REPRESENTATION_CONTEXT() REPRESENTATION_CONTEXT('2D SPACE',''
  ) );
#10256 = PCURVE('',#8863,#10257);
#10257 = DEFINITIONAL_REPRESENTATION('',(#10258),#10262);
#10258 = LINE('',#10259,#10260);
#10259 = CARTESIAN_POINT('',(0.,0.));
#10260 = VECTOR('',#10261,1.);
#10261 = DIRECTION('',(0.,1.));
#10262 = ( GEOMETRIC_REPRESENTATION_CONTEXT(2) 
PARAMETRIC_REPRESENTATION_CONTEXT() REPRESENTATION_CONTEXT('2D SPACE',''
  ) );
#10263 = ORIENTED_EDGE('',*,*,#10264,.F.);
#10264 = EDGE_CURVE('',#10220,#10243,#10265,.T.);
#10265 = SURFACE_CURVE('',#10266,(#10270,#10276),.PCURVE_S1.);
#10266 = LINE('',#10267,#10268);
#10267 = CARTESIAN_POINT('',(42.,10.416569182313,16.63725397453));
#10268 = VECTOR('',#10269,1.);
#10269 = DIRECTION('',(0.,0.5,-0.866025403784));
#10270 = PCURVE('',#8402,#10271);
#10271 = DEFINITIONAL_REPRESENTATION('',(#10272),#10275);
#10272 = B_SPLINE_CURVE_WITH_KNOTS('',1,(#10273,#10274),.UNSPECIFIED.,
  .F.,.F.,(2,2),(0.139640519426,18.260359480574),
  .PIECEWISE_BEZIER_KNOTS.);
#10273 = CARTESIAN_POINT('',(0.,1.));
#10274 = CARTESIAN_POINT('',(18.4,1.));
#10275 = ( GEOMETRIC_REPRESENTATION_CONTEXT(2) 
PARAMETRIC_REPRESENTATION_CONTEXT() REPRESENTATION_CONTEXT('2D SPACE',''
  ) );
#10276 = PCURVE('',#10277,#10282);
#10277 = PLANE('',#10278);
#10278 = AXIS2_PLACEMENT_3D('',#10279,#10280,#10281);
#10279 = CARTESIAN_POINT('',(42.,16.999523117104,20.276681217884));
#10280 = DIRECTION('',(-1.,0.,0.));
#10281 = DIRECTION('',(0.,0.129831855993,-0.99153602515));
#10282 = DEFINITIONAL_REPRESENTATION('',(#10283),#10287);
#10283 = LINE('',#10284,#10285);
#10284 = CARTESIAN_POINT('',(2.753946095426,6.999749572001));
#10285 = VECTOR('',#10286,1.);
#10286 = DIRECTION('',(0.923611314543,-0.383330327064));
#10287 = ( GEOMETRIC_REPRESENTATION_CONTEXT(2) 
PARAMETRIC_REPRESENTATION_CONTEXT() REPRESENTATION_CONTEXT('2D SPACE',''
  ) );
#10288 = FACE_BOUND('',#10289,.T.);
#10289 = EDGE_LOOP('',(#10290,#10320,#10349,#10377));
#10290 = ORIENTED_EDGE('',*,*,#10291,.F.);
#10291 = EDGE_CURVE('',#10292,#10294,#10296,.T.);
#10292 = VERTEX_POINT('',#10293);
#10293 = CARTESIAN_POINT('',(42.308968192733,19.511898655466,
    0.87289509572));
#10294 = VERTEX_POINT('',#10295);
#10295 = CARTESIAN_POINT('',(42.308968192733,10.511898655466,
    16.46135236384));
#10296 = SURFACE_CURVE('',#10297,(#10301,#10308),.PCURVE_S1.);
#10297 = LINE('',#10298,#10299);
#10298 = CARTESIAN_POINT('',(42.308968192733,19.511898655466,
    0.87289509572));
#10299 = VECTOR('',#10300,1.);
#10300 = DIRECTION('',(-1.047144386237E-18,-0.5,0.866025403784));
#10301 = PCURVE('',#8402,#10302);
#10302 = DEFINITIONAL_REPRESENTATION('',(#10303),#10307);
#10303 = B_SPLINE_CURVE_WITH_KNOTS('',2,(#10304,#10305,#10306),
  .UNSPECIFIED.,.F.,.F.,(3,3),(0.,18.),.PIECEWISE_BEZIER_KNOTS.);
#10304 = CARTESIAN_POINT('',(18.333273782916,0.961378975908));
#10305 = CARTESIAN_POINT('',(9.2,0.961378975908));
#10306 = CARTESIAN_POINT('',(6.672621708368E-02,0.961378975908));
#10307 = ( GEOMETRIC_REPRESENTATION_CONTEXT(2) 
PARAMETRIC_REPRESENTATION_CONTEXT() REPRESENTATION_CONTEXT('2D SPACE',''
  ) );
#10308 = PCURVE('',#10309,#10314);
#10309 = PLANE('',#10310);
#10310 = AXIS2_PLACEMENT_3D('',#10311,#10312,#10313);
#10311 = CARTESIAN_POINT('',(42.308968192733,19.511898655466,
    0.87289509572));
#10312 = DIRECTION('',(-0.999847695156,1.511422733186E-02,
    8.726203218642E-03));
#10313 = DIRECTION('',(0.,-0.5,0.866025403784));
#10314 = DEFINITIONAL_REPRESENTATION('',(#10315),#10319);
#10315 = LINE('',#10316,#10317);
#10316 = CARTESIAN_POINT('',(1.7763568394E-15,1.42086903332E-14));
#10317 = VECTOR('',#10318,1.);
#10318 = DIRECTION('',(1.,-6.E-17));
#10319 = ( GEOMETRIC_REPRESENTATION_CONTEXT(2) 
PARAMETRIC_REPRESENTATION_CONTEXT() REPRESENTATION_CONTEXT('2D SPACE',''
  ) );
#10320 = ORIENTED_EDGE('',*,*,#10321,.F.);
#10321 = EDGE_CURVE('',#10322,#10292,#10324,.T.);
#10322 = VERTEX_POINT('',#10323);
#10323 = CARTESIAN_POINT('',(48.308054363671,19.421213291474,
    0.820537876409));
#10324 = SURFACE_CURVE('',#10325,(#10329,#10337),.PCURVE_S1.);
#10325 = LINE('',#10326,#10327);
#10326 = CARTESIAN_POINT('',(48.308054363671,19.421213291474,
    0.820537876409));
#10327 = VECTOR('',#10328,1.);
#10328 = DIRECTION('',(-0.999847695156,1.511422733186E-02,
    8.726203218641E-03));
#10329 = PCURVE('',#8402,#10330);
#10330 = DEFINITIONAL_REPRESENTATION('',(#10331),#10336);
#10331 = B_SPLINE_CURVE_WITH_KNOTS('',3,(#10332,#10333,#10334,#10335),
  .UNSPECIFIED.,.F.,.F.,(4,4),(0.,6.),.PIECEWISE_BEZIER_KNOTS.);
#10332 = CARTESIAN_POINT('',(18.22898404073,0.211493204541));
#10333 = CARTESIAN_POINT('',(18.263350349106,0.46145512833));
#10334 = CARTESIAN_POINT('',(18.298109011601,0.711417052119));
#10335 = CARTESIAN_POINT('',(18.333273782916,0.961378975908));
#10336 = ( GEOMETRIC_REPRESENTATION_CONTEXT(2) 
PARAMETRIC_REPRESENTATION_CONTEXT() REPRESENTATION_CONTEXT('2D SPACE',''
  ) );
#10337 = PCURVE('',#10338,#10343);
#10338 = PLANE('',#10339);
#10339 = AXIS2_PLACEMENT_3D('',#10340,#10341,#10342);
#10340 = CARTESIAN_POINT('',(48.308054363671,19.421213291474,
    0.820537876409));
#10341 = DIRECTION('',(0.,0.5,-0.866025403784));
#10342 = DIRECTION('',(-0.999847695156,1.511422733186E-02,
    8.726203218642E-03));
#10343 = DEFINITIONAL_REPRESENTATION('',(#10344),#10348);
#10344 = LINE('',#10345,#10346);
#10345 = CARTESIAN_POINT('',(7.414362181987E-15,1.763685611034E-14));
#10346 = VECTOR('',#10347,1.);
#10347 = DIRECTION('',(1.,-3.538835890993E-16));
#10348 = ( GEOMETRIC_REPRESENTATION_CONTEXT(2) 
PARAMETRIC_REPRESENTATION_CONTEXT() REPRESENTATION_CONTEXT('2D SPACE',''
  ) );
#10349 = ORIENTED_EDGE('',*,*,#10350,.F.);
#10350 = EDGE_CURVE('',#10351,#10322,#10353,.T.);
#10351 = VERTEX_POINT('',#10352);
#10352 = CARTESIAN_POINT('',(48.308054363671,10.421213291474,
    16.408995144529));
#10353 = SURFACE_CURVE('',#10354,(#10358,#10365),.PCURVE_S1.);
#10354 = LINE('',#10355,#10356);
#10355 = CARTESIAN_POINT('',(48.308054363671,10.421213291474,
    16.408995144529));
#10356 = VECTOR('',#10357,1.);
#10357 = DIRECTION('',(1.047144386237E-18,0.5,-0.866025403784));
#10358 = PCURVE('',#8402,#10359);
#10359 = DEFINITIONAL_REPRESENTATION('',(#10360),#10364);
#10360 = B_SPLINE_CURVE_WITH_KNOTS('',2,(#10361,#10362,#10363),
  .UNSPECIFIED.,.F.,.F.,(3,3),(0.,18.),.PIECEWISE_BEZIER_KNOTS.);
#10361 = CARTESIAN_POINT('',(0.17101595927,0.211493204541));
#10362 = CARTESIAN_POINT('',(9.2,0.211493204541));
#10363 = CARTESIAN_POINT('',(18.22898404073,0.211493204541));
#10364 = ( GEOMETRIC_REPRESENTATION_CONTEXT(2) 
PARAMETRIC_REPRESENTATION_CONTEXT() REPRESENTATION_CONTEXT('2D SPACE',''
  ) );
#10365 = PCURVE('',#10366,#10371);
#10366 = PLANE('',#10367);
#10367 = AXIS2_PLACEMENT_3D('',#10368,#10369,#10370);
#10368 = CARTESIAN_POINT('',(48.308054363671,10.421213291474,
    16.408995144529));
#10369 = DIRECTION('',(0.999847695156,-1.511422733186E-02,
    -8.726203218642E-03));
#10370 = DIRECTION('',(0.,0.5,-0.866025403784));
#10371 = DEFINITIONAL_REPRESENTATION('',(#10372),#10376);
#10372 = LINE('',#10373,#10374);
#10373 = CARTESIAN_POINT('',(1.7763568394E-15,1.42086903332E-14));
#10374 = VECTOR('',#10375,1.);
#10375 = DIRECTION('',(1.,6.E-17));
#10376 = ( GEOMETRIC_REPRESENTATION_CONTEXT(2) 
PARAMETRIC_REPRESENTATION_CONTEXT() REPRESENTATION_CONTEXT('2D SPACE',''
  ) );
#10377 = ORIENTED_EDGE('',*,*,#10378,.F.);
#10378 = EDGE_CURVE('',#10294,#10351,#10379,.T.);
#10379 = SURFACE_CURVE('',#10380,(#10384,#10392),.PCURVE_S1.);
#10380 = LINE('',#10381,#10382);
#10381 = CARTESIAN_POINT('',(42.308968192733,10.511898655466,
    16.46135236384));
#10382 = VECTOR('',#10383,1.);
#10383 = DIRECTION('',(0.999847695156,-1.511422733186E-02,
    -8.726203218641E-03));
#10384 = PCURVE('',#8402,#10385);
#10385 = DEFINITIONAL_REPRESENTATION('',(#10386),#10391);
#10386 = B_SPLINE_CURVE_WITH_KNOTS('',3,(#10387,#10388,#10389,#10390),
  .UNSPECIFIED.,.F.,.F.,(4,4),(0.,6.),.PIECEWISE_BEZIER_KNOTS.);
#10387 = CARTESIAN_POINT('',(6.672621708368E-02,0.961378975908));
#10388 = CARTESIAN_POINT('',(0.101890988399,0.711417052119));
#10389 = CARTESIAN_POINT('',(0.136649650894,0.46145512833));
#10390 = CARTESIAN_POINT('',(0.17101595927,0.211493204541));
#10391 = ( GEOMETRIC_REPRESENTATION_CONTEXT(2) 
PARAMETRIC_REPRESENTATION_CONTEXT() REPRESENTATION_CONTEXT('2D SPACE',''
  ) );
#10392 = PCURVE('',#10393,#10398);
#10393 = PLANE('',#10394);
#10394 = AXIS2_PLACEMENT_3D('',#10395,#10396,#10397);
#10395 = CARTESIAN_POINT('',(42.308968192733,10.511898655466,
    16.46135236384));
#10396 = DIRECTION('',(0.,-0.5,0.866025403784));
#10397 = DIRECTION('',(0.999847695156,-1.511422733186E-02,
    -8.726203218642E-03));
#10398 = DEFINITIONAL_REPRESENTATION('',(#10399),#10403);
#10399 = LINE('',#10400,#10401);
#10400 = CARTESIAN_POINT('',(-7.352358778909E-15,1.408468352704E-14));
#10401 = VECTOR('',#10402,1.);
#10402 = DIRECTION('',(1.,3.538835890993E-16));
#10403 = ( GEOMETRIC_REPRESENTATION_CONTEXT(2) 
PARAMETRIC_REPRESENTATION_CONTEXT() REPRESENTATION_CONTEXT('2D SPACE',''
  ) );
#10404 = ADVANCED_FACE('',(#10405,#10477),#8522,.T.);
#10405 = FACE_BOUND('',#10406,.T.);
#10406 = EDGE_LOOP('',(#10407,#10429,#10430,#10452));
#10407 = ORIENTED_EDGE('',*,*,#10408,.F.);
#10408 = EDGE_CURVE('',#8476,#10409,#10411,.T.);
#10409 = VERTEX_POINT('',#10410);
#10410 = CARTESIAN_POINT('',(42.,19.5467489226,-0.823318782116));
#10411 = SURFACE_CURVE('',#10412,(#10415,#10422),.PCURVE_S1.);
#10412 = B_SPLINE_CURVE_WITH_KNOTS('',1,(#10413,#10414),.UNSPECIFIED.,
  .F.,.F.,(2,2),(0.,1.),.PIECEWISE_BEZIER_KNOTS.);
#10413 = CARTESIAN_POINT('',(50.,19.495636945092,-0.632566285183));
#10414 = CARTESIAN_POINT('',(42.,19.5467489226,-0.823318782116));
#10415 = PCURVE('',#8522,#10416);
#10416 = DEFINITIONAL_REPRESENTATION('',(#10417),#10421);
#10417 = LINE('',#10418,#10419);
#10418 = CARTESIAN_POINT('',(0.,0.));
#10419 = VECTOR('',#10420,1.);
#10420 = DIRECTION('',(0.,1.));
#10421 = ( GEOMETRIC_REPRESENTATION_CONTEXT(2) 
PARAMETRIC_REPRESENTATION_CONTEXT() REPRESENTATION_CONTEXT('2D SPACE',''
  ) );
#10422 = PCURVE('',#8914,#10423);
#10423 = DEFINITIONAL_REPRESENTATION('',(#10424),#10428);
#10424 = LINE('',#10425,#10426);
#10425 = CARTESIAN_POINT('',(7.8,0.));
#10426 = VECTOR('',#10427,1.);
#10427 = DIRECTION('',(0.,1.));
#10428 = ( GEOMETRIC_REPRESENTATION_CONTEXT(2) 
PARAMETRIC_REPRESENTATION_CONTEXT() REPRESENTATION_CONTEXT('2D SPACE',''
  ) );
#10429 = ORIENTED_EDGE('',*,*,#8504,.T.);
#10430 = ORIENTED_EDGE('',*,*,#10431,.T.);
#10431 = EDGE_CURVE('',#8505,#10432,#10434,.T.);
#10432 = VERTEX_POINT('',#10433);
#10433 = CARTESIAN_POINT('',(42.,10.486389442026,-16.5163217373));
#10434 = SURFACE_CURVE('',#10435,(#10438,#10445),.PCURVE_S1.);
#10435 = B_SPLINE_CURVE_WITH_KNOTS('',1,(#10436,#10437),.UNSPECIFIED.,
  .F.,.F.,(2,2),(0.,1.),.PIECEWISE_BEZIER_KNOTS.);
#10436 = CARTESIAN_POINT('',(50.,10.295636945092,-16.56743371481));
#10437 = CARTESIAN_POINT('',(42.,10.486389442026,-16.5163217373));
#10438 = PCURVE('',#8522,#10439);
#10439 = DEFINITIONAL_REPRESENTATION('',(#10440),#10444);
#10440 = LINE('',#10441,#10442);
#10441 = CARTESIAN_POINT('',(18.4,0.));
#10442 = VECTOR('',#10443,1.);
#10443 = DIRECTION('',(0.,1.));
#10444 = ( GEOMETRIC_REPRESENTATION_CONTEXT(2) 
PARAMETRIC_REPRESENTATION_CONTEXT() REPRESENTATION_CONTEXT('2D SPACE',''
  ) );
#10445 = PCURVE('',#9013,#10446);
#10446 = DEFINITIONAL_REPRESENTATION('',(#10447),#10451);
#10447 = LINE('',#10448,#10449);
#10448 = CARTESIAN_POINT('',(0.,0.));
#10449 = VECTOR('',#10450,1.);
#10450 = DIRECTION('',(0.,1.));
#10451 = ( GEOMETRIC_REPRESENTATION_CONTEXT(2) 
PARAMETRIC_REPRESENTATION_CONTEXT() REPRESENTATION_CONTEXT('2D SPACE',''
  ) );
#10452 = ORIENTED_EDGE('',*,*,#10453,.F.);
#10453 = EDGE_CURVE('',#10409,#10432,#10454,.T.);
#10454 = SURFACE_CURVE('',#10455,(#10459,#10465),.PCURVE_S1.);
#10455 = LINE('',#10456,#10457);
#10456 = CARTESIAN_POINT('',(42.,19.616569182313,-0.702386544896));
#10457 = VECTOR('',#10458,1.);
#10458 = DIRECTION('',(0.,-0.5,-0.866025403784));
#10459 = PCURVE('',#8522,#10460);
#10460 = DEFINITIONAL_REPRESENTATION('',(#10461),#10464);
#10461 = B_SPLINE_CURVE_WITH_KNOTS('',1,(#10462,#10463),.UNSPECIFIED.,
  .F.,.F.,(2,2),(0.139640519426,18.260359480574),
  .PIECEWISE_BEZIER_KNOTS.);
#10462 = CARTESIAN_POINT('',(0.,1.));
#10463 = CARTESIAN_POINT('',(18.4,1.));
#10464 = ( GEOMETRIC_REPRESENTATION_CONTEXT(2) 
PARAMETRIC_REPRESENTATION_CONTEXT() REPRESENTATION_CONTEXT('2D SPACE',''
  ) );
#10465 = PCURVE('',#10466,#10471);
#10466 = PLANE('',#10467);
#10467 = AXIS2_PLACEMENT_3D('',#10468,#10469,#10470);
#10468 = CARTESIAN_POINT('',(42.,26.059882597678,-4.583678262691));
#10469 = DIRECTION('',(-1.,0.,-0.));
#10470 = DIRECTION('',(0.,-0.79377945855,-0.608205698085));
#10471 = DEFINITIONAL_REPRESENTATION('',(#10472),#10476);
#10472 = LINE('',#10473,#10474);
#10473 = CARTESIAN_POINT('',(2.753946095426,6.999749572001));
#10474 = VECTOR('',#10475,1.);
#10475 = DIRECTION('',(0.923611314543,-0.383330327064));
#10476 = ( GEOMETRIC_REPRESENTATION_CONTEXT(2) 
PARAMETRIC_REPRESENTATION_CONTEXT() REPRESENTATION_CONTEXT('2D SPACE',''
  ) );
#10477 = FACE_BOUND('',#10478,.T.);
#10478 = EDGE_LOOP('',(#10479,#10509,#10538,#10566));
#10479 = ORIENTED_EDGE('',*,*,#10480,.F.);
#10480 = EDGE_CURVE('',#10481,#10483,#10485,.T.);
#10481 = VERTEX_POINT('',#10482);
#10482 = CARTESIAN_POINT('',(42.308968192733,10.511898655466,
    -16.46135236384));
#10483 = VERTEX_POINT('',#10484);
#10484 = CARTESIAN_POINT('',(42.308968192733,19.511898655466,
    -0.87289509572));
#10485 = SURFACE_CURVE('',#10486,(#10490,#10497),.PCURVE_S1.);
#10486 = LINE('',#10487,#10488);
#10487 = CARTESIAN_POINT('',(42.308968192733,10.511898655466,
    -16.46135236384));
#10488 = VECTOR('',#10489,1.);
#10489 = DIRECTION('',(0.,0.5,0.866025403784));
#10490 = PCURVE('',#8522,#10491);
#10491 = DEFINITIONAL_REPRESENTATION('',(#10492),#10496);
#10492 = B_SPLINE_CURVE_WITH_KNOTS('',2,(#10493,#10494,#10495),
  .UNSPECIFIED.,.F.,.F.,(3,3),(0.,18.),.PIECEWISE_BEZIER_KNOTS.);
#10493 = CARTESIAN_POINT('',(18.333273782916,0.961378975908));
#10494 = CARTESIAN_POINT('',(9.2,0.961378975908));
#10495 = CARTESIAN_POINT('',(6.672621708368E-02,0.961378975908));
#10496 = ( GEOMETRIC_REPRESENTATION_CONTEXT(2) 
PARAMETRIC_REPRESENTATION_CONTEXT() REPRESENTATION_CONTEXT('2D SPACE',''
  ) );
#10497 = PCURVE('',#10498,#10503);
#10498 = PLANE('',#10499);
#10499 = AXIS2_PLACEMENT_3D('',#10500,#10501,#10502);
#10500 = CARTESIAN_POINT('',(42.308968192733,10.511898655466,
    -16.46135236384));
#10501 = DIRECTION('',(-0.999847695156,1.511422733186E-02,
    -8.726203218642E-03));
#10502 = DIRECTION('',(0.,0.5,0.866025403784));
#10503 = DEFINITIONAL_REPRESENTATION('',(#10504),#10508);
#10504 = LINE('',#10505,#10506);
#10505 = CARTESIAN_POINT('',(1.7763568394E-15,1.42086903332E-14));
#10506 = VECTOR('',#10507,1.);
#10507 = DIRECTION('',(1.,0.));
#10508 = ( GEOMETRIC_REPRESENTATION_CONTEXT(2) 
PARAMETRIC_REPRESENTATION_CONTEXT() REPRESENTATION_CONTEXT('2D SPACE',''
  ) );
#10509 = ORIENTED_EDGE('',*,*,#10510,.F.);
#10510 = EDGE_CURVE('',#10511,#10481,#10513,.T.);
#10511 = VERTEX_POINT('',#10512);
#10512 = CARTESIAN_POINT('',(48.308054363671,10.421213291474,
    -16.40899514452));
#10513 = SURFACE_CURVE('',#10514,(#10518,#10526),.PCURVE_S1.);
#10514 = LINE('',#10515,#10516);
#10515 = CARTESIAN_POINT('',(48.308054363671,10.421213291474,
    -16.40899514452));
#10516 = VECTOR('',#10517,1.);
#10517 = DIRECTION('',(-0.999847695156,1.511422733186E-02,
    -8.726203218642E-03));
#10518 = PCURVE('',#8522,#10519);
#10519 = DEFINITIONAL_REPRESENTATION('',(#10520),#10525);
#10520 = B_SPLINE_CURVE_WITH_KNOTS('',3,(#10521,#10522,#10523,#10524),
  .UNSPECIFIED.,.F.,.F.,(4,4),(0.,6.),.PIECEWISE_BEZIER_KNOTS.);
#10521 = CARTESIAN_POINT('',(18.22898404073,0.211493204541));
#10522 = CARTESIAN_POINT('',(18.263350349106,0.46145512833));
#10523 = CARTESIAN_POINT('',(18.298109011601,0.711417052119));
#10524 = CARTESIAN_POINT('',(18.333273782916,0.961378975908));
#10525 = ( GEOMETRIC_REPRESENTATION_CONTEXT(2) 
PARAMETRIC_REPRESENTATION_CONTEXT() REPRESENTATION_CONTEXT('2D SPACE',''
  ) );
#10526 = PCURVE('',#10527,#10532);
#10527 = PLANE('',#10528);
#10528 = AXIS2_PLACEMENT_3D('',#10529,#10530,#10531);
#10529 = CARTESIAN_POINT('',(48.308054363671,10.421213291474,
    -16.40899514452));
#10530 = DIRECTION('',(0.,-0.5,-0.866025403784));
#10531 = DIRECTION('',(-0.999847695156,1.511422733186E-02,
    -8.726203218642E-03));
#10532 = DEFINITIONAL_REPRESENTATION('',(#10533),#10537);
#10533 = LINE('',#10534,#10535);
#10534 = CARTESIAN_POINT('',(7.352358778909E-15,1.408468352704E-14));
#10535 = VECTOR('',#10536,1.);
#10536 = DIRECTION('',(1.,-3.538835890993E-16));
#10537 = ( GEOMETRIC_REPRESENTATION_CONTEXT(2) 
PARAMETRIC_REPRESENTATION_CONTEXT() REPRESENTATION_CONTEXT('2D SPACE',''
  ) );
#10538 = ORIENTED_EDGE('',*,*,#10539,.F.);
#10539 = EDGE_CURVE('',#10540,#10511,#10542,.T.);
#10540 = VERTEX_POINT('',#10541);
#10541 = CARTESIAN_POINT('',(48.308054363671,19.421213291474,
    -0.820537876409));
#10542 = SURFACE_CURVE('',#10543,(#10547,#10554),.PCURVE_S1.);
#10543 = LINE('',#10544,#10545);
#10544 = CARTESIAN_POINT('',(48.308054363671,19.421213291474,
    -0.820537876409));
#10545 = VECTOR('',#10546,1.);
#10546 = DIRECTION('',(0.,-0.5,-0.866025403784));
#10547 = PCURVE('',#8522,#10548);
#10548 = DEFINITIONAL_REPRESENTATION('',(#10549),#10553);
#10549 = B_SPLINE_CURVE_WITH_KNOTS('',2,(#10550,#10551,#10552),
  .UNSPECIFIED.,.F.,.F.,(3,3),(0.,18.),.PIECEWISE_BEZIER_KNOTS.);
#10550 = CARTESIAN_POINT('',(0.17101595927,0.211493204541));
#10551 = CARTESIAN_POINT('',(9.2,0.211493204541));
#10552 = CARTESIAN_POINT('',(18.22898404073,0.211493204541));
#10553 = ( GEOMETRIC_REPRESENTATION_CONTEXT(2) 
PARAMETRIC_REPRESENTATION_CONTEXT() REPRESENTATION_CONTEXT('2D SPACE',''
  ) );
#10554 = PCURVE('',#10555,#10560);
#10555 = PLANE('',#10556);
#10556 = AXIS2_PLACEMENT_3D('',#10557,#10558,#10559);
#10557 = CARTESIAN_POINT('',(48.308054363671,19.421213291474,
    -0.820537876409));
#10558 = DIRECTION('',(0.999847695156,-1.511422733186E-02,
    8.726203218642E-03));
#10559 = DIRECTION('',(0.,-0.5,-0.866025403784));
#10560 = DEFINITIONAL_REPRESENTATION('',(#10561),#10565);
#10561 = LINE('',#10562,#10563);
#10562 = CARTESIAN_POINT('',(1.7763568394E-15,1.42086903332E-14));
#10563 = VECTOR('',#10564,1.);
#10564 = DIRECTION('',(1.,0.));
#10565 = ( GEOMETRIC_REPRESENTATION_CONTEXT(2) 
PARAMETRIC_REPRESENTATION_CONTEXT() REPRESENTATION_CONTEXT('2D SPACE',''
  ) );
#10566 = ORIENTED_EDGE('',*,*,#10567,.F.);
#10567 = EDGE_CURVE('',#10483,#10540,#10568,.T.);
#10568 = SURFACE_CURVE('',#10569,(#10573,#10581),.PCURVE_S1.);
#10569 = LINE('',#10570,#10571);
#10570 = CARTESIAN_POINT('',(42.308968192733,19.511898655466,
    -0.87289509572));
#10571 = VECTOR('',#10572,1.);
#10572 = DIRECTION('',(0.999847695156,-1.511422733186E-02,
    8.726203218642E-03));
#10573 = PCURVE('',#8522,#10574);
#10574 = DEFINITIONAL_REPRESENTATION('',(#10575),#10580);
#10575 = B_SPLINE_CURVE_WITH_KNOTS('',3,(#10576,#10577,#10578,#10579),
  .UNSPECIFIED.,.F.,.F.,(4,4),(0.,6.),.PIECEWISE_BEZIER_KNOTS.);
#10576 = CARTESIAN_POINT('',(6.672621708368E-02,0.961378975908));
#10577 = CARTESIAN_POINT('',(0.101890988399,0.711417052119));
#10578 = CARTESIAN_POINT('',(0.136649650894,0.46145512833));
#10579 = CARTESIAN_POINT('',(0.17101595927,0.211493204541));
#10580 = ( GEOMETRIC_REPRESENTATION_CONTEXT(2) 
PARAMETRIC_REPRESENTATION_CONTEXT() REPRESENTATION_CONTEXT('2D SPACE',''
  ) );
#10581 = PCURVE('',#10582,#10587);
#10582 = PLANE('',#10583);
#10583 = AXIS2_PLACEMENT_3D('',#10584,#10585,#10586);
#10584 = CARTESIAN_POINT('',(42.308968192733,19.511898655466,
    -0.87289509572));
#10585 = DIRECTION('',(0.,0.5,0.866025403784));
#10586 = DIRECTION('',(0.999847695156,-1.511422733186E-02,
    8.726203218642E-03));
#10587 = DEFINITIONAL_REPRESENTATION('',(#10588),#10592);
#10588 = LINE('',#10589,#10590);
#10589 = CARTESIAN_POINT('',(-7.352358778909E-15,1.408468352704E-14));
#10590 = VECTOR('',#10591,1.);
#10591 = DIRECTION('',(1.,3.538835890993E-16));
#10592 = ( GEOMETRIC_REPRESENTATION_CONTEXT(2) 
PARAMETRIC_REPRESENTATION_CONTEXT() REPRESENTATION_CONTEXT('2D SPACE',''
  ) );
#10593 = ADVANCED_FACE('',(#10594),#8600,.T.);
#10594 = FACE_BOUND('',#10595,.T.);
#10595 = EDGE_LOOP('',(#10596,#10597,#10619,#10639));
#10596 = ORIENTED_EDGE('',*,*,#9841,.T.);
#10597 = ORIENTED_EDGE('',*,*,#10598,.F.);
#10598 = EDGE_CURVE('',#10599,#9842,#10601,.T.);
#10599 = VERTEX_POINT('',#10600);
#10600 = CARTESIAN_POINT('',(42.,-9.060359480574,24.860359480574));
#10601 = SURFACE_CURVE('',#10602,(#10606,#10612),.PCURVE_S1.);
#10602 = LINE('',#10603,#10604);
#10603 = CARTESIAN_POINT('',(42.,-9.060359480574,25.));
#10604 = VECTOR('',#10605,1.);
#10605 = DIRECTION('',(0.,0.,-1.));
#10606 = PCURVE('',#8600,#10607);
#10607 = DEFINITIONAL_REPRESENTATION('',(#10608),#10611);
#10608 = B_SPLINE_CURVE_WITH_KNOTS('',1,(#10609,#10610),.UNSPECIFIED.,
  .F.,.F.,(2,2),(0.139640519426,7.660359480574),
  .PIECEWISE_BEZIER_KNOTS.);
#10609 = CARTESIAN_POINT('',(0.,1.));
#10610 = CARTESIAN_POINT('',(7.8,1.));
#10611 = ( GEOMETRIC_REPRESENTATION_CONTEXT(2) 
PARAMETRIC_REPRESENTATION_CONTEXT() REPRESENTATION_CONTEXT('2D SPACE',''
  ) );
#10612 = PCURVE('',#9899,#10613);
#10613 = DEFINITIONAL_REPRESENTATION('',(#10614),#10618);
#10614 = LINE('',#10615,#10616);
#10615 = CARTESIAN_POINT('',(-5.352844598291E-02,-0.12897356371));
#10616 = VECTOR('',#10617,1.);
#10617 = DIRECTION('',(0.383330327064,0.923611314543));
#10618 = ( GEOMETRIC_REPRESENTATION_CONTEXT(2) 
PARAMETRIC_REPRESENTATION_CONTEXT() REPRESENTATION_CONTEXT('2D SPACE',''
  ) );
#10619 = ORIENTED_EDGE('',*,*,#10620,.F.);
#10620 = EDGE_CURVE('',#8568,#10599,#10621,.T.);
#10621 = SURFACE_CURVE('',#10622,(#10625,#10632),.PCURVE_S1.);
#10622 = B_SPLINE_CURVE_WITH_KNOTS('',1,(#10623,#10624),.UNSPECIFIED.,
  .F.,.F.,(2,2),(0.,1.),.PIECEWISE_BEZIER_KNOTS.);
#10623 = CARTESIAN_POINT('',(50.,-9.2,25.));
#10624 = CARTESIAN_POINT('',(42.,-9.060359480574,24.860359480574));
#10625 = PCURVE('',#8600,#10626);
#10626 = DEFINITIONAL_REPRESENTATION('',(#10627),#10631);
#10627 = LINE('',#10628,#10629);
#10628 = CARTESIAN_POINT('',(0.,0.));
#10629 = VECTOR('',#10630,1.);
#10630 = DIRECTION('',(0.,1.));
#10631 = ( GEOMETRIC_REPRESENTATION_CONTEXT(2) 
PARAMETRIC_REPRESENTATION_CONTEXT() REPRESENTATION_CONTEXT('2D SPACE',''
  ) );
#10632 = PCURVE('',#8666,#10633);
#10633 = DEFINITIONAL_REPRESENTATION('',(#10634),#10638);
#10634 = LINE('',#10635,#10636);
#10635 = CARTESIAN_POINT('',(18.4,0.));
#10636 = VECTOR('',#10637,1.);
#10637 = DIRECTION('',(0.,1.));
#10638 = ( GEOMETRIC_REPRESENTATION_CONTEXT(2) 
PARAMETRIC_REPRESENTATION_CONTEXT() REPRESENTATION_CONTEXT('2D SPACE',''
  ) );
#10639 = ORIENTED_EDGE('',*,*,#8587,.T.);
#10640 = ADVANCED_FACE('',(#10641,#10687),#8666,.T.);
#10641 = FACE_BOUND('',#10642,.T.);
#10642 = EDGE_LOOP('',(#10643,#10665,#10666,#10667));
#10643 = ORIENTED_EDGE('',*,*,#10644,.F.);
#10644 = EDGE_CURVE('',#8634,#10645,#10647,.T.);
#10645 = VERTEX_POINT('',#10646);
#10646 = CARTESIAN_POINT('',(42.,9.060359480574,24.860359480574));
#10647 = SURFACE_CURVE('',#10648,(#10651,#10658),.PCURVE_S1.);
#10648 = B_SPLINE_CURVE_WITH_KNOTS('',1,(#10649,#10650),.UNSPECIFIED.,
  .F.,.F.,(2,2),(0.,1.),.PIECEWISE_BEZIER_KNOTS.);
#10649 = CARTESIAN_POINT('',(50.,9.2,25.));
#10650 = CARTESIAN_POINT('',(42.,9.060359480574,24.860359480574));
#10651 = PCURVE('',#8666,#10652);
#10652 = DEFINITIONAL_REPRESENTATION('',(#10653),#10657);
#10653 = LINE('',#10654,#10655);
#10654 = CARTESIAN_POINT('',(0.,0.));
#10655 = VECTOR('',#10656,1.);
#10656 = DIRECTION('',(0.,1.));
#10657 = ( GEOMETRIC_REPRESENTATION_CONTEXT(2) 
PARAMETRIC_REPRESENTATION_CONTEXT() REPRESENTATION_CONTEXT('2D SPACE',''
  ) );
#10658 = PCURVE('',#8714,#10659);
#10659 = DEFINITIONAL_REPRESENTATION('',(#10660),#10664);
#10660 = LINE('',#10661,#10662);
#10661 = CARTESIAN_POINT('',(7.8,0.));
#10662 = VECTOR('',#10663,1.);
#10663 = DIRECTION('',(0.,1.));
#10664 = ( GEOMETRIC_REPRESENTATION_CONTEXT(2) 
PARAMETRIC_REPRESENTATION_CONTEXT() REPRESENTATION_CONTEXT('2D SPACE',''
  ) );
#10665 = ORIENTED_EDGE('',*,*,#8653,.T.);
#10666 = ORIENTED_EDGE('',*,*,#10620,.T.);
#10667 = ORIENTED_EDGE('',*,*,#10668,.F.);
#10668 = EDGE_CURVE('',#10645,#10599,#10669,.T.);
#10669 = SURFACE_CURVE('',#10670,(#10674,#10680),.PCURVE_S1.);
#10670 = LINE('',#10671,#10672);
#10671 = CARTESIAN_POINT('',(42.,9.2,24.860359480574));
#10672 = VECTOR('',#10673,1.);
#10673 = DIRECTION('',(0.,-1.,0.));
#10674 = PCURVE('',#8666,#10675);
#10675 = DEFINITIONAL_REPRESENTATION('',(#10676),#10679);
#10676 = B_SPLINE_CURVE_WITH_KNOTS('',1,(#10677,#10678),.UNSPECIFIED.,
  .F.,.F.,(2,2),(0.139640519426,18.260359480574),
  .PIECEWISE_BEZIER_KNOTS.);
#10677 = CARTESIAN_POINT('',(0.,1.));
#10678 = CARTESIAN_POINT('',(18.4,1.));
#10679 = ( GEOMETRIC_REPRESENTATION_CONTEXT(2) 
PARAMETRIC_REPRESENTATION_CONTEXT() REPRESENTATION_CONTEXT('2D SPACE',''
  ) );
#10680 = PCURVE('',#9899,#10681);
#10681 = DEFINITIONAL_REPRESENTATION('',(#10682),#10686);
#10682 = LINE('',#10683,#10684);
#10683 = CARTESIAN_POINT('',(16.86547462389,-6.999749572001));
#10684 = VECTOR('',#10685,1.);
#10685 = DIRECTION('',(-0.923611314543,0.383330327064));
#10686 = ( GEOMETRIC_REPRESENTATION_CONTEXT(2) 
PARAMETRIC_REPRESENTATION_CONTEXT() REPRESENTATION_CONTEXT('2D SPACE',''
  ) );
#10687 = FACE_BOUND('',#10688,.T.);
#10688 = EDGE_LOOP('',(#10689,#10719,#10748,#10776));
#10689 = ORIENTED_EDGE('',*,*,#10690,.F.);
#10690 = EDGE_CURVE('',#10691,#10693,#10695,.T.);
#10691 = VERTEX_POINT('',#10692);
#10692 = CARTESIAN_POINT('',(42.072512659888,-9.,24.861625193761));
#10693 = VERTEX_POINT('',#10694);
#10694 = CARTESIAN_POINT('',(42.072512659888,9.,24.861625193761));
#10695 = SURFACE_CURVE('',#10696,(#10700,#10707),.PCURVE_S1.);
#10696 = LINE('',#10697,#10698);
#10697 = CARTESIAN_POINT('',(42.072512659888,-9.,24.861625193761));
#10698 = VECTOR('',#10699,1.);
#10699 = DIRECTION('',(0.,1.,0.));
#10700 = PCURVE('',#8666,#10701);
#10701 = DEFINITIONAL_REPRESENTATION('',(#10702),#10706);
#10702 = B_SPLINE_CURVE_WITH_KNOTS('',2,(#10703,#10704,#10705),
  .UNSPECIFIED.,.F.,.F.,(3,3),(0.,18.),.PIECEWISE_BEZIER_KNOTS.);
#10703 = CARTESIAN_POINT('',(18.337433763759,0.990935917514));
#10704 = CARTESIAN_POINT('',(9.2,0.990935917514));
#10705 = CARTESIAN_POINT('',(6.256623624083E-02,0.990935917514));
#10706 = ( GEOMETRIC_REPRESENTATION_CONTEXT(2) 
PARAMETRIC_REPRESENTATION_CONTEXT() REPRESENTATION_CONTEXT('2D SPACE',''
  ) );
#10707 = PCURVE('',#10708,#10713);
#10708 = PLANE('',#10709);
#10709 = AXIS2_PLACEMENT_3D('',#10710,#10711,#10712);
#10710 = CARTESIAN_POINT('',(42.072512659888,-9.,24.861625193761));
#10711 = DIRECTION('',(-0.999847695156,0.,-1.745240643728E-02));
#10712 = DIRECTION('',(0.,1.,0.));
#10713 = DEFINITIONAL_REPRESENTATION('',(#10714),#10718);
#10714 = LINE('',#10715,#10716);
#10715 = CARTESIAN_POINT('',(3.552713678801E-15,1.06565177499E-14));
#10716 = VECTOR('',#10717,1.);
#10717 = DIRECTION('',(1.,0.));
#10718 = ( GEOMETRIC_REPRESENTATION_CONTEXT(2) 
PARAMETRIC_REPRESENTATION_CONTEXT() REPRESENTATION_CONTEXT('2D SPACE',''
  ) );
#10719 = ORIENTED_EDGE('',*,*,#10720,.F.);
#10720 = EDGE_CURVE('',#10721,#10691,#10723,.T.);
#10721 = VERTEX_POINT('',#10722);
#10722 = CARTESIAN_POINT('',(48.071598830826,-9.,24.966339632384));
#10723 = SURFACE_CURVE('',#10724,(#10728,#10736),.PCURVE_S1.);
#10724 = LINE('',#10725,#10726);
#10725 = CARTESIAN_POINT('',(48.071598830826,-9.,24.966339632384));
#10726 = VECTOR('',#10727,1.);
#10727 = DIRECTION('',(-0.999847695156,0.,-1.745240643728E-02));
#10728 = PCURVE('',#8666,#10729);
#10729 = DEFINITIONAL_REPRESENTATION('',(#10730),#10735);
#10730 = B_SPLINE_CURVE_WITH_KNOTS('',3,(#10731,#10732,#10733,#10734),
  .UNSPECIFIED.,.F.,.F.,(4,4),(0.,6.),.PIECEWISE_BEZIER_KNOTS.);
#10731 = CARTESIAN_POINT('',(18.233049540022,0.241050146147));
#10732 = CARTESIAN_POINT('',(18.267446803758,0.491012069936));
#10733 = CARTESIAN_POINT('',(18.302236951792,0.740973993725));
#10734 = CARTESIAN_POINT('',(18.337433763759,0.990935917514));
#10735 = ( GEOMETRIC_REPRESENTATION_CONTEXT(2) 
PARAMETRIC_REPRESENTATION_CONTEXT() REPRESENTATION_CONTEXT('2D SPACE',''
  ) );
#10736 = PCURVE('',#10737,#10742);
#10737 = PLANE('',#10738);
#10738 = AXIS2_PLACEMENT_3D('',#10739,#10740,#10741);
#10739 = CARTESIAN_POINT('',(48.071598830826,-9.,24.966339632384));
#10740 = DIRECTION('',(0.,-1.,0.));
#10741 = DIRECTION('',(-0.999847695156,-0.,-1.745240643728E-02));
#10742 = DEFINITIONAL_REPRESENTATION('',(#10743),#10747);
#10743 = LINE('',#10744,#10745);
#10744 = CARTESIAN_POINT('',(7.290355375832E-15,1.053251094374E-14));
#10745 = VECTOR('',#10746,1.);
#10746 = DIRECTION('',(1.,-2.046973701653E-16));
#10747 = ( GEOMETRIC_REPRESENTATION_CONTEXT(2) 
PARAMETRIC_REPRESENTATION_CONTEXT() REPRESENTATION_CONTEXT('2D SPACE',''
  ) );
#10748 = ORIENTED_EDGE('',*,*,#10749,.F.);
#10749 = EDGE_CURVE('',#10750,#10721,#10752,.T.);
#10750 = VERTEX_POINT('',#10751);
#10751 = CARTESIAN_POINT('',(48.071598830826,9.,24.966339632384));
#10752 = SURFACE_CURVE('',#10753,(#10757,#10764),.PCURVE_S1.);
#10753 = LINE('',#10754,#10755);
#10754 = CARTESIAN_POINT('',(48.071598830826,9.,24.966339632384));
#10755 = VECTOR('',#10756,1.);
#10756 = DIRECTION('',(0.,-1.,0.));
#10757 = PCURVE('',#8666,#10758);
#10758 = DEFINITIONAL_REPRESENTATION('',(#10759),#10763);
#10759 = B_SPLINE_CURVE_WITH_KNOTS('',2,(#10760,#10761,#10762),
  .UNSPECIFIED.,.F.,.F.,(3,3),(0.,18.),.PIECEWISE_BEZIER_KNOTS.);
#10760 = CARTESIAN_POINT('',(0.166950459978,0.241050146147));
#10761 = CARTESIAN_POINT('',(9.2,0.241050146147));
#10762 = CARTESIAN_POINT('',(18.233049540022,0.241050146147));
#10763 = ( GEOMETRIC_REPRESENTATION_CONTEXT(2) 
PARAMETRIC_REPRESENTATION_CONTEXT() REPRESENTATION_CONTEXT('2D SPACE',''
  ) );
#10764 = PCURVE('',#10765,#10770);
#10765 = PLANE('',#10766);
#10766 = AXIS2_PLACEMENT_3D('',#10767,#10768,#10769);
#10767 = CARTESIAN_POINT('',(48.071598830826,9.,24.966339632384));
#10768 = DIRECTION('',(0.999847695156,0.,1.745240643728E-02));
#10769 = DIRECTION('',(0.,-1.,0.));
#10770 = DEFINITIONAL_REPRESENTATION('',(#10771),#10775);
#10771 = LINE('',#10772,#10773);
#10772 = CARTESIAN_POINT('',(0.,1.06565177499E-14));
#10773 = VECTOR('',#10774,1.);
#10774 = DIRECTION('',(1.,0.));
#10775 = ( GEOMETRIC_REPRESENTATION_CONTEXT(2) 
PARAMETRIC_REPRESENTATION_CONTEXT() REPRESENTATION_CONTEXT('2D SPACE',''
  ) );
#10776 = ORIENTED_EDGE('',*,*,#10777,.F.);
#10777 = EDGE_CURVE('',#10693,#10750,#10778,.T.);
#10778 = SURFACE_CURVE('',#10779,(#10783,#10791),.PCURVE_S1.);
#10779 = LINE('',#10780,#10781);
#10780 = CARTESIAN_POINT('',(42.072512659888,9.,24.861625193761));
#10781 = VECTOR('',#10782,1.);
#10782 = DIRECTION('',(0.999847695156,0.,1.745240643728E-02));
#10783 = PCURVE('',#8666,#10784);
#10784 = DEFINITIONAL_REPRESENTATION('',(#10785),#10790);
#10785 = B_SPLINE_CURVE_WITH_KNOTS('',3,(#10786,#10787,#10788,#10789),
  .UNSPECIFIED.,.F.,.F.,(4,4),(0.,6.),.PIECEWISE_BEZIER_KNOTS.);
#10786 = CARTESIAN_POINT('',(6.256623624083E-02,0.990935917514));
#10787 = CARTESIAN_POINT('',(9.776304820776E-02,0.740973993725));
#10788 = CARTESIAN_POINT('',(0.132553196242,0.491012069936));
#10789 = CARTESIAN_POINT('',(0.166950459978,0.241050146147));
#10790 = ( GEOMETRIC_REPRESENTATION_CONTEXT(2) 
PARAMETRIC_REPRESENTATION_CONTEXT() REPRESENTATION_CONTEXT('2D SPACE',''
  ) );
#10791 = PCURVE('',#10792,#10797);
#10792 = PLANE('',#10793);
#10793 = AXIS2_PLACEMENT_3D('',#10794,#10795,#10796);
#10794 = CARTESIAN_POINT('',(42.072512659888,9.,24.861625193761));
#10795 = DIRECTION('',(0.,1.,0.));
#10796 = DIRECTION('',(0.999847695156,0.,1.745240643728E-02));
#10797 = DEFINITIONAL_REPRESENTATION('',(#10798),#10802);
#10798 = LINE('',#10799,#10800);
#10799 = CARTESIAN_POINT('',(-7.290355375832E-15,1.053251094374E-14));
#10800 = VECTOR('',#10801,1.);
#10801 = DIRECTION('',(1.,2.046973701653E-16));
#10802 = ( GEOMETRIC_REPRESENTATION_CONTEXT(2) 
PARAMETRIC_REPRESENTATION_CONTEXT() REPRESENTATION_CONTEXT('2D SPACE',''
  ) );
#10803 = ADVANCED_FACE('',(#10804),#8714,.T.);
#10804 = FACE_BOUND('',#10805,.T.);
#10805 = EDGE_LOOP('',(#10806,#10807,#10827,#10828));
#10806 = ORIENTED_EDGE('',*,*,#10644,.T.);
#10807 = ORIENTED_EDGE('',*,*,#10808,.F.);
#10808 = EDGE_CURVE('',#9865,#10645,#10809,.T.);
#10809 = SURFACE_CURVE('',#10810,(#10814,#10820),.PCURVE_S1.);
#10810 = LINE('',#10811,#10812);
#10811 = CARTESIAN_POINT('',(42.,9.060359480574,17.2));
#10812 = VECTOR('',#10813,1.);
#10813 = DIRECTION('',(0.,0.,1.));
#10814 = PCURVE('',#8714,#10815);
#10815 = DEFINITIONAL_REPRESENTATION('',(#10816),#10819);
#10816 = B_SPLINE_CURVE_WITH_KNOTS('',1,(#10817,#10818),.UNSPECIFIED.,
  .F.,.F.,(2,2),(0.139640519426,7.660359480574),
  .PIECEWISE_BEZIER_KNOTS.);
#10817 = CARTESIAN_POINT('',(0.,1.));
#10818 = CARTESIAN_POINT('',(7.8,1.));
#10819 = ( GEOMETRIC_REPRESENTATION_CONTEXT(2) 
PARAMETRIC_REPRESENTATION_CONTEXT() REPRESENTATION_CONTEXT('2D SPACE',''
  ) );
#10820 = PCURVE('',#9899,#10821);
#10821 = DEFINITIONAL_REPRESENTATION('',(#10822),#10826);
#10822 = LINE('',#10823,#10824);
#10823 = CARTESIAN_POINT('',(19.672949165298,0.12897356371));
#10824 = VECTOR('',#10825,1.);
#10825 = DIRECTION('',(-0.383330327064,-0.923611314543));
#10826 = ( GEOMETRIC_REPRESENTATION_CONTEXT(2) 
PARAMETRIC_REPRESENTATION_CONTEXT() REPRESENTATION_CONTEXT('2D SPACE',''
  ) );
#10827 = ORIENTED_EDGE('',*,*,#9864,.F.);
#10828 = ORIENTED_EDGE('',*,*,#8701,.T.);
#10829 = ADVANCED_FACE('',(#10830),#8764,.T.);
#10830 = FACE_BOUND('',#10831,.T.);
#10831 = EDGE_LOOP('',(#10832,#10854,#10855,#10856));
#10832 = ORIENTED_EDGE('',*,*,#10833,.F.);
#10833 = EDGE_CURVE('',#8732,#10834,#10836,.T.);
#10834 = VERTEX_POINT('',#10835);
#10835 = CARTESIAN_POINT('',(42.,16.999523117104,20.276681217884));
#10836 = SURFACE_CURVE('',#10837,(#10840,#10847),.PCURVE_S1.);
#10837 = B_SPLINE_CURVE_WITH_KNOTS('',1,(#10838,#10839),.UNSPECIFIED.,
  .F.,.F.,(2,2),(0.,1.),.PIECEWISE_BEZIER_KNOTS.);
#10838 = CARTESIAN_POINT('',(50.,17.050635094611,20.467433714817));
#10839 = CARTESIAN_POINT('',(42.,16.999523117104,20.276681217884));
#10840 = PCURVE('',#8764,#10841);
#10841 = DEFINITIONAL_REPRESENTATION('',(#10842),#10846);
#10842 = LINE('',#10843,#10844);
#10843 = CARTESIAN_POINT('',(0.,0.));
#10844 = VECTOR('',#10845,1.);
#10845 = DIRECTION('',(0.,1.));
#10846 = ( GEOMETRIC_REPRESENTATION_CONTEXT(2) 
PARAMETRIC_REPRESENTATION_CONTEXT() REPRESENTATION_CONTEXT('2D SPACE',''
  ) );
#10847 = PCURVE('',#8814,#10848);
#10848 = DEFINITIONAL_REPRESENTATION('',(#10849),#10853);
#10849 = LINE('',#10850,#10851);
#10850 = CARTESIAN_POINT('',(18.4,0.));
#10851 = VECTOR('',#10852,1.);
#10852 = DIRECTION('',(0.,1.));
#10853 = ( GEOMETRIC_REPRESENTATION_CONTEXT(2) 
PARAMETRIC_REPRESENTATION_CONTEXT() REPRESENTATION_CONTEXT('2D SPACE',''
  ) );
#10854 = ORIENTED_EDGE('',*,*,#8751,.T.);
#10855 = ORIENTED_EDGE('',*,*,#10219,.T.);
#10856 = ORIENTED_EDGE('',*,*,#10857,.F.);
#10857 = EDGE_CURVE('',#10834,#10220,#10858,.T.);
#10858 = SURFACE_CURVE('',#10859,(#10863,#10869),.PCURVE_S1.);
#10859 = LINE('',#10860,#10861);
#10860 = CARTESIAN_POINT('',(42.,17.120455354324,20.346501477596));
#10861 = VECTOR('',#10862,1.);
#10862 = DIRECTION('',(0.,-0.866025403784,-0.5));
#10863 = PCURVE('',#8764,#10864);
#10864 = DEFINITIONAL_REPRESENTATION('',(#10865),#10868);
#10865 = B_SPLINE_CURVE_WITH_KNOTS('',1,(#10866,#10867),.UNSPECIFIED.,
  .F.,.F.,(2,2),(0.139640519426,7.660359480574),
  .PIECEWISE_BEZIER_KNOTS.);
#10866 = CARTESIAN_POINT('',(0.,1.));
#10867 = CARTESIAN_POINT('',(7.8,1.));
#10868 = ( GEOMETRIC_REPRESENTATION_CONTEXT(2) 
PARAMETRIC_REPRESENTATION_CONTEXT() REPRESENTATION_CONTEXT('2D SPACE',''
  ) );
#10869 = PCURVE('',#10277,#10870);
#10870 = DEFINITIONAL_REPRESENTATION('',(#10871),#10875);
#10871 = LINE('',#10872,#10873);
#10872 = CARTESIAN_POINT('',(-5.352844598291E-02,-0.12897356371));
#10873 = VECTOR('',#10874,1.);
#10874 = DIRECTION('',(0.383330327064,0.923611314543));
#10875 = ( GEOMETRIC_REPRESENTATION_CONTEXT(2) 
PARAMETRIC_REPRESENTATION_CONTEXT() REPRESENTATION_CONTEXT('2D SPACE',''
  ) );
#10876 = ADVANCED_FACE('',(#10877,#10923),#8814,.T.);
#10877 = FACE_BOUND('',#10878,.T.);
#10878 = EDGE_LOOP('',(#10879,#10901,#10902,#10903));
#10879 = ORIENTED_EDGE('',*,*,#10880,.F.);
#10880 = EDGE_CURVE('',#8782,#10881,#10883,.T.);
#10881 = VERTEX_POINT('',#10882);
#10882 = CARTESIAN_POINT('',(42.,26.059882597678,4.583678262691));
#10883 = SURFACE_CURVE('',#10884,(#10887,#10894),.PCURVE_S1.);
#10884 = B_SPLINE_CURVE_WITH_KNOTS('',1,(#10885,#10886),.UNSPECIFIED.,
  .F.,.F.,(2,2),(0.,1.),.PIECEWISE_BEZIER_KNOTS.);
#10885 = CARTESIAN_POINT('',(50.,26.250635094611,4.532566285183));
#10886 = CARTESIAN_POINT('',(42.,26.059882597678,4.583678262691));
#10887 = PCURVE('',#8814,#10888);
#10888 = DEFINITIONAL_REPRESENTATION('',(#10889),#10893);
#10889 = LINE('',#10890,#10891);
#10890 = CARTESIAN_POINT('',(0.,0.));
#10891 = VECTOR('',#10892,1.);
#10892 = DIRECTION('',(0.,1.));
#10893 = ( GEOMETRIC_REPRESENTATION_CONTEXT(2) 
PARAMETRIC_REPRESENTATION_CONTEXT() REPRESENTATION_CONTEXT('2D SPACE',''
  ) );
#10894 = PCURVE('',#8863,#10895);
#10895 = DEFINITIONAL_REPRESENTATION('',(#10896),#10900);
#10896 = LINE('',#10897,#10898);
#10897 = CARTESIAN_POINT('',(7.8,0.));
#10898 = VECTOR('',#10899,1.);
#10899 = DIRECTION('',(0.,1.));
#10900 = ( GEOMETRIC_REPRESENTATION_CONTEXT(2) 
PARAMETRIC_REPRESENTATION_CONTEXT() REPRESENTATION_CONTEXT('2D SPACE',''
  ) );
#10901 = ORIENTED_EDGE('',*,*,#8801,.T.);
#10902 = ORIENTED_EDGE('',*,*,#10833,.T.);
#10903 = ORIENTED_EDGE('',*,*,#10904,.F.);
#10904 = EDGE_CURVE('',#10881,#10834,#10905,.T.);
#10905 = SURFACE_CURVE('',#10906,(#10910,#10916),.PCURVE_S1.);
#10906 = LINE('',#10907,#10908);
#10907 = CARTESIAN_POINT('',(42.,26.129702857391,4.46274602547));
#10908 = VECTOR('',#10909,1.);
#10909 = DIRECTION('',(0.,-0.5,0.866025403784));
#10910 = PCURVE('',#8814,#10911);
#10911 = DEFINITIONAL_REPRESENTATION('',(#10912),#10915);
#10912 = B_SPLINE_CURVE_WITH_KNOTS('',1,(#10913,#10914),.UNSPECIFIED.,
  .F.,.F.,(2,2),(0.139640519426,18.260359480574),
  .PIECEWISE_BEZIER_KNOTS.);
#10913 = CARTESIAN_POINT('',(0.,1.));
#10914 = CARTESIAN_POINT('',(18.4,1.));
#10915 = ( GEOMETRIC_REPRESENTATION_CONTEXT(2) 
PARAMETRIC_REPRESENTATION_CONTEXT() REPRESENTATION_CONTEXT('2D SPACE',''
  ) );
#10916 = PCURVE('',#10277,#10917);
#10917 = DEFINITIONAL_REPRESENTATION('',(#10918),#10922);
#10918 = LINE('',#10919,#10920);
#10919 = CARTESIAN_POINT('',(16.86547462389,-6.999749572001));
#10920 = VECTOR('',#10921,1.);
#10921 = DIRECTION('',(-0.923611314543,0.383330327064));
#10922 = ( GEOMETRIC_REPRESENTATION_CONTEXT(2) 
PARAMETRIC_REPRESENTATION_CONTEXT() REPRESENTATION_CONTEXT('2D SPACE',''
  ) );
#10923 = FACE_BOUND('',#10924,.T.);
#10924 = EDGE_LOOP('',(#10925,#10955,#10984,#11012));
#10925 = ORIENTED_EDGE('',*,*,#10926,.F.);
#10926 = EDGE_CURVE('',#10927,#10929,#10931,.T.);
#10927 = VERTEX_POINT('',#10928);
#10928 = CARTESIAN_POINT('',(42.072512659888,17.030798997164,
    20.22504123094));
#10929 = VERTEX_POINT('',#10930);
#10930 = CARTESIAN_POINT('',(42.072512659888,26.030798997164,
    4.63658396282));
#10931 = SURFACE_CURVE('',#10932,(#10936,#10943),.PCURVE_S1.);
#10932 = LINE('',#10933,#10934);
#10933 = CARTESIAN_POINT('',(42.072512659888,17.030798997164,
    20.22504123094));
#10934 = VECTOR('',#10935,1.);
#10935 = DIRECTION('',(-1.047144386237E-18,0.5,-0.866025403784));
#10936 = PCURVE('',#8814,#10937);
#10937 = DEFINITIONAL_REPRESENTATION('',(#10938),#10942);
#10938 = B_SPLINE_CURVE_WITH_KNOTS('',2,(#10939,#10940,#10941),
  .UNSPECIFIED.,.F.,.F.,(3,3),(0.,18.),.PIECEWISE_BEZIER_KNOTS.);
#10939 = CARTESIAN_POINT('',(18.337433763759,0.990935917514));
#10940 = CARTESIAN_POINT('',(9.2,0.990935917514));
#10941 = CARTESIAN_POINT('',(6.256623624082E-02,0.990935917514));
#10942 = ( GEOMETRIC_REPRESENTATION_CONTEXT(2) 
PARAMETRIC_REPRESENTATION_CONTEXT() REPRESENTATION_CONTEXT('2D SPACE',''
  ) );
#10943 = PCURVE('',#10944,#10949);
#10944 = PLANE('',#10945);
#10945 = AXIS2_PLACEMENT_3D('',#10946,#10947,#10948);
#10946 = CARTESIAN_POINT('',(42.072512659888,17.030798997164,
    20.22504123094));
#10947 = DIRECTION('',(-0.999847695156,-1.511422733186E-02,
    -8.726203218642E-03));
#10948 = DIRECTION('',(0.,0.5,-0.866025403784));
#10949 = DEFINITIONAL_REPRESENTATION('',(#10950),#10954);
#10950 = LINE('',#10951,#10952);
#10951 = CARTESIAN_POINT('',(3.552713678801E-15,1.06565177499E-14));
#10952 = VECTOR('',#10953,1.);
#10953 = DIRECTION('',(1.,-6.E-17));
#10954 = ( GEOMETRIC_REPRESENTATION_CONTEXT(2) 
PARAMETRIC_REPRESENTATION_CONTEXT() REPRESENTATION_CONTEXT('2D SPACE',''
  ) );
#10955 = ORIENTED_EDGE('',*,*,#10956,.F.);
#10956 = EDGE_CURVE('',#10957,#10927,#10959,.T.);
#10957 = VERTEX_POINT('',#10958);
#10958 = CARTESIAN_POINT('',(48.071598830826,17.121484361155,
    20.277398450252));
#10959 = SURFACE_CURVE('',#10960,(#10964,#10972),.PCURVE_S1.);
#10960 = LINE('',#10961,#10962);
#10961 = CARTESIAN_POINT('',(48.071598830826,17.121484361155,
    20.277398450252));
#10962 = VECTOR('',#10963,1.);
#10963 = DIRECTION('',(-0.999847695156,-1.511422733186E-02,
    -8.726203218641E-03));
#10964 = PCURVE('',#8814,#10965);
#10965 = DEFINITIONAL_REPRESENTATION('',(#10966),#10971);
#10966 = B_SPLINE_CURVE_WITH_KNOTS('',3,(#10967,#10968,#10969,#10970),
  .UNSPECIFIED.,.F.,.F.,(4,4),(0.,6.),.PIECEWISE_BEZIER_KNOTS.);
#10967 = CARTESIAN_POINT('',(18.233049540022,0.241050146147));
#10968 = CARTESIAN_POINT('',(18.267446803758,0.491012069936));
#10969 = CARTESIAN_POINT('',(18.302236951792,0.740973993725));
#10970 = CARTESIAN_POINT('',(18.337433763759,0.990935917514));
#10971 = ( GEOMETRIC_REPRESENTATION_CONTEXT(2) 
PARAMETRIC_REPRESENTATION_CONTEXT() REPRESENTATION_CONTEXT('2D SPACE',''
  ) );
#10972 = PCURVE('',#10973,#10978);
#10973 = PLANE('',#10974);
#10974 = AXIS2_PLACEMENT_3D('',#10975,#10976,#10977);
#10975 = CARTESIAN_POINT('',(48.071598830826,17.121484361155,
    20.277398450252));
#10976 = DIRECTION('',(0.,-0.5,0.866025403784));
#10977 = DIRECTION('',(-0.999847695156,-1.511422733186E-02,
    -8.726203218642E-03));
#10978 = DEFINITIONAL_REPRESENTATION('',(#10979),#10983);
#10979 = LINE('',#10980,#10981);
#10980 = CARTESIAN_POINT('',(7.290355375832E-15,1.053251094374E-14));
#10981 = VECTOR('',#10982,1.);
#10982 = DIRECTION('',(1.,-2.046973701653E-16));
#10983 = ( GEOMETRIC_REPRESENTATION_CONTEXT(2) 
PARAMETRIC_REPRESENTATION_CONTEXT() REPRESENTATION_CONTEXT('2D SPACE',''
  ) );
#10984 = ORIENTED_EDGE('',*,*,#10985,.F.);
#10985 = EDGE_CURVE('',#10986,#10957,#10988,.T.);
#10986 = VERTEX_POINT('',#10987);
#10987 = CARTESIAN_POINT('',(48.071598830826,26.121484361155,
    4.688941182132));
#10988 = SURFACE_CURVE('',#10989,(#10993,#11000),.PCURVE_S1.);
#10989 = LINE('',#10990,#10991);
#10990 = CARTESIAN_POINT('',(48.071598830826,26.121484361155,
    4.688941182132));
#10991 = VECTOR('',#10992,1.);
#10992 = DIRECTION('',(1.047144386237E-18,-0.5,0.866025403784));
#10993 = PCURVE('',#8814,#10994);
#10994 = DEFINITIONAL_REPRESENTATION('',(#10995),#10999);
#10995 = B_SPLINE_CURVE_WITH_KNOTS('',2,(#10996,#10997,#10998),
  .UNSPECIFIED.,.F.,.F.,(3,3),(0.,18.),.PIECEWISE_BEZIER_KNOTS.);
#10996 = CARTESIAN_POINT('',(0.166950459978,0.241050146147));
#10997 = CARTESIAN_POINT('',(9.2,0.241050146147));
#10998 = CARTESIAN_POINT('',(18.233049540022,0.241050146147));
#10999 = ( GEOMETRIC_REPRESENTATION_CONTEXT(2) 
PARAMETRIC_REPRESENTATION_CONTEXT() REPRESENTATION_CONTEXT('2D SPACE',''
  ) );
#11000 = PCURVE('',#11001,#11006);
#11001 = PLANE('',#11002);
#11002 = AXIS2_PLACEMENT_3D('',#11003,#11004,#11005);
#11003 = CARTESIAN_POINT('',(48.071598830826,26.121484361155,
    4.688941182132));
#11004 = DIRECTION('',(0.999847695156,1.511422733186E-02,
    8.726203218642E-03));
#11005 = DIRECTION('',(0.,-0.5,0.866025403784));
#11006 = DEFINITIONAL_REPRESENTATION('',(#11007),#11011);
#11007 = LINE('',#11008,#11009);
#11008 = CARTESIAN_POINT('',(0.,1.06565177499E-14));
#11009 = VECTOR('',#11010,1.);
#11010 = DIRECTION('',(1.,6.E-17));
#11011 = ( GEOMETRIC_REPRESENTATION_CONTEXT(2) 
PARAMETRIC_REPRESENTATION_CONTEXT() REPRESENTATION_CONTEXT('2D SPACE',''
  ) );
#11012 = ORIENTED_EDGE('',*,*,#11013,.F.);
#11013 = EDGE_CURVE('',#10929,#10986,#11014,.T.);
#11014 = SURFACE_CURVE('',#11015,(#11019,#11027),.PCURVE_S1.);
#11015 = LINE('',#11016,#11017);
#11016 = CARTESIAN_POINT('',(42.072512659888,26.030798997164,
    4.63658396282));
#11017 = VECTOR('',#11018,1.);
#11018 = DIRECTION('',(0.999847695156,1.511422733186E-02,
    8.726203218641E-03));
#11019 = PCURVE('',#8814,#11020);
#11020 = DEFINITIONAL_REPRESENTATION('',(#11021),#11026);
#11021 = B_SPLINE_CURVE_WITH_KNOTS('',3,(#11022,#11023,#11024,#11025),
  .UNSPECIFIED.,.F.,.F.,(4,4),(0.,6.),.PIECEWISE_BEZIER_KNOTS.);
#11022 = CARTESIAN_POINT('',(6.256623624082E-02,0.990935917514));
#11023 = CARTESIAN_POINT('',(9.776304820776E-02,0.740973993725));
#11024 = CARTESIAN_POINT('',(0.132553196242,0.491012069936));
#11025 = CARTESIAN_POINT('',(0.166950459978,0.241050146147));
#11026 = ( GEOMETRIC_REPRESENTATION_CONTEXT(2) 
PARAMETRIC_REPRESENTATION_CONTEXT() REPRESENTATION_CONTEXT('2D SPACE',''
  ) );
#11027 = PCURVE('',#11028,#11033);
#11028 = PLANE('',#11029);
#11029 = AXIS2_PLACEMENT_3D('',#11030,#11031,#11032);
#11030 = CARTESIAN_POINT('',(42.072512659888,26.030798997164,
    4.63658396282));
#11031 = DIRECTION('',(0.,0.5,-0.866025403784));
#11032 = DIRECTION('',(0.999847695156,1.511422733186E-02,
    8.726203218642E-03));
#11033 = DEFINITIONAL_REPRESENTATION('',(#11034),#11038);
#11034 = LINE('',#11035,#11036);
#11035 = CARTESIAN_POINT('',(-7.290355375832E-15,1.053251094374E-14));
#11036 = VECTOR('',#11037,1.);
#11037 = DIRECTION('',(1.,2.046973701653E-16));
#11038 = ( GEOMETRIC_REPRESENTATION_CONTEXT(2) 
PARAMETRIC_REPRESENTATION_CONTEXT() REPRESENTATION_CONTEXT('2D SPACE',''
  ) );
#11039 = ADVANCED_FACE('',(#11040),#8863,.T.);
#11040 = FACE_BOUND('',#11041,.T.);
#11041 = EDGE_LOOP('',(#11042,#11043,#11044,#11045));
#11042 = ORIENTED_EDGE('',*,*,#10242,.F.);
#11043 = ORIENTED_EDGE('',*,*,#8850,.T.);
#11044 = ORIENTED_EDGE('',*,*,#10880,.T.);
#11045 = ORIENTED_EDGE('',*,*,#11046,.F.);
#11046 = EDGE_CURVE('',#10243,#10881,#11047,.T.);
#11047 = SURFACE_CURVE('',#11048,(#11052,#11058),.PCURVE_S1.);
#11048 = LINE('',#11049,#11050);
#11049 = CARTESIAN_POINT('',(42.,19.425816685379,0.753498522403));
#11050 = VECTOR('',#11051,1.);
#11051 = DIRECTION('',(0.,0.866025403784,0.5));
#11052 = PCURVE('',#8863,#11053);
#11053 = DEFINITIONAL_REPRESENTATION('',(#11054),#11057);
#11054 = B_SPLINE_CURVE_WITH_KNOTS('',1,(#11055,#11056),.UNSPECIFIED.,
  .F.,.F.,(2,2),(0.139640519426,7.660359480574),
  .PIECEWISE_BEZIER_KNOTS.);
#11055 = CARTESIAN_POINT('',(0.,1.));
#11056 = CARTESIAN_POINT('',(7.8,1.));
#11057 = ( GEOMETRIC_REPRESENTATION_CONTEXT(2) 
PARAMETRIC_REPRESENTATION_CONTEXT() REPRESENTATION_CONTEXT('2D SPACE',''
  ) );
#11058 = PCURVE('',#10277,#11059);
#11059 = DEFINITIONAL_REPRESENTATION('',(#11060),#11064);
#11060 = LINE('',#11061,#11062);
#11061 = CARTESIAN_POINT('',(19.672949165298,0.12897356371));
#11062 = VECTOR('',#11063,1.);
#11063 = DIRECTION('',(-0.383330327064,-0.923611314543));
#11064 = ( GEOMETRIC_REPRESENTATION_CONTEXT(2) 
PARAMETRIC_REPRESENTATION_CONTEXT() REPRESENTATION_CONTEXT('2D SPACE',''
  ) );
#11065 = ADVANCED_FACE('',(#11066),#8914,.T.);
#11066 = FACE_BOUND('',#11067,.T.);
#11067 = EDGE_LOOP('',(#11068,#11090,#11091,#11092));
#11068 = ORIENTED_EDGE('',*,*,#11069,.F.);
#11069 = EDGE_CURVE('',#8882,#11070,#11072,.T.);
#11070 = VERTEX_POINT('',#11071);
#11071 = CARTESIAN_POINT('',(42.,26.059882597678,-4.583678262691));
#11072 = SURFACE_CURVE('',#11073,(#11076,#11083),.PCURVE_S1.);
#11073 = B_SPLINE_CURVE_WITH_KNOTS('',1,(#11074,#11075),.UNSPECIFIED.,
  .F.,.F.,(2,2),(0.,1.),.PIECEWISE_BEZIER_KNOTS.);
#11074 = CARTESIAN_POINT('',(50.,26.250635094611,-4.532566285183));
#11075 = CARTESIAN_POINT('',(42.,26.059882597678,-4.583678262691));
#11076 = PCURVE('',#8914,#11077);
#11077 = DEFINITIONAL_REPRESENTATION('',(#11078),#11082);
#11078 = LINE('',#11079,#11080);
#11079 = CARTESIAN_POINT('',(0.,0.));
#11080 = VECTOR('',#11081,1.);
#11081 = DIRECTION('',(0.,1.));
#11082 = ( GEOMETRIC_REPRESENTATION_CONTEXT(2) 
PARAMETRIC_REPRESENTATION_CONTEXT() REPRESENTATION_CONTEXT('2D SPACE',''
  ) );
#11083 = PCURVE('',#8964,#11084);
#11084 = DEFINITIONAL_REPRESENTATION('',(#11085),#11089);
#11085 = LINE('',#11086,#11087);
#11086 = CARTESIAN_POINT('',(18.4,0.));
#11087 = VECTOR('',#11088,1.);
#11088 = DIRECTION('',(0.,1.));
#11089 = ( GEOMETRIC_REPRESENTATION_CONTEXT(2) 
PARAMETRIC_REPRESENTATION_CONTEXT() REPRESENTATION_CONTEXT('2D SPACE',''
  ) );
#11090 = ORIENTED_EDGE('',*,*,#8901,.T.);
#11091 = ORIENTED_EDGE('',*,*,#10408,.T.);
#11092 = ORIENTED_EDGE('',*,*,#11093,.F.);
#11093 = EDGE_CURVE('',#11070,#10409,#11094,.T.);
#11094 = SURFACE_CURVE('',#11095,(#11099,#11105),.PCURVE_S1.);
#11095 = LINE('',#11096,#11097);
#11096 = CARTESIAN_POINT('',(42.,26.180814834898,-4.653498522404));
#11097 = VECTOR('',#11098,1.);
#11098 = DIRECTION('',(0.,-0.866025403784,0.5));
#11099 = PCURVE('',#8914,#11100);
#11100 = DEFINITIONAL_REPRESENTATION('',(#11101),#11104);
#11101 = B_SPLINE_CURVE_WITH_KNOTS('',1,(#11102,#11103),.UNSPECIFIED.,
  .F.,.F.,(2,2),(0.139640519426,7.660359480574),
  .PIECEWISE_BEZIER_KNOTS.);
#11102 = CARTESIAN_POINT('',(0.,1.));
#11103 = CARTESIAN_POINT('',(7.8,1.));
#11104 = ( GEOMETRIC_REPRESENTATION_CONTEXT(2) 
PARAMETRIC_REPRESENTATION_CONTEXT() REPRESENTATION_CONTEXT('2D SPACE',''
  ) );
#11105 = PCURVE('',#10466,#11106);
#11106 = DEFINITIONAL_REPRESENTATION('',(#11107),#11111);
#11107 = LINE('',#11108,#11109);
#11108 = CARTESIAN_POINT('',(-5.352844598291E-02,-0.12897356371));
#11109 = VECTOR('',#11110,1.);
#11110 = DIRECTION('',(0.383330327064,0.923611314543));
#11111 = ( GEOMETRIC_REPRESENTATION_CONTEXT(2) 
PARAMETRIC_REPRESENTATION_CONTEXT() REPRESENTATION_CONTEXT('2D SPACE',''
  ) );
#11112 = ADVANCED_FACE('',(#11113,#11159),#8964,.T.);
#11113 = FACE_BOUND('',#11114,.T.);
#11114 = EDGE_LOOP('',(#11115,#11137,#11138,#11139));
#11115 = ORIENTED_EDGE('',*,*,#11116,.F.);
#11116 = EDGE_CURVE('',#8932,#11117,#11119,.T.);
#11117 = VERTEX_POINT('',#11118);
#11118 = CARTESIAN_POINT('',(42.,16.999523117103,-20.27668121788));
#11119 = SURFACE_CURVE('',#11120,(#11123,#11130),.PCURVE_S1.);
#11120 = B_SPLINE_CURVE_WITH_KNOTS('',1,(#11121,#11122),.UNSPECIFIED.,
  .F.,.F.,(2,2),(0.,1.),.PIECEWISE_BEZIER_KNOTS.);
#11121 = CARTESIAN_POINT('',(50.,17.050635094611,-20.46743371481));
#11122 = CARTESIAN_POINT('',(42.,16.999523117103,-20.27668121788));
#11123 = PCURVE('',#8964,#11124);
#11124 = DEFINITIONAL_REPRESENTATION('',(#11125),#11129);
#11125 = LINE('',#11126,#11127);
#11126 = CARTESIAN_POINT('',(0.,0.));
#11127 = VECTOR('',#11128,1.);
#11128 = DIRECTION('',(0.,1.));
#11129 = ( GEOMETRIC_REPRESENTATION_CONTEXT(2) 
PARAMETRIC_REPRESENTATION_CONTEXT() REPRESENTATION_CONTEXT('2D SPACE',''
  ) );
#11130 = PCURVE('',#9013,#11131);
#11131 = DEFINITIONAL_REPRESENTATION('',(#11132),#11136);
#11132 = LINE('',#11133,#11134);
#11133 = CARTESIAN_POINT('',(7.8,0.));
#11134 = VECTOR('',#11135,1.);
#11135 = DIRECTION('',(0.,1.));
#11136 = ( GEOMETRIC_REPRESENTATION_CONTEXT(2) 
PARAMETRIC_REPRESENTATION_CONTEXT() REPRESENTATION_CONTEXT('2D SPACE',''
  ) );
#11137 = ORIENTED_EDGE('',*,*,#8951,.T.);
#11138 = ORIENTED_EDGE('',*,*,#11069,.T.);
#11139 = ORIENTED_EDGE('',*,*,#11140,.F.);
#11140 = EDGE_CURVE('',#11117,#11070,#11141,.T.);
#11141 = SURFACE_CURVE('',#11142,(#11146,#11152),.PCURVE_S1.);
#11142 = LINE('',#11143,#11144);
#11143 = CARTESIAN_POINT('',(42.,16.929702857391,-20.3976134551));
#11144 = VECTOR('',#11145,1.);
#11145 = DIRECTION('',(0.,0.5,0.866025403784));
#11146 = PCURVE('',#8964,#11147);
#11147 = DEFINITIONAL_REPRESENTATION('',(#11148),#11151);
#11148 = B_SPLINE_CURVE_WITH_KNOTS('',1,(#11149,#11150),.UNSPECIFIED.,
  .F.,.F.,(2,2),(0.139640519426,18.260359480574),
  .PIECEWISE_BEZIER_KNOTS.);
#11149 = CARTESIAN_POINT('',(0.,1.));
#11150 = CARTESIAN_POINT('',(18.4,1.));
#11151 = ( GEOMETRIC_REPRESENTATION_CONTEXT(2) 
PARAMETRIC_REPRESENTATION_CONTEXT() REPRESENTATION_CONTEXT('2D SPACE',''
  ) );
#11152 = PCURVE('',#10466,#11153);
#11153 = DEFINITIONAL_REPRESENTATION('',(#11154),#11158);
#11154 = LINE('',#11155,#11156);
#11155 = CARTESIAN_POINT('',(16.86547462389,-6.999749572001));
#11156 = VECTOR('',#11157,1.);
#11157 = DIRECTION('',(-0.923611314543,0.383330327064));
#11158 = ( GEOMETRIC_REPRESENTATION_CONTEXT(2) 
PARAMETRIC_REPRESENTATION_CONTEXT() REPRESENTATION_CONTEXT('2D SPACE',''
  ) );
#11159 = FACE_BOUND('',#11160,.T.);
#11160 = EDGE_LOOP('',(#11161,#11191,#11220,#11248));
#11161 = ORIENTED_EDGE('',*,*,#11162,.F.);
#11162 = EDGE_CURVE('',#11163,#11165,#11167,.T.);
#11163 = VERTEX_POINT('',#11164);
#11164 = CARTESIAN_POINT('',(42.072512659888,26.030798997164,
    -4.63658396282));
#11165 = VERTEX_POINT('',#11166);
#11166 = CARTESIAN_POINT('',(42.072512659888,17.030798997164,
    -20.22504123094));
#11167 = SURFACE_CURVE('',#11168,(#11172,#11179),.PCURVE_S1.);
#11168 = LINE('',#11169,#11170);
#11169 = CARTESIAN_POINT('',(42.072512659888,26.030798997164,
    -4.63658396282));
#11170 = VECTOR('',#11171,1.);
#11171 = DIRECTION('',(0.,-0.5,-0.866025403784));
#11172 = PCURVE('',#8964,#11173);
#11173 = DEFINITIONAL_REPRESENTATION('',(#11174),#11178);
#11174 = B_SPLINE_CURVE_WITH_KNOTS('',2,(#11175,#11176,#11177),
  .UNSPECIFIED.,.F.,.F.,(3,3),(0.,18.),.PIECEWISE_BEZIER_KNOTS.);
#11175 = CARTESIAN_POINT('',(18.337433763759,0.990935917514));
#11176 = CARTESIAN_POINT('',(9.2,0.990935917514));
#11177 = CARTESIAN_POINT('',(6.256623624083E-02,0.990935917514));
#11178 = ( GEOMETRIC_REPRESENTATION_CONTEXT(2) 
PARAMETRIC_REPRESENTATION_CONTEXT() REPRESENTATION_CONTEXT('2D SPACE',''
  ) );
#11179 = PCURVE('',#11180,#11185);
#11180 = PLANE('',#11181);
#11181 = AXIS2_PLACEMENT_3D('',#11182,#11183,#11184);
#11182 = CARTESIAN_POINT('',(42.072512659888,26.030798997164,
    -4.63658396282));
#11183 = DIRECTION('',(-0.999847695156,-1.511422733186E-02,
    8.726203218642E-03));
#11184 = DIRECTION('',(0.,-0.5,-0.866025403784));
#11185 = DEFINITIONAL_REPRESENTATION('',(#11186),#11190);
#11186 = LINE('',#11187,#11188);
#11187 = CARTESIAN_POINT('',(3.552713678801E-15,1.06565177499E-14));
#11188 = VECTOR('',#11189,1.);
#11189 = DIRECTION('',(1.,0.));
#11190 = ( GEOMETRIC_REPRESENTATION_CONTEXT(2) 
PARAMETRIC_REPRESENTATION_CONTEXT() REPRESENTATION_CONTEXT('2D SPACE',''
  ) );
#11191 = ORIENTED_EDGE('',*,*,#11192,.F.);
#11192 = EDGE_CURVE('',#11193,#11163,#11195,.T.);
#11193 = VERTEX_POINT('',#11194);
#11194 = CARTESIAN_POINT('',(48.071598830826,26.121484361155,
    -4.688941182132));
#11195 = SURFACE_CURVE('',#11196,(#11200,#11208),.PCURVE_S1.);
#11196 = LINE('',#11197,#11198);
#11197 = CARTESIAN_POINT('',(48.071598830826,26.121484361155,
    -4.688941182132));
#11198 = VECTOR('',#11199,1.);
#11199 = DIRECTION('',(-0.999847695156,-1.511422733186E-02,
    8.726203218642E-03));
#11200 = PCURVE('',#8964,#11201);
#11201 = DEFINITIONAL_REPRESENTATION('',(#11202),#11207);
#11202 = B_SPLINE_CURVE_WITH_KNOTS('',3,(#11203,#11204,#11205,#11206),
  .UNSPECIFIED.,.F.,.F.,(4,4),(0.,6.),.PIECEWISE_BEZIER_KNOTS.);
#11203 = CARTESIAN_POINT('',(18.233049540022,0.241050146147));
#11204 = CARTESIAN_POINT('',(18.267446803758,0.491012069936));
#11205 = CARTESIAN_POINT('',(18.302236951792,0.740973993725));
#11206 = CARTESIAN_POINT('',(18.337433763759,0.990935917514));
#11207 = ( GEOMETRIC_REPRESENTATION_CONTEXT(2) 
PARAMETRIC_REPRESENTATION_CONTEXT() REPRESENTATION_CONTEXT('2D SPACE',''
  ) );
#11208 = PCURVE('',#11209,#11214);
#11209 = PLANE('',#11210);
#11210 = AXIS2_PLACEMENT_3D('',#11211,#11212,#11213);
#11211 = CARTESIAN_POINT('',(48.071598830826,26.121484361155,
    -4.688941182132));
#11212 = DIRECTION('',(0.,0.5,0.866025403784));
#11213 = DIRECTION('',(-0.999847695156,-1.511422733186E-02,
    8.726203218642E-03));
#11214 = DEFINITIONAL_REPRESENTATION('',(#11215),#11219);
#11215 = LINE('',#11216,#11217);
#11216 = CARTESIAN_POINT('',(7.290355375832E-15,1.053251094374E-14));
#11217 = VECTOR('',#11218,1.);
#11218 = DIRECTION('',(1.,-2.046973701653E-16));
#11219 = ( GEOMETRIC_REPRESENTATION_CONTEXT(2) 
PARAMETRIC_REPRESENTATION_CONTEXT() REPRESENTATION_CONTEXT('2D SPACE',''
  ) );
#11220 = ORIENTED_EDGE('',*,*,#11221,.F.);
#11221 = EDGE_CURVE('',#11222,#11193,#11224,.T.);
#11222 = VERTEX_POINT('',#11223);
#11223 = CARTESIAN_POINT('',(48.071598830826,17.121484361155,
    -20.27739845025));
#11224 = SURFACE_CURVE('',#11225,(#11229,#11236),.PCURVE_S1.);
#11225 = LINE('',#11226,#11227);
#11226 = CARTESIAN_POINT('',(48.071598830826,17.121484361155,
    -20.27739845025));
#11227 = VECTOR('',#11228,1.);
#11228 = DIRECTION('',(0.,0.5,0.866025403784));
#11229 = PCURVE('',#8964,#11230);
#11230 = DEFINITIONAL_REPRESENTATION('',(#11231),#11235);
#11231 = B_SPLINE_CURVE_WITH_KNOTS('',2,(#11232,#11233,#11234),
  .UNSPECIFIED.,.F.,.F.,(3,3),(0.,18.),.PIECEWISE_BEZIER_KNOTS.);
#11232 = CARTESIAN_POINT('',(0.166950459978,0.241050146147));
#11233 = CARTESIAN_POINT('',(9.2,0.241050146147));
#11234 = CARTESIAN_POINT('',(18.233049540022,0.241050146147));
#11235 = ( GEOMETRIC_REPRESENTATION_CONTEXT(2) 
PARAMETRIC_REPRESENTATION_CONTEXT() REPRESENTATION_CONTEXT('2D SPACE',''
  ) );
#11236 = PCURVE('',#11237,#11242);
#11237 = PLANE('',#11238);
#11238 = AXIS2_PLACEMENT_3D('',#11239,#11240,#11241);
#11239 = CARTESIAN_POINT('',(48.071598830826,17.121484361155,
    -20.27739845025));
#11240 = DIRECTION('',(0.999847695156,1.511422733186E-02,
    -8.726203218642E-03));
#11241 = DIRECTION('',(0.,0.5,0.866025403784));
#11242 = DEFINITIONAL_REPRESENTATION('',(#11243),#11247);
#11243 = LINE('',#11244,#11245);
#11244 = CARTESIAN_POINT('',(0.,1.06565177499E-14));
#11245 = VECTOR('',#11246,1.);
#11246 = DIRECTION('',(1.,0.));
#11247 = ( GEOMETRIC_REPRESENTATION_CONTEXT(2) 
PARAMETRIC_REPRESENTATION_CONTEXT() REPRESENTATION_CONTEXT('2D SPACE',''
  ) );
#11248 = ORIENTED_EDGE('',*,*,#11249,.F.);
#11249 = EDGE_CURVE('',#11165,#11222,#11250,.T.);
#11250 = SURFACE_CURVE('',#11251,(#11255,#11263),.PCURVE_S1.);
#11251 = LINE('',#11252,#11253);
#11252 = CARTESIAN_POINT('',(42.072512659888,17.030798997164,
    -20.22504123094));
#11253 = VECTOR('',#11254,1.);
#11254 = DIRECTION('',(0.999847695156,1.511422733186E-02,
    -8.726203218642E-03));
#11255 = PCURVE('',#8964,#11256);
#11256 = DEFINITIONAL_REPRESENTATION('',(#11257),#11262);
#11257 = B_SPLINE_CURVE_WITH_KNOTS('',3,(#11258,#11259,#11260,#11261),
  .UNSPECIFIED.,.F.,.F.,(4,4),(0.,6.),.PIECEWISE_BEZIER_KNOTS.);
#11258 = CARTESIAN_POINT('',(6.256623624083E-02,0.990935917514));
#11259 = CARTESIAN_POINT('',(9.776304820776E-02,0.740973993725));
#11260 = CARTESIAN_POINT('',(0.132553196242,0.491012069936));
#11261 = CARTESIAN_POINT('',(0.166950459978,0.241050146147));
#11262 = ( GEOMETRIC_REPRESENTATION_CONTEXT(2) 
PARAMETRIC_REPRESENTATION_CONTEXT() REPRESENTATION_CONTEXT('2D SPACE',''
  ) );
#11263 = PCURVE('',#11264,#11269);
#11264 = PLANE('',#11265);
#11265 = AXIS2_PLACEMENT_3D('',#11266,#11267,#11268);
#11266 = CARTESIAN_POINT('',(42.072512659888,17.030798997164,
    -20.22504123094));
#11267 = DIRECTION('',(0.,-0.5,-0.866025403784));
#11268 = DIRECTION('',(0.999847695156,1.511422733186E-02,
    -8.726203218642E-03));
#11269 = DEFINITIONAL_REPRESENTATION('',(#11270),#11274);
#11270 = LINE('',#11271,#11272);
#11271 = CARTESIAN_POINT('',(-7.290355375832E-15,1.053251094374E-14));
#11272 = VECTOR('',#11273,1.);
#11273 = DIRECTION('',(1.,2.046973701653E-16));
#11274 = ( GEOMETRIC_REPRESENTATION_CONTEXT(2) 
PARAMETRIC_REPRESENTATION_CONTEXT() REPRESENTATION_CONTEXT('2D SPACE',''
  ) );
#11275 = ADVANCED_FACE('',(#11276),#9013,.T.);
#11276 = FACE_BOUND('',#11277,.T.);
#11277 = EDGE_LOOP('',(#11278,#11279,#11280,#11281));
#11278 = ORIENTED_EDGE('',*,*,#10431,.F.);
#11279 = ORIENTED_EDGE('',*,*,#9000,.T.);
#11280 = ORIENTED_EDGE('',*,*,#11116,.T.);
#11281 = ORIENTED_EDGE('',*,*,#11282,.F.);
#11282 = EDGE_CURVE('',#10432,#11117,#11283,.T.);
#11283 = SURFACE_CURVE('',#11284,(#11288,#11294),.PCURVE_S1.);
#11284 = LINE('',#11285,#11286);
#11285 = CARTESIAN_POINT('',(42.,10.365457204805,-16.44650147759));
#11286 = VECTOR('',#11287,1.);
#11287 = DIRECTION('',(0.,0.866025403784,-0.5));
#11288 = PCURVE('',#9013,#11289);
#11289 = DEFINITIONAL_REPRESENTATION('',(#11290),#11293);
#11290 = B_SPLINE_CURVE_WITH_KNOTS('',1,(#11291,#11292),.UNSPECIFIED.,
  .F.,.F.,(2,2),(0.139640519426,7.660359480574),
  .PIECEWISE_BEZIER_KNOTS.);
#11291 = CARTESIAN_POINT('',(0.,1.));
#11292 = CARTESIAN_POINT('',(7.8,1.));
#11293 = ( GEOMETRIC_REPRESENTATION_CONTEXT(2) 
PARAMETRIC_REPRESENTATION_CONTEXT() REPRESENTATION_CONTEXT('2D SPACE',''
  ) );
#11294 = PCURVE('',#10466,#11295);
#11295 = DEFINITIONAL_REPRESENTATION('',(#11296),#11300);
#11296 = LINE('',#11297,#11298);
#11297 = CARTESIAN_POINT('',(19.672949165298,0.12897356371));
#11298 = VECTOR('',#11299,1.);
#11299 = DIRECTION('',(-0.383330327064,-0.923611314543));
#11300 = ( GEOMETRIC_REPRESENTATION_CONTEXT(2) 
PARAMETRIC_REPRESENTATION_CONTEXT() REPRESENTATION_CONTEXT('2D SPACE',''
  ) );
#11301 = ADVANCED_FACE('',(#11302),#9064,.T.);
#11302 = FACE_BOUND('',#11303,.T.);
#11303 = EDGE_LOOP('',(#11304,#11326,#11327,#11328));
#11304 = ORIENTED_EDGE('',*,*,#11305,.F.);
#11305 = EDGE_CURVE('',#9032,#11306,#11308,.T.);
#11306 = VERTEX_POINT('',#11307);
#11307 = CARTESIAN_POINT('',(42.,9.060359480574,-24.86035948057));
#11308 = SURFACE_CURVE('',#11309,(#11312,#11319),.PCURVE_S1.);
#11309 = B_SPLINE_CURVE_WITH_KNOTS('',1,(#11310,#11311),.UNSPECIFIED.,
  .F.,.F.,(2,2),(0.,1.),.PIECEWISE_BEZIER_KNOTS.);
#11310 = CARTESIAN_POINT('',(50.,9.2,-25.));
#11311 = CARTESIAN_POINT('',(42.,9.060359480574,-24.86035948057));
#11312 = PCURVE('',#9064,#11313);
#11313 = DEFINITIONAL_REPRESENTATION('',(#11314),#11318);
#11314 = LINE('',#11315,#11316);
#11315 = CARTESIAN_POINT('',(0.,0.));
#11316 = VECTOR('',#11317,1.);
#11317 = DIRECTION('',(0.,1.));
#11318 = ( GEOMETRIC_REPRESENTATION_CONTEXT(2) 
PARAMETRIC_REPRESENTATION_CONTEXT() REPRESENTATION_CONTEXT('2D SPACE',''
  ) );
#11319 = PCURVE('',#9114,#11320);
#11320 = DEFINITIONAL_REPRESENTATION('',(#11321),#11325);
#11321 = LINE('',#11322,#11323);
#11322 = CARTESIAN_POINT('',(18.4,0.));
#11323 = VECTOR('',#11324,1.);
#11324 = DIRECTION('',(0.,1.));
#11325 = ( GEOMETRIC_REPRESENTATION_CONTEXT(2) 
PARAMETRIC_REPRESENTATION_CONTEXT() REPRESENTATION_CONTEXT('2D SPACE',''
  ) );
#11326 = ORIENTED_EDGE('',*,*,#9051,.T.);
#11327 = ORIENTED_EDGE('',*,*,#10030,.T.);
#11328 = ORIENTED_EDGE('',*,*,#11329,.F.);
#11329 = EDGE_CURVE('',#11306,#10031,#11330,.T.);
#11330 = SURFACE_CURVE('',#11331,(#11335,#11341),.PCURVE_S1.);
#11331 = LINE('',#11332,#11333);
#11332 = CARTESIAN_POINT('',(42.,9.060359480574,-25.));
#11333 = VECTOR('',#11334,1.);
#11334 = DIRECTION('',(0.,0.,1.));
#11335 = PCURVE('',#9064,#11336);
#11336 = DEFINITIONAL_REPRESENTATION('',(#11337),#11340);
#11337 = B_SPLINE_CURVE_WITH_KNOTS('',1,(#11338,#11339),.UNSPECIFIED.,
  .F.,.F.,(2,2),(0.139640519426,7.660359480574),
  .PIECEWISE_BEZIER_KNOTS.);
#11338 = CARTESIAN_POINT('',(0.,1.));
#11339 = CARTESIAN_POINT('',(7.8,1.));
#11340 = ( GEOMETRIC_REPRESENTATION_CONTEXT(2) 
PARAMETRIC_REPRESENTATION_CONTEXT() REPRESENTATION_CONTEXT('2D SPACE',''
  ) );
#11341 = PCURVE('',#10088,#11342);
#11342 = DEFINITIONAL_REPRESENTATION('',(#11343),#11347);
#11343 = LINE('',#11344,#11345);
#11344 = CARTESIAN_POINT('',(-5.352844598291E-02,-0.12897356371));
#11345 = VECTOR('',#11346,1.);
#11346 = DIRECTION('',(0.383330327064,0.923611314543));
#11347 = ( GEOMETRIC_REPRESENTATION_CONTEXT(2) 
PARAMETRIC_REPRESENTATION_CONTEXT() REPRESENTATION_CONTEXT('2D SPACE',''
  ) );
#11348 = ADVANCED_FACE('',(#11349,#11395),#9114,.T.);
#11349 = FACE_BOUND('',#11350,.T.);
#11350 = EDGE_LOOP('',(#11351,#11373,#11374,#11375));
#11351 = ORIENTED_EDGE('',*,*,#11352,.F.);
#11352 = EDGE_CURVE('',#9082,#11353,#11355,.T.);
#11353 = VERTEX_POINT('',#11354);
#11354 = CARTESIAN_POINT('',(42.,-9.060359480574,-24.86035948057));
#11355 = SURFACE_CURVE('',#11356,(#11359,#11366),.PCURVE_S1.);
#11356 = B_SPLINE_CURVE_WITH_KNOTS('',1,(#11357,#11358),.UNSPECIFIED.,
  .F.,.F.,(2,2),(0.,1.),.PIECEWISE_BEZIER_KNOTS.);
#11357 = CARTESIAN_POINT('',(50.,-9.2,-25.));
#11358 = CARTESIAN_POINT('',(42.,-9.060359480574,-24.86035948057));
#11359 = PCURVE('',#9114,#11360);
#11360 = DEFINITIONAL_REPRESENTATION('',(#11361),#11365);
#11361 = LINE('',#11362,#11363);
#11362 = CARTESIAN_POINT('',(0.,0.));
#11363 = VECTOR('',#11364,1.);
#11364 = DIRECTION('',(0.,1.));
#11365 = ( GEOMETRIC_REPRESENTATION_CONTEXT(2) 
PARAMETRIC_REPRESENTATION_CONTEXT() REPRESENTATION_CONTEXT('2D SPACE',''
  ) );
#11366 = PCURVE('',#9163,#11367);
#11367 = DEFINITIONAL_REPRESENTATION('',(#11368),#11372);
#11368 = LINE('',#11369,#11370);
#11369 = CARTESIAN_POINT('',(7.8,0.));
#11370 = VECTOR('',#11371,1.);
#11371 = DIRECTION('',(0.,1.));
#11372 = ( GEOMETRIC_REPRESENTATION_CONTEXT(2) 
PARAMETRIC_REPRESENTATION_CONTEXT() REPRESENTATION_CONTEXT('2D SPACE',''
  ) );
#11373 = ORIENTED_EDGE('',*,*,#9101,.T.);
#11374 = ORIENTED_EDGE('',*,*,#11305,.T.);
#11375 = ORIENTED_EDGE('',*,*,#11376,.F.);
#11376 = EDGE_CURVE('',#11353,#11306,#11377,.T.);
#11377 = SURFACE_CURVE('',#11378,(#11382,#11388),.PCURVE_S1.);
#11378 = LINE('',#11379,#11380);
#11379 = CARTESIAN_POINT('',(42.,-9.2,-24.86035948057));
#11380 = VECTOR('',#11381,1.);
#11381 = DIRECTION('',(0.,1.,0.));
#11382 = PCURVE('',#9114,#11383);
#11383 = DEFINITIONAL_REPRESENTATION('',(#11384),#11387);
#11384 = B_SPLINE_CURVE_WITH_KNOTS('',1,(#11385,#11386),.UNSPECIFIED.,
  .F.,.F.,(2,2),(0.139640519426,18.260359480574),
  .PIECEWISE_BEZIER_KNOTS.);
#11385 = CARTESIAN_POINT('',(0.,1.));
#11386 = CARTESIAN_POINT('',(18.4,1.));
#11387 = ( GEOMETRIC_REPRESENTATION_CONTEXT(2) 
PARAMETRIC_REPRESENTATION_CONTEXT() REPRESENTATION_CONTEXT('2D SPACE',''
  ) );
#11388 = PCURVE('',#10088,#11389);
#11389 = DEFINITIONAL_REPRESENTATION('',(#11390),#11394);
#11390 = LINE('',#11391,#11392);
#11391 = CARTESIAN_POINT('',(16.86547462389,-6.999749572001));
#11392 = VECTOR('',#11393,1.);
#11393 = DIRECTION('',(-0.923611314543,0.383330327064));
#11394 = ( GEOMETRIC_REPRESENTATION_CONTEXT(2) 
PARAMETRIC_REPRESENTATION_CONTEXT() REPRESENTATION_CONTEXT('2D SPACE',''
  ) );
#11395 = FACE_BOUND('',#11396,.T.);
#11396 = EDGE_LOOP('',(#11397,#11427,#11456,#11484));
#11397 = ORIENTED_EDGE('',*,*,#11398,.F.);
#11398 = EDGE_CURVE('',#11399,#11401,#11403,.T.);
#11399 = VERTEX_POINT('',#11400);
#11400 = CARTESIAN_POINT('',(42.072512659888,9.,-24.86162519376));
#11401 = VERTEX_POINT('',#11402);
#11402 = CARTESIAN_POINT('',(42.072512659888,-9.,-24.86162519376));
#11403 = SURFACE_CURVE('',#11404,(#11408,#11415),.PCURVE_S1.);
#11404 = LINE('',#11405,#11406);
#11405 = CARTESIAN_POINT('',(42.072512659888,9.,-24.86162519376));
#11406 = VECTOR('',#11407,1.);
#11407 = DIRECTION('',(0.,-1.,0.));
#11408 = PCURVE('',#9114,#11409);
#11409 = DEFINITIONAL_REPRESENTATION('',(#11410),#11414);
#11410 = B_SPLINE_CURVE_WITH_KNOTS('',2,(#11411,#11412,#11413),
  .UNSPECIFIED.,.F.,.F.,(3,3),(0.,18.),.PIECEWISE_BEZIER_KNOTS.);
#11411 = CARTESIAN_POINT('',(18.337433763759,0.990935917514));
#11412 = CARTESIAN_POINT('',(9.2,0.990935917514));
#11413 = CARTESIAN_POINT('',(6.256623624083E-02,0.990935917514));
#11414 = ( GEOMETRIC_REPRESENTATION_CONTEXT(2) 
PARAMETRIC_REPRESENTATION_CONTEXT() REPRESENTATION_CONTEXT('2D SPACE',''
  ) );
#11415 = PCURVE('',#11416,#11421);
#11416 = PLANE('',#11417);
#11417 = AXIS2_PLACEMENT_3D('',#11418,#11419,#11420);
#11418 = CARTESIAN_POINT('',(42.072512659888,9.,-24.86162519376));
#11419 = DIRECTION('',(-0.999847695156,-0.,1.745240643728E-02));
#11420 = DIRECTION('',(0.,-1.,0.));
#11421 = DEFINITIONAL_REPRESENTATION('',(#11422),#11426);
#11422 = LINE('',#11423,#11424);
#11423 = CARTESIAN_POINT('',(3.552713678801E-15,1.06565177499E-14));
#11424 = VECTOR('',#11425,1.);
#11425 = DIRECTION('',(1.,0.));
#11426 = ( GEOMETRIC_REPRESENTATION_CONTEXT(2) 
PARAMETRIC_REPRESENTATION_CONTEXT() REPRESENTATION_CONTEXT('2D SPACE',''
  ) );
#11427 = ORIENTED_EDGE('',*,*,#11428,.F.);
#11428 = EDGE_CURVE('',#11429,#11399,#11431,.T.);
#11429 = VERTEX_POINT('',#11430);
#11430 = CARTESIAN_POINT('',(48.071598830826,9.,-24.96633963238));
#11431 = SURFACE_CURVE('',#11432,(#11436,#11444),.PCURVE_S1.);
#11432 = LINE('',#11433,#11434);
#11433 = CARTESIAN_POINT('',(48.071598830826,9.,-24.96633963238));
#11434 = VECTOR('',#11435,1.);
#11435 = DIRECTION('',(-0.999847695156,0.,1.745240643728E-02));
#11436 = PCURVE('',#9114,#11437);
#11437 = DEFINITIONAL_REPRESENTATION('',(#11438),#11443);
#11438 = B_SPLINE_CURVE_WITH_KNOTS('',3,(#11439,#11440,#11441,#11442),
  .UNSPECIFIED.,.F.,.F.,(4,4),(0.,6.),.PIECEWISE_BEZIER_KNOTS.);
#11439 = CARTESIAN_POINT('',(18.233049540022,0.241050146147));
#11440 = CARTESIAN_POINT('',(18.267446803758,0.491012069936));
#11441 = CARTESIAN_POINT('',(18.302236951792,0.740973993725));
#11442 = CARTESIAN_POINT('',(18.337433763759,0.990935917514));
#11443 = ( GEOMETRIC_REPRESENTATION_CONTEXT(2) 
PARAMETRIC_REPRESENTATION_CONTEXT() REPRESENTATION_CONTEXT('2D SPACE',''
  ) );
#11444 = PCURVE('',#11445,#11450);
#11445 = PLANE('',#11446);
#11446 = AXIS2_PLACEMENT_3D('',#11447,#11448,#11449);
#11447 = CARTESIAN_POINT('',(48.071598830826,9.,-24.96633963238));
#11448 = DIRECTION('',(0.,1.,0.));
#11449 = DIRECTION('',(-0.999847695156,0.,1.745240643728E-02));
#11450 = DEFINITIONAL_REPRESENTATION('',(#11451),#11455);
#11451 = LINE('',#11452,#11453);
#11452 = CARTESIAN_POINT('',(7.290355375832E-15,1.053251094374E-14));
#11453 = VECTOR('',#11454,1.);
#11454 = DIRECTION('',(1.,-2.046973701653E-16));
#11455 = ( GEOMETRIC_REPRESENTATION_CONTEXT(2) 
PARAMETRIC_REPRESENTATION_CONTEXT() REPRESENTATION_CONTEXT('2D SPACE',''
  ) );
#11456 = ORIENTED_EDGE('',*,*,#11457,.F.);
#11457 = EDGE_CURVE('',#11458,#11429,#11460,.T.);
#11458 = VERTEX_POINT('',#11459);
#11459 = CARTESIAN_POINT('',(48.071598830826,-9.,-24.96633963238));
#11460 = SURFACE_CURVE('',#11461,(#11465,#11472),.PCURVE_S1.);
#11461 = LINE('',#11462,#11463);
#11462 = CARTESIAN_POINT('',(48.071598830826,-9.,-24.96633963238));
#11463 = VECTOR('',#11464,1.);
#11464 = DIRECTION('',(0.,1.,0.));
#11465 = PCURVE('',#9114,#11466);
#11466 = DEFINITIONAL_REPRESENTATION('',(#11467),#11471);
#11467 = B_SPLINE_CURVE_WITH_KNOTS('',2,(#11468,#11469,#11470),
  .UNSPECIFIED.,.F.,.F.,(3,3),(0.,18.),.PIECEWISE_BEZIER_KNOTS.);
#11468 = CARTESIAN_POINT('',(0.166950459978,0.241050146147));
#11469 = CARTESIAN_POINT('',(9.2,0.241050146147));
#11470 = CARTESIAN_POINT('',(18.233049540022,0.241050146147));
#11471 = ( GEOMETRIC_REPRESENTATION_CONTEXT(2) 
PARAMETRIC_REPRESENTATION_CONTEXT() REPRESENTATION_CONTEXT('2D SPACE',''
  ) );
#11472 = PCURVE('',#11473,#11478);
#11473 = PLANE('',#11474);
#11474 = AXIS2_PLACEMENT_3D('',#11475,#11476,#11477);
#11475 = CARTESIAN_POINT('',(48.071598830826,-9.,-24.96633963238));
#11476 = DIRECTION('',(0.999847695156,0.,-1.745240643728E-02));
#11477 = DIRECTION('',(0.,1.,0.));
#11478 = DEFINITIONAL_REPRESENTATION('',(#11479),#11483);
#11479 = LINE('',#11480,#11481);
#11480 = CARTESIAN_POINT('',(0.,1.06565177499E-14));
#11481 = VECTOR('',#11482,1.);
#11482 = DIRECTION('',(1.,0.));
#11483 = ( GEOMETRIC_REPRESENTATION_CONTEXT(2) 
PARAMETRIC_REPRESENTATION_CONTEXT() REPRESENTATION_CONTEXT('2D SPACE',''
  ) );
#11484 = ORIENTED_EDGE('',*,*,#11485,.F.);
#11485 = EDGE_CURVE('',#11401,#11458,#11486,.T.);
#11486 = SURFACE_CURVE('',#11487,(#11491,#11499),.PCURVE_S1.);
#11487 = LINE('',#11488,#11489);
#11488 = CARTESIAN_POINT('',(42.072512659888,-9.,-24.86162519376));
#11489 = VECTOR('',#11490,1.);
#11490 = DIRECTION('',(0.999847695156,0.,-1.745240643728E-02));
#11491 = PCURVE('',#9114,#11492);
#11492 = DEFINITIONAL_REPRESENTATION('',(#11493),#11498);
#11493 = B_SPLINE_CURVE_WITH_KNOTS('',3,(#11494,#11495,#11496,#11497),
  .UNSPECIFIED.,.F.,.F.,(4,4),(0.,6.),.PIECEWISE_BEZIER_KNOTS.);
#11494 = CARTESIAN_POINT('',(6.256623624083E-02,0.990935917514));
#11495 = CARTESIAN_POINT('',(9.776304820776E-02,0.740973993725));
#11496 = CARTESIAN_POINT('',(0.132553196242,0.491012069936));
#11497 = CARTESIAN_POINT('',(0.166950459978,0.241050146147));
#11498 = ( GEOMETRIC_REPRESENTATION_CONTEXT(2) 
PARAMETRIC_REPRESENTATION_CONTEXT() REPRESENTATION_CONTEXT('2D SPACE',''
  ) );
#11499 = PCURVE('',#11500,#11505);
#11500 = PLANE('',#11501);
#11501 = AXIS2_PLACEMENT_3D('',#11502,#11503,#11504);
#11502 = CARTESIAN_POINT('',(42.072512659888,-9.,-24.86162519376));
#11503 = DIRECTION('',(0.,-1.,0.));
#11504 = DIRECTION('',(0.999847695156,0.,-1.745240643728E-02));
#11505 = DEFINITIONAL_REPRESENTATION('',(#11506),#11510);
#11506 = LINE('',#11507,#11508);
#11507 = CARTESIAN_POINT('',(-7.290355375832E-15,1.053251094374E-14));
#11508 = VECTOR('',#11509,1.);
#11509 = DIRECTION('',(1.,2.046973701653E-16));
#11510 = ( GEOMETRIC_REPRESENTATION_CONTEXT(2) 
PARAMETRIC_REPRESENTATION_CONTEXT() REPRESENTATION_CONTEXT('2D SPACE',''
  ) );
#11511 = ADVANCED_FACE('',(#11512),#9163,.T.);
#11512 = FACE_BOUND('',#11513,.T.);
#11513 = EDGE_LOOP('',(#11514,#11515,#11516,#11517));
#11514 = ORIENTED_EDGE('',*,*,#10053,.F.);
#11515 = ORIENTED_EDGE('',*,*,#9150,.T.);
#11516 = ORIENTED_EDGE('',*,*,#11352,.T.);
#11517 = ORIENTED_EDGE('',*,*,#11518,.F.);
#11518 = EDGE_CURVE('',#10054,#11353,#11519,.T.);
#11519 = SURFACE_CURVE('',#11520,(#11524,#11530),.PCURVE_S1.);
#11520 = LINE('',#11521,#11522);
#11521 = CARTESIAN_POINT('',(42.,-9.060359480574,-17.2));
#11522 = VECTOR('',#11523,1.);
#11523 = DIRECTION('',(0.,0.,-1.));
#11524 = PCURVE('',#9163,#11525);
#11525 = DEFINITIONAL_REPRESENTATION('',(#11526),#11529);
#11526 = B_SPLINE_CURVE_WITH_KNOTS('',1,(#11527,#11528),.UNSPECIFIED.,
  .F.,.F.,(2,2),(0.139640519426,7.660359480574),
  .PIECEWISE_BEZIER_KNOTS.);
#11527 = CARTESIAN_POINT('',(0.,1.));
#11528 = CARTESIAN_POINT('',(7.8,1.));
#11529 = ( GEOMETRIC_REPRESENTATION_CONTEXT(2) 
PARAMETRIC_REPRESENTATION_CONTEXT() REPRESENTATION_CONTEXT('2D SPACE',''
  ) );
#11530 = PCURVE('',#10088,#11531);
#11531 = DEFINITIONAL_REPRESENTATION('',(#11532),#11536);
#11532 = LINE('',#11533,#11534);
#11533 = CARTESIAN_POINT('',(19.672949165298,0.12897356371));
#11534 = VECTOR('',#11535,1.);
#11535 = DIRECTION('',(-0.383330327064,-0.923611314543));
#11536 = ( GEOMETRIC_REPRESENTATION_CONTEXT(2) 
PARAMETRIC_REPRESENTATION_CONTEXT() REPRESENTATION_CONTEXT('2D SPACE',''
  ) );
#11537 = ADVANCED_FACE('',(#11538),#9214,.T.);
#11538 = FACE_BOUND('',#11539,.T.);
#11539 = EDGE_LOOP('',(#11540,#11562,#11563,#11564));
#11540 = ORIENTED_EDGE('',*,*,#11541,.F.);
#11541 = EDGE_CURVE('',#9182,#11542,#11544,.T.);
#11542 = VERTEX_POINT('',#11543);
#11543 = CARTESIAN_POINT('',(42.,-16.9995231171,-20.27668121788));
#11544 = SURFACE_CURVE('',#11545,(#11548,#11555),.PCURVE_S1.);
#11545 = B_SPLINE_CURVE_WITH_KNOTS('',1,(#11546,#11547),.UNSPECIFIED.,
  .F.,.F.,(2,2),(0.,1.),.PIECEWISE_BEZIER_KNOTS.);
#11546 = CARTESIAN_POINT('',(50.,-17.05063509461,-20.46743371481));
#11547 = CARTESIAN_POINT('',(42.,-16.9995231171,-20.27668121788));
#11548 = PCURVE('',#9214,#11549);
#11549 = DEFINITIONAL_REPRESENTATION('',(#11550),#11554);
#11550 = LINE('',#11551,#11552);
#11551 = CARTESIAN_POINT('',(0.,0.));
#11552 = VECTOR('',#11553,1.);
#11553 = DIRECTION('',(0.,1.));
#11554 = ( GEOMETRIC_REPRESENTATION_CONTEXT(2) 
PARAMETRIC_REPRESENTATION_CONTEXT() REPRESENTATION_CONTEXT('2D SPACE',''
  ) );
#11555 = PCURVE('',#9264,#11556);
#11556 = DEFINITIONAL_REPRESENTATION('',(#11557),#11561);
#11557 = LINE('',#11558,#11559);
#11558 = CARTESIAN_POINT('',(18.4,0.));
#11559 = VECTOR('',#11560,1.);
#11560 = DIRECTION('',(0.,1.));
#11561 = ( GEOMETRIC_REPRESENTATION_CONTEXT(2) 
PARAMETRIC_REPRESENTATION_CONTEXT() REPRESENTATION_CONTEXT('2D SPACE',''
  ) );
#11562 = ORIENTED_EDGE('',*,*,#9201,.T.);
#11563 = ORIENTED_EDGE('',*,*,#9652,.T.);
#11564 = ORIENTED_EDGE('',*,*,#11565,.F.);
#11565 = EDGE_CURVE('',#11542,#9653,#11566,.T.);
#11566 = SURFACE_CURVE('',#11567,(#11571,#11577),.PCURVE_S1.);
#11567 = LINE('',#11568,#11569);
#11568 = CARTESIAN_POINT('',(42.,-17.12045535432,-20.34650147759));
#11569 = VECTOR('',#11570,1.);
#11570 = DIRECTION('',(0.,0.866025403784,0.5));
#11571 = PCURVE('',#9214,#11572);
#11572 = DEFINITIONAL_REPRESENTATION('',(#11573),#11576);
#11573 = B_SPLINE_CURVE_WITH_KNOTS('',1,(#11574,#11575),.UNSPECIFIED.,
  .F.,.F.,(2,2),(0.139640519426,7.660359480574),
  .PIECEWISE_BEZIER_KNOTS.);
#11574 = CARTESIAN_POINT('',(0.,1.));
#11575 = CARTESIAN_POINT('',(7.8,1.));
#11576 = ( GEOMETRIC_REPRESENTATION_CONTEXT(2) 
PARAMETRIC_REPRESENTATION_CONTEXT() REPRESENTATION_CONTEXT('2D SPACE',''
  ) );
#11577 = PCURVE('',#9710,#11578);
#11578 = DEFINITIONAL_REPRESENTATION('',(#11579),#11583);
#11579 = LINE('',#11580,#11581);
#11580 = CARTESIAN_POINT('',(-5.352844598291E-02,-0.12897356371));
#11581 = VECTOR('',#11582,1.);
#11582 = DIRECTION('',(0.383330327064,0.923611314543));
#11583 = ( GEOMETRIC_REPRESENTATION_CONTEXT(2) 
PARAMETRIC_REPRESENTATION_CONTEXT() REPRESENTATION_CONTEXT('2D SPACE',''
  ) );
#11584 = ADVANCED_FACE('',(#11585,#11631),#9264,.T.);
#11585 = FACE_BOUND('',#11586,.T.);
#11586 = EDGE_LOOP('',(#11587,#11609,#11610,#11611));
#11587 = ORIENTED_EDGE('',*,*,#11588,.F.);
#11588 = EDGE_CURVE('',#9232,#11589,#11591,.T.);
#11589 = VERTEX_POINT('',#11590);
#11590 = CARTESIAN_POINT('',(42.,-26.05988259767,-4.583678262691));
#11591 = SURFACE_CURVE('',#11592,(#11595,#11602),.PCURVE_S1.);
#11592 = B_SPLINE_CURVE_WITH_KNOTS('',1,(#11593,#11594),.UNSPECIFIED.,
  .F.,.F.,(2,2),(0.,1.),.PIECEWISE_BEZIER_KNOTS.);
#11593 = CARTESIAN_POINT('',(50.,-26.25063509461,-4.532566285183));
#11594 = CARTESIAN_POINT('',(42.,-26.05988259767,-4.583678262691));
#11595 = PCURVE('',#9264,#11596);
#11596 = DEFINITIONAL_REPRESENTATION('',(#11597),#11601);
#11597 = LINE('',#11598,#11599);
#11598 = CARTESIAN_POINT('',(0.,0.));
#11599 = VECTOR('',#11600,1.);
#11600 = DIRECTION('',(0.,1.));
#11601 = ( GEOMETRIC_REPRESENTATION_CONTEXT(2) 
PARAMETRIC_REPRESENTATION_CONTEXT() REPRESENTATION_CONTEXT('2D SPACE',''
  ) );
#11602 = PCURVE('',#9313,#11603);
#11603 = DEFINITIONAL_REPRESENTATION('',(#11604),#11608);
#11604 = LINE('',#11605,#11606);
#11605 = CARTESIAN_POINT('',(7.8,0.));
#11606 = VECTOR('',#11607,1.);
#11607 = DIRECTION('',(0.,1.));
#11608 = ( GEOMETRIC_REPRESENTATION_CONTEXT(2) 
PARAMETRIC_REPRESENTATION_CONTEXT() REPRESENTATION_CONTEXT('2D SPACE',''
  ) );
#11609 = ORIENTED_EDGE('',*,*,#9251,.T.);
#11610 = ORIENTED_EDGE('',*,*,#11541,.T.);
#11611 = ORIENTED_EDGE('',*,*,#11612,.F.);
#11612 = EDGE_CURVE('',#11589,#11542,#11613,.T.);
#11613 = SURFACE_CURVE('',#11614,(#11618,#11624),.PCURVE_S1.);
#11614 = LINE('',#11615,#11616);
#11615 = CARTESIAN_POINT('',(42.,-26.12970285739,-4.46274602547));
#11616 = VECTOR('',#11617,1.);
#11617 = DIRECTION('',(0.,0.5,-0.866025403784));
#11618 = PCURVE('',#9264,#11619);
#11619 = DEFINITIONAL_REPRESENTATION('',(#11620),#11623);
#11620 = B_SPLINE_CURVE_WITH_KNOTS('',1,(#11621,#11622),.UNSPECIFIED.,
  .F.,.F.,(2,2),(0.139640519426,18.260359480574),
  .PIECEWISE_BEZIER_KNOTS.);
#11621 = CARTESIAN_POINT('',(0.,1.));
#11622 = CARTESIAN_POINT('',(18.4,1.));
#11623 = ( GEOMETRIC_REPRESENTATION_CONTEXT(2) 
PARAMETRIC_REPRESENTATION_CONTEXT() REPRESENTATION_CONTEXT('2D SPACE',''
  ) );
#11624 = PCURVE('',#9710,#11625);
#11625 = DEFINITIONAL_REPRESENTATION('',(#11626),#11630);
#11626 = LINE('',#11627,#11628);
#11627 = CARTESIAN_POINT('',(16.86547462389,-6.999749572001));
#11628 = VECTOR('',#11629,1.);
#11629 = DIRECTION('',(-0.923611314543,0.383330327064));
#11630 = ( GEOMETRIC_REPRESENTATION_CONTEXT(2) 
PARAMETRIC_REPRESENTATION_CONTEXT() REPRESENTATION_CONTEXT('2D SPACE',''
  ) );
#11631 = FACE_BOUND('',#11632,.T.);
#11632 = EDGE_LOOP('',(#11633,#11663,#11692,#11720));
#11633 = ORIENTED_EDGE('',*,*,#11634,.F.);
#11634 = EDGE_CURVE('',#11635,#11637,#11639,.T.);
#11635 = VERTEX_POINT('',#11636);
#11636 = CARTESIAN_POINT('',(42.072512659888,-17.03079899716,
    -20.22504123094));
#11637 = VERTEX_POINT('',#11638);
#11638 = CARTESIAN_POINT('',(42.072512659888,-26.03079899716,
    -4.63658396282));
#11639 = SURFACE_CURVE('',#11640,(#11644,#11651),.PCURVE_S1.);
#11640 = LINE('',#11641,#11642);
#11641 = CARTESIAN_POINT('',(42.072512659888,-17.03079899716,
    -20.22504123094));
#11642 = VECTOR('',#11643,1.);
#11643 = DIRECTION('',(-1.047144386237E-18,-0.5,0.866025403784));
#11644 = PCURVE('',#9264,#11645);
#11645 = DEFINITIONAL_REPRESENTATION('',(#11646),#11650);
#11646 = B_SPLINE_CURVE_WITH_KNOTS('',2,(#11647,#11648,#11649),
  .UNSPECIFIED.,.F.,.F.,(3,3),(0.,18.),.PIECEWISE_BEZIER_KNOTS.);
#11647 = CARTESIAN_POINT('',(18.337433763759,0.990935917514));
#11648 = CARTESIAN_POINT('',(9.2,0.990935917514));
#11649 = CARTESIAN_POINT('',(6.256623624082E-02,0.990935917514));
#11650 = ( GEOMETRIC_REPRESENTATION_CONTEXT(2) 
PARAMETRIC_REPRESENTATION_CONTEXT() REPRESENTATION_CONTEXT('2D SPACE',''
  ) );
#11651 = PCURVE('',#11652,#11657);
#11652 = PLANE('',#11653);
#11653 = AXIS2_PLACEMENT_3D('',#11654,#11655,#11656);
#11654 = CARTESIAN_POINT('',(42.072512659888,-17.03079899716,
    -20.22504123094));
#11655 = DIRECTION('',(-0.999847695156,1.511422733186E-02,
    8.726203218642E-03));
#11656 = DIRECTION('',(0.,-0.5,0.866025403784));
#11657 = DEFINITIONAL_REPRESENTATION('',(#11658),#11662);
#11658 = LINE('',#11659,#11660);
#11659 = CARTESIAN_POINT('',(3.552713678801E-15,7.104345166599E-15));
#11660 = VECTOR('',#11661,1.);
#11661 = DIRECTION('',(1.,-6.E-17));
#11662 = ( GEOMETRIC_REPRESENTATION_CONTEXT(2) 
PARAMETRIC_REPRESENTATION_CONTEXT() REPRESENTATION_CONTEXT('2D SPACE',''
  ) );
#11663 = ORIENTED_EDGE('',*,*,#11664,.F.);
#11664 = EDGE_CURVE('',#11665,#11635,#11667,.T.);
#11665 = VERTEX_POINT('',#11666);
#11666 = CARTESIAN_POINT('',(48.071598830826,-17.12148436115,
    -20.27739845025));
#11667 = SURFACE_CURVE('',#11668,(#11672,#11680),.PCURVE_S1.);
#11668 = LINE('',#11669,#11670);
#11669 = CARTESIAN_POINT('',(48.071598830826,-17.12148436115,
    -20.27739845025));
#11670 = VECTOR('',#11671,1.);
#11671 = DIRECTION('',(-0.999847695156,1.511422733186E-02,
    8.726203218642E-03));
#11672 = PCURVE('',#9264,#11673);
#11673 = DEFINITIONAL_REPRESENTATION('',(#11674),#11679);
#11674 = B_SPLINE_CURVE_WITH_KNOTS('',3,(#11675,#11676,#11677,#11678),
  .UNSPECIFIED.,.F.,.F.,(4,4),(0.,6.),.PIECEWISE_BEZIER_KNOTS.);
#11675 = CARTESIAN_POINT('',(18.233049540022,0.241050146147));
#11676 = CARTESIAN_POINT('',(18.267446803758,0.491012069936));
#11677 = CARTESIAN_POINT('',(18.302236951792,0.740973993725));
#11678 = CARTESIAN_POINT('',(18.337433763759,0.990935917514));
#11679 = ( GEOMETRIC_REPRESENTATION_CONTEXT(2) 
PARAMETRIC_REPRESENTATION_CONTEXT() REPRESENTATION_CONTEXT('2D SPACE',''
  ) );
#11680 = PCURVE('',#11681,#11686);
#11681 = PLANE('',#11682);
#11682 = AXIS2_PLACEMENT_3D('',#11683,#11684,#11685);
#11683 = CARTESIAN_POINT('',(48.071598830826,-17.12148436115,
    -20.27739845025));
#11684 = DIRECTION('',(0.,0.5,-0.866025403784));
#11685 = DIRECTION('',(-0.999847695156,1.511422733186E-02,
    8.726203218642E-03));
#11686 = DEFINITIONAL_REPRESENTATION('',(#11687),#11691);
#11687 = LINE('',#11688,#11689);
#11688 = CARTESIAN_POINT('',(7.228351972754E-15,6.980338360443E-15));
#11689 = VECTOR('',#11690,1.);
#11690 = DIRECTION('',(1.,-2.046973701653E-16));
#11691 = ( GEOMETRIC_REPRESENTATION_CONTEXT(2) 
PARAMETRIC_REPRESENTATION_CONTEXT() REPRESENTATION_CONTEXT('2D SPACE',''
  ) );
#11692 = ORIENTED_EDGE('',*,*,#11693,.F.);
#11693 = EDGE_CURVE('',#11694,#11665,#11696,.T.);
#11694 = VERTEX_POINT('',#11695);
#11695 = CARTESIAN_POINT('',(48.071598830826,-26.12148436115,
    -4.688941182132));
#11696 = SURFACE_CURVE('',#11697,(#11701,#11708),.PCURVE_S1.);
#11697 = LINE('',#11698,#11699);
#11698 = CARTESIAN_POINT('',(48.071598830826,-26.12148436115,
    -4.688941182132));
#11699 = VECTOR('',#11700,1.);
#11700 = DIRECTION('',(1.047144386237E-18,0.5,-0.866025403784));
#11701 = PCURVE('',#9264,#11702);
#11702 = DEFINITIONAL_REPRESENTATION('',(#11703),#11707);
#11703 = B_SPLINE_CURVE_WITH_KNOTS('',2,(#11704,#11705,#11706),
  .UNSPECIFIED.,.F.,.F.,(3,3),(0.,18.),.PIECEWISE_BEZIER_KNOTS.);
#11704 = CARTESIAN_POINT('',(0.166950459978,0.241050146147));
#11705 = CARTESIAN_POINT('',(9.2,0.241050146147));
#11706 = CARTESIAN_POINT('',(18.233049540022,0.241050146147));
#11707 = ( GEOMETRIC_REPRESENTATION_CONTEXT(2) 
PARAMETRIC_REPRESENTATION_CONTEXT() REPRESENTATION_CONTEXT('2D SPACE',''
  ) );
#11708 = PCURVE('',#11709,#11714);
#11709 = PLANE('',#11710);
#11710 = AXIS2_PLACEMENT_3D('',#11711,#11712,#11713);
#11711 = CARTESIAN_POINT('',(48.071598830826,-26.12148436115,
    -4.688941182132));
#11712 = DIRECTION('',(0.999847695156,-1.511422733186E-02,
    -8.726203218642E-03));
#11713 = DIRECTION('',(0.,0.5,-0.866025403784));
#11714 = DEFINITIONAL_REPRESENTATION('',(#11715),#11719);
#11715 = LINE('',#11716,#11717);
#11716 = CARTESIAN_POINT('',(0.,7.104345166599E-15));
#11717 = VECTOR('',#11718,1.);
#11718 = DIRECTION('',(1.,6.E-17));
#11719 = ( GEOMETRIC_REPRESENTATION_CONTEXT(2) 
PARAMETRIC_REPRESENTATION_CONTEXT() REPRESENTATION_CONTEXT('2D SPACE',''
  ) );
#11720 = ORIENTED_EDGE('',*,*,#11721,.F.);
#11721 = EDGE_CURVE('',#11637,#11694,#11722,.T.);
#11722 = SURFACE_CURVE('',#11723,(#11727,#11735),.PCURVE_S1.);
#11723 = LINE('',#11724,#11725);
#11724 = CARTESIAN_POINT('',(42.072512659888,-26.03079899716,
    -4.63658396282));
#11725 = VECTOR('',#11726,1.);
#11726 = DIRECTION('',(0.999847695156,-1.511422733186E-02,
    -8.726203218642E-03));
#11727 = PCURVE('',#9264,#11728);
#11728 = DEFINITIONAL_REPRESENTATION('',(#11729),#11734);
#11729 = B_SPLINE_CURVE_WITH_KNOTS('',3,(#11730,#11731,#11732,#11733),
  .UNSPECIFIED.,.F.,.F.,(4,4),(0.,6.),.PIECEWISE_BEZIER_KNOTS.);
#11730 = CARTESIAN_POINT('',(6.256623624083E-02,0.990935917514));
#11731 = CARTESIAN_POINT('',(9.776304820776E-02,0.740973993725));
#11732 = CARTESIAN_POINT('',(0.132553196242,0.491012069936));
#11733 = CARTESIAN_POINT('',(0.166950459978,0.241050146147));
#11734 = ( GEOMETRIC_REPRESENTATION_CONTEXT(2) 
PARAMETRIC_REPRESENTATION_CONTEXT() REPRESENTATION_CONTEXT('2D SPACE',''
  ) );
#11735 = PCURVE('',#11736,#11741);
#11736 = PLANE('',#11737);
#11737 = AXIS2_PLACEMENT_3D('',#11738,#11739,#11740);
#11738 = CARTESIAN_POINT('',(42.072512659888,-26.03079899716,
    -4.63658396282));
#11739 = DIRECTION('',(0.,-0.5,0.866025403784));
#11740 = DIRECTION('',(0.999847695156,-1.511422733186E-02,
    -8.726203218642E-03));
#11741 = DEFINITIONAL_REPRESENTATION('',(#11742),#11746);
#11742 = LINE('',#11743,#11744);
#11743 = CARTESIAN_POINT('',(-7.228351972754E-15,6.980338360443E-15));
#11744 = VECTOR('',#11745,1.);
#11745 = DIRECTION('',(1.,2.046973701653E-16));
#11746 = ( GEOMETRIC_REPRESENTATION_CONTEXT(2) 
PARAMETRIC_REPRESENTATION_CONTEXT() REPRESENTATION_CONTEXT('2D SPACE',''
  ) );
#11747 = ADVANCED_FACE('',(#11748),#9313,.T.);
#11748 = FACE_BOUND('',#11749,.T.);
#11749 = EDGE_LOOP('',(#11750,#11751,#11752,#11753));
#11750 = ORIENTED_EDGE('',*,*,#9675,.F.);
#11751 = ORIENTED_EDGE('',*,*,#9300,.T.);
#11752 = ORIENTED_EDGE('',*,*,#11588,.T.);
#11753 = ORIENTED_EDGE('',*,*,#11754,.F.);
#11754 = EDGE_CURVE('',#9676,#11589,#11755,.T.);
#11755 = SURFACE_CURVE('',#11756,(#11760,#11766),.PCURVE_S1.);
#11756 = LINE('',#11757,#11758);
#11757 = CARTESIAN_POINT('',(42.,-19.42581668537,-0.753498522404));
#11758 = VECTOR('',#11759,1.);
#11759 = DIRECTION('',(0.,-0.866025403784,-0.5));
#11760 = PCURVE('',#9313,#11761);
#11761 = DEFINITIONAL_REPRESENTATION('',(#11762),#11765);
#11762 = B_SPLINE_CURVE_WITH_KNOTS('',1,(#11763,#11764),.UNSPECIFIED.,
  .F.,.F.,(2,2),(0.139640519426,7.660359480574),
  .PIECEWISE_BEZIER_KNOTS.);
#11763 = CARTESIAN_POINT('',(0.,1.));
#11764 = CARTESIAN_POINT('',(7.8,1.));
#11765 = ( GEOMETRIC_REPRESENTATION_CONTEXT(2) 
PARAMETRIC_REPRESENTATION_CONTEXT() REPRESENTATION_CONTEXT('2D SPACE',''
  ) );
#11766 = PCURVE('',#9710,#11767);
#11767 = DEFINITIONAL_REPRESENTATION('',(#11768),#11772);
#11768 = LINE('',#11769,#11770);
#11769 = CARTESIAN_POINT('',(19.672949165298,0.12897356371));
#11770 = VECTOR('',#11771,1.);
#11771 = DIRECTION('',(-0.383330327064,-0.923611314543));
#11772 = ( GEOMETRIC_REPRESENTATION_CONTEXT(2) 
PARAMETRIC_REPRESENTATION_CONTEXT() REPRESENTATION_CONTEXT('2D SPACE',''
  ) );
#11773 = ADVANCED_FACE('',(#11774),#9364,.T.);
#11774 = FACE_BOUND('',#11775,.T.);
#11775 = EDGE_LOOP('',(#11776,#11798,#11799,#11800));
#11776 = ORIENTED_EDGE('',*,*,#11777,.F.);
#11777 = EDGE_CURVE('',#9332,#11778,#11780,.T.);
#11778 = VERTEX_POINT('',#11779);
#11779 = CARTESIAN_POINT('',(42.,-26.05988259767,4.583678262691));
#11780 = SURFACE_CURVE('',#11781,(#11784,#11791),.PCURVE_S1.);
#11781 = B_SPLINE_CURVE_WITH_KNOTS('',1,(#11782,#11783),.UNSPECIFIED.,
  .F.,.F.,(2,2),(0.,1.),.PIECEWISE_BEZIER_KNOTS.);
#11782 = CARTESIAN_POINT('',(50.,-26.25063509461,4.532566285183));
#11783 = CARTESIAN_POINT('',(42.,-26.05988259767,4.583678262691));
#11784 = PCURVE('',#9364,#11785);
#11785 = DEFINITIONAL_REPRESENTATION('',(#11786),#11790);
#11786 = LINE('',#11787,#11788);
#11787 = CARTESIAN_POINT('',(0.,0.));
#11788 = VECTOR('',#11789,1.);
#11789 = DIRECTION('',(0.,1.));
#11790 = ( GEOMETRIC_REPRESENTATION_CONTEXT(2) 
PARAMETRIC_REPRESENTATION_CONTEXT() REPRESENTATION_CONTEXT('2D SPACE',''
  ) );
#11791 = PCURVE('',#9414,#11792);
#11792 = DEFINITIONAL_REPRESENTATION('',(#11793),#11797);
#11793 = LINE('',#11794,#11795);
#11794 = CARTESIAN_POINT('',(18.4,0.));
#11795 = VECTOR('',#11796,1.);
#11796 = DIRECTION('',(0.,1.));
#11797 = ( GEOMETRIC_REPRESENTATION_CONTEXT(2) 
PARAMETRIC_REPRESENTATION_CONTEXT() REPRESENTATION_CONTEXT('2D SPACE',''
  ) );
#11798 = ORIENTED_EDGE('',*,*,#9351,.T.);
#11799 = ORIENTED_EDGE('',*,*,#9463,.T.);
#11800 = ORIENTED_EDGE('',*,*,#11801,.F.);
#11801 = EDGE_CURVE('',#11778,#9464,#11802,.T.);
#11802 = SURFACE_CURVE('',#11803,(#11807,#11813),.PCURVE_S1.);
#11803 = LINE('',#11804,#11805);
#11804 = CARTESIAN_POINT('',(42.,-26.18081483489,4.653498522404));
#11805 = VECTOR('',#11806,1.);
#11806 = DIRECTION('',(0.,0.866025403784,-0.5));
#11807 = PCURVE('',#9364,#11808);
#11808 = DEFINITIONAL_REPRESENTATION('',(#11809),#11812);
#11809 = B_SPLINE_CURVE_WITH_KNOTS('',1,(#11810,#11811),.UNSPECIFIED.,
  .F.,.F.,(2,2),(0.139640519426,7.660359480574),
  .PIECEWISE_BEZIER_KNOTS.);
#11810 = CARTESIAN_POINT('',(0.,1.));
#11811 = CARTESIAN_POINT('',(7.8,1.));
#11812 = ( GEOMETRIC_REPRESENTATION_CONTEXT(2) 
PARAMETRIC_REPRESENTATION_CONTEXT() REPRESENTATION_CONTEXT('2D SPACE',''
  ) );
#11813 = PCURVE('',#9521,#11814);
#11814 = DEFINITIONAL_REPRESENTATION('',(#11815),#11819);
#11815 = LINE('',#11816,#11817);
#11816 = CARTESIAN_POINT('',(-5.352844598291E-02,-0.12897356371));
#11817 = VECTOR('',#11818,1.);
#11818 = DIRECTION('',(0.383330327064,0.923611314543));
#11819 = ( GEOMETRIC_REPRESENTATION_CONTEXT(2) 
PARAMETRIC_REPRESENTATION_CONTEXT() REPRESENTATION_CONTEXT('2D SPACE',''
  ) );
#11820 = ADVANCED_FACE('',(#11821,#11867),#9414,.T.);
#11821 = FACE_BOUND('',#11822,.T.);
#11822 = EDGE_LOOP('',(#11823,#11845,#11846,#11847));
#11823 = ORIENTED_EDGE('',*,*,#11824,.F.);
#11824 = EDGE_CURVE('',#9382,#11825,#11827,.T.);
#11825 = VERTEX_POINT('',#11826);
#11826 = CARTESIAN_POINT('',(42.,-16.9995231171,20.276681217884));
#11827 = SURFACE_CURVE('',#11828,(#11831,#11838),.PCURVE_S1.);
#11828 = B_SPLINE_CURVE_WITH_KNOTS('',1,(#11829,#11830),.UNSPECIFIED.,
  .F.,.F.,(2,2),(0.,1.),.PIECEWISE_BEZIER_KNOTS.);
#11829 = CARTESIAN_POINT('',(50.,-17.05063509461,20.467433714817));
#11830 = CARTESIAN_POINT('',(42.,-16.9995231171,20.276681217884));
#11831 = PCURVE('',#9414,#11832);
#11832 = DEFINITIONAL_REPRESENTATION('',(#11833),#11837);
#11833 = LINE('',#11834,#11835);
#11834 = CARTESIAN_POINT('',(0.,0.));
#11835 = VECTOR('',#11836,1.);
#11836 = DIRECTION('',(0.,1.));
#11837 = ( GEOMETRIC_REPRESENTATION_CONTEXT(2) 
PARAMETRIC_REPRESENTATION_CONTEXT() REPRESENTATION_CONTEXT('2D SPACE',''
  ) );
#11838 = PCURVE('',#9446,#11839);
#11839 = DEFINITIONAL_REPRESENTATION('',(#11840),#11844);
#11840 = LINE('',#11841,#11842);
#11841 = CARTESIAN_POINT('',(7.8,0.));
#11842 = VECTOR('',#11843,1.);
#11843 = DIRECTION('',(0.,1.));
#11844 = ( GEOMETRIC_REPRESENTATION_CONTEXT(2) 
PARAMETRIC_REPRESENTATION_CONTEXT() REPRESENTATION_CONTEXT('2D SPACE',''
  ) );
#11845 = ORIENTED_EDGE('',*,*,#9401,.T.);
#11846 = ORIENTED_EDGE('',*,*,#11777,.T.);
#11847 = ORIENTED_EDGE('',*,*,#11848,.F.);
#11848 = EDGE_CURVE('',#11825,#11778,#11849,.T.);
#11849 = SURFACE_CURVE('',#11850,(#11854,#11860),.PCURVE_S1.);
#11850 = LINE('',#11851,#11852);
#11851 = CARTESIAN_POINT('',(42.,-16.92970285739,20.397613455104));
#11852 = VECTOR('',#11853,1.);
#11853 = DIRECTION('',(0.,-0.5,-0.866025403784));
#11854 = PCURVE('',#9414,#11855);
#11855 = DEFINITIONAL_REPRESENTATION('',(#11856),#11859);
#11856 = B_SPLINE_CURVE_WITH_KNOTS('',1,(#11857,#11858),.UNSPECIFIED.,
  .F.,.F.,(2,2),(0.139640519426,18.260359480574),
  .PIECEWISE_BEZIER_KNOTS.);
#11857 = CARTESIAN_POINT('',(0.,1.));
#11858 = CARTESIAN_POINT('',(18.4,1.));
#11859 = ( GEOMETRIC_REPRESENTATION_CONTEXT(2) 
PARAMETRIC_REPRESENTATION_CONTEXT() REPRESENTATION_CONTEXT('2D SPACE',''
  ) );
#11860 = PCURVE('',#9521,#11861);
#11861 = DEFINITIONAL_REPRESENTATION('',(#11862),#11866);
#11862 = LINE('',#11863,#11864);
#11863 = CARTESIAN_POINT('',(16.86547462389,-6.999749572001));
#11864 = VECTOR('',#11865,1.);
#11865 = DIRECTION('',(-0.923611314543,0.383330327064));
#11866 = ( GEOMETRIC_REPRESENTATION_CONTEXT(2) 
PARAMETRIC_REPRESENTATION_CONTEXT() REPRESENTATION_CONTEXT('2D SPACE',''
  ) );
#11867 = FACE_BOUND('',#11868,.T.);
#11868 = EDGE_LOOP('',(#11869,#11899,#11928,#11956));
#11869 = ORIENTED_EDGE('',*,*,#11870,.F.);
#11870 = EDGE_CURVE('',#11871,#11873,#11875,.T.);
#11871 = VERTEX_POINT('',#11872);
#11872 = CARTESIAN_POINT('',(42.072512659888,-26.03079899716,
    4.63658396282));
#11873 = VERTEX_POINT('',#11874);
#11874 = CARTESIAN_POINT('',(42.072512659888,-17.03079899716,
    20.22504123094));
#11875 = SURFACE_CURVE('',#11876,(#11880,#11887),.PCURVE_S1.);
#11876 = LINE('',#11877,#11878);
#11877 = CARTESIAN_POINT('',(42.072512659888,-26.03079899716,
    4.63658396282));
#11878 = VECTOR('',#11879,1.);
#11879 = DIRECTION('',(0.,0.5,0.866025403784));
#11880 = PCURVE('',#9414,#11881);
#11881 = DEFINITIONAL_REPRESENTATION('',(#11882),#11886);
#11882 = B_SPLINE_CURVE_WITH_KNOTS('',2,(#11883,#11884,#11885),
  .UNSPECIFIED.,.F.,.F.,(3,3),(0.,18.),.PIECEWISE_BEZIER_KNOTS.);
#11883 = CARTESIAN_POINT('',(18.337433763759,0.990935917514));
#11884 = CARTESIAN_POINT('',(9.2,0.990935917514));
#11885 = CARTESIAN_POINT('',(6.256623624082E-02,0.990935917514));
#11886 = ( GEOMETRIC_REPRESENTATION_CONTEXT(2) 
PARAMETRIC_REPRESENTATION_CONTEXT() REPRESENTATION_CONTEXT('2D SPACE',''
  ) );
#11887 = PCURVE('',#11888,#11893);
#11888 = PLANE('',#11889);
#11889 = AXIS2_PLACEMENT_3D('',#11890,#11891,#11892);
#11890 = CARTESIAN_POINT('',(42.072512659888,-26.03079899716,
    4.63658396282));
#11891 = DIRECTION('',(-0.999847695156,1.511422733186E-02,
    -8.726203218642E-03));
#11892 = DIRECTION('',(0.,0.5,0.866025403784));
#11893 = DEFINITIONAL_REPRESENTATION('',(#11894),#11898);
#11894 = LINE('',#11895,#11896);
#11895 = CARTESIAN_POINT('',(3.552713678801E-15,1.06565177499E-14));
#11896 = VECTOR('',#11897,1.);
#11897 = DIRECTION('',(1.,0.));
#11898 = ( GEOMETRIC_REPRESENTATION_CONTEXT(2) 
PARAMETRIC_REPRESENTATION_CONTEXT() REPRESENTATION_CONTEXT('2D SPACE',''
  ) );
#11899 = ORIENTED_EDGE('',*,*,#11900,.F.);
#11900 = EDGE_CURVE('',#11901,#11871,#11903,.T.);
#11901 = VERTEX_POINT('',#11902);
#11902 = CARTESIAN_POINT('',(48.071598830826,-26.12148436115,
    4.688941182132));
#11903 = SURFACE_CURVE('',#11904,(#11908,#11916),.PCURVE_S1.);
#11904 = LINE('',#11905,#11906);
#11905 = CARTESIAN_POINT('',(48.071598830826,-26.12148436115,
    4.688941182132));
#11906 = VECTOR('',#11907,1.);
#11907 = DIRECTION('',(-0.999847695156,1.511422733186E-02,
    -8.726203218642E-03));
#11908 = PCURVE('',#9414,#11909);
#11909 = DEFINITIONAL_REPRESENTATION('',(#11910),#11915);
#11910 = B_SPLINE_CURVE_WITH_KNOTS('',3,(#11911,#11912,#11913,#11914),
  .UNSPECIFIED.,.F.,.F.,(4,4),(0.,6.),.PIECEWISE_BEZIER_KNOTS.);
#11911 = CARTESIAN_POINT('',(18.233049540022,0.241050146147));
#11912 = CARTESIAN_POINT('',(18.267446803758,0.491012069936));
#11913 = CARTESIAN_POINT('',(18.302236951792,0.740973993725));
#11914 = CARTESIAN_POINT('',(18.337433763759,0.990935917514));
#11915 = ( GEOMETRIC_REPRESENTATION_CONTEXT(2) 
PARAMETRIC_REPRESENTATION_CONTEXT() REPRESENTATION_CONTEXT('2D SPACE',''
  ) );
#11916 = PCURVE('',#11917,#11922);
#11917 = PLANE('',#11918);
#11918 = AXIS2_PLACEMENT_3D('',#11919,#11920,#11921);
#11919 = CARTESIAN_POINT('',(48.071598830826,-26.12148436115,
    4.688941182132));
#11920 = DIRECTION('',(0.,-0.5,-0.866025403784));
#11921 = DIRECTION('',(-0.999847695156,1.511422733186E-02,
    -8.726203218642E-03));
#11922 = DEFINITIONAL_REPRESENTATION('',(#11923),#11927);
#11923 = LINE('',#11924,#11925);
#11924 = CARTESIAN_POINT('',(7.290355375832E-15,1.053251094374E-14));
#11925 = VECTOR('',#11926,1.);
#11926 = DIRECTION('',(1.,-2.046973701653E-16));
#11927 = ( GEOMETRIC_REPRESENTATION_CONTEXT(2) 
PARAMETRIC_REPRESENTATION_CONTEXT() REPRESENTATION_CONTEXT('2D SPACE',''
  ) );
#11928 = ORIENTED_EDGE('',*,*,#11929,.F.);
#11929 = EDGE_CURVE('',#11930,#11901,#11932,.T.);
#11930 = VERTEX_POINT('',#11931);
#11931 = CARTESIAN_POINT('',(48.071598830826,-17.12148436115,
    20.277398450252));
#11932 = SURFACE_CURVE('',#11933,(#11937,#11944),.PCURVE_S1.);
#11933 = LINE('',#11934,#11935);
#11934 = CARTESIAN_POINT('',(48.071598830826,-17.12148436115,
    20.277398450252));
#11935 = VECTOR('',#11936,1.);
#11936 = DIRECTION('',(0.,-0.5,-0.866025403784));
#11937 = PCURVE('',#9414,#11938);
#11938 = DEFINITIONAL_REPRESENTATION('',(#11939),#11943);
#11939 = B_SPLINE_CURVE_WITH_KNOTS('',2,(#11940,#11941,#11942),
  .UNSPECIFIED.,.F.,.F.,(3,3),(0.,18.),.PIECEWISE_BEZIER_KNOTS.);
#11940 = CARTESIAN_POINT('',(0.166950459978,0.241050146147));
#11941 = CARTESIAN_POINT('',(9.2,0.241050146147));
#11942 = CARTESIAN_POINT('',(18.233049540022,0.241050146147));
#11943 = ( GEOMETRIC_REPRESENTATION_CONTEXT(2) 
PARAMETRIC_REPRESENTATION_CONTEXT() REPRESENTATION_CONTEXT('2D SPACE',''
  ) );
#11944 = PCURVE('',#11945,#11950);
#11945 = PLANE('',#11946);
#11946 = AXIS2_PLACEMENT_3D('',#11947,#11948,#11949);
#11947 = CARTESIAN_POINT('',(48.071598830826,-17.12148436115,
    20.277398450252));
#11948 = DIRECTION('',(0.999847695156,-1.511422733186E-02,
    8.726203218642E-03));
#11949 = DIRECTION('',(0.,-0.5,-0.866025403784));
#11950 = DEFINITIONAL_REPRESENTATION('',(#11951),#11955);
#11951 = LINE('',#11952,#11953);
#11952 = CARTESIAN_POINT('',(0.,1.06565177499E-14));
#11953 = VECTOR('',#11954,1.);
#11954 = DIRECTION('',(1.,0.));
#11955 = ( GEOMETRIC_REPRESENTATION_CONTEXT(2) 
PARAMETRIC_REPRESENTATION_CONTEXT() REPRESENTATION_CONTEXT('2D SPACE',''
  ) );
#11956 = ORIENTED_EDGE('',*,*,#11957,.F.);
#11957 = EDGE_CURVE('',#11873,#11930,#11958,.T.);
#11958 = SURFACE_CURVE('',#11959,(#11963,#11971),.PCURVE_S1.);
#11959 = LINE('',#11960,#11961);
#11960 = CARTESIAN_POINT('',(42.072512659888,-17.03079899716,
    20.22504123094));
#11961 = VECTOR('',#11962,1.);
#11962 = DIRECTION('',(0.999847695156,-1.511422733186E-02,
    8.726203218642E-03));
#11963 = PCURVE('',#9414,#11964);
#11964 = DEFINITIONAL_REPRESENTATION('',(#11965),#11970);
#11965 = B_SPLINE_CURVE_WITH_KNOTS('',3,(#11966,#11967,#11968,#11969),
  .UNSPECIFIED.,.F.,.F.,(4,4),(0.,6.),.PIECEWISE_BEZIER_KNOTS.);
#11966 = CARTESIAN_POINT('',(6.256623624083E-02,0.990935917514));
#11967 = CARTESIAN_POINT('',(9.776304820775E-02,0.740973993725));
#11968 = CARTESIAN_POINT('',(0.132553196242,0.491012069936));
#11969 = CARTESIAN_POINT('',(0.166950459978,0.241050146147));
#11970 = ( GEOMETRIC_REPRESENTATION_CONTEXT(2) 
PARAMETRIC_REPRESENTATION_CONTEXT() REPRESENTATION_CONTEXT('2D SPACE',''
  ) );
#11971 = PCURVE('',#11972,#11977);
#11972 = PLANE('',#11973);
#11973 = AXIS2_PLACEMENT_3D('',#11974,#11975,#11976);
#11974 = CARTESIAN_POINT('',(42.072512659888,-17.03079899716,
    20.22504123094));
#11975 = DIRECTION('',(0.,0.5,0.866025403784));
#11976 = DIRECTION('',(0.999847695156,-1.511422733186E-02,
    8.726203218642E-03));
#11977 = DEFINITIONAL_REPRESENTATION('',(#11978),#11982);
#11978 = LINE('',#11979,#11980);
#11979 = CARTESIAN_POINT('',(-7.290355375832E-15,1.053251094374E-14));
#11980 = VECTOR('',#11981,1.);
#11981 = DIRECTION('',(1.,2.046973701653E-16));
#11982 = ( GEOMETRIC_REPRESENTATION_CONTEXT(2) 
PARAMETRIC_REPRESENTATION_CONTEXT() REPRESENTATION_CONTEXT('2D SPACE',''
  ) );
#11983 = ADVANCED_FACE('',(#11984),#9446,.T.);
#11984 = FACE_BOUND('',#11985,.T.);
#11985 = EDGE_LOOP('',(#11986,#11987,#11988,#11989));
#11986 = ORIENTED_EDGE('',*,*,#9486,.F.);
#11987 = ORIENTED_EDGE('',*,*,#9433,.T.);
#11988 = ORIENTED_EDGE('',*,*,#11824,.T.);
#11989 = ORIENTED_EDGE('',*,*,#11990,.F.);
#11990 = EDGE_CURVE('',#9487,#11825,#11991,.T.);
#11991 = SURFACE_CURVE('',#11992,(#11996,#12002),.PCURVE_S1.);
#11992 = LINE('',#11993,#11994);
#11993 = CARTESIAN_POINT('',(42.,-10.3654572048,16.446501477596));
#11994 = VECTOR('',#11995,1.);
#11995 = DIRECTION('',(0.,-0.866025403784,0.5));
#11996 = PCURVE('',#9446,#11997);
#11997 = DEFINITIONAL_REPRESENTATION('',(#11998),#12001);
#11998 = B_SPLINE_CURVE_WITH_KNOTS('',1,(#11999,#12000),.UNSPECIFIED.,
  .F.,.F.,(2,2),(0.139640519426,7.660359480574),
  .PIECEWISE_BEZIER_KNOTS.);
#11999 = CARTESIAN_POINT('',(0.,1.));
#12000 = CARTESIAN_POINT('',(7.8,1.));
#12001 = ( GEOMETRIC_REPRESENTATION_CONTEXT(2) 
PARAMETRIC_REPRESENTATION_CONTEXT() REPRESENTATION_CONTEXT('2D SPACE',''
  ) );
#12002 = PCURVE('',#9521,#12003);
#12003 = DEFINITIONAL_REPRESENTATION('',(#12004),#12008);
#12004 = LINE('',#12005,#12006);
#12005 = CARTESIAN_POINT('',(19.672949165298,0.12897356371));
#12006 = VECTOR('',#12007,1.);
#12007 = DIRECTION('',(-0.383330327064,-0.923611314543));
#12008 = ( GEOMETRIC_REPRESENTATION_CONTEXT(2) 
PARAMETRIC_REPRESENTATION_CONTEXT() REPRESENTATION_CONTEXT('2D SPACE',''
  ) );
#12009 = ADVANCED_FACE('',(#12010),#9521,.F.);
#12010 = FACE_BOUND('',#12011,.T.);
#12011 = EDGE_LOOP('',(#12012,#12013,#12014,#12015));
#12012 = ORIENTED_EDGE('',*,*,#11801,.T.);
#12013 = ORIENTED_EDGE('',*,*,#9508,.T.);
#12014 = ORIENTED_EDGE('',*,*,#11990,.T.);
#12015 = ORIENTED_EDGE('',*,*,#11848,.T.);
#12016 = ADVANCED_FACE('',(#12017),#9553,.F.);
#12017 = FACE_BOUND('',#12018,.F.);
#12018 = EDGE_LOOP('',(#12019,#12020,#12043,#12071,#12099,#12127,#12155,
    #12183));
#12019 = ORIENTED_EDGE('',*,*,#9535,.F.);
#12020 = ORIENTED_EDGE('',*,*,#12021,.T.);
#12021 = EDGE_CURVE('',#9536,#12022,#12024,.T.);
#12022 = VERTEX_POINT('',#12023);
#12023 = CARTESIAN_POINT('',(42.27849531159,-9.,15.58845726812));
#12024 = SURFACE_CURVE('',#12025,(#12029,#12036),.PCURVE_S1.);
#12025 = LINE('',#12026,#12027);
#12026 = CARTESIAN_POINT('',(42.308968192733,-10.51189865546,
    16.46135236384));
#12027 = VECTOR('',#12028,1.);
#12028 = DIRECTION('',(-1.745240643728E-02,0.865893503921,
    -0.499923847578));
#12029 = PCURVE('',#9553,#12030);
#12030 = DEFINITIONAL_REPRESENTATION('',(#12031),#12035);
#12031 = LINE('',#12032,#12033);
#12032 = CARTESIAN_POINT('',(0.,0.));
#12033 = VECTOR('',#12034,1.);
#12034 = DIRECTION('',(0.,-1.));
#12035 = ( GEOMETRIC_REPRESENTATION_CONTEXT(2) 
PARAMETRIC_REPRESENTATION_CONTEXT() REPRESENTATION_CONTEXT('2D SPACE',''
  ) );
#12036 = PCURVE('',#9582,#12037);
#12037 = DEFINITIONAL_REPRESENTATION('',(#12038),#12042);
#12038 = LINE('',#12039,#12040);
#12039 = CARTESIAN_POINT('',(6.,-1.484923295436E-15));
#12040 = VECTOR('',#12041,1.);
#12041 = DIRECTION('',(0.,-1.));
#12042 = ( GEOMETRIC_REPRESENTATION_CONTEXT(2) 
PARAMETRIC_REPRESENTATION_CONTEXT() REPRESENTATION_CONTEXT('2D SPACE',''
  ) );
#12043 = ORIENTED_EDGE('',*,*,#12044,.T.);
#12044 = EDGE_CURVE('',#12022,#12045,#12047,.T.);
#12045 = VERTEX_POINT('',#12046);
#12046 = CARTESIAN_POINT('',(42.276279008196,-9.,15.334513395312));
#12047 = SURFACE_CURVE('',#12048,(#12052,#12059),.PCURVE_S1.);
#12048 = LINE('',#12049,#12050);
#12049 = CARTESIAN_POINT('',(42.289924092604,-9.,16.897966119703));
#12050 = VECTOR('',#12051,1.);
#12051 = DIRECTION('',(-8.727200095795E-03,-0.,-0.999961917264));
#12052 = PCURVE('',#9553,#12053);
#12053 = DEFINITIONAL_REPRESENTATION('',(#12054),#12058);
#12054 = LINE('',#12055,#12056);
#12055 = CARTESIAN_POINT('',(-1.134067931951,-1.091201960994));
#12056 = VECTOR('',#12057,1.);
#12057 = DIRECTION('',(0.865992423168,-0.500057119753));
#12058 = ( GEOMETRIC_REPRESENTATION_CONTEXT(2) 
PARAMETRIC_REPRESENTATION_CONTEXT() REPRESENTATION_CONTEXT('2D SPACE',''
  ) );
#12059 = PCURVE('',#12060,#12065);
#12060 = PLANE('',#12061);
#12061 = AXIS2_PLACEMENT_3D('',#12062,#12063,#12064);
#12062 = CARTESIAN_POINT('',(42.308968192733,-9.,17.334247459561));
#12063 = DIRECTION('',(0.,-1.,0.));
#12064 = DIRECTION('',(0.999847695156,0.,-1.745240643728E-02));
#12065 = DEFINITIONAL_REPRESENTATION('',(#12066),#12070);
#12066 = LINE('',#12067,#12068);
#12067 = CARTESIAN_POINT('',(-1.142704035552E-02,-0.436547257473));
#12068 = VECTOR('',#12069,1.);
#12069 = DIRECTION('',(8.725870900949E-03,-0.999961928864));
#12070 = ( GEOMETRIC_REPRESENTATION_CONTEXT(2) 
PARAMETRIC_REPRESENTATION_CONTEXT() REPRESENTATION_CONTEXT('2D SPACE',''
  ) );
#12071 = ORIENTED_EDGE('',*,*,#12072,.F.);
#12072 = EDGE_CURVE('',#12073,#12045,#12075,.T.);
#12073 = VERTEX_POINT('',#12074);
#12074 = CARTESIAN_POINT('',(42.274063379858,-8.853407765083,
    15.334552069248));
#12075 = SURFACE_CURVE('',#12076,(#12080,#12087),.PCURVE_S1.);
#12076 = LINE('',#12077,#12078);
#12077 = CARTESIAN_POINT('',(42.220047371315,-5.279555924427,
    15.335494922184));
#12078 = VECTOR('',#12079,1.);
#12079 = DIRECTION('',(1.511250058046E-02,-0.999885764846,
    -2.637896788597E-04));
#12080 = PCURVE('',#9553,#12081);
#12081 = DEFINITIONAL_REPRESENTATION('',(#12082),#12086);
#12082 = LINE('',#12083,#12084);
#12083 = CARTESIAN_POINT('',(-1.641150220005,-5.095046447467));
#12084 = VECTOR('',#12085,1.);
#12085 = DIRECTION('',(0.500171330986,0.865926463194));
#12086 = ( GEOMETRIC_REPRESENTATION_CONTEXT(2) 
PARAMETRIC_REPRESENTATION_CONTEXT() REPRESENTATION_CONTEXT('2D SPACE',''
  ) );
#12087 = PCURVE('',#12088,#12093);
#12088 = PLANE('',#12089);
#12089 = AXIS2_PLACEMENT_3D('',#12090,#12091,#12092);
#12090 = CARTESIAN_POINT('',(45.273606465327,1.5E-16,15.282194849936));
#12091 = DIRECTION('',(1.745240643728E-02,0.,0.999847695156));
#12092 = DIRECTION('',(0.999847695156,0.,-1.745240643728E-02));
#12093 = DEFINITIONAL_REPRESENTATION('',(#12094),#12098);
#12094 = LINE('',#12095,#12096);
#12095 = CARTESIAN_POINT('',(-3.054024236696,-5.279555924427));
#12096 = VECTOR('',#12097,1.);
#12097 = DIRECTION('',(1.511480263811E-02,-0.999885764846));
#12098 = ( GEOMETRIC_REPRESENTATION_CONTEXT(2) 
PARAMETRIC_REPRESENTATION_CONTEXT() REPRESENTATION_CONTEXT('2D SPACE',''
  ) );
#12099 = ORIENTED_EDGE('',*,*,#12100,.T.);
#12100 = EDGE_CURVE('',#12073,#12101,#12103,.T.);
#12101 = VERTEX_POINT('',#12102);
#12102 = CARTESIAN_POINT('',(42.274063379858,-17.70681553016,3.E-15));
#12103 = SURFACE_CURVE('',#12104,(#12108,#12115),.PCURVE_S1.);
#12104 = LINE('',#12105,#12106);
#12105 = CARTESIAN_POINT('',(42.274063379858,-8.780111647624,
    15.461504668684));
#12106 = VECTOR('',#12107,1.);
#12107 = DIRECTION('',(0.,-0.5,-0.866025403784));
#12108 = PCURVE('',#9553,#12109);
#12109 = DEFINITIONAL_REPRESENTATION('',(#12110),#12114);
#12110 = LINE('',#12111,#12112);
#12111 = CARTESIAN_POINT('',(1.7763568394E-15,-2.));
#12112 = VECTOR('',#12113,1.);
#12113 = DIRECTION('',(1.,0.));
#12114 = ( GEOMETRIC_REPRESENTATION_CONTEXT(2) 
PARAMETRIC_REPRESENTATION_CONTEXT() REPRESENTATION_CONTEXT('2D SPACE',''
  ) );
#12115 = PCURVE('',#12116,#12121);
#12116 = PLANE('',#12117);
#12117 = AXIS2_PLACEMENT_3D('',#12118,#12119,#12120);
#12118 = CARTESIAN_POINT('',(45.273606465327,-13.23476896562,
    7.641097424968));
#12119 = DIRECTION('',(1.745240643728E-02,-0.865893503921,0.499923847578
    ));
#12120 = DIRECTION('',(0.999847695156,1.511422733186E-02,
    -8.726203218642E-03));
#12121 = DEFINITIONAL_REPRESENTATION('',(#12122),#12126);
#12122 = LINE('',#12123,#12124);
#12123 = CARTESIAN_POINT('',(-3.,9.));
#12124 = VECTOR('',#12125,1.);
#12125 = DIRECTION('',(0.,-1.));
#12126 = ( GEOMETRIC_REPRESENTATION_CONTEXT(2) 
PARAMETRIC_REPRESENTATION_CONTEXT() REPRESENTATION_CONTEXT('2D SPACE',''
  ) );
#12127 = ORIENTED_EDGE('',*,*,#12128,.T.);
#12128 = EDGE_CURVE('',#12101,#12129,#12131,.T.);
#12129 = VERTEX_POINT('',#12130);
#12130 = CARTESIAN_POINT('',(42.276279008196,-17.78007815501,
    0.126971936404));
#12131 = SURFACE_CURVE('',#12132,(#12136,#12143),.PCURVE_S1.);
#12132 = LINE('',#12133,#12134);
#12133 = CARTESIAN_POINT('',(42.288076927083,-18.1701916459,
    0.803080190222));
#12134 = VECTOR('',#12135,1.);
#12135 = DIRECTION('',(1.511250058046E-02,-0.49971443386,0.866058368078)
  );
#12136 = PCURVE('',#9553,#12137);
#12137 = DEFINITIONAL_REPRESENTATION('',(#12138),#12142);
#12138 = LINE('',#12139,#12140);
#12139 = CARTESIAN_POINT('',(17.389607976942,-1.197042122781));
#12140 = VECTOR('',#12141,1.);
#12141 = DIRECTION('',(-0.500171330986,0.865926463194));
#12142 = ( GEOMETRIC_REPRESENTATION_CONTEXT(2) 
PARAMETRIC_REPRESENTATION_CONTEXT() REPRESENTATION_CONTEXT('2D SPACE',''
  ) );
#12143 = PCURVE('',#12144,#12149);
#12144 = PLANE('',#12145);
#12145 = AXIS2_PLACEMENT_3D('',#12146,#12147,#12148);
#12146 = CARTESIAN_POINT('',(45.273606465327,-13.23476896562,
    -7.641097424968));
#12147 = DIRECTION('',(1.745240643728E-02,-0.865893503921,
    -0.499923847578));
#12148 = DIRECTION('',(0.999847695156,1.511422733186E-02,
    8.726203218642E-03));
#12149 = DEFINITIONAL_REPRESENTATION('',(#12150),#12154);
#12150 = LINE('',#12151,#12152);
#12151 = CARTESIAN_POINT('',(-2.985984318119,9.780583668959));
#12152 = VECTOR('',#12153,1.);
#12153 = DIRECTION('',(1.511480263811E-02,0.999885764846));
#12154 = ( GEOMETRIC_REPRESENTATION_CONTEXT(2) 
PARAMETRIC_REPRESENTATION_CONTEXT() REPRESENTATION_CONTEXT('2D SPACE',''
  ) );
#12155 = ORIENTED_EDGE('',*,*,#12156,.F.);
#12156 = EDGE_CURVE('',#12157,#12129,#12159,.T.);
#12157 = VERTEX_POINT('',#12158);
#12158 = CARTESIAN_POINT('',(42.27849531159,-18.,3.E-15));
#12159 = SURFACE_CURVE('',#12160,(#12164,#12171),.PCURVE_S1.);
#12160 = LINE('',#12161,#12162);
#12161 = CARTESIAN_POINT('',(42.221676432914,-12.36191242483,
    3.255151379234));
#12162 = VECTOR('',#12163,1.);
#12163 = DIRECTION('',(-8.727200095795E-03,0.865992423168,0.499980958632
    ));
#12164 = PCURVE('',#9553,#12165);
#12165 = DEFINITIONAL_REPRESENTATION('',(#12166),#12170);
#12166 = LINE('',#12167,#12168);
#12167 = CARTESIAN_POINT('',(12.361912424839,-5.001703354322));
#12168 = VECTOR('',#12169,1.);
#12169 = DIRECTION('',(-0.865992423168,-0.500057119753));
#12170 = ( GEOMETRIC_REPRESENTATION_CONTEXT(2) 
PARAMETRIC_REPRESENTATION_CONTEXT() REPRESENTATION_CONTEXT('2D SPACE',''
  ) );
#12171 = PCURVE('',#12172,#12177);
#12172 = PLANE('',#12173);
#12173 = AXIS2_PLACEMENT_3D('',#12174,#12175,#12176);
#12174 = CARTESIAN_POINT('',(48.308054363671,-19.42121329147,
    -0.820537876409));
#12175 = DIRECTION('',(0.,-0.5,0.866025403784));
#12176 = DIRECTION('',(-0.999847695156,-1.511422733186E-02,
    -8.726203218642E-03));
#12177 = DEFINITIONAL_REPRESENTATION('',(#12178),#12182);
#12178 = LINE('',#12179,#12180);
#12179 = CARTESIAN_POINT('',(5.943189775115,-8.256358958234));
#12180 = VECTOR('',#12181,1.);
#12181 = DIRECTION('',(-8.725870900949E-03,-0.999961928864));
#12182 = ( GEOMETRIC_REPRESENTATION_CONTEXT(2) 
PARAMETRIC_REPRESENTATION_CONTEXT() REPRESENTATION_CONTEXT('2D SPACE',''
  ) );
#12183 = ORIENTED_EDGE('',*,*,#12184,.F.);
#12184 = EDGE_CURVE('',#9538,#12157,#12185,.T.);
#12185 = SURFACE_CURVE('',#12186,(#12190,#12197),.PCURVE_S1.);
#12186 = LINE('',#12187,#12188);
#12187 = CARTESIAN_POINT('',(42.308968192733,-19.51189865546,
    0.87289509572));
#12188 = VECTOR('',#12189,1.);
#12189 = DIRECTION('',(-1.745240643728E-02,0.865893503921,
    -0.499923847578));
#12190 = PCURVE('',#9553,#12191);
#12191 = DEFINITIONAL_REPRESENTATION('',(#12192),#12196);
#12192 = LINE('',#12193,#12194);
#12193 = CARTESIAN_POINT('',(18.,0.));
#12194 = VECTOR('',#12195,1.);
#12195 = DIRECTION('',(0.,-1.));
#12196 = ( GEOMETRIC_REPRESENTATION_CONTEXT(2) 
PARAMETRIC_REPRESENTATION_CONTEXT() REPRESENTATION_CONTEXT('2D SPACE',''
  ) );
#12197 = PCURVE('',#9637,#12198);
#12198 = DEFINITIONAL_REPRESENTATION('',(#12199),#12203);
#12199 = LINE('',#12200,#12201);
#12200 = CARTESIAN_POINT('',(0.,0.));
#12201 = VECTOR('',#12202,1.);
#12202 = DIRECTION('',(0.,-1.));
#12203 = ( GEOMETRIC_REPRESENTATION_CONTEXT(2) 
PARAMETRIC_REPRESENTATION_CONTEXT() REPRESENTATION_CONTEXT('2D SPACE',''
  ) );
#12204 = ADVANCED_FACE('',(#12205),#9637,.F.);
#12205 = FACE_BOUND('',#12206,.F.);
#12206 = EDGE_LOOP('',(#12207,#12208,#12209,#12232));
#12207 = ORIENTED_EDGE('',*,*,#9622,.F.);
#12208 = ORIENTED_EDGE('',*,*,#12184,.T.);
#12209 = ORIENTED_EDGE('',*,*,#12210,.F.);
#12210 = EDGE_CURVE('',#12211,#12157,#12213,.T.);
#12211 = VERTEX_POINT('',#12212);
#12212 = CARTESIAN_POINT('',(48.279409279853,-18.,3.E-15));
#12213 = SURFACE_CURVE('',#12214,(#12218,#12225),.PCURVE_S1.);
#12214 = LINE('',#12215,#12216);
#12215 = CARTESIAN_POINT('',(45.308511278202,-18.,2.94E-15));
#12216 = VECTOR('',#12217,1.);
#12217 = DIRECTION('',(-1.,0.,0.));
#12218 = PCURVE('',#9637,#12219);
#12219 = DEFINITIONAL_REPRESENTATION('',(#12220),#12224);
#12220 = LINE('',#12221,#12222);
#12221 = CARTESIAN_POINT('',(3.029554480504,-1.693175054085));
#12222 = VECTOR('',#12223,1.);
#12223 = DIRECTION('',(-0.999847695156,-1.745240643728E-02));
#12224 = ( GEOMETRIC_REPRESENTATION_CONTEXT(2) 
PARAMETRIC_REPRESENTATION_CONTEXT() REPRESENTATION_CONTEXT('2D SPACE',''
  ) );
#12225 = PCURVE('',#9771,#12226);
#12226 = DEFINITIONAL_REPRESENTATION('',(#12227),#12231);
#12227 = LINE('',#12228,#12229);
#12228 = CARTESIAN_POINT('',(2.970445519496,-1.693175054085));
#12229 = VECTOR('',#12230,1.);
#12230 = DIRECTION('',(0.999847695156,-1.745240643728E-02));
#12231 = ( GEOMETRIC_REPRESENTATION_CONTEXT(2) 
PARAMETRIC_REPRESENTATION_CONTEXT() REPRESENTATION_CONTEXT('2D SPACE',''
  ) );
#12232 = ORIENTED_EDGE('',*,*,#12233,.F.);
#12233 = EDGE_CURVE('',#9595,#12211,#12234,.T.);
#12234 = SURFACE_CURVE('',#12235,(#12239,#12246),.PCURVE_S1.);
#12235 = LINE('',#12236,#12237);
#12236 = CARTESIAN_POINT('',(48.308054363671,-19.42121329147,
    0.820537876409));
#12237 = VECTOR('',#12238,1.);
#12238 = DIRECTION('',(-1.745240643728E-02,0.865893503921,
    -0.499923847578));
#12239 = PCURVE('',#9637,#12240);
#12240 = DEFINITIONAL_REPRESENTATION('',(#12241),#12245);
#12241 = LINE('',#12242,#12243);
#12242 = CARTESIAN_POINT('',(6.,1.484923295436E-15));
#12243 = VECTOR('',#12244,1.);
#12244 = DIRECTION('',(0.,-1.));
#12245 = ( GEOMETRIC_REPRESENTATION_CONTEXT(2) 
PARAMETRIC_REPRESENTATION_CONTEXT() REPRESENTATION_CONTEXT('2D SPACE',''
  ) );
#12246 = PCURVE('',#9610,#12247);
#12247 = DEFINITIONAL_REPRESENTATION('',(#12248),#12252);
#12248 = LINE('',#12249,#12250);
#12249 = CARTESIAN_POINT('',(0.,0.));
#12250 = VECTOR('',#12251,1.);
#12251 = DIRECTION('',(-0.,-1.));
#12252 = ( GEOMETRIC_REPRESENTATION_CONTEXT(2) 
PARAMETRIC_REPRESENTATION_CONTEXT() REPRESENTATION_CONTEXT('2D SPACE',''
  ) );
#12253 = ADVANCED_FACE('',(#12254),#9610,.F.);
#12254 = FACE_BOUND('',#12255,.F.);
#12255 = EDGE_LOOP('',(#12256,#12257,#12258,#12281,#12304,#12327));
#12256 = ORIENTED_EDGE('',*,*,#9594,.F.);
#12257 = ORIENTED_EDGE('',*,*,#12233,.T.);
#12258 = ORIENTED_EDGE('',*,*,#12259,.F.);
#12259 = EDGE_CURVE('',#12260,#12211,#12262,.T.);
#12260 = VERTEX_POINT('',#12261);
#12261 = CARTESIAN_POINT('',(48.273149550796,-17.58590171151,4.E-15));
#12262 = SURFACE_CURVE('',#12263,(#12267,#12274),.PCURVE_S1.);
#12263 = LINE('',#12264,#12265);
#12264 = CARTESIAN_POINT('',(48.232885885989,-14.92234957799,1.72384E-12
    ));
#12265 = VECTOR('',#12266,1.);
#12266 = DIRECTION('',(1.511480281341E-02,-0.999885764843,1.E-16));
#12267 = PCURVE('',#9610,#12268);
#12268 = DEFINITIONAL_REPRESENTATION('',(#12269),#12273);
#12269 = LINE('',#12270,#12271);
#12270 = CARTESIAN_POINT('',(1.538825211003,-4.307055187606));
#12271 = VECTOR('',#12272,1.);
#12272 = DIRECTION('',(-0.499942882422,0.866058378122));
#12273 = ( GEOMETRIC_REPRESENTATION_CONTEXT(2) 
PARAMETRIC_REPRESENTATION_CONTEXT() REPRESENTATION_CONTEXT('2D SPACE',''
  ) );
#12274 = PCURVE('',#9799,#12275);
#12275 = DEFINITIONAL_REPRESENTATION('',(#12276),#12280);
#12276 = LINE('',#12277,#12278);
#12277 = CARTESIAN_POINT('',(16.461174789,-4.307055187608));
#12278 = VECTOR('',#12279,1.);
#12279 = DIRECTION('',(0.499942882422,0.866058378122));
#12280 = ( GEOMETRIC_REPRESENTATION_CONTEXT(2) 
PARAMETRIC_REPRESENTATION_CONTEXT() REPRESENTATION_CONTEXT('2D SPACE',''
  ) );
#12281 = ORIENTED_EDGE('',*,*,#12282,.T.);
#12282 = EDGE_CURVE('',#12260,#12283,#12285,.T.);
#12283 = VERTEX_POINT('',#12284);
#12284 = CARTESIAN_POINT('',(48.273149550796,-8.792950855755,
    15.229837630624));
#12285 = SURFACE_CURVE('',#12286,(#12290,#12297),.PCURVE_S1.);
#12286 = LINE('',#12287,#12288);
#12287 = CARTESIAN_POINT('',(48.273149550796,-17.68942628363,
    -0.179309818748));
#12288 = VECTOR('',#12289,1.);
#12289 = DIRECTION('',(0.,0.5,0.866025403784));
#12290 = PCURVE('',#9610,#12291);
#12291 = DEFINITIONAL_REPRESENTATION('',(#12292),#12296);
#12292 = LINE('',#12293,#12294);
#12293 = CARTESIAN_POINT('',(1.7763568394E-15,-2.));
#12294 = VECTOR('',#12295,1.);
#12295 = DIRECTION('',(1.,0.));
#12296 = ( GEOMETRIC_REPRESENTATION_CONTEXT(2) 
PARAMETRIC_REPRESENTATION_CONTEXT() REPRESENTATION_CONTEXT('2D SPACE',''
  ) );
#12297 = PCURVE('',#12116,#12298);
#12298 = DEFINITIONAL_REPRESENTATION('',(#12299),#12303);
#12299 = LINE('',#12300,#12301);
#12300 = CARTESIAN_POINT('',(3.,-9.));
#12301 = VECTOR('',#12302,1.);
#12302 = DIRECTION('',(0.,1.));
#12303 = ( GEOMETRIC_REPRESENTATION_CONTEXT(2) 
PARAMETRIC_REPRESENTATION_CONTEXT() REPRESENTATION_CONTEXT('2D SPACE',''
  ) );
#12304 = ORIENTED_EDGE('',*,*,#12305,.T.);
#12305 = EDGE_CURVE('',#12283,#12306,#12308,.T.);
#12306 = VERTEX_POINT('',#12307);
#12307 = CARTESIAN_POINT('',(48.279409279853,-9.,15.58845726812));
#12308 = SURFACE_CURVE('',#12309,(#12313,#12320),.PCURVE_S1.);
#12309 = LINE('',#12310,#12311);
#12310 = CARTESIAN_POINT('',(48.232885885989,-7.461174788996,
    12.923133818698));
#12311 = VECTOR('',#12312,1.);
#12312 = DIRECTION('',(1.511480281341E-02,-0.499942882422,0.865926473237
    ));
#12313 = PCURVE('',#9610,#12314);
#12314 = DEFINITIONAL_REPRESENTATION('',(#12315),#12319);
#12315 = LINE('',#12316,#12317);
#12316 = CARTESIAN_POINT('',(16.461174789,-4.307055187608));
#12317 = VECTOR('',#12318,1.);
#12318 = DIRECTION('',(0.499942882422,0.866058378122));
#12319 = ( GEOMETRIC_REPRESENTATION_CONTEXT(2) 
PARAMETRIC_REPRESENTATION_CONTEXT() REPRESENTATION_CONTEXT('2D SPACE',''
  ) );
#12320 = PCURVE('',#9988,#12321);
#12321 = DEFINITIONAL_REPRESENTATION('',(#12322),#12326);
#12322 = LINE('',#12323,#12324);
#12323 = CARTESIAN_POINT('',(1.538825211004,-4.307055187606));
#12324 = VECTOR('',#12325,1.);
#12325 = DIRECTION('',(-0.499942882422,0.866058378122));
#12326 = ( GEOMETRIC_REPRESENTATION_CONTEXT(2) 
PARAMETRIC_REPRESENTATION_CONTEXT() REPRESENTATION_CONTEXT('2D SPACE',''
  ) );
#12327 = ORIENTED_EDGE('',*,*,#12328,.F.);
#12328 = EDGE_CURVE('',#9566,#12306,#12329,.T.);
#12329 = SURFACE_CURVE('',#12330,(#12334,#12341),.PCURVE_S1.);
#12330 = LINE('',#12331,#12332);
#12331 = CARTESIAN_POINT('',(48.308054363671,-10.42121329147,
    16.408995144529));
#12332 = VECTOR('',#12333,1.);
#12333 = DIRECTION('',(-1.745240643728E-02,0.865893503921,
    -0.499923847578));
#12334 = PCURVE('',#9610,#12335);
#12335 = DEFINITIONAL_REPRESENTATION('',(#12336),#12340);
#12336 = LINE('',#12337,#12338);
#12337 = CARTESIAN_POINT('',(18.,0.));
#12338 = VECTOR('',#12339,1.);
#12339 = DIRECTION('',(-0.,-1.));
#12340 = ( GEOMETRIC_REPRESENTATION_CONTEXT(2) 
PARAMETRIC_REPRESENTATION_CONTEXT() REPRESENTATION_CONTEXT('2D SPACE',''
  ) );
#12341 = PCURVE('',#9582,#12342);
#12342 = DEFINITIONAL_REPRESENTATION('',(#12343),#12347);
#12343 = LINE('',#12344,#12345);
#12344 = CARTESIAN_POINT('',(0.,0.));
#12345 = VECTOR('',#12346,1.);
#12346 = DIRECTION('',(0.,-1.));
#12347 = ( GEOMETRIC_REPRESENTATION_CONTEXT(2) 
PARAMETRIC_REPRESENTATION_CONTEXT() REPRESENTATION_CONTEXT('2D SPACE',''
  ) );
#12348 = ADVANCED_FACE('',(#12349),#9582,.F.);
#12349 = FACE_BOUND('',#12350,.F.);
#12350 = EDGE_LOOP('',(#12351,#12352,#12353,#12374));
#12351 = ORIENTED_EDGE('',*,*,#9565,.F.);
#12352 = ORIENTED_EDGE('',*,*,#12328,.T.);
#12353 = ORIENTED_EDGE('',*,*,#12354,.T.);
#12354 = EDGE_CURVE('',#12306,#12022,#12355,.T.);
#12355 = SURFACE_CURVE('',#12356,(#12360,#12367),.PCURVE_S1.);
#12356 = LINE('',#12357,#12358);
#12357 = CARTESIAN_POINT('',(45.308511278202,-9.,15.58845726812));
#12358 = VECTOR('',#12359,1.);
#12359 = DIRECTION('',(-1.,0.,0.));
#12360 = PCURVE('',#9582,#12361);
#12361 = DEFINITIONAL_REPRESENTATION('',(#12362),#12366);
#12362 = LINE('',#12363,#12364);
#12363 = CARTESIAN_POINT('',(2.970445519496,-1.693175054085));
#12364 = VECTOR('',#12365,1.);
#12365 = DIRECTION('',(0.999847695156,-1.745240643728E-02));
#12366 = ( GEOMETRIC_REPRESENTATION_CONTEXT(2) 
PARAMETRIC_REPRESENTATION_CONTEXT() REPRESENTATION_CONTEXT('2D SPACE',''
  ) );
#12367 = PCURVE('',#10015,#12368);
#12368 = DEFINITIONAL_REPRESENTATION('',(#12369),#12373);
#12369 = LINE('',#12370,#12371);
#12370 = CARTESIAN_POINT('',(3.029554480504,-1.693175054085));
#12371 = VECTOR('',#12372,1.);
#12372 = DIRECTION('',(-0.999847695156,-1.745240643728E-02));
#12373 = ( GEOMETRIC_REPRESENTATION_CONTEXT(2) 
PARAMETRIC_REPRESENTATION_CONTEXT() REPRESENTATION_CONTEXT('2D SPACE',''
  ) );
#12374 = ORIENTED_EDGE('',*,*,#12021,.F.);
#12375 = ADVANCED_FACE('',(#12376),#9710,.F.);
#12376 = FACE_BOUND('',#12377,.T.);
#12377 = EDGE_LOOP('',(#12378,#12379,#12380,#12381));
#12378 = ORIENTED_EDGE('',*,*,#11565,.T.);
#12379 = ORIENTED_EDGE('',*,*,#9697,.T.);
#12380 = ORIENTED_EDGE('',*,*,#11754,.T.);
#12381 = ORIENTED_EDGE('',*,*,#11612,.T.);
#12382 = ADVANCED_FACE('',(#12383),#9742,.F.);
#12383 = FACE_BOUND('',#12384,.F.);
#12384 = EDGE_LOOP('',(#12385,#12386,#12407,#12435,#12461,#12489,#12517,
    #12545));
#12385 = ORIENTED_EDGE('',*,*,#9724,.F.);
#12386 = ORIENTED_EDGE('',*,*,#12387,.T.);
#12387 = EDGE_CURVE('',#9725,#12157,#12388,.T.);
#12388 = SURFACE_CURVE('',#12389,(#12393,#12400),.PCURVE_S1.);
#12389 = LINE('',#12390,#12391);
#12390 = CARTESIAN_POINT('',(42.308968192733,-19.51189865546,
    -0.87289509572));
#12391 = VECTOR('',#12392,1.);
#12392 = DIRECTION('',(-1.745240643728E-02,0.865893503921,0.499923847578
    ));
#12393 = PCURVE('',#9742,#12394);
#12394 = DEFINITIONAL_REPRESENTATION('',(#12395),#12399);
#12395 = LINE('',#12396,#12397);
#12396 = CARTESIAN_POINT('',(0.,0.));
#12397 = VECTOR('',#12398,1.);
#12398 = DIRECTION('',(0.,-1.));
#12399 = ( GEOMETRIC_REPRESENTATION_CONTEXT(2) 
PARAMETRIC_REPRESENTATION_CONTEXT() REPRESENTATION_CONTEXT('2D SPACE',''
  ) );
#12400 = PCURVE('',#9771,#12401);
#12401 = DEFINITIONAL_REPRESENTATION('',(#12402),#12406);
#12402 = LINE('',#12403,#12404);
#12403 = CARTESIAN_POINT('',(6.,-1.429412144205E-15));
#12404 = VECTOR('',#12405,1.);
#12405 = DIRECTION('',(1.040834085586E-17,-1.));
#12406 = ( GEOMETRIC_REPRESENTATION_CONTEXT(2) 
PARAMETRIC_REPRESENTATION_CONTEXT() REPRESENTATION_CONTEXT('2D SPACE',''
  ) );
#12407 = ORIENTED_EDGE('',*,*,#12408,.T.);
#12408 = EDGE_CURVE('',#12157,#12409,#12411,.T.);
#12409 = VERTEX_POINT('',#12410);
#12410 = CARTESIAN_POINT('',(42.276279008196,-17.78007815501,
    -0.126971936404));
#12411 = SURFACE_CURVE('',#12412,(#12416,#12423),.PCURVE_S1.);
#12412 = LINE('',#12413,#12414);
#12413 = CARTESIAN_POINT('',(42.289924092604,-19.13406793195,
    0.654754425791));
#12414 = VECTOR('',#12415,1.);
#12415 = DIRECTION('',(-8.727200095795E-03,0.865992423168,
    -0.499980958632));
#12416 = PCURVE('',#9742,#12417);
#12417 = DEFINITIONAL_REPRESENTATION('',(#12418),#12422);
#12418 = LINE('',#12419,#12420);
#12419 = CARTESIAN_POINT('',(-1.134067931951,-1.091201960994));
#12420 = VECTOR('',#12421,1.);
#12421 = DIRECTION('',(0.865992423168,-0.500057119753));
#12422 = ( GEOMETRIC_REPRESENTATION_CONTEXT(2) 
PARAMETRIC_REPRESENTATION_CONTEXT() REPRESENTATION_CONTEXT('2D SPACE',''
  ) );
#12423 = PCURVE('',#12424,#12429);
#12424 = PLANE('',#12425);
#12425 = AXIS2_PLACEMENT_3D('',#12426,#12427,#12428);
#12426 = CARTESIAN_POINT('',(42.308968192733,-19.51189865546,
    0.87289509572));
#12427 = DIRECTION('',(0.,-0.5,-0.866025403784));
#12428 = DIRECTION('',(0.999847695156,1.511422733186E-02,
    -8.726203218642E-03));
#12429 = DEFINITIONAL_REPRESENTATION('',(#12430),#12434);
#12430 = LINE('',#12431,#12432);
#12431 = CARTESIAN_POINT('',(-1.142704035553E-02,-0.436547257473));
#12432 = VECTOR('',#12433,1.);
#12433 = DIRECTION('',(8.725870900949E-03,-0.999961928864));
#12434 = ( GEOMETRIC_REPRESENTATION_CONTEXT(2) 
PARAMETRIC_REPRESENTATION_CONTEXT() REPRESENTATION_CONTEXT('2D SPACE',''
  ) );
#12435 = ORIENTED_EDGE('',*,*,#12436,.F.);
#12436 = EDGE_CURVE('',#12101,#12409,#12437,.T.);
#12437 = SURFACE_CURVE('',#12438,(#12442,#12449),.PCURVE_S1.);
#12438 = LINE('',#12439,#12440);
#12439 = CARTESIAN_POINT('',(42.220047371315,-15.92070614443,
    3.095517909838));
#12440 = VECTOR('',#12441,1.);
#12441 = DIRECTION('',(1.511250058046E-02,-0.49971443386,-0.866058368078
    ));
#12442 = PCURVE('',#9742,#12443);
#12443 = DEFINITIONAL_REPRESENTATION('',(#12444),#12448);
#12444 = LINE('',#12445,#12446);
#12445 = CARTESIAN_POINT('',(-1.641150220005,-5.095046447467));
#12446 = VECTOR('',#12447,1.);
#12447 = DIRECTION('',(0.500171330986,0.865926463194));
#12448 = ( GEOMETRIC_REPRESENTATION_CONTEXT(2) 
PARAMETRIC_REPRESENTATION_CONTEXT() REPRESENTATION_CONTEXT('2D SPACE',''
  ) );
#12449 = PCURVE('',#12450,#12455);
#12450 = PLANE('',#12451);
#12451 = AXIS2_PLACEMENT_3D('',#12452,#12453,#12454);
#12452 = CARTESIAN_POINT('',(45.273606465327,-13.23476896562,
    7.641097424968));
#12453 = DIRECTION('',(1.745240643728E-02,-0.865893503921,0.499923847578
    ));
#12454 = DIRECTION('',(0.999847695156,1.511422733186E-02,
    -8.726203218642E-03));
#12455 = DEFINITIONAL_REPRESENTATION('',(#12456),#12460);
#12456 = LINE('',#12457,#12458);
#12457 = CARTESIAN_POINT('',(-3.054024236696,-5.279555924427));
#12458 = VECTOR('',#12459,1.);
#12459 = DIRECTION('',(1.511480263811E-02,-0.999885764846));
#12460 = ( GEOMETRIC_REPRESENTATION_CONTEXT(2) 
PARAMETRIC_REPRESENTATION_CONTEXT() REPRESENTATION_CONTEXT('2D SPACE',''
  ) );
#12461 = ORIENTED_EDGE('',*,*,#12462,.T.);
#12462 = EDGE_CURVE('',#12101,#12463,#12465,.T.);
#12463 = VERTEX_POINT('',#12464);
#12464 = CARTESIAN_POINT('',(42.274063379858,-8.853407765083,
    -15.33455206924));
#12465 = SURFACE_CURVE('',#12466,(#12470,#12477),.PCURVE_S1.);
#12466 = LINE('',#12467,#12468);
#12467 = CARTESIAN_POINT('',(42.274063379858,-17.78011164762,
    0.126952599436));
#12468 = VECTOR('',#12469,1.);
#12469 = DIRECTION('',(-1.047144386237E-18,0.5,-0.866025403784));
#12470 = PCURVE('',#9742,#12471);
#12471 = DEFINITIONAL_REPRESENTATION('',(#12472),#12476);
#12472 = LINE('',#12473,#12474);
#12473 = CARTESIAN_POINT('',(1.7763568394E-15,-2.));
#12474 = VECTOR('',#12475,1.);
#12475 = DIRECTION('',(1.,-6.E-17));
#12476 = ( GEOMETRIC_REPRESENTATION_CONTEXT(2) 
PARAMETRIC_REPRESENTATION_CONTEXT() REPRESENTATION_CONTEXT('2D SPACE',''
  ) );
#12477 = PCURVE('',#12478,#12483);
#12478 = PLANE('',#12479);
#12479 = AXIS2_PLACEMENT_3D('',#12480,#12481,#12482);
#12480 = CARTESIAN_POINT('',(45.273606465327,-13.23476896562,
    -7.641097424968));
#12481 = DIRECTION('',(1.745240643728E-02,-0.865893503921,
    -0.499923847578));
#12482 = DIRECTION('',(0.999847695156,1.511422733186E-02,
    8.726203218642E-03));
#12483 = DEFINITIONAL_REPRESENTATION('',(#12484),#12488);
#12484 = LINE('',#12485,#12486);
#12485 = CARTESIAN_POINT('',(-3.,9.));
#12486 = VECTOR('',#12487,1.);
#12487 = DIRECTION('',(6.354600832563E-33,-1.));
#12488 = ( GEOMETRIC_REPRESENTATION_CONTEXT(2) 
PARAMETRIC_REPRESENTATION_CONTEXT() REPRESENTATION_CONTEXT('2D SPACE',''
  ) );
#12489 = ORIENTED_EDGE('',*,*,#12490,.T.);
#12490 = EDGE_CURVE('',#12463,#12491,#12493,.T.);
#12491 = VERTEX_POINT('',#12492);
#12492 = CARTESIAN_POINT('',(42.276279008196,-9.,-15.33451339531));
#12493 = SURFACE_CURVE('',#12494,(#12498,#12505),.PCURVE_S1.);
#12494 = LINE('',#12495,#12496);
#12495 = CARTESIAN_POINT('',(42.288076927083,-9.780583668959,
    -15.33430746187));
#12496 = VECTOR('',#12497,1.);
#12497 = DIRECTION('',(1.511250058046E-02,-0.999885764846,
    2.637896788598E-04));
#12498 = PCURVE('',#9742,#12499);
#12499 = DEFINITIONAL_REPRESENTATION('',(#12500),#12504);
#12500 = LINE('',#12501,#12502);
#12501 = CARTESIAN_POINT('',(17.389607976942,-1.197042122781));
#12502 = VECTOR('',#12503,1.);
#12503 = DIRECTION('',(-0.500171330986,0.865926463194));
#12504 = ( GEOMETRIC_REPRESENTATION_CONTEXT(2) 
PARAMETRIC_REPRESENTATION_CONTEXT() REPRESENTATION_CONTEXT('2D SPACE',''
  ) );
#12505 = PCURVE('',#12506,#12511);
#12506 = PLANE('',#12507);
#12507 = AXIS2_PLACEMENT_3D('',#12508,#12509,#12510);
#12508 = CARTESIAN_POINT('',(45.273606465327,-1.5E-16,-15.28219484993));
#12509 = DIRECTION('',(1.745240643728E-02,0.,-0.999847695156));
#12510 = DIRECTION('',(0.999847695156,0.,1.745240643728E-02));
#12511 = DEFINITIONAL_REPRESENTATION('',(#12512),#12516);
#12512 = LINE('',#12513,#12514);
#12513 = CARTESIAN_POINT('',(-2.985984318119,9.780583668959));
#12514 = VECTOR('',#12515,1.);
#12515 = DIRECTION('',(1.511480263811E-02,0.999885764846));
#12516 = ( GEOMETRIC_REPRESENTATION_CONTEXT(2) 
PARAMETRIC_REPRESENTATION_CONTEXT() REPRESENTATION_CONTEXT('2D SPACE',''
  ) );
#12517 = ORIENTED_EDGE('',*,*,#12518,.F.);
#12518 = EDGE_CURVE('',#12519,#12491,#12521,.T.);
#12519 = VERTEX_POINT('',#12520);
#12520 = CARTESIAN_POINT('',(42.27849531159,-9.,-15.58845726812));
#12521 = SURFACE_CURVE('',#12522,(#12526,#12533),.PCURVE_S1.);
#12522 = LINE('',#12523,#12524);
#12523 = CARTESIAN_POINT('',(42.221676432914,-9.,-9.078154509652));
#12524 = VECTOR('',#12525,1.);
#12525 = DIRECTION('',(-8.727200095795E-03,1.2E-16,0.999961917264));
#12526 = PCURVE('',#9742,#12527);
#12527 = DEFINITIONAL_REPRESENTATION('',(#12528),#12532);
#12528 = LINE('',#12529,#12530);
#12529 = CARTESIAN_POINT('',(12.361912424839,-5.001703354322));
#12530 = VECTOR('',#12531,1.);
#12531 = DIRECTION('',(-0.865992423168,-0.500057119753));
#12532 = ( GEOMETRIC_REPRESENTATION_CONTEXT(2) 
PARAMETRIC_REPRESENTATION_CONTEXT() REPRESENTATION_CONTEXT('2D SPACE',''
  ) );
#12533 = PCURVE('',#12534,#12539);
#12534 = PLANE('',#12535);
#12535 = AXIS2_PLACEMENT_3D('',#12536,#12537,#12538);
#12536 = CARTESIAN_POINT('',(48.308054363671,-9.,-17.22953302093));
#12537 = DIRECTION('',(0.,-1.,0.));
#12538 = DIRECTION('',(-0.999847695156,0.,-1.745240643728E-02));
#12539 = DEFINITIONAL_REPRESENTATION('',(#12540),#12544);
#12540 = LINE('',#12541,#12542);
#12541 = CARTESIAN_POINT('',(5.943189775115,-8.256358958234));
#12542 = VECTOR('',#12543,1.);
#12543 = DIRECTION('',(-8.725870900949E-03,-0.999961928864));
#12544 = ( GEOMETRIC_REPRESENTATION_CONTEXT(2) 
PARAMETRIC_REPRESENTATION_CONTEXT() REPRESENTATION_CONTEXT('2D SPACE',''
  ) );
#12545 = ORIENTED_EDGE('',*,*,#12546,.F.);
#12546 = EDGE_CURVE('',#9727,#12519,#12547,.T.);
#12547 = SURFACE_CURVE('',#12548,(#12552,#12559),.PCURVE_S1.);
#12548 = LINE('',#12549,#12550);
#12549 = CARTESIAN_POINT('',(42.308968192733,-10.51189865546,
    -16.46135236384));
#12550 = VECTOR('',#12551,1.);
#12551 = DIRECTION('',(-1.745240643728E-02,0.865893503921,0.499923847578
    ));
#12552 = PCURVE('',#9742,#12553);
#12553 = DEFINITIONAL_REPRESENTATION('',(#12554),#12558);
#12554 = LINE('',#12555,#12556);
#12555 = CARTESIAN_POINT('',(18.,0.));
#12556 = VECTOR('',#12557,1.);
#12557 = DIRECTION('',(0.,-1.));
#12558 = ( GEOMETRIC_REPRESENTATION_CONTEXT(2) 
PARAMETRIC_REPRESENTATION_CONTEXT() REPRESENTATION_CONTEXT('2D SPACE',''
  ) );
#12559 = PCURVE('',#9826,#12560);
#12560 = DEFINITIONAL_REPRESENTATION('',(#12561),#12565);
#12561 = LINE('',#12562,#12563);
#12562 = CARTESIAN_POINT('',(0.,0.));
#12563 = VECTOR('',#12564,1.);
#12564 = DIRECTION('',(-1.040834085586E-17,-1.));
#12565 = ( GEOMETRIC_REPRESENTATION_CONTEXT(2) 
PARAMETRIC_REPRESENTATION_CONTEXT() REPRESENTATION_CONTEXT('2D SPACE',''
  ) );
#12566 = ADVANCED_FACE('',(#12567),#9826,.F.);
#12567 = FACE_BOUND('',#12568,.F.);
#12568 = EDGE_LOOP('',(#12569,#12570,#12571,#12594));
#12569 = ORIENTED_EDGE('',*,*,#9811,.F.);
#12570 = ORIENTED_EDGE('',*,*,#12546,.T.);
#12571 = ORIENTED_EDGE('',*,*,#12572,.F.);
#12572 = EDGE_CURVE('',#12573,#12519,#12575,.T.);
#12573 = VERTEX_POINT('',#12574);
#12574 = CARTESIAN_POINT('',(48.279409279853,-9.,-15.58845726812));
#12575 = SURFACE_CURVE('',#12576,(#12580,#12587),.PCURVE_S1.);
#12576 = LINE('',#12577,#12578);
#12577 = CARTESIAN_POINT('',(45.308511278202,-9.,-15.58845726812));
#12578 = VECTOR('',#12579,1.);
#12579 = DIRECTION('',(-1.,-0.,-0.));
#12580 = PCURVE('',#9826,#12581);
#12581 = DEFINITIONAL_REPRESENTATION('',(#12582),#12586);
#12582 = LINE('',#12583,#12584);
#12583 = CARTESIAN_POINT('',(3.029554480504,-1.693175054085));
#12584 = VECTOR('',#12585,1.);
#12585 = DIRECTION('',(-0.999847695156,-1.745240643728E-02));
#12586 = ( GEOMETRIC_REPRESENTATION_CONTEXT(2) 
PARAMETRIC_REPRESENTATION_CONTEXT() REPRESENTATION_CONTEXT('2D SPACE',''
  ) );
#12587 = PCURVE('',#10149,#12588);
#12588 = DEFINITIONAL_REPRESENTATION('',(#12589),#12593);
#12589 = LINE('',#12590,#12591);
#12590 = CARTESIAN_POINT('',(2.970445519496,-1.693175054085));
#12591 = VECTOR('',#12592,1.);
#12592 = DIRECTION('',(0.999847695156,-1.745240643728E-02));
#12593 = ( GEOMETRIC_REPRESENTATION_CONTEXT(2) 
PARAMETRIC_REPRESENTATION_CONTEXT() REPRESENTATION_CONTEXT('2D SPACE',''
  ) );
#12594 = ORIENTED_EDGE('',*,*,#12595,.F.);
#12595 = EDGE_CURVE('',#9784,#12573,#12596,.T.);
#12596 = SURFACE_CURVE('',#12597,(#12601,#12608),.PCURVE_S1.);
#12597 = LINE('',#12598,#12599);
#12598 = CARTESIAN_POINT('',(48.308054363671,-10.42121329147,
    -16.40899514452));
#12599 = VECTOR('',#12600,1.);
#12600 = DIRECTION('',(-1.745240643728E-02,0.865893503921,0.499923847578
    ));
#12601 = PCURVE('',#9826,#12602);
#12602 = DEFINITIONAL_REPRESENTATION('',(#12603),#12607);
#12603 = LINE('',#12604,#12605);
#12604 = CARTESIAN_POINT('',(6.,1.429412144205E-15));
#12605 = VECTOR('',#12606,1.);
#12606 = DIRECTION('',(-1.040834085586E-17,-1.));
#12607 = ( GEOMETRIC_REPRESENTATION_CONTEXT(2) 
PARAMETRIC_REPRESENTATION_CONTEXT() REPRESENTATION_CONTEXT('2D SPACE',''
  ) );
#12608 = PCURVE('',#9799,#12609);
#12609 = DEFINITIONAL_REPRESENTATION('',(#12610),#12614);
#12610 = LINE('',#12611,#12612);
#12611 = CARTESIAN_POINT('',(0.,0.));
#12612 = VECTOR('',#12613,1.);
#12613 = DIRECTION('',(0.,-1.));
#12614 = ( GEOMETRIC_REPRESENTATION_CONTEXT(2) 
PARAMETRIC_REPRESENTATION_CONTEXT() REPRESENTATION_CONTEXT('2D SPACE',''
  ) );
#12615 = ADVANCED_FACE('',(#12616),#9799,.F.);
#12616 = FACE_BOUND('',#12617,.F.);
#12617 = EDGE_LOOP('',(#12618,#12619,#12620,#12643,#12664,#12665));
#12618 = ORIENTED_EDGE('',*,*,#9783,.F.);
#12619 = ORIENTED_EDGE('',*,*,#12595,.T.);
#12620 = ORIENTED_EDGE('',*,*,#12621,.F.);
#12621 = EDGE_CURVE('',#12622,#12573,#12624,.T.);
#12622 = VERTEX_POINT('',#12623);
#12623 = CARTESIAN_POINT('',(48.273149550796,-8.792950855755,
    -15.22983763062));
#12624 = SURFACE_CURVE('',#12625,(#12629,#12636),.PCURVE_S1.);
#12625 = LINE('',#12626,#12627);
#12626 = CARTESIAN_POINT('',(48.232885885989,-7.461174789,
    -12.92313381869));
#12627 = VECTOR('',#12628,1.);
#12628 = DIRECTION('',(1.511480281341E-02,-0.499942882422,
    -0.865926473237));
#12629 = PCURVE('',#9799,#12630);
#12630 = DEFINITIONAL_REPRESENTATION('',(#12631),#12635);
#12631 = LINE('',#12632,#12633);
#12632 = CARTESIAN_POINT('',(1.538825211004,-4.307055187606));
#12633 = VECTOR('',#12634,1.);
#12634 = DIRECTION('',(-0.499942882422,0.866058378122));
#12635 = ( GEOMETRIC_REPRESENTATION_CONTEXT(2) 
PARAMETRIC_REPRESENTATION_CONTEXT() REPRESENTATION_CONTEXT('2D SPACE',''
  ) );
#12636 = PCURVE('',#10177,#12637);
#12637 = DEFINITIONAL_REPRESENTATION('',(#12638),#12642);
#12638 = LINE('',#12639,#12640);
#12639 = CARTESIAN_POINT('',(16.461174789,-4.307055187608));
#12640 = VECTOR('',#12641,1.);
#12641 = DIRECTION('',(0.499942882422,0.866058378122));
#12642 = ( GEOMETRIC_REPRESENTATION_CONTEXT(2) 
PARAMETRIC_REPRESENTATION_CONTEXT() REPRESENTATION_CONTEXT('2D SPACE',''
  ) );
#12643 = ORIENTED_EDGE('',*,*,#12644,.T.);
#12644 = EDGE_CURVE('',#12622,#12260,#12645,.T.);
#12645 = SURFACE_CURVE('',#12646,(#12650,#12657),.PCURVE_S1.);
#12646 = LINE('',#12647,#12648);
#12647 = CARTESIAN_POINT('',(48.273149550796,-8.689426283633,
    -15.40914744937));
#12648 = VECTOR('',#12649,1.);
#12649 = DIRECTION('',(1.047144386237E-18,-0.5,0.866025403784));
#12650 = PCURVE('',#9799,#12651);
#12651 = DEFINITIONAL_REPRESENTATION('',(#12652),#12656);
#12652 = LINE('',#12653,#12654);
#12653 = CARTESIAN_POINT('',(1.7763568394E-15,-2.));
#12654 = VECTOR('',#12655,1.);
#12655 = DIRECTION('',(1.,6.E-17));
#12656 = ( GEOMETRIC_REPRESENTATION_CONTEXT(2) 
PARAMETRIC_REPRESENTATION_CONTEXT() REPRESENTATION_CONTEXT('2D SPACE',''
  ) );
#12657 = PCURVE('',#12478,#12658);
#12658 = DEFINITIONAL_REPRESENTATION('',(#12659),#12663);
#12659 = LINE('',#12660,#12661);
#12660 = CARTESIAN_POINT('',(3.,-9.));
#12661 = VECTOR('',#12662,1.);
#12662 = DIRECTION('',(-6.354600832563E-33,1.));
#12663 = ( GEOMETRIC_REPRESENTATION_CONTEXT(2) 
PARAMETRIC_REPRESENTATION_CONTEXT() REPRESENTATION_CONTEXT('2D SPACE',''
  ) );
#12664 = ORIENTED_EDGE('',*,*,#12259,.T.);
#12665 = ORIENTED_EDGE('',*,*,#12666,.F.);
#12666 = EDGE_CURVE('',#9755,#12211,#12667,.T.);
#12667 = SURFACE_CURVE('',#12668,(#12672,#12679),.PCURVE_S1.);
#12668 = LINE('',#12669,#12670);
#12669 = CARTESIAN_POINT('',(48.308054363671,-19.42121329147,
    -0.820537876409));
#12670 = VECTOR('',#12671,1.);
#12671 = DIRECTION('',(-1.745240643728E-02,0.865893503921,0.499923847578
    ));
#12672 = PCURVE('',#9799,#12673);
#12673 = DEFINITIONAL_REPRESENTATION('',(#12674),#12678);
#12674 = LINE('',#12675,#12676);
#12675 = CARTESIAN_POINT('',(18.,0.));
#12676 = VECTOR('',#12677,1.);
#12677 = DIRECTION('',(0.,-1.));
#12678 = ( GEOMETRIC_REPRESENTATION_CONTEXT(2) 
PARAMETRIC_REPRESENTATION_CONTEXT() REPRESENTATION_CONTEXT('2D SPACE',''
  ) );
#12679 = PCURVE('',#9771,#12680);
#12680 = DEFINITIONAL_REPRESENTATION('',(#12681),#12685);
#12681 = LINE('',#12682,#12683);
#12682 = CARTESIAN_POINT('',(0.,0.));
#12683 = VECTOR('',#12684,1.);
#12684 = DIRECTION('',(1.040834085586E-17,-1.));
#12685 = ( GEOMETRIC_REPRESENTATION_CONTEXT(2) 
PARAMETRIC_REPRESENTATION_CONTEXT() REPRESENTATION_CONTEXT('2D SPACE',''
  ) );
#12686 = ADVANCED_FACE('',(#12687),#9771,.F.);
#12687 = FACE_BOUND('',#12688,.F.);
#12688 = EDGE_LOOP('',(#12689,#12690,#12691,#12692));
#12689 = ORIENTED_EDGE('',*,*,#9754,.F.);
#12690 = ORIENTED_EDGE('',*,*,#12666,.T.);
#12691 = ORIENTED_EDGE('',*,*,#12210,.T.);
#12692 = ORIENTED_EDGE('',*,*,#12387,.F.);
#12693 = ADVANCED_FACE('',(#12694),#9899,.F.);
#12694 = FACE_BOUND('',#12695,.T.);
#12695 = EDGE_LOOP('',(#12696,#12697,#12698,#12699));
#12696 = ORIENTED_EDGE('',*,*,#10598,.T.);
#12697 = ORIENTED_EDGE('',*,*,#9886,.T.);
#12698 = ORIENTED_EDGE('',*,*,#10808,.T.);
#12699 = ORIENTED_EDGE('',*,*,#10668,.T.);
#12700 = ADVANCED_FACE('',(#12701),#9931,.F.);
#12701 = FACE_BOUND('',#12702,.F.);
#12702 = EDGE_LOOP('',(#12703,#12704,#12727,#12755,#12783,#12809,#12837,
    #12863));
#12703 = ORIENTED_EDGE('',*,*,#9913,.F.);
#12704 = ORIENTED_EDGE('',*,*,#12705,.T.);
#12705 = EDGE_CURVE('',#9914,#12706,#12708,.T.);
#12706 = VERTEX_POINT('',#12707);
#12707 = CARTESIAN_POINT('',(42.27849531159,9.,15.58845726812));
#12708 = SURFACE_CURVE('',#12709,(#12713,#12720),.PCURVE_S1.);
#12709 = LINE('',#12710,#12711);
#12710 = CARTESIAN_POINT('',(42.308968192733,9.,17.334247459561));
#12711 = VECTOR('',#12712,1.);
#12712 = DIRECTION('',(-1.745240643728E-02,-0.,-0.999847695156));
#12713 = PCURVE('',#9931,#12714);
#12714 = DEFINITIONAL_REPRESENTATION('',(#12715),#12719);
#12715 = LINE('',#12716,#12717);
#12716 = CARTESIAN_POINT('',(0.,0.));
#12717 = VECTOR('',#12718,1.);
#12718 = DIRECTION('',(0.,-1.));
#12719 = ( GEOMETRIC_REPRESENTATION_CONTEXT(2) 
PARAMETRIC_REPRESENTATION_CONTEXT() REPRESENTATION_CONTEXT('2D SPACE',''
  ) );
#12720 = PCURVE('',#9960,#12721);
#12721 = DEFINITIONAL_REPRESENTATION('',(#12722),#12726);
#12722 = LINE('',#12723,#12724);
#12723 = CARTESIAN_POINT('',(6.,-1.484923295436E-15));
#12724 = VECTOR('',#12725,1.);
#12725 = DIRECTION('',(0.,-1.));
#12726 = ( GEOMETRIC_REPRESENTATION_CONTEXT(2) 
PARAMETRIC_REPRESENTATION_CONTEXT() REPRESENTATION_CONTEXT('2D SPACE',''
  ) );
#12727 = ORIENTED_EDGE('',*,*,#12728,.F.);
#12728 = EDGE_CURVE('',#12729,#12706,#12731,.T.);
#12729 = VERTEX_POINT('',#12730);
#12730 = CARTESIAN_POINT('',(42.276279008196,8.780078155013,
    15.461485331716));
#12731 = SURFACE_CURVE('',#12732,(#12736,#12743),.PCURVE_S1.);
#12732 = LINE('',#12733,#12734);
#12733 = CARTESIAN_POINT('',(42.289924092604,10.134067931951,
    16.243211693911));
#12734 = VECTOR('',#12735,1.);
#12735 = DIRECTION('',(8.727200095795E-03,0.865992423168,0.499980958632)
  );
#12736 = PCURVE('',#9931,#12737);
#12737 = DEFINITIONAL_REPRESENTATION('',(#12738),#12742);
#12738 = LINE('',#12739,#12740);
#12739 = CARTESIAN_POINT('',(-1.134067931951,-1.091201960994));
#12740 = VECTOR('',#12741,1.);
#12741 = DIRECTION('',(-0.865992423168,0.500057119753));
#12742 = ( GEOMETRIC_REPRESENTATION_CONTEXT(2) 
PARAMETRIC_REPRESENTATION_CONTEXT() REPRESENTATION_CONTEXT('2D SPACE',''
  ) );
#12743 = PCURVE('',#12744,#12749);
#12744 = PLANE('',#12745);
#12745 = AXIS2_PLACEMENT_3D('',#12746,#12747,#12748);
#12746 = CARTESIAN_POINT('',(42.308968192733,10.511898655466,
    16.46135236384));
#12747 = DIRECTION('',(0.,-0.5,0.866025403784));
#12748 = DIRECTION('',(0.999847695156,-1.511422733186E-02,
    -8.726203218642E-03));
#12749 = DEFINITIONAL_REPRESENTATION('',(#12750),#12754);
#12750 = LINE('',#12751,#12752);
#12751 = CARTESIAN_POINT('',(-1.142704035551E-02,-0.436547257473));
#12752 = VECTOR('',#12753,1.);
#12753 = DIRECTION('',(-8.725870900949E-03,0.999961928864));
#12754 = ( GEOMETRIC_REPRESENTATION_CONTEXT(2) 
PARAMETRIC_REPRESENTATION_CONTEXT() REPRESENTATION_CONTEXT('2D SPACE',''
  ) );
#12755 = ORIENTED_EDGE('',*,*,#12756,.T.);
#12756 = EDGE_CURVE('',#12729,#12757,#12759,.T.);
#12757 = VERTEX_POINT('',#12758);
#12758 = CARTESIAN_POINT('',(42.274063379858,8.853407765083,
    15.334552069248));
#12759 = SURFACE_CURVE('',#12760,(#12764,#12771),.PCURVE_S1.);
#12760 = LINE('',#12761,#12762);
#12761 = CARTESIAN_POINT('',(42.220047371315,10.641150220005,
    12.239977012347));
#12762 = VECTOR('',#12763,1.);
#12763 = DIRECTION('',(-1.511250058046E-02,0.500171330986,
    -0.865794578399));
#12764 = PCURVE('',#9931,#12765);
#12765 = DEFINITIONAL_REPRESENTATION('',(#12766),#12770);
#12766 = LINE('',#12767,#12768);
#12767 = CARTESIAN_POINT('',(-1.641150220005,-5.095046447467));
#12768 = VECTOR('',#12769,1.);
#12769 = DIRECTION('',(-0.500171330986,-0.865926463194));
#12770 = ( GEOMETRIC_REPRESENTATION_CONTEXT(2) 
PARAMETRIC_REPRESENTATION_CONTEXT() REPRESENTATION_CONTEXT('2D SPACE',''
  ) );
#12771 = PCURVE('',#12772,#12777);
#12772 = PLANE('',#12773);
#12773 = AXIS2_PLACEMENT_3D('',#12774,#12775,#12776);
#12774 = CARTESIAN_POINT('',(45.273606465327,13.234768965628,
    7.641097424968));
#12775 = DIRECTION('',(1.745240643728E-02,0.865893503921,0.499923847578)
  );
#12776 = DIRECTION('',(0.999847695156,-1.511422733186E-02,
    -8.726203218642E-03));
#12777 = DEFINITIONAL_REPRESENTATION('',(#12778),#12782);
#12778 = LINE('',#12779,#12780);
#12779 = CARTESIAN_POINT('',(-3.054024236696,-5.279555924427));
#12780 = VECTOR('',#12781,1.);
#12781 = DIRECTION('',(-1.511480263811E-02,0.999885764846));
#12782 = ( GEOMETRIC_REPRESENTATION_CONTEXT(2) 
PARAMETRIC_REPRESENTATION_CONTEXT() REPRESENTATION_CONTEXT('2D SPACE',''
  ) );
#12783 = ORIENTED_EDGE('',*,*,#12784,.T.);
#12784 = EDGE_CURVE('',#12757,#12073,#12785,.T.);
#12785 = SURFACE_CURVE('',#12786,(#12790,#12797),.PCURVE_S1.);
#12786 = LINE('',#12787,#12788);
#12787 = CARTESIAN_POINT('',(42.274063379858,9.,15.334552069248));
#12788 = VECTOR('',#12789,1.);
#12789 = DIRECTION('',(0.,-1.,0.));
#12790 = PCURVE('',#9931,#12791);
#12791 = DEFINITIONAL_REPRESENTATION('',(#12792),#12796);
#12792 = LINE('',#12793,#12794);
#12793 = CARTESIAN_POINT('',(1.7763568394E-15,-2.));
#12794 = VECTOR('',#12795,1.);
#12795 = DIRECTION('',(1.,0.));
#12796 = ( GEOMETRIC_REPRESENTATION_CONTEXT(2) 
PARAMETRIC_REPRESENTATION_CONTEXT() REPRESENTATION_CONTEXT('2D SPACE',''
  ) );
#12797 = PCURVE('',#12798,#12803);
#12798 = PLANE('',#12799);
#12799 = AXIS2_PLACEMENT_3D('',#12800,#12801,#12802);
#12800 = CARTESIAN_POINT('',(45.273606465327,1.5E-16,15.282194849936));
#12801 = DIRECTION('',(1.745240643728E-02,0.,0.999847695156));
#12802 = DIRECTION('',(0.999847695156,0.,-1.745240643728E-02));
#12803 = DEFINITIONAL_REPRESENTATION('',(#12804),#12808);
#12804 = LINE('',#12805,#12806);
#12805 = CARTESIAN_POINT('',(-3.,9.));
#12806 = VECTOR('',#12807,1.);
#12807 = DIRECTION('',(0.,-1.));
#12808 = ( GEOMETRIC_REPRESENTATION_CONTEXT(2) 
PARAMETRIC_REPRESENTATION_CONTEXT() REPRESENTATION_CONTEXT('2D SPACE',''
  ) );
#12809 = ORIENTED_EDGE('',*,*,#12810,.T.);
#12810 = EDGE_CURVE('',#12073,#12811,#12813,.T.);
#12811 = VERTEX_POINT('',#12812);
#12812 = CARTESIAN_POINT('',(42.276279008196,-8.780078155013,
    15.461485331716));
#12813 = SURFACE_CURVE('',#12814,(#12818,#12825),.PCURVE_S1.);
#12814 = LINE('',#12815,#12816);
#12815 = CARTESIAN_POINT('',(42.288076927083,-8.389607976942,
    16.137387652093));
#12816 = VECTOR('',#12817,1.);
#12817 = DIRECTION('',(1.511250058046E-02,0.500171330986,0.865794578399)
  );
#12818 = PCURVE('',#9931,#12819);
#12819 = DEFINITIONAL_REPRESENTATION('',(#12820),#12824);
#12820 = LINE('',#12821,#12822);
#12821 = CARTESIAN_POINT('',(17.389607976942,-1.197042122781));
#12822 = VECTOR('',#12823,1.);
#12823 = DIRECTION('',(-0.500171330986,0.865926463194));
#12824 = ( GEOMETRIC_REPRESENTATION_CONTEXT(2) 
PARAMETRIC_REPRESENTATION_CONTEXT() REPRESENTATION_CONTEXT('2D SPACE',''
  ) );
#12825 = PCURVE('',#12826,#12831);
#12826 = PLANE('',#12827);
#12827 = AXIS2_PLACEMENT_3D('',#12828,#12829,#12830);
#12828 = CARTESIAN_POINT('',(45.273606465327,-13.23476896562,
    7.641097424968));
#12829 = DIRECTION('',(1.745240643728E-02,-0.865893503921,0.499923847578
    ));
#12830 = DIRECTION('',(0.999847695156,1.511422733186E-02,
    -8.726203218642E-03));
#12831 = DEFINITIONAL_REPRESENTATION('',(#12832),#12836);
#12832 = LINE('',#12833,#12834);
#12833 = CARTESIAN_POINT('',(-2.985984318119,9.780583668959));
#12834 = VECTOR('',#12835,1.);
#12835 = DIRECTION('',(1.511480263811E-02,0.999885764846));
#12836 = ( GEOMETRIC_REPRESENTATION_CONTEXT(2) 
PARAMETRIC_REPRESENTATION_CONTEXT() REPRESENTATION_CONTEXT('2D SPACE',''
  ) );
#12837 = ORIENTED_EDGE('',*,*,#12838,.F.);
#12838 = EDGE_CURVE('',#12022,#12811,#12839,.T.);
#12839 = SURFACE_CURVE('',#12840,(#12844,#12851),.PCURVE_S1.);
#12840 = LINE('',#12841,#12842);
#12841 = CARTESIAN_POINT('',(42.221676432914,-3.361912424839,
    12.333305888886));
#12842 = VECTOR('',#12843,1.);
#12843 = DIRECTION('',(-8.727200095795E-03,0.865992423168,
    -0.499980958632));
#12844 = PCURVE('',#9931,#12845);
#12845 = DEFINITIONAL_REPRESENTATION('',(#12846),#12850);
#12846 = LINE('',#12847,#12848);
#12847 = CARTESIAN_POINT('',(12.361912424839,-5.001703354322));
#12848 = VECTOR('',#12849,1.);
#12849 = DIRECTION('',(-0.865992423168,-0.500057119753));
#12850 = ( GEOMETRIC_REPRESENTATION_CONTEXT(2) 
PARAMETRIC_REPRESENTATION_CONTEXT() REPRESENTATION_CONTEXT('2D SPACE',''
  ) );
#12851 = PCURVE('',#12852,#12857);
#12852 = PLANE('',#12853);
#12853 = AXIS2_PLACEMENT_3D('',#12854,#12855,#12856);
#12854 = CARTESIAN_POINT('',(48.308054363671,-10.42121329147,
    16.408995144529));
#12855 = DIRECTION('',(0.,0.5,0.866025403784));
#12856 = DIRECTION('',(-0.999847695156,-1.511422733186E-02,
    8.726203218642E-03));
#12857 = DEFINITIONAL_REPRESENTATION('',(#12858),#12862);
#12858 = LINE('',#12859,#12860);
#12859 = CARTESIAN_POINT('',(5.943189775115,-8.256358958234));
#12860 = VECTOR('',#12861,1.);
#12861 = DIRECTION('',(-8.725870900949E-03,-0.999961928864));
#12862 = ( GEOMETRIC_REPRESENTATION_CONTEXT(2) 
PARAMETRIC_REPRESENTATION_CONTEXT() REPRESENTATION_CONTEXT('2D SPACE',''
  ) );
#12863 = ORIENTED_EDGE('',*,*,#12864,.F.);
#12864 = EDGE_CURVE('',#9916,#12022,#12865,.T.);
#12865 = SURFACE_CURVE('',#12866,(#12870,#12877),.PCURVE_S1.);
#12866 = LINE('',#12867,#12868);
#12867 = CARTESIAN_POINT('',(42.308968192733,-9.,17.334247459561));
#12868 = VECTOR('',#12869,1.);
#12869 = DIRECTION('',(-1.745240643728E-02,-0.,-0.999847695156));
#12870 = PCURVE('',#9931,#12871);
#12871 = DEFINITIONAL_REPRESENTATION('',(#12872),#12876);
#12872 = LINE('',#12873,#12874);
#12873 = CARTESIAN_POINT('',(18.,0.));
#12874 = VECTOR('',#12875,1.);
#12875 = DIRECTION('',(0.,-1.));
#12876 = ( GEOMETRIC_REPRESENTATION_CONTEXT(2) 
PARAMETRIC_REPRESENTATION_CONTEXT() REPRESENTATION_CONTEXT('2D SPACE',''
  ) );
#12877 = PCURVE('',#10015,#12878);
#12878 = DEFINITIONAL_REPRESENTATION('',(#12879),#12883);
#12879 = LINE('',#12880,#12881);
#12880 = CARTESIAN_POINT('',(0.,0.));
#12881 = VECTOR('',#12882,1.);
#12882 = DIRECTION('',(0.,-1.));
#12883 = ( GEOMETRIC_REPRESENTATION_CONTEXT(2) 
PARAMETRIC_REPRESENTATION_CONTEXT() REPRESENTATION_CONTEXT('2D SPACE',''
  ) );
#12884 = ADVANCED_FACE('',(#12885),#10015,.F.);
#12885 = FACE_BOUND('',#12886,.F.);
#12886 = EDGE_LOOP('',(#12887,#12888,#12889,#12890));
#12887 = ORIENTED_EDGE('',*,*,#10000,.F.);
#12888 = ORIENTED_EDGE('',*,*,#12864,.T.);
#12889 = ORIENTED_EDGE('',*,*,#12354,.F.);
#12890 = ORIENTED_EDGE('',*,*,#12891,.F.);
#12891 = EDGE_CURVE('',#9973,#12306,#12892,.T.);
#12892 = SURFACE_CURVE('',#12893,(#12897,#12904),.PCURVE_S1.);
#12893 = LINE('',#12894,#12895);
#12894 = CARTESIAN_POINT('',(48.308054363671,-9.,17.229533020937));
#12895 = VECTOR('',#12896,1.);
#12896 = DIRECTION('',(-1.745240643728E-02,-0.,-0.999847695156));
#12897 = PCURVE('',#10015,#12898);
#12898 = DEFINITIONAL_REPRESENTATION('',(#12899),#12903);
#12899 = LINE('',#12900,#12901);
#12900 = CARTESIAN_POINT('',(6.,1.484923295436E-15));
#12901 = VECTOR('',#12902,1.);
#12902 = DIRECTION('',(0.,-1.));
#12903 = ( GEOMETRIC_REPRESENTATION_CONTEXT(2) 
PARAMETRIC_REPRESENTATION_CONTEXT() REPRESENTATION_CONTEXT('2D SPACE',''
  ) );
#12904 = PCURVE('',#9988,#12905);
#12905 = DEFINITIONAL_REPRESENTATION('',(#12906),#12910);
#12906 = LINE('',#12907,#12908);
#12907 = CARTESIAN_POINT('',(0.,0.));
#12908 = VECTOR('',#12909,1.);
#12909 = DIRECTION('',(-0.,-1.));
#12910 = ( GEOMETRIC_REPRESENTATION_CONTEXT(2) 
PARAMETRIC_REPRESENTATION_CONTEXT() REPRESENTATION_CONTEXT('2D SPACE',''
  ) );
#12911 = ADVANCED_FACE('',(#12912),#9988,.F.);
#12912 = FACE_BOUND('',#12913,.F.);
#12913 = EDGE_LOOP('',(#12914,#12915,#12916,#12917,#12940,#12963));
#12914 = ORIENTED_EDGE('',*,*,#9972,.F.);
#12915 = ORIENTED_EDGE('',*,*,#12891,.T.);
#12916 = ORIENTED_EDGE('',*,*,#12305,.F.);
#12917 = ORIENTED_EDGE('',*,*,#12918,.T.);
#12918 = EDGE_CURVE('',#12283,#12919,#12921,.T.);
#12919 = VERTEX_POINT('',#12920);
#12920 = CARTESIAN_POINT('',(48.273149550796,8.792950855755,
    15.229837630624));
#12921 = SURFACE_CURVE('',#12922,(#12926,#12933),.PCURVE_S1.);
#12922 = LINE('',#12923,#12924);
#12923 = CARTESIAN_POINT('',(48.273149550796,-9.,15.229837630624));
#12924 = VECTOR('',#12925,1.);
#12925 = DIRECTION('',(0.,1.,0.));
#12926 = PCURVE('',#9988,#12927);
#12927 = DEFINITIONAL_REPRESENTATION('',(#12928),#12932);
#12928 = LINE('',#12929,#12930);
#12929 = CARTESIAN_POINT('',(1.7763568394E-15,-2.));
#12930 = VECTOR('',#12931,1.);
#12931 = DIRECTION('',(1.,0.));
#12932 = ( GEOMETRIC_REPRESENTATION_CONTEXT(2) 
PARAMETRIC_REPRESENTATION_CONTEXT() REPRESENTATION_CONTEXT('2D SPACE',''
  ) );
#12933 = PCURVE('',#12798,#12934);
#12934 = DEFINITIONAL_REPRESENTATION('',(#12935),#12939);
#12935 = LINE('',#12936,#12937);
#12936 = CARTESIAN_POINT('',(3.,-9.));
#12937 = VECTOR('',#12938,1.);
#12938 = DIRECTION('',(0.,1.));
#12939 = ( GEOMETRIC_REPRESENTATION_CONTEXT(2) 
PARAMETRIC_REPRESENTATION_CONTEXT() REPRESENTATION_CONTEXT('2D SPACE',''
  ) );
#12940 = ORIENTED_EDGE('',*,*,#12941,.F.);
#12941 = EDGE_CURVE('',#12942,#12919,#12944,.T.);
#12942 = VERTEX_POINT('',#12943);
#12943 = CARTESIAN_POINT('',(48.279409279853,9.,15.58845726812));
#12944 = SURFACE_CURVE('',#12945,(#12949,#12956),.PCURVE_S1.);
#12945 = LINE('',#12946,#12947);
#12946 = CARTESIAN_POINT('',(48.232885885989,7.461174789,12.923133818696
    ));
#12947 = VECTOR('',#12948,1.);
#12948 = DIRECTION('',(-1.511480281341E-02,-0.499942882422,
    -0.865926473237));
#12949 = PCURVE('',#9988,#12950);
#12950 = DEFINITIONAL_REPRESENTATION('',(#12951),#12955);
#12951 = LINE('',#12952,#12953);
#12952 = CARTESIAN_POINT('',(16.461174789,-4.307055187608));
#12953 = VECTOR('',#12954,1.);
#12954 = DIRECTION('',(-0.499942882422,-0.866058378122));
#12955 = ( GEOMETRIC_REPRESENTATION_CONTEXT(2) 
PARAMETRIC_REPRESENTATION_CONTEXT() REPRESENTATION_CONTEXT('2D SPACE',''
  ) );
#12956 = PCURVE('',#10366,#12957);
#12957 = DEFINITIONAL_REPRESENTATION('',(#12958),#12962);
#12958 = LINE('',#12959,#12960);
#12959 = CARTESIAN_POINT('',(1.538825211004,-4.307055187606));
#12960 = VECTOR('',#12961,1.);
#12961 = DIRECTION('',(0.499942882422,-0.866058378122));
#12962 = ( GEOMETRIC_REPRESENTATION_CONTEXT(2) 
PARAMETRIC_REPRESENTATION_CONTEXT() REPRESENTATION_CONTEXT('2D SPACE',''
  ) );
#12963 = ORIENTED_EDGE('',*,*,#12964,.F.);
#12964 = EDGE_CURVE('',#9944,#12942,#12965,.T.);
#12965 = SURFACE_CURVE('',#12966,(#12970,#12977),.PCURVE_S1.);
#12966 = LINE('',#12967,#12968);
#12967 = CARTESIAN_POINT('',(48.308054363671,9.,17.229533020937));
#12968 = VECTOR('',#12969,1.);
#12969 = DIRECTION('',(-1.745240643728E-02,-0.,-0.999847695156));
#12970 = PCURVE('',#9988,#12971);
#12971 = DEFINITIONAL_REPRESENTATION('',(#12972),#12976);
#12972 = LINE('',#12973,#12974);
#12973 = CARTESIAN_POINT('',(18.,0.));
#12974 = VECTOR('',#12975,1.);
#12975 = DIRECTION('',(-0.,-1.));
#12976 = ( GEOMETRIC_REPRESENTATION_CONTEXT(2) 
PARAMETRIC_REPRESENTATION_CONTEXT() REPRESENTATION_CONTEXT('2D SPACE',''
  ) );
#12977 = PCURVE('',#9960,#12978);
#12978 = DEFINITIONAL_REPRESENTATION('',(#12979),#12983);
#12979 = LINE('',#12980,#12981);
#12980 = CARTESIAN_POINT('',(0.,0.));
#12981 = VECTOR('',#12982,1.);
#12982 = DIRECTION('',(0.,-1.));
#12983 = ( GEOMETRIC_REPRESENTATION_CONTEXT(2) 
PARAMETRIC_REPRESENTATION_CONTEXT() REPRESENTATION_CONTEXT('2D SPACE',''
  ) );
#12984 = ADVANCED_FACE('',(#12985),#9960,.F.);
#12985 = FACE_BOUND('',#12986,.F.);
#12986 = EDGE_LOOP('',(#12987,#12988,#12989,#13010));
#12987 = ORIENTED_EDGE('',*,*,#9943,.F.);
#12988 = ORIENTED_EDGE('',*,*,#12964,.T.);
#12989 = ORIENTED_EDGE('',*,*,#12990,.F.);
#12990 = EDGE_CURVE('',#12706,#12942,#12991,.T.);
#12991 = SURFACE_CURVE('',#12992,(#12996,#13003),.PCURVE_S1.);
#12992 = LINE('',#12993,#12994);
#12993 = CARTESIAN_POINT('',(45.308511278202,9.,15.58845726812));
#12994 = VECTOR('',#12995,1.);
#12995 = DIRECTION('',(1.,0.,0.));
#12996 = PCURVE('',#9960,#12997);
#12997 = DEFINITIONAL_REPRESENTATION('',(#12998),#13002);
#12998 = LINE('',#12999,#13000);
#12999 = CARTESIAN_POINT('',(2.970445519496,-1.693175054085));
#13000 = VECTOR('',#13001,1.);
#13001 = DIRECTION('',(-0.999847695156,1.745240643728E-02));
#13002 = ( GEOMETRIC_REPRESENTATION_CONTEXT(2) 
PARAMETRIC_REPRESENTATION_CONTEXT() REPRESENTATION_CONTEXT('2D SPACE',''
  ) );
#13003 = PCURVE('',#10393,#13004);
#13004 = DEFINITIONAL_REPRESENTATION('',(#13005),#13009);
#13005 = LINE('',#13006,#13007);
#13006 = CARTESIAN_POINT('',(3.029554480504,-1.693175054085));
#13007 = VECTOR('',#13008,1.);
#13008 = DIRECTION('',(0.999847695156,1.745240643728E-02));
#13009 = ( GEOMETRIC_REPRESENTATION_CONTEXT(2) 
PARAMETRIC_REPRESENTATION_CONTEXT() REPRESENTATION_CONTEXT('2D SPACE',''
  ) );
#13010 = ORIENTED_EDGE('',*,*,#12705,.F.);
#13011 = ADVANCED_FACE('',(#13012),#10088,.F.);
#13012 = FACE_BOUND('',#13013,.T.);
#13013 = EDGE_LOOP('',(#13014,#13015,#13016,#13017));
#13014 = ORIENTED_EDGE('',*,*,#11329,.T.);
#13015 = ORIENTED_EDGE('',*,*,#10075,.T.);
#13016 = ORIENTED_EDGE('',*,*,#11518,.T.);
#13017 = ORIENTED_EDGE('',*,*,#11376,.T.);
#13018 = ADVANCED_FACE('',(#13019),#10120,.F.);
#13019 = FACE_BOUND('',#13020,.F.);
#13020 = EDGE_LOOP('',(#13021,#13022,#13043,#13071,#13097,#13125,#13153,
    #13181));
#13021 = ORIENTED_EDGE('',*,*,#10102,.F.);
#13022 = ORIENTED_EDGE('',*,*,#13023,.T.);
#13023 = EDGE_CURVE('',#10103,#12519,#13024,.T.);
#13024 = SURFACE_CURVE('',#13025,(#13029,#13036),.PCURVE_S1.);
#13025 = LINE('',#13026,#13027);
#13026 = CARTESIAN_POINT('',(42.308968192733,-9.,-17.33424745956));
#13027 = VECTOR('',#13028,1.);
#13028 = DIRECTION('',(-1.745240643728E-02,0.,0.999847695156));
#13029 = PCURVE('',#10120,#13030);
#13030 = DEFINITIONAL_REPRESENTATION('',(#13031),#13035);
#13031 = LINE('',#13032,#13033);
#13032 = CARTESIAN_POINT('',(0.,0.));
#13033 = VECTOR('',#13034,1.);
#13034 = DIRECTION('',(0.,-1.));
#13035 = ( GEOMETRIC_REPRESENTATION_CONTEXT(2) 
PARAMETRIC_REPRESENTATION_CONTEXT() REPRESENTATION_CONTEXT('2D SPACE',''
  ) );
#13036 = PCURVE('',#10149,#13037);
#13037 = DEFINITIONAL_REPRESENTATION('',(#13038),#13042);
#13038 = LINE('',#13039,#13040);
#13039 = CARTESIAN_POINT('',(6.,-1.484923295436E-15));
#13040 = VECTOR('',#13041,1.);
#13041 = DIRECTION('',(0.,-1.));
#13042 = ( GEOMETRIC_REPRESENTATION_CONTEXT(2) 
PARAMETRIC_REPRESENTATION_CONTEXT() REPRESENTATION_CONTEXT('2D SPACE',''
  ) );
#13043 = ORIENTED_EDGE('',*,*,#13044,.T.);
#13044 = EDGE_CURVE('',#12519,#13045,#13047,.T.);
#13045 = VERTEX_POINT('',#13046);
#13046 = CARTESIAN_POINT('',(42.276279008196,-8.780078155013,
    -15.46148533171));
#13047 = SURFACE_CURVE('',#13048,(#13052,#13059),.PCURVE_S1.);
#13048 = LINE('',#13049,#13050);
#13049 = CARTESIAN_POINT('',(42.289924092604,-10.13406793195,
    -16.24321169391));
#13050 = VECTOR('',#13051,1.);
#13051 = DIRECTION('',(-8.727200095795E-03,0.865992423168,0.499980958632
    ));
#13052 = PCURVE('',#10120,#13053);
#13053 = DEFINITIONAL_REPRESENTATION('',(#13054),#13058);
#13054 = LINE('',#13055,#13056);
#13055 = CARTESIAN_POINT('',(-1.134067931951,-1.091201960994));
#13056 = VECTOR('',#13057,1.);
#13057 = DIRECTION('',(0.865992423168,-0.500057119753));
#13058 = ( GEOMETRIC_REPRESENTATION_CONTEXT(2) 
PARAMETRIC_REPRESENTATION_CONTEXT() REPRESENTATION_CONTEXT('2D SPACE',''
  ) );
#13059 = PCURVE('',#13060,#13065);
#13060 = PLANE('',#13061);
#13061 = AXIS2_PLACEMENT_3D('',#13062,#13063,#13064);
#13062 = CARTESIAN_POINT('',(42.308968192733,-10.51189865546,
    -16.46135236384));
#13063 = DIRECTION('',(0.,0.5,-0.866025403784));
#13064 = DIRECTION('',(0.999847695156,1.511422733186E-02,
    8.726203218642E-03));
#13065 = DEFINITIONAL_REPRESENTATION('',(#13066),#13070);
#13066 = LINE('',#13067,#13068);
#13067 = CARTESIAN_POINT('',(-1.142704035553E-02,-0.436547257473));
#13068 = VECTOR('',#13069,1.);
#13069 = DIRECTION('',(8.725870900949E-03,-0.999961928864));
#13070 = ( GEOMETRIC_REPRESENTATION_CONTEXT(2) 
PARAMETRIC_REPRESENTATION_CONTEXT() REPRESENTATION_CONTEXT('2D SPACE',''
  ) );
#13071 = ORIENTED_EDGE('',*,*,#13072,.F.);
#13072 = EDGE_CURVE('',#12463,#13045,#13073,.T.);
#13073 = SURFACE_CURVE('',#13074,(#13078,#13085),.PCURVE_S1.);
#13074 = LINE('',#13075,#13076);
#13075 = CARTESIAN_POINT('',(42.220047371315,-10.64115022,
    -12.23997701234));
#13076 = VECTOR('',#13077,1.);
#13077 = DIRECTION('',(1.511250058046E-02,0.500171330986,-0.865794578399
    ));
#13078 = PCURVE('',#10120,#13079);
#13079 = DEFINITIONAL_REPRESENTATION('',(#13080),#13084);
#13080 = LINE('',#13081,#13082);
#13081 = CARTESIAN_POINT('',(-1.641150220005,-5.095046447467));
#13082 = VECTOR('',#13083,1.);
#13083 = DIRECTION('',(0.500171330986,0.865926463194));
#13084 = ( GEOMETRIC_REPRESENTATION_CONTEXT(2) 
PARAMETRIC_REPRESENTATION_CONTEXT() REPRESENTATION_CONTEXT('2D SPACE',''
  ) );
#13085 = PCURVE('',#13086,#13091);
#13086 = PLANE('',#13087);
#13087 = AXIS2_PLACEMENT_3D('',#13088,#13089,#13090);
#13088 = CARTESIAN_POINT('',(45.273606465327,-13.23476896562,
    -7.641097424968));
#13089 = DIRECTION('',(1.745240643728E-02,-0.865893503921,
    -0.499923847578));
#13090 = DIRECTION('',(0.999847695156,1.511422733186E-02,
    8.726203218642E-03));
#13091 = DEFINITIONAL_REPRESENTATION('',(#13092),#13096);
#13092 = LINE('',#13093,#13094);
#13093 = CARTESIAN_POINT('',(-3.054024236696,-5.279555924427));
#13094 = VECTOR('',#13095,1.);
#13095 = DIRECTION('',(1.511480263811E-02,-0.999885764846));
#13096 = ( GEOMETRIC_REPRESENTATION_CONTEXT(2) 
PARAMETRIC_REPRESENTATION_CONTEXT() REPRESENTATION_CONTEXT('2D SPACE',''
  ) );
#13097 = ORIENTED_EDGE('',*,*,#13098,.T.);
#13098 = EDGE_CURVE('',#12463,#13099,#13101,.T.);
#13099 = VERTEX_POINT('',#13100);
#13100 = CARTESIAN_POINT('',(42.274063379858,8.853407765083,
    -15.33455206924));
#13101 = SURFACE_CURVE('',#13102,(#13106,#13113),.PCURVE_S1.);
#13102 = LINE('',#13103,#13104);
#13103 = CARTESIAN_POINT('',(42.274063379858,-9.,-15.33455206924));
#13104 = VECTOR('',#13105,1.);
#13105 = DIRECTION('',(0.,1.,0.));
#13106 = PCURVE('',#10120,#13107);
#13107 = DEFINITIONAL_REPRESENTATION('',(#13108),#13112);
#13108 = LINE('',#13109,#13110);
#13109 = CARTESIAN_POINT('',(1.7763568394E-15,-2.));
#13110 = VECTOR('',#13111,1.);
#13111 = DIRECTION('',(1.,0.));
#13112 = ( GEOMETRIC_REPRESENTATION_CONTEXT(2) 
PARAMETRIC_REPRESENTATION_CONTEXT() REPRESENTATION_CONTEXT('2D SPACE',''
  ) );
#13113 = PCURVE('',#13114,#13119);
#13114 = PLANE('',#13115);
#13115 = AXIS2_PLACEMENT_3D('',#13116,#13117,#13118);
#13116 = CARTESIAN_POINT('',(45.273606465327,-1.5E-16,-15.28219484993));
#13117 = DIRECTION('',(1.745240643728E-02,0.,-0.999847695156));
#13118 = DIRECTION('',(0.999847695156,0.,1.745240643728E-02));
#13119 = DEFINITIONAL_REPRESENTATION('',(#13120),#13124);
#13120 = LINE('',#13121,#13122);
#13121 = CARTESIAN_POINT('',(-3.,9.));
#13122 = VECTOR('',#13123,1.);
#13123 = DIRECTION('',(0.,-1.));
#13124 = ( GEOMETRIC_REPRESENTATION_CONTEXT(2) 
PARAMETRIC_REPRESENTATION_CONTEXT() REPRESENTATION_CONTEXT('2D SPACE',''
  ) );
#13125 = ORIENTED_EDGE('',*,*,#13126,.T.);
#13126 = EDGE_CURVE('',#13099,#13127,#13129,.T.);
#13127 = VERTEX_POINT('',#13128);
#13128 = CARTESIAN_POINT('',(42.276279008196,8.780078155013,
    -15.46148533171));
#13129 = SURFACE_CURVE('',#13130,(#13134,#13141),.PCURVE_S1.);
#13130 = LINE('',#13131,#13132);
#13131 = CARTESIAN_POINT('',(42.288076927083,8.389607976942,
    -16.13738765209));
#13132 = VECTOR('',#13133,1.);
#13133 = DIRECTION('',(1.511250058046E-02,-0.500171330986,
    -0.865794578399));
#13134 = PCURVE('',#10120,#13135);
#13135 = DEFINITIONAL_REPRESENTATION('',(#13136),#13140);
#13136 = LINE('',#13137,#13138);
#13137 = CARTESIAN_POINT('',(17.389607976942,-1.197042122781));
#13138 = VECTOR('',#13139,1.);
#13139 = DIRECTION('',(-0.500171330986,0.865926463194));
#13140 = ( GEOMETRIC_REPRESENTATION_CONTEXT(2) 
PARAMETRIC_REPRESENTATION_CONTEXT() REPRESENTATION_CONTEXT('2D SPACE',''
  ) );
#13141 = PCURVE('',#13142,#13147);
#13142 = PLANE('',#13143);
#13143 = AXIS2_PLACEMENT_3D('',#13144,#13145,#13146);
#13144 = CARTESIAN_POINT('',(45.273606465327,13.234768965628,
    -7.641097424968));
#13145 = DIRECTION('',(1.745240643728E-02,0.865893503921,-0.499923847578
    ));
#13146 = DIRECTION('',(0.999847695156,-1.511422733186E-02,
    8.726203218642E-03));
#13147 = DEFINITIONAL_REPRESENTATION('',(#13148),#13152);
#13148 = LINE('',#13149,#13150);
#13149 = CARTESIAN_POINT('',(-2.985984318118,9.780583668959));
#13150 = VECTOR('',#13151,1.);
#13151 = DIRECTION('',(1.511480263811E-02,0.999885764846));
#13152 = ( GEOMETRIC_REPRESENTATION_CONTEXT(2) 
PARAMETRIC_REPRESENTATION_CONTEXT() REPRESENTATION_CONTEXT('2D SPACE',''
  ) );
#13153 = ORIENTED_EDGE('',*,*,#13154,.F.);
#13154 = EDGE_CURVE('',#13155,#13127,#13157,.T.);
#13155 = VERTEX_POINT('',#13156);
#13156 = CARTESIAN_POINT('',(42.27849531159,9.,-15.58845726812));
#13157 = SURFACE_CURVE('',#13158,(#13162,#13169),.PCURVE_S1.);
#13158 = LINE('',#13159,#13160);
#13159 = CARTESIAN_POINT('',(42.221676432914,3.361912424839,
    -12.33330588888));
#13160 = VECTOR('',#13161,1.);
#13161 = DIRECTION('',(-8.727200095795E-03,-0.865992423168,
    0.499980958632));
#13162 = PCURVE('',#10120,#13163);
#13163 = DEFINITIONAL_REPRESENTATION('',(#13164),#13168);
#13164 = LINE('',#13165,#13166);
#13165 = CARTESIAN_POINT('',(12.361912424839,-5.001703354322));
#13166 = VECTOR('',#13167,1.);
#13167 = DIRECTION('',(-0.865992423168,-0.500057119753));
#13168 = ( GEOMETRIC_REPRESENTATION_CONTEXT(2) 
PARAMETRIC_REPRESENTATION_CONTEXT() REPRESENTATION_CONTEXT('2D SPACE',''
  ) );
#13169 = PCURVE('',#13170,#13175);
#13170 = PLANE('',#13171);
#13171 = AXIS2_PLACEMENT_3D('',#13172,#13173,#13174);
#13172 = CARTESIAN_POINT('',(48.308054363671,10.421213291474,
    -16.40899514452));
#13173 = DIRECTION('',(0.,-0.5,-0.866025403784));
#13174 = DIRECTION('',(-0.999847695156,1.511422733186E-02,
    -8.726203218642E-03));
#13175 = DEFINITIONAL_REPRESENTATION('',(#13176),#13180);
#13176 = LINE('',#13177,#13178);
#13177 = CARTESIAN_POINT('',(5.943189775115,-8.256358958234));
#13178 = VECTOR('',#13179,1.);
#13179 = DIRECTION('',(-8.725870900949E-03,-0.999961928864));
#13180 = ( GEOMETRIC_REPRESENTATION_CONTEXT(2) 
PARAMETRIC_REPRESENTATION_CONTEXT() REPRESENTATION_CONTEXT('2D SPACE',''
  ) );
#13181 = ORIENTED_EDGE('',*,*,#13182,.F.);
#13182 = EDGE_CURVE('',#10105,#13155,#13183,.T.);
#13183 = SURFACE_CURVE('',#13184,(#13188,#13195),.PCURVE_S1.);
#13184 = LINE('',#13185,#13186);
#13185 = CARTESIAN_POINT('',(42.308968192733,9.,-17.33424745956));
#13186 = VECTOR('',#13187,1.);
#13187 = DIRECTION('',(-1.745240643728E-02,0.,0.999847695156));
#13188 = PCURVE('',#10120,#13189);
#13189 = DEFINITIONAL_REPRESENTATION('',(#13190),#13194);
#13190 = LINE('',#13191,#13192);
#13191 = CARTESIAN_POINT('',(18.,0.));
#13192 = VECTOR('',#13193,1.);
#13193 = DIRECTION('',(0.,-1.));
#13194 = ( GEOMETRIC_REPRESENTATION_CONTEXT(2) 
PARAMETRIC_REPRESENTATION_CONTEXT() REPRESENTATION_CONTEXT('2D SPACE',''
  ) );
#13195 = PCURVE('',#10204,#13196);
#13196 = DEFINITIONAL_REPRESENTATION('',(#13197),#13201);
#13197 = LINE('',#13198,#13199);
#13198 = CARTESIAN_POINT('',(0.,0.));
#13199 = VECTOR('',#13200,1.);
#13200 = DIRECTION('',(0.,-1.));
#13201 = ( GEOMETRIC_REPRESENTATION_CONTEXT(2) 
PARAMETRIC_REPRESENTATION_CONTEXT() REPRESENTATION_CONTEXT('2D SPACE',''
  ) );
#13202 = ADVANCED_FACE('',(#13203),#10204,.F.);
#13203 = FACE_BOUND('',#13204,.F.);
#13204 = EDGE_LOOP('',(#13205,#13206,#13207,#13230));
#13205 = ORIENTED_EDGE('',*,*,#10189,.F.);
#13206 = ORIENTED_EDGE('',*,*,#13182,.T.);
#13207 = ORIENTED_EDGE('',*,*,#13208,.F.);
#13208 = EDGE_CURVE('',#13209,#13155,#13211,.T.);
#13209 = VERTEX_POINT('',#13210);
#13210 = CARTESIAN_POINT('',(48.279409279853,9.,-15.58845726812));
#13211 = SURFACE_CURVE('',#13212,(#13216,#13223),.PCURVE_S1.);
#13212 = LINE('',#13213,#13214);
#13213 = CARTESIAN_POINT('',(45.308511278202,9.,-15.58845726812));
#13214 = VECTOR('',#13215,1.);
#13215 = DIRECTION('',(-1.,0.,0.));
#13216 = PCURVE('',#10204,#13217);
#13217 = DEFINITIONAL_REPRESENTATION('',(#13218),#13222);
#13218 = LINE('',#13219,#13220);
#13219 = CARTESIAN_POINT('',(3.029554480504,-1.693175054085));
#13220 = VECTOR('',#13221,1.);
#13221 = DIRECTION('',(-0.999847695156,-1.745240643728E-02));
#13222 = ( GEOMETRIC_REPRESENTATION_CONTEXT(2) 
PARAMETRIC_REPRESENTATION_CONTEXT() REPRESENTATION_CONTEXT('2D SPACE',''
  ) );
#13223 = PCURVE('',#10527,#13224);
#13224 = DEFINITIONAL_REPRESENTATION('',(#13225),#13229);
#13225 = LINE('',#13226,#13227);
#13226 = CARTESIAN_POINT('',(2.970445519496,-1.693175054085));
#13227 = VECTOR('',#13228,1.);
#13228 = DIRECTION('',(0.999847695156,-1.745240643728E-02));
#13229 = ( GEOMETRIC_REPRESENTATION_CONTEXT(2) 
PARAMETRIC_REPRESENTATION_CONTEXT() REPRESENTATION_CONTEXT('2D SPACE',''
  ) );
#13230 = ORIENTED_EDGE('',*,*,#13231,.F.);
#13231 = EDGE_CURVE('',#10162,#13209,#13232,.T.);
#13232 = SURFACE_CURVE('',#13233,(#13237,#13244),.PCURVE_S1.);
#13233 = LINE('',#13234,#13235);
#13234 = CARTESIAN_POINT('',(48.308054363671,9.,-17.22953302093));
#13235 = VECTOR('',#13236,1.);
#13236 = DIRECTION('',(-1.745240643728E-02,0.,0.999847695156));
#13237 = PCURVE('',#10204,#13238);
#13238 = DEFINITIONAL_REPRESENTATION('',(#13239),#13243);
#13239 = LINE('',#13240,#13241);
#13240 = CARTESIAN_POINT('',(6.,1.484923295436E-15));
#13241 = VECTOR('',#13242,1.);
#13242 = DIRECTION('',(0.,-1.));
#13243 = ( GEOMETRIC_REPRESENTATION_CONTEXT(2) 
PARAMETRIC_REPRESENTATION_CONTEXT() REPRESENTATION_CONTEXT('2D SPACE',''
  ) );
#13244 = PCURVE('',#10177,#13245);
#13245 = DEFINITIONAL_REPRESENTATION('',(#13246),#13250);
#13246 = LINE('',#13247,#13248);
#13247 = CARTESIAN_POINT('',(0.,0.));
#13248 = VECTOR('',#13249,1.);
#13249 = DIRECTION('',(-0.,-1.));
#13250 = ( GEOMETRIC_REPRESENTATION_CONTEXT(2) 
PARAMETRIC_REPRESENTATION_CONTEXT() REPRESENTATION_CONTEXT('2D SPACE',''
  ) );
#13251 = ADVANCED_FACE('',(#13252),#10177,.F.);
#13252 = FACE_BOUND('',#13253,.F.);
#13253 = EDGE_LOOP('',(#13254,#13255,#13256,#13279,#13300,#13301));
#13254 = ORIENTED_EDGE('',*,*,#10161,.F.);
#13255 = ORIENTED_EDGE('',*,*,#13231,.T.);
#13256 = ORIENTED_EDGE('',*,*,#13257,.F.);
#13257 = EDGE_CURVE('',#13258,#13209,#13260,.T.);
#13258 = VERTEX_POINT('',#13259);
#13259 = CARTESIAN_POINT('',(48.273149550796,8.792950855755,
    -15.22983763062));
#13260 = SURFACE_CURVE('',#13261,(#13265,#13272),.PCURVE_S1.);
#13261 = LINE('',#13262,#13263);
#13262 = CARTESIAN_POINT('',(48.232885885989,7.461174788996,
    -12.92313381869));
#13263 = VECTOR('',#13264,1.);
#13264 = DIRECTION('',(1.511480281341E-02,0.499942882422,-0.865926473237
    ));
#13265 = PCURVE('',#10177,#13266);
#13266 = DEFINITIONAL_REPRESENTATION('',(#13267),#13271);
#13267 = LINE('',#13268,#13269);
#13268 = CARTESIAN_POINT('',(1.538825211004,-4.307055187606));
#13269 = VECTOR('',#13270,1.);
#13270 = DIRECTION('',(-0.499942882422,0.866058378122));
#13271 = ( GEOMETRIC_REPRESENTATION_CONTEXT(2) 
PARAMETRIC_REPRESENTATION_CONTEXT() REPRESENTATION_CONTEXT('2D SPACE',''
  ) );
#13272 = PCURVE('',#10555,#13273);
#13273 = DEFINITIONAL_REPRESENTATION('',(#13274),#13278);
#13274 = LINE('',#13275,#13276);
#13275 = CARTESIAN_POINT('',(16.461174789,-4.307055187608));
#13276 = VECTOR('',#13277,1.);
#13277 = DIRECTION('',(0.499942882422,0.866058378122));
#13278 = ( GEOMETRIC_REPRESENTATION_CONTEXT(2) 
PARAMETRIC_REPRESENTATION_CONTEXT() REPRESENTATION_CONTEXT('2D SPACE',''
  ) );
#13279 = ORIENTED_EDGE('',*,*,#13280,.T.);
#13280 = EDGE_CURVE('',#13258,#12622,#13281,.T.);
#13281 = SURFACE_CURVE('',#13282,(#13286,#13293),.PCURVE_S1.);
#13282 = LINE('',#13283,#13284);
#13283 = CARTESIAN_POINT('',(48.273149550796,9.,-15.22983763062));
#13284 = VECTOR('',#13285,1.);
#13285 = DIRECTION('',(0.,-1.,0.));
#13286 = PCURVE('',#10177,#13287);
#13287 = DEFINITIONAL_REPRESENTATION('',(#13288),#13292);
#13288 = LINE('',#13289,#13290);
#13289 = CARTESIAN_POINT('',(1.7763568394E-15,-2.));
#13290 = VECTOR('',#13291,1.);
#13291 = DIRECTION('',(1.,0.));
#13292 = ( GEOMETRIC_REPRESENTATION_CONTEXT(2) 
PARAMETRIC_REPRESENTATION_CONTEXT() REPRESENTATION_CONTEXT('2D SPACE',''
  ) );
#13293 = PCURVE('',#13114,#13294);
#13294 = DEFINITIONAL_REPRESENTATION('',(#13295),#13299);
#13295 = LINE('',#13296,#13297);
#13296 = CARTESIAN_POINT('',(3.,-9.));
#13297 = VECTOR('',#13298,1.);
#13298 = DIRECTION('',(0.,1.));
#13299 = ( GEOMETRIC_REPRESENTATION_CONTEXT(2) 
PARAMETRIC_REPRESENTATION_CONTEXT() REPRESENTATION_CONTEXT('2D SPACE',''
  ) );
#13300 = ORIENTED_EDGE('',*,*,#12621,.T.);
#13301 = ORIENTED_EDGE('',*,*,#13302,.F.);
#13302 = EDGE_CURVE('',#10133,#12573,#13303,.T.);
#13303 = SURFACE_CURVE('',#13304,(#13308,#13315),.PCURVE_S1.);
#13304 = LINE('',#13305,#13306);
#13305 = CARTESIAN_POINT('',(48.308054363671,-9.,-17.22953302093));
#13306 = VECTOR('',#13307,1.);
#13307 = DIRECTION('',(-1.745240643728E-02,0.,0.999847695156));
#13308 = PCURVE('',#10177,#13309);
#13309 = DEFINITIONAL_REPRESENTATION('',(#13310),#13314);
#13310 = LINE('',#13311,#13312);
#13311 = CARTESIAN_POINT('',(18.,0.));
#13312 = VECTOR('',#13313,1.);
#13313 = DIRECTION('',(-0.,-1.));
#13314 = ( GEOMETRIC_REPRESENTATION_CONTEXT(2) 
PARAMETRIC_REPRESENTATION_CONTEXT() REPRESENTATION_CONTEXT('2D SPACE',''
  ) );
#13315 = PCURVE('',#10149,#13316);
#13316 = DEFINITIONAL_REPRESENTATION('',(#13317),#13321);
#13317 = LINE('',#13318,#13319);
#13318 = CARTESIAN_POINT('',(0.,0.));
#13319 = VECTOR('',#13320,1.);
#13320 = DIRECTION('',(0.,-1.));
#13321 = ( GEOMETRIC_REPRESENTATION_CONTEXT(2) 
PARAMETRIC_REPRESENTATION_CONTEXT() REPRESENTATION_CONTEXT('2D SPACE',''
  ) );
#13322 = ADVANCED_FACE('',(#13323),#10149,.F.);
#13323 = FACE_BOUND('',#13324,.F.);
#13324 = EDGE_LOOP('',(#13325,#13326,#13327,#13328));
#13325 = ORIENTED_EDGE('',*,*,#10132,.F.);
#13326 = ORIENTED_EDGE('',*,*,#13302,.T.);
#13327 = ORIENTED_EDGE('',*,*,#12572,.T.);
#13328 = ORIENTED_EDGE('',*,*,#13023,.F.);
#13329 = ADVANCED_FACE('',(#13330),#10277,.F.);
#13330 = FACE_BOUND('',#13331,.T.);
#13331 = EDGE_LOOP('',(#13332,#13333,#13334,#13335));
#13332 = ORIENTED_EDGE('',*,*,#10857,.T.);
#13333 = ORIENTED_EDGE('',*,*,#10264,.T.);
#13334 = ORIENTED_EDGE('',*,*,#11046,.T.);
#13335 = ORIENTED_EDGE('',*,*,#10904,.T.);
#13336 = ADVANCED_FACE('',(#13337),#10309,.F.);
#13337 = FACE_BOUND('',#13338,.F.);
#13338 = EDGE_LOOP('',(#13339,#13340,#13363,#13391,#13419,#13445,#13473,
    #13499));
#13339 = ORIENTED_EDGE('',*,*,#10291,.F.);
#13340 = ORIENTED_EDGE('',*,*,#13341,.T.);
#13341 = EDGE_CURVE('',#10292,#13342,#13344,.T.);
#13342 = VERTEX_POINT('',#13343);
#13343 = CARTESIAN_POINT('',(42.27849531159,18.,-1.3E-14));
#13344 = SURFACE_CURVE('',#13345,(#13349,#13356),.PCURVE_S1.);
#13345 = LINE('',#13346,#13347);
#13346 = CARTESIAN_POINT('',(42.308968192733,19.511898655466,
    0.87289509572));
#13347 = VECTOR('',#13348,1.);
#13348 = DIRECTION('',(-1.745240643728E-02,-0.865893503921,
    -0.499923847578));
#13349 = PCURVE('',#10309,#13350);
#13350 = DEFINITIONAL_REPRESENTATION('',(#13351),#13355);
#13351 = LINE('',#13352,#13353);
#13352 = CARTESIAN_POINT('',(0.,0.));
#13353 = VECTOR('',#13354,1.);
#13354 = DIRECTION('',(0.,-1.));
#13355 = ( GEOMETRIC_REPRESENTATION_CONTEXT(2) 
PARAMETRIC_REPRESENTATION_CONTEXT() REPRESENTATION_CONTEXT('2D SPACE',''
  ) );
#13356 = PCURVE('',#10338,#13357);
#13357 = DEFINITIONAL_REPRESENTATION('',(#13358),#13362);
#13358 = LINE('',#13359,#13360);
#13359 = CARTESIAN_POINT('',(6.,-1.484923295436E-15));
#13360 = VECTOR('',#13361,1.);
#13361 = DIRECTION('',(0.,-1.));
#13362 = ( GEOMETRIC_REPRESENTATION_CONTEXT(2) 
PARAMETRIC_REPRESENTATION_CONTEXT() REPRESENTATION_CONTEXT('2D SPACE',''
  ) );
#13363 = ORIENTED_EDGE('',*,*,#13364,.T.);
#13364 = EDGE_CURVE('',#13342,#13365,#13367,.T.);
#13365 = VERTEX_POINT('',#13366);
#13366 = CARTESIAN_POINT('',(42.276279008196,17.780078155013,
    0.126971936404));
#13367 = SURFACE_CURVE('',#13368,(#13372,#13379),.PCURVE_S1.);
#13368 = LINE('',#13369,#13370);
#13369 = CARTESIAN_POINT('',(42.289924092604,19.134067931951,
    -0.654754425791));
#13370 = VECTOR('',#13371,1.);
#13371 = DIRECTION('',(-8.727200095795E-03,-0.865992423168,
    0.499980958632));
#13372 = PCURVE('',#10309,#13373);
#13373 = DEFINITIONAL_REPRESENTATION('',(#13374),#13378);
#13374 = LINE('',#13375,#13376);
#13375 = CARTESIAN_POINT('',(-1.134067931951,-1.091201960994));
#13376 = VECTOR('',#13377,1.);
#13377 = DIRECTION('',(0.865992423168,-0.500057119753));
#13378 = ( GEOMETRIC_REPRESENTATION_CONTEXT(2) 
PARAMETRIC_REPRESENTATION_CONTEXT() REPRESENTATION_CONTEXT('2D SPACE',''
  ) );
#13379 = PCURVE('',#13380,#13385);
#13380 = PLANE('',#13381);
#13381 = AXIS2_PLACEMENT_3D('',#13382,#13383,#13384);
#13382 = CARTESIAN_POINT('',(42.308968192733,19.511898655466,
    -0.87289509572));
#13383 = DIRECTION('',(0.,0.5,0.866025403784));
#13384 = DIRECTION('',(0.999847695156,-1.511422733186E-02,
    8.726203218642E-03));
#13385 = DEFINITIONAL_REPRESENTATION('',(#13386),#13390);
#13386 = LINE('',#13387,#13388);
#13387 = CARTESIAN_POINT('',(-1.14270403555E-02,-0.436547257473));
#13388 = VECTOR('',#13389,1.);
#13389 = DIRECTION('',(8.725870900949E-03,-0.999961928864));
#13390 = ( GEOMETRIC_REPRESENTATION_CONTEXT(2) 
PARAMETRIC_REPRESENTATION_CONTEXT() REPRESENTATION_CONTEXT('2D SPACE',''
  ) );
#13391 = ORIENTED_EDGE('',*,*,#13392,.F.);
#13392 = EDGE_CURVE('',#13393,#13365,#13395,.T.);
#13393 = VERTEX_POINT('',#13394);
#13394 = CARTESIAN_POINT('',(42.274063379858,17.706815530165,-1.2E-14));
#13395 = SURFACE_CURVE('',#13396,(#13400,#13407),.PCURVE_S1.);
#13396 = LINE('',#13397,#13398);
#13397 = CARTESIAN_POINT('',(42.220047371315,15.920706144432,
    -3.095517909838));
#13398 = VECTOR('',#13399,1.);
#13399 = DIRECTION('',(1.511250058046E-02,0.49971443386,0.866058368078)
  );
#13400 = PCURVE('',#10309,#13401);
#13401 = DEFINITIONAL_REPRESENTATION('',(#13402),#13406);
#13402 = LINE('',#13403,#13404);
#13403 = CARTESIAN_POINT('',(-1.641150220005,-5.095046447467));
#13404 = VECTOR('',#13405,1.);
#13405 = DIRECTION('',(0.500171330986,0.865926463194));
#13406 = ( GEOMETRIC_REPRESENTATION_CONTEXT(2) 
PARAMETRIC_REPRESENTATION_CONTEXT() REPRESENTATION_CONTEXT('2D SPACE',''
  ) );
#13407 = PCURVE('',#13408,#13413);
#13408 = PLANE('',#13409);
#13409 = AXIS2_PLACEMENT_3D('',#13410,#13411,#13412);
#13410 = CARTESIAN_POINT('',(45.273606465327,13.234768965628,
    -7.641097424968));
#13411 = DIRECTION('',(1.745240643728E-02,0.865893503921,-0.499923847578
    ));
#13412 = DIRECTION('',(0.999847695156,-1.511422733186E-02,
    8.726203218642E-03));
#13413 = DEFINITIONAL_REPRESENTATION('',(#13414),#13418);
#13414 = LINE('',#13415,#13416);
#13415 = CARTESIAN_POINT('',(-3.054024236696,-5.279555924427));
#13416 = VECTOR('',#13417,1.);
#13417 = DIRECTION('',(1.511480263811E-02,-0.999885764846));
#13418 = ( GEOMETRIC_REPRESENTATION_CONTEXT(2) 
PARAMETRIC_REPRESENTATION_CONTEXT() REPRESENTATION_CONTEXT('2D SPACE',''
  ) );
#13419 = ORIENTED_EDGE('',*,*,#13420,.T.);
#13420 = EDGE_CURVE('',#13393,#12757,#13421,.T.);
#13421 = SURFACE_CURVE('',#13422,(#13426,#13433),.PCURVE_S1.);
#13422 = LINE('',#13423,#13424);
#13423 = CARTESIAN_POINT('',(42.274063379858,17.780111647624,
    -0.126952599436));
#13424 = VECTOR('',#13425,1.);
#13425 = DIRECTION('',(-1.047144386237E-18,-0.5,0.866025403784));
#13426 = PCURVE('',#10309,#13427);
#13427 = DEFINITIONAL_REPRESENTATION('',(#13428),#13432);
#13428 = LINE('',#13429,#13430);
#13429 = CARTESIAN_POINT('',(1.7763568394E-15,-2.));
#13430 = VECTOR('',#13431,1.);
#13431 = DIRECTION('',(1.,-6.E-17));
#13432 = ( GEOMETRIC_REPRESENTATION_CONTEXT(2) 
PARAMETRIC_REPRESENTATION_CONTEXT() REPRESENTATION_CONTEXT('2D SPACE',''
  ) );
#13433 = PCURVE('',#13434,#13439);
#13434 = PLANE('',#13435);
#13435 = AXIS2_PLACEMENT_3D('',#13436,#13437,#13438);
#13436 = CARTESIAN_POINT('',(45.273606465327,13.234768965628,
    7.641097424968));
#13437 = DIRECTION('',(1.745240643728E-02,0.865893503921,0.499923847578)
  );
#13438 = DIRECTION('',(0.999847695156,-1.511422733186E-02,
    -8.726203218642E-03));
#13439 = DEFINITIONAL_REPRESENTATION('',(#13440),#13444);
#13440 = LINE('',#13441,#13442);
#13441 = CARTESIAN_POINT('',(-3.,9.));
#13442 = VECTOR('',#13443,1.);
#13443 = DIRECTION('',(6.354600832563E-33,-1.));
#13444 = ( GEOMETRIC_REPRESENTATION_CONTEXT(2) 
PARAMETRIC_REPRESENTATION_CONTEXT() REPRESENTATION_CONTEXT('2D SPACE',''
  ) );
#13445 = ORIENTED_EDGE('',*,*,#13446,.F.);
#13446 = EDGE_CURVE('',#13447,#12757,#13449,.T.);
#13447 = VERTEX_POINT('',#13448);
#13448 = CARTESIAN_POINT('',(42.276279008196,9.,15.334513395312));
#13449 = SURFACE_CURVE('',#13450,(#13454,#13461),.PCURVE_S1.);
#13450 = LINE('',#13451,#13452);
#13451 = CARTESIAN_POINT('',(42.288076927083,9.780583668959,
    15.334307461871));
#13452 = VECTOR('',#13453,1.);
#13453 = DIRECTION('',(-1.511250058046E-02,-0.999885764846,
    2.637896788597E-04));
#13454 = PCURVE('',#10309,#13455);
#13455 = DEFINITIONAL_REPRESENTATION('',(#13456),#13460);
#13456 = LINE('',#13457,#13458);
#13457 = CARTESIAN_POINT('',(17.389607976942,-1.197042122781));
#13458 = VECTOR('',#13459,1.);
#13459 = DIRECTION('',(0.500171330986,-0.865926463194));
#13460 = ( GEOMETRIC_REPRESENTATION_CONTEXT(2) 
PARAMETRIC_REPRESENTATION_CONTEXT() REPRESENTATION_CONTEXT('2D SPACE',''
  ) );
#13461 = PCURVE('',#13462,#13467);
#13462 = PLANE('',#13463);
#13463 = AXIS2_PLACEMENT_3D('',#13464,#13465,#13466);
#13464 = CARTESIAN_POINT('',(45.273606465327,1.5E-16,15.282194849936));
#13465 = DIRECTION('',(1.745240643728E-02,0.,0.999847695156));
#13466 = DIRECTION('',(0.999847695156,0.,-1.745240643728E-02));
#13467 = DEFINITIONAL_REPRESENTATION('',(#13468),#13472);
#13468 = LINE('',#13469,#13470);
#13469 = CARTESIAN_POINT('',(-2.985984318119,9.780583668959));
#13470 = VECTOR('',#13471,1.);
#13471 = DIRECTION('',(-1.511480263811E-02,-0.999885764846));
#13472 = ( GEOMETRIC_REPRESENTATION_CONTEXT(2) 
PARAMETRIC_REPRESENTATION_CONTEXT() REPRESENTATION_CONTEXT('2D SPACE',''
  ) );
#13473 = ORIENTED_EDGE('',*,*,#13474,.T.);
#13474 = EDGE_CURVE('',#13447,#12706,#13475,.T.);
#13475 = SURFACE_CURVE('',#13476,(#13480,#13487),.PCURVE_S1.);
#13476 = LINE('',#13477,#13478);
#13477 = CARTESIAN_POINT('',(42.221676432914,9.,9.078154509652));
#13478 = VECTOR('',#13479,1.);
#13479 = DIRECTION('',(8.727200095795E-03,0.,0.999961917264));
#13480 = PCURVE('',#10309,#13481);
#13481 = DEFINITIONAL_REPRESENTATION('',(#13482),#13486);
#13482 = LINE('',#13483,#13484);
#13483 = CARTESIAN_POINT('',(12.361912424839,-5.001703354322));
#13484 = VECTOR('',#13485,1.);
#13485 = DIRECTION('',(0.865992423168,0.500057119753));
#13486 = ( GEOMETRIC_REPRESENTATION_CONTEXT(2) 
PARAMETRIC_REPRESENTATION_CONTEXT() REPRESENTATION_CONTEXT('2D SPACE',''
  ) );
#13487 = PCURVE('',#13488,#13493);
#13488 = PLANE('',#13489);
#13489 = AXIS2_PLACEMENT_3D('',#13490,#13491,#13492);
#13490 = CARTESIAN_POINT('',(48.308054363671,9.,17.229533020937));
#13491 = DIRECTION('',(0.,1.,0.));
#13492 = DIRECTION('',(-0.999847695156,0.,1.745240643728E-02));
#13493 = DEFINITIONAL_REPRESENTATION('',(#13494),#13498);
#13494 = LINE('',#13495,#13496);
#13495 = CARTESIAN_POINT('',(5.943189775115,-8.256358958234));
#13496 = VECTOR('',#13497,1.);
#13497 = DIRECTION('',(8.725870900949E-03,0.999961928864));
#13498 = ( GEOMETRIC_REPRESENTATION_CONTEXT(2) 
PARAMETRIC_REPRESENTATION_CONTEXT() REPRESENTATION_CONTEXT('2D SPACE',''
  ) );
#13499 = ORIENTED_EDGE('',*,*,#13500,.F.);
#13500 = EDGE_CURVE('',#10294,#12706,#13501,.T.);
#13501 = SURFACE_CURVE('',#13502,(#13506,#13513),.PCURVE_S1.);
#13502 = LINE('',#13503,#13504);
#13503 = CARTESIAN_POINT('',(42.308968192733,10.511898655466,
    16.46135236384));
#13504 = VECTOR('',#13505,1.);
#13505 = DIRECTION('',(-1.745240643728E-02,-0.865893503921,
    -0.499923847578));
#13506 = PCURVE('',#10309,#13507);
#13507 = DEFINITIONAL_REPRESENTATION('',(#13508),#13512);
#13508 = LINE('',#13509,#13510);
#13509 = CARTESIAN_POINT('',(18.,0.));
#13510 = VECTOR('',#13511,1.);
#13511 = DIRECTION('',(0.,-1.));
#13512 = ( GEOMETRIC_REPRESENTATION_CONTEXT(2) 
PARAMETRIC_REPRESENTATION_CONTEXT() REPRESENTATION_CONTEXT('2D SPACE',''
  ) );
#13513 = PCURVE('',#10393,#13514);
#13514 = DEFINITIONAL_REPRESENTATION('',(#13515),#13519);
#13515 = LINE('',#13516,#13517);
#13516 = CARTESIAN_POINT('',(0.,0.));
#13517 = VECTOR('',#13518,1.);
#13518 = DIRECTION('',(0.,-1.));
#13519 = ( GEOMETRIC_REPRESENTATION_CONTEXT(2) 
PARAMETRIC_REPRESENTATION_CONTEXT() REPRESENTATION_CONTEXT('2D SPACE',''
  ) );
#13520 = ADVANCED_FACE('',(#13521),#10393,.F.);
#13521 = FACE_BOUND('',#13522,.F.);
#13522 = EDGE_LOOP('',(#13523,#13524,#13525,#13526));
#13523 = ORIENTED_EDGE('',*,*,#10378,.F.);
#13524 = ORIENTED_EDGE('',*,*,#13500,.T.);
#13525 = ORIENTED_EDGE('',*,*,#12990,.T.);
#13526 = ORIENTED_EDGE('',*,*,#13527,.F.);
#13527 = EDGE_CURVE('',#10351,#12942,#13528,.T.);
#13528 = SURFACE_CURVE('',#13529,(#13533,#13540),.PCURVE_S1.);
#13529 = LINE('',#13530,#13531);
#13530 = CARTESIAN_POINT('',(48.308054363671,10.421213291474,
    16.408995144529));
#13531 = VECTOR('',#13532,1.);
#13532 = DIRECTION('',(-1.745240643728E-02,-0.865893503921,
    -0.499923847578));
#13533 = PCURVE('',#10393,#13534);
#13534 = DEFINITIONAL_REPRESENTATION('',(#13535),#13539);
#13535 = LINE('',#13536,#13537);
#13536 = CARTESIAN_POINT('',(6.,1.484923295436E-15));
#13537 = VECTOR('',#13538,1.);
#13538 = DIRECTION('',(0.,-1.));
#13539 = ( GEOMETRIC_REPRESENTATION_CONTEXT(2) 
PARAMETRIC_REPRESENTATION_CONTEXT() REPRESENTATION_CONTEXT('2D SPACE',''
  ) );
#13540 = PCURVE('',#10366,#13541);
#13541 = DEFINITIONAL_REPRESENTATION('',(#13542),#13546);
#13542 = LINE('',#13543,#13544);
#13543 = CARTESIAN_POINT('',(0.,0.));
#13544 = VECTOR('',#13545,1.);
#13545 = DIRECTION('',(-0.,-1.));
#13546 = ( GEOMETRIC_REPRESENTATION_CONTEXT(2) 
PARAMETRIC_REPRESENTATION_CONTEXT() REPRESENTATION_CONTEXT('2D SPACE',''
  ) );
#13547 = ADVANCED_FACE('',(#13548),#10366,.F.);
#13548 = FACE_BOUND('',#13549,.F.);
#13549 = EDGE_LOOP('',(#13550,#13551,#13552,#13553,#13576,#13599));
#13550 = ORIENTED_EDGE('',*,*,#10350,.F.);
#13551 = ORIENTED_EDGE('',*,*,#13527,.T.);
#13552 = ORIENTED_EDGE('',*,*,#12941,.T.);
#13553 = ORIENTED_EDGE('',*,*,#13554,.T.);
#13554 = EDGE_CURVE('',#12919,#13555,#13557,.T.);
#13555 = VERTEX_POINT('',#13556);
#13556 = CARTESIAN_POINT('',(48.273149550796,17.585901711511,-8.E-15));
#13557 = SURFACE_CURVE('',#13558,(#13562,#13569),.PCURVE_S1.);
#13558 = LINE('',#13559,#13560);
#13559 = CARTESIAN_POINT('',(48.273149550796,8.689426283633,
    15.409147449372));
#13560 = VECTOR('',#13561,1.);
#13561 = DIRECTION('',(1.047144386237E-18,0.5,-0.866025403784));
#13562 = PCURVE('',#10366,#13563);
#13563 = DEFINITIONAL_REPRESENTATION('',(#13564),#13568);
#13564 = LINE('',#13565,#13566);
#13565 = CARTESIAN_POINT('',(1.7763568394E-15,-2.));
#13566 = VECTOR('',#13567,1.);
#13567 = DIRECTION('',(1.,6.E-17));
#13568 = ( GEOMETRIC_REPRESENTATION_CONTEXT(2) 
PARAMETRIC_REPRESENTATION_CONTEXT() REPRESENTATION_CONTEXT('2D SPACE',''
  ) );
#13569 = PCURVE('',#13434,#13570);
#13570 = DEFINITIONAL_REPRESENTATION('',(#13571),#13575);
#13571 = LINE('',#13572,#13573);
#13572 = CARTESIAN_POINT('',(3.,-9.));
#13573 = VECTOR('',#13574,1.);
#13574 = DIRECTION('',(-6.354600832563E-33,1.));
#13575 = ( GEOMETRIC_REPRESENTATION_CONTEXT(2) 
PARAMETRIC_REPRESENTATION_CONTEXT() REPRESENTATION_CONTEXT('2D SPACE',''
  ) );
#13576 = ORIENTED_EDGE('',*,*,#13577,.T.);
#13577 = EDGE_CURVE('',#13555,#13578,#13580,.T.);
#13578 = VERTEX_POINT('',#13579);
#13579 = CARTESIAN_POINT('',(48.279409279853,18.,-1.1E-14));
#13580 = SURFACE_CURVE('',#13581,(#13585,#13592),.PCURVE_S1.);
#13581 = LINE('',#13582,#13583);
#13582 = CARTESIAN_POINT('',(48.232885885989,14.922349577996,
    -1.72579E-12));
#13583 = VECTOR('',#13584,1.);
#13584 = DIRECTION('',(1.511480281341E-02,0.999885764843,-7.E-16));
#13585 = PCURVE('',#10366,#13586);
#13586 = DEFINITIONAL_REPRESENTATION('',(#13587),#13591);
#13587 = LINE('',#13588,#13589);
#13588 = CARTESIAN_POINT('',(16.461174789,-4.307055187608));
#13589 = VECTOR('',#13590,1.);
#13590 = DIRECTION('',(0.499942882422,0.866058378122));
#13591 = ( GEOMETRIC_REPRESENTATION_CONTEXT(2) 
PARAMETRIC_REPRESENTATION_CONTEXT() REPRESENTATION_CONTEXT('2D SPACE',''
  ) );
#13592 = PCURVE('',#10555,#13593);
#13593 = DEFINITIONAL_REPRESENTATION('',(#13594),#13598);
#13594 = LINE('',#13595,#13596);
#13595 = CARTESIAN_POINT('',(1.538825211003,-4.307055187606));
#13596 = VECTOR('',#13597,1.);
#13597 = DIRECTION('',(-0.499942882422,0.866058378122));
#13598 = ( GEOMETRIC_REPRESENTATION_CONTEXT(2) 
PARAMETRIC_REPRESENTATION_CONTEXT() REPRESENTATION_CONTEXT('2D SPACE',''
  ) );
#13599 = ORIENTED_EDGE('',*,*,#13600,.F.);
#13600 = EDGE_CURVE('',#10322,#13578,#13601,.T.);
#13601 = SURFACE_CURVE('',#13602,(#13606,#13613),.PCURVE_S1.);
#13602 = LINE('',#13603,#13604);
#13603 = CARTESIAN_POINT('',(48.308054363671,19.421213291474,
    0.820537876409));
#13604 = VECTOR('',#13605,1.);
#13605 = DIRECTION('',(-1.745240643728E-02,-0.865893503921,
    -0.499923847578));
#13606 = PCURVE('',#10366,#13607);
#13607 = DEFINITIONAL_REPRESENTATION('',(#13608),#13612);
#13608 = LINE('',#13609,#13610);
#13609 = CARTESIAN_POINT('',(18.,0.));
#13610 = VECTOR('',#13611,1.);
#13611 = DIRECTION('',(-0.,-1.));
#13612 = ( GEOMETRIC_REPRESENTATION_CONTEXT(2) 
PARAMETRIC_REPRESENTATION_CONTEXT() REPRESENTATION_CONTEXT('2D SPACE',''
  ) );
#13613 = PCURVE('',#10338,#13614);
#13614 = DEFINITIONAL_REPRESENTATION('',(#13615),#13619);
#13615 = LINE('',#13616,#13617);
#13616 = CARTESIAN_POINT('',(0.,0.));
#13617 = VECTOR('',#13618,1.);
#13618 = DIRECTION('',(0.,-1.));
#13619 = ( GEOMETRIC_REPRESENTATION_CONTEXT(2) 
PARAMETRIC_REPRESENTATION_CONTEXT() REPRESENTATION_CONTEXT('2D SPACE',''
  ) );
#13620 = ADVANCED_FACE('',(#13621),#10338,.F.);
#13621 = FACE_BOUND('',#13622,.F.);
#13622 = EDGE_LOOP('',(#13623,#13624,#13625,#13646));
#13623 = ORIENTED_EDGE('',*,*,#10321,.F.);
#13624 = ORIENTED_EDGE('',*,*,#13600,.T.);
#13625 = ORIENTED_EDGE('',*,*,#13626,.T.);
#13626 = EDGE_CURVE('',#13578,#13342,#13627,.T.);
#13627 = SURFACE_CURVE('',#13628,(#13632,#13639),.PCURVE_S1.);
#13628 = LINE('',#13629,#13630);
#13629 = CARTESIAN_POINT('',(45.308511278202,18.,-1.121E-14));
#13630 = VECTOR('',#13631,1.);
#13631 = DIRECTION('',(-1.,0.,0.));
#13632 = PCURVE('',#10338,#13633);
#13633 = DEFINITIONAL_REPRESENTATION('',(#13634),#13638);
#13634 = LINE('',#13635,#13636);
#13635 = CARTESIAN_POINT('',(2.970445519496,-1.693175054085));
#13636 = VECTOR('',#13637,1.);
#13637 = DIRECTION('',(0.999847695156,-1.745240643728E-02));
#13638 = ( GEOMETRIC_REPRESENTATION_CONTEXT(2) 
PARAMETRIC_REPRESENTATION_CONTEXT() REPRESENTATION_CONTEXT('2D SPACE',''
  ) );
#13639 = PCURVE('',#10582,#13640);
#13640 = DEFINITIONAL_REPRESENTATION('',(#13641),#13645);
#13641 = LINE('',#13642,#13643);
#13642 = CARTESIAN_POINT('',(3.029554480504,-1.693175054085));
#13643 = VECTOR('',#13644,1.);
#13644 = DIRECTION('',(-0.999847695156,-1.745240643728E-02));
#13645 = ( GEOMETRIC_REPRESENTATION_CONTEXT(2) 
PARAMETRIC_REPRESENTATION_CONTEXT() REPRESENTATION_CONTEXT('2D SPACE',''
  ) );
#13646 = ORIENTED_EDGE('',*,*,#13341,.F.);
#13647 = ADVANCED_FACE('',(#13648),#10466,.F.);
#13648 = FACE_BOUND('',#13649,.T.);
#13649 = EDGE_LOOP('',(#13650,#13651,#13652,#13653));
#13650 = ORIENTED_EDGE('',*,*,#11093,.T.);
#13651 = ORIENTED_EDGE('',*,*,#10453,.T.);
#13652 = ORIENTED_EDGE('',*,*,#11282,.T.);
#13653 = ORIENTED_EDGE('',*,*,#11140,.T.);
#13654 = ADVANCED_FACE('',(#13655),#10498,.F.);
#13655 = FACE_BOUND('',#13656,.F.);
#13656 = EDGE_LOOP('',(#13657,#13658,#13679,#13707,#13733,#13759,#13787,
    #13813));
#13657 = ORIENTED_EDGE('',*,*,#10480,.F.);
#13658 = ORIENTED_EDGE('',*,*,#13659,.T.);
#13659 = EDGE_CURVE('',#10481,#13155,#13660,.T.);
#13660 = SURFACE_CURVE('',#13661,(#13665,#13672),.PCURVE_S1.);
#13661 = LINE('',#13662,#13663);
#13662 = CARTESIAN_POINT('',(42.308968192733,10.511898655466,
    -16.46135236384));
#13663 = VECTOR('',#13664,1.);
#13664 = DIRECTION('',(-1.745240643728E-02,-0.865893503921,
    0.499923847578));
#13665 = PCURVE('',#10498,#13666);
#13666 = DEFINITIONAL_REPRESENTATION('',(#13667),#13671);
#13667 = LINE('',#13668,#13669);
#13668 = CARTESIAN_POINT('',(0.,0.));
#13669 = VECTOR('',#13670,1.);
#13670 = DIRECTION('',(0.,-1.));
#13671 = ( GEOMETRIC_REPRESENTATION_CONTEXT(2) 
PARAMETRIC_REPRESENTATION_CONTEXT() REPRESENTATION_CONTEXT('2D SPACE',''
  ) );
#13672 = PCURVE('',#10527,#13673);
#13673 = DEFINITIONAL_REPRESENTATION('',(#13674),#13678);
#13674 = LINE('',#13675,#13676);
#13675 = CARTESIAN_POINT('',(6.,-1.484923295436E-15));
#13676 = VECTOR('',#13677,1.);
#13677 = DIRECTION('',(0.,-1.));
#13678 = ( GEOMETRIC_REPRESENTATION_CONTEXT(2) 
PARAMETRIC_REPRESENTATION_CONTEXT() REPRESENTATION_CONTEXT('2D SPACE',''
  ) );
#13679 = ORIENTED_EDGE('',*,*,#13680,.T.);
#13680 = EDGE_CURVE('',#13155,#13681,#13683,.T.);
#13681 = VERTEX_POINT('',#13682);
#13682 = CARTESIAN_POINT('',(42.276279008196,9.,-15.33451339531));
#13683 = SURFACE_CURVE('',#13684,(#13688,#13695),.PCURVE_S1.);
#13684 = LINE('',#13685,#13686);
#13685 = CARTESIAN_POINT('',(42.289924092604,9.,-16.8979661197));
#13686 = VECTOR('',#13687,1.);
#13687 = DIRECTION('',(-8.727200095795E-03,1.2E-16,0.999961917264));
#13688 = PCURVE('',#10498,#13689);
#13689 = DEFINITIONAL_REPRESENTATION('',(#13690),#13694);
#13690 = LINE('',#13691,#13692);
#13691 = CARTESIAN_POINT('',(-1.134067931951,-1.091201960994));
#13692 = VECTOR('',#13693,1.);
#13693 = DIRECTION('',(0.865992423168,-0.500057119753));
#13694 = ( GEOMETRIC_REPRESENTATION_CONTEXT(2) 
PARAMETRIC_REPRESENTATION_CONTEXT() REPRESENTATION_CONTEXT('2D SPACE',''
  ) );
#13695 = PCURVE('',#13696,#13701);
#13696 = PLANE('',#13697);
#13697 = AXIS2_PLACEMENT_3D('',#13698,#13699,#13700);
#13698 = CARTESIAN_POINT('',(42.308968192733,9.,-17.33424745956));
#13699 = DIRECTION('',(0.,1.,0.));
#13700 = DIRECTION('',(0.999847695156,0.,1.745240643728E-02));
#13701 = DEFINITIONAL_REPRESENTATION('',(#13702),#13706);
#13702 = LINE('',#13703,#13704);
#13703 = CARTESIAN_POINT('',(-1.142704035552E-02,-0.436547257473));
#13704 = VECTOR('',#13705,1.);
#13705 = DIRECTION('',(8.725870900949E-03,-0.999961928864));
#13706 = ( GEOMETRIC_REPRESENTATION_CONTEXT(2) 
PARAMETRIC_REPRESENTATION_CONTEXT() REPRESENTATION_CONTEXT('2D SPACE',''
  ) );
#13707 = ORIENTED_EDGE('',*,*,#13708,.F.);
#13708 = EDGE_CURVE('',#13099,#13681,#13709,.T.);
#13709 = SURFACE_CURVE('',#13710,(#13714,#13721),.PCURVE_S1.);
#13710 = LINE('',#13711,#13712);
#13711 = CARTESIAN_POINT('',(42.220047371315,5.279555924427,
    -15.33549492218));
#13712 = VECTOR('',#13713,1.);
#13713 = DIRECTION('',(1.511250058046E-02,0.999885764846,
    2.637896788595E-04));
#13714 = PCURVE('',#10498,#13715);
#13715 = DEFINITIONAL_REPRESENTATION('',(#13716),#13720);
#13716 = LINE('',#13717,#13718);
#13717 = CARTESIAN_POINT('',(-1.641150220005,-5.095046447467));
#13718 = VECTOR('',#13719,1.);
#13719 = DIRECTION('',(0.500171330986,0.865926463194));
#13720 = ( GEOMETRIC_REPRESENTATION_CONTEXT(2) 
PARAMETRIC_REPRESENTATION_CONTEXT() REPRESENTATION_CONTEXT('2D SPACE',''
  ) );
#13721 = PCURVE('',#13722,#13727);
#13722 = PLANE('',#13723);
#13723 = AXIS2_PLACEMENT_3D('',#13724,#13725,#13726);
#13724 = CARTESIAN_POINT('',(45.273606465327,-1.5E-16,-15.28219484993));
#13725 = DIRECTION('',(1.745240643728E-02,0.,-0.999847695156));
#13726 = DIRECTION('',(0.999847695156,0.,1.745240643728E-02));
#13727 = DEFINITIONAL_REPRESENTATION('',(#13728),#13732);
#13728 = LINE('',#13729,#13730);
#13729 = CARTESIAN_POINT('',(-3.054024236696,-5.279555924427));
#13730 = VECTOR('',#13731,1.);
#13731 = DIRECTION('',(1.511480263811E-02,-0.999885764846));
#13732 = ( GEOMETRIC_REPRESENTATION_CONTEXT(2) 
PARAMETRIC_REPRESENTATION_CONTEXT() REPRESENTATION_CONTEXT('2D SPACE',''
  ) );
#13733 = ORIENTED_EDGE('',*,*,#13734,.T.);
#13734 = EDGE_CURVE('',#13099,#13393,#13735,.T.);
#13735 = SURFACE_CURVE('',#13736,(#13740,#13747),.PCURVE_S1.);
#13736 = LINE('',#13737,#13738);
#13737 = CARTESIAN_POINT('',(42.274063379858,8.780111647624,
    -15.46150466868));
#13738 = VECTOR('',#13739,1.);
#13739 = DIRECTION('',(0.,0.5,0.866025403784));
#13740 = PCURVE('',#10498,#13741);
#13741 = DEFINITIONAL_REPRESENTATION('',(#13742),#13746);
#13742 = LINE('',#13743,#13744);
#13743 = CARTESIAN_POINT('',(1.7763568394E-15,-2.));
#13744 = VECTOR('',#13745,1.);
#13745 = DIRECTION('',(1.,0.));
#13746 = ( GEOMETRIC_REPRESENTATION_CONTEXT(2) 
PARAMETRIC_REPRESENTATION_CONTEXT() REPRESENTATION_CONTEXT('2D SPACE',''
  ) );
#13747 = PCURVE('',#13748,#13753);
#13748 = PLANE('',#13749);
#13749 = AXIS2_PLACEMENT_3D('',#13750,#13751,#13752);
#13750 = CARTESIAN_POINT('',(45.273606465327,13.234768965628,
    -7.641097424968));
#13751 = DIRECTION('',(1.745240643728E-02,0.865893503921,-0.499923847578
    ));
#13752 = DIRECTION('',(0.999847695156,-1.511422733186E-02,
    8.726203218642E-03));
#13753 = DEFINITIONAL_REPRESENTATION('',(#13754),#13758);
#13754 = LINE('',#13755,#13756);
#13755 = CARTESIAN_POINT('',(-3.,9.));
#13756 = VECTOR('',#13757,1.);
#13757 = DIRECTION('',(0.,-1.));
#13758 = ( GEOMETRIC_REPRESENTATION_CONTEXT(2) 
PARAMETRIC_REPRESENTATION_CONTEXT() REPRESENTATION_CONTEXT('2D SPACE',''
  ) );
#13759 = ORIENTED_EDGE('',*,*,#13760,.T.);
#13760 = EDGE_CURVE('',#13393,#13761,#13763,.T.);
#13761 = VERTEX_POINT('',#13762);
#13762 = CARTESIAN_POINT('',(42.276279008196,17.780078155013,
    -0.126971936404));
#13763 = SURFACE_CURVE('',#13764,(#13768,#13775),.PCURVE_S1.);
#13764 = LINE('',#13765,#13766);
#13765 = CARTESIAN_POINT('',(42.288076927083,18.170191645901,
    -0.803080190222));
#13766 = VECTOR('',#13767,1.);
#13767 = DIRECTION('',(1.511250058046E-02,0.49971443386,-0.866058368078)
  );
#13768 = PCURVE('',#10498,#13769);
#13769 = DEFINITIONAL_REPRESENTATION('',(#13770),#13774);
#13770 = LINE('',#13771,#13772);
#13771 = CARTESIAN_POINT('',(17.389607976942,-1.197042122781));
#13772 = VECTOR('',#13773,1.);
#13773 = DIRECTION('',(-0.500171330986,0.865926463194));
#13774 = ( GEOMETRIC_REPRESENTATION_CONTEXT(2) 
PARAMETRIC_REPRESENTATION_CONTEXT() REPRESENTATION_CONTEXT('2D SPACE',''
  ) );
#13775 = PCURVE('',#13776,#13781);
#13776 = PLANE('',#13777);
#13777 = AXIS2_PLACEMENT_3D('',#13778,#13779,#13780);
#13778 = CARTESIAN_POINT('',(45.273606465327,13.234768965628,
    7.641097424968));
#13779 = DIRECTION('',(1.745240643728E-02,0.865893503921,0.499923847578)
  );
#13780 = DIRECTION('',(0.999847695156,-1.511422733186E-02,
    -8.726203218642E-03));
#13781 = DEFINITIONAL_REPRESENTATION('',(#13782),#13786);
#13782 = LINE('',#13783,#13784);
#13783 = CARTESIAN_POINT('',(-2.985984318119,9.780583668959));
#13784 = VECTOR('',#13785,1.);
#13785 = DIRECTION('',(1.511480263811E-02,0.999885764846));
#13786 = ( GEOMETRIC_REPRESENTATION_CONTEXT(2) 
PARAMETRIC_REPRESENTATION_CONTEXT() REPRESENTATION_CONTEXT('2D SPACE',''
  ) );
#13787 = ORIENTED_EDGE('',*,*,#13788,.F.);
#13788 = EDGE_CURVE('',#13342,#13761,#13789,.T.);
#13789 = SURFACE_CURVE('',#13790,(#13794,#13801),.PCURVE_S1.);
#13790 = LINE('',#13791,#13792);
#13791 = CARTESIAN_POINT('',(42.221676432914,12.361912424839,
    -3.255151379234));
#13792 = VECTOR('',#13793,1.);
#13793 = DIRECTION('',(-8.727200095795E-03,-0.865992423168,
    -0.499980958632));
#13794 = PCURVE('',#10498,#13795);
#13795 = DEFINITIONAL_REPRESENTATION('',(#13796),#13800);
#13796 = LINE('',#13797,#13798);
#13797 = CARTESIAN_POINT('',(12.361912424839,-5.001703354322));
#13798 = VECTOR('',#13799,1.);
#13799 = DIRECTION('',(-0.865992423168,-0.500057119753));
#13800 = ( GEOMETRIC_REPRESENTATION_CONTEXT(2) 
PARAMETRIC_REPRESENTATION_CONTEXT() REPRESENTATION_CONTEXT('2D SPACE',''
  ) );
#13801 = PCURVE('',#13802,#13807);
#13802 = PLANE('',#13803);
#13803 = AXIS2_PLACEMENT_3D('',#13804,#13805,#13806);
#13804 = CARTESIAN_POINT('',(48.308054363671,19.421213291474,
    0.820537876409));
#13805 = DIRECTION('',(0.,0.5,-0.866025403784));
#13806 = DIRECTION('',(-0.999847695156,1.511422733186E-02,
    8.726203218642E-03));
#13807 = DEFINITIONAL_REPRESENTATION('',(#13808),#13812);
#13808 = LINE('',#13809,#13810);
#13809 = CARTESIAN_POINT('',(5.943189775115,-8.256358958234));
#13810 = VECTOR('',#13811,1.);
#13811 = DIRECTION('',(-8.725870900949E-03,-0.999961928864));
#13812 = ( GEOMETRIC_REPRESENTATION_CONTEXT(2) 
PARAMETRIC_REPRESENTATION_CONTEXT() REPRESENTATION_CONTEXT('2D SPACE',''
  ) );
#13813 = ORIENTED_EDGE('',*,*,#13814,.F.);
#13814 = EDGE_CURVE('',#10483,#13342,#13815,.T.);
#13815 = SURFACE_CURVE('',#13816,(#13820,#13827),.PCURVE_S1.);
#13816 = LINE('',#13817,#13818);
#13817 = CARTESIAN_POINT('',(42.308968192733,19.511898655466,
    -0.87289509572));
#13818 = VECTOR('',#13819,1.);
#13819 = DIRECTION('',(-1.745240643728E-02,-0.865893503921,
    0.499923847578));
#13820 = PCURVE('',#10498,#13821);
#13821 = DEFINITIONAL_REPRESENTATION('',(#13822),#13826);
#13822 = LINE('',#13823,#13824);
#13823 = CARTESIAN_POINT('',(18.,0.));
#13824 = VECTOR('',#13825,1.);
#13825 = DIRECTION('',(0.,-1.));
#13826 = ( GEOMETRIC_REPRESENTATION_CONTEXT(2) 
PARAMETRIC_REPRESENTATION_CONTEXT() REPRESENTATION_CONTEXT('2D SPACE',''
  ) );
#13827 = PCURVE('',#10582,#13828);
#13828 = DEFINITIONAL_REPRESENTATION('',(#13829),#13833);
#13829 = LINE('',#13830,#13831);
#13830 = CARTESIAN_POINT('',(0.,0.));
#13831 = VECTOR('',#13832,1.);
#13832 = DIRECTION('',(0.,-1.));
#13833 = ( GEOMETRIC_REPRESENTATION_CONTEXT(2) 
PARAMETRIC_REPRESENTATION_CONTEXT() REPRESENTATION_CONTEXT('2D SPACE',''
  ) );
#13834 = ADVANCED_FACE('',(#13835),#10582,.F.);
#13835 = FACE_BOUND('',#13836,.F.);
#13836 = EDGE_LOOP('',(#13837,#13838,#13839,#13840));
#13837 = ORIENTED_EDGE('',*,*,#10567,.F.);
#13838 = ORIENTED_EDGE('',*,*,#13814,.T.);
#13839 = ORIENTED_EDGE('',*,*,#13626,.F.);
#13840 = ORIENTED_EDGE('',*,*,#13841,.F.);
#13841 = EDGE_CURVE('',#10540,#13578,#13842,.T.);
#13842 = SURFACE_CURVE('',#13843,(#13847,#13854),.PCURVE_S1.);
#13843 = LINE('',#13844,#13845);
#13844 = CARTESIAN_POINT('',(48.308054363671,19.421213291474,
    -0.820537876409));
#13845 = VECTOR('',#13846,1.);
#13846 = DIRECTION('',(-1.745240643728E-02,-0.865893503921,
    0.499923847578));
#13847 = PCURVE('',#10582,#13848);
#13848 = DEFINITIONAL_REPRESENTATION('',(#13849),#13853);
#13849 = LINE('',#13850,#13851);
#13850 = CARTESIAN_POINT('',(6.,1.484923295436E-15));
#13851 = VECTOR('',#13852,1.);
#13852 = DIRECTION('',(0.,-1.));
#13853 = ( GEOMETRIC_REPRESENTATION_CONTEXT(2) 
PARAMETRIC_REPRESENTATION_CONTEXT() REPRESENTATION_CONTEXT('2D SPACE',''
  ) );
#13854 = PCURVE('',#10555,#13855);
#13855 = DEFINITIONAL_REPRESENTATION('',(#13856),#13860);
#13856 = LINE('',#13857,#13858);
#13857 = CARTESIAN_POINT('',(0.,0.));
#13858 = VECTOR('',#13859,1.);
#13859 = DIRECTION('',(-0.,-1.));
#13860 = ( GEOMETRIC_REPRESENTATION_CONTEXT(2) 
PARAMETRIC_REPRESENTATION_CONTEXT() REPRESENTATION_CONTEXT('2D SPACE',''
  ) );
#13861 = ADVANCED_FACE('',(#13862),#10555,.F.);
#13862 = FACE_BOUND('',#13863,.F.);
#13863 = EDGE_LOOP('',(#13864,#13865,#13866,#13867,#13888,#13889));
#13864 = ORIENTED_EDGE('',*,*,#10539,.F.);
#13865 = ORIENTED_EDGE('',*,*,#13841,.T.);
#13866 = ORIENTED_EDGE('',*,*,#13577,.F.);
#13867 = ORIENTED_EDGE('',*,*,#13868,.T.);
#13868 = EDGE_CURVE('',#13555,#13258,#13869,.T.);
#13869 = SURFACE_CURVE('',#13870,(#13874,#13881),.PCURVE_S1.);
#13870 = LINE('',#13871,#13872);
#13871 = CARTESIAN_POINT('',(48.273149550796,17.689426283633,
    0.179309818748));
#13872 = VECTOR('',#13873,1.);
#13873 = DIRECTION('',(0.,-0.5,-0.866025403784));
#13874 = PCURVE('',#10555,#13875);
#13875 = DEFINITIONAL_REPRESENTATION('',(#13876),#13880);
#13876 = LINE('',#13877,#13878);
#13877 = CARTESIAN_POINT('',(1.7763568394E-15,-2.));
#13878 = VECTOR('',#13879,1.);
#13879 = DIRECTION('',(1.,0.));
#13880 = ( GEOMETRIC_REPRESENTATION_CONTEXT(2) 
PARAMETRIC_REPRESENTATION_CONTEXT() REPRESENTATION_CONTEXT('2D SPACE',''
  ) );
#13881 = PCURVE('',#13748,#13882);
#13882 = DEFINITIONAL_REPRESENTATION('',(#13883),#13887);
#13883 = LINE('',#13884,#13885);
#13884 = CARTESIAN_POINT('',(3.,-9.));
#13885 = VECTOR('',#13886,1.);
#13886 = DIRECTION('',(0.,1.));
#13887 = ( GEOMETRIC_REPRESENTATION_CONTEXT(2) 
PARAMETRIC_REPRESENTATION_CONTEXT() REPRESENTATION_CONTEXT('2D SPACE',''
  ) );
#13888 = ORIENTED_EDGE('',*,*,#13257,.T.);
#13889 = ORIENTED_EDGE('',*,*,#13890,.F.);
#13890 = EDGE_CURVE('',#10511,#13209,#13891,.T.);
#13891 = SURFACE_CURVE('',#13892,(#13896,#13903),.PCURVE_S1.);
#13892 = LINE('',#13893,#13894);
#13893 = CARTESIAN_POINT('',(48.308054363671,10.421213291474,
    -16.40899514452));
#13894 = VECTOR('',#13895,1.);
#13895 = DIRECTION('',(-1.745240643728E-02,-0.865893503921,
    0.499923847578));
#13896 = PCURVE('',#10555,#13897);
#13897 = DEFINITIONAL_REPRESENTATION('',(#13898),#13902);
#13898 = LINE('',#13899,#13900);
#13899 = CARTESIAN_POINT('',(18.,0.));
#13900 = VECTOR('',#13901,1.);
#13901 = DIRECTION('',(-0.,-1.));
#13902 = ( GEOMETRIC_REPRESENTATION_CONTEXT(2) 
PARAMETRIC_REPRESENTATION_CONTEXT() REPRESENTATION_CONTEXT('2D SPACE',''
  ) );
#13903 = PCURVE('',#10527,#13904);
#13904 = DEFINITIONAL_REPRESENTATION('',(#13905),#13909);
#13905 = LINE('',#13906,#13907);
#13906 = CARTESIAN_POINT('',(0.,0.));
#13907 = VECTOR('',#13908,1.);
#13908 = DIRECTION('',(0.,-1.));
#13909 = ( GEOMETRIC_REPRESENTATION_CONTEXT(2) 
PARAMETRIC_REPRESENTATION_CONTEXT() REPRESENTATION_CONTEXT('2D SPACE',''
  ) );
#13910 = ADVANCED_FACE('',(#13911),#10527,.F.);
#13911 = FACE_BOUND('',#13912,.F.);
#13912 = EDGE_LOOP('',(#13913,#13914,#13915,#13916));
#13913 = ORIENTED_EDGE('',*,*,#10510,.F.);
#13914 = ORIENTED_EDGE('',*,*,#13890,.T.);
#13915 = ORIENTED_EDGE('',*,*,#13208,.T.);
#13916 = ORIENTED_EDGE('',*,*,#13659,.F.);
#13917 = ADVANCED_FACE('',(#13918),#10708,.F.);
#13918 = FACE_BOUND('',#13919,.F.);
#13919 = EDGE_LOOP('',(#13920,#13943,#13971,#13992));
#13920 = ORIENTED_EDGE('',*,*,#13921,.T.);
#13921 = EDGE_CURVE('',#10691,#13922,#13924,.T.);
#13922 = VERTEX_POINT('',#13923);
#13923 = CARTESIAN_POINT('',(42.037607847013,-9.,26.861320584074));
#13924 = SURFACE_CURVE('',#13925,(#13929,#13936),.PCURVE_S1.);
#13925 = LINE('',#13926,#13927);
#13926 = CARTESIAN_POINT('',(42.072512659888,-9.,24.861625193761));
#13927 = VECTOR('',#13928,1.);
#13928 = DIRECTION('',(-1.745240643728E-02,0.,0.999847695156));
#13929 = PCURVE('',#10708,#13930);
#13930 = DEFINITIONAL_REPRESENTATION('',(#13931),#13935);
#13931 = LINE('',#13932,#13933);
#13932 = CARTESIAN_POINT('',(0.,0.));
#13933 = VECTOR('',#13934,1.);
#13934 = DIRECTION('',(0.,-1.));
#13935 = ( GEOMETRIC_REPRESENTATION_CONTEXT(2) 
PARAMETRIC_REPRESENTATION_CONTEXT() REPRESENTATION_CONTEXT('2D SPACE',''
  ) );
#13936 = PCURVE('',#10737,#13937);
#13937 = DEFINITIONAL_REPRESENTATION('',(#13938),#13942);
#13938 = LINE('',#13939,#13940);
#13939 = CARTESIAN_POINT('',(6.,-5.96744875736E-16));
#13940 = VECTOR('',#13941,1.);
#13941 = DIRECTION('',(0.,-1.));
#13942 = ( GEOMETRIC_REPRESENTATION_CONTEXT(2) 
PARAMETRIC_REPRESENTATION_CONTEXT() REPRESENTATION_CONTEXT('2D SPACE',''
  ) );
#13943 = ORIENTED_EDGE('',*,*,#13944,.T.);
#13944 = EDGE_CURVE('',#13922,#13945,#13947,.T.);
#13945 = VERTEX_POINT('',#13946);
#13946 = CARTESIAN_POINT('',(42.037607847013,9.,26.861320584074));
#13947 = SURFACE_CURVE('',#13948,(#13952,#13959),.PCURVE_S1.);
#13948 = LINE('',#13949,#13950);
#13949 = CARTESIAN_POINT('',(42.037607847013,-9.,26.861320584074));
#13950 = VECTOR('',#13951,1.);
#13951 = DIRECTION('',(0.,1.,0.));
#13952 = PCURVE('',#10708,#13953);
#13953 = DEFINITIONAL_REPRESENTATION('',(#13954),#13958);
#13954 = LINE('',#13955,#13956);
#13955 = CARTESIAN_POINT('',(3.552713678801E-15,-2.));
#13956 = VECTOR('',#13957,1.);
#13957 = DIRECTION('',(1.,0.));
#13958 = ( GEOMETRIC_REPRESENTATION_CONTEXT(2) 
PARAMETRIC_REPRESENTATION_CONTEXT() REPRESENTATION_CONTEXT('2D SPACE',''
  ) );
#13959 = PCURVE('',#13960,#13965);
#13960 = PLANE('',#13961);
#13961 = AXIS2_PLACEMENT_3D('',#13962,#13963,#13964);
#13962 = CARTESIAN_POINT('',(45.037150932483,-1.5E-16,26.913677803385));
#13963 = DIRECTION('',(-1.745240643728E-02,0.,0.999847695156));
#13964 = DIRECTION('',(0.999847695156,0.,1.745240643728E-02));
#13965 = DEFINITIONAL_REPRESENTATION('',(#13966),#13970);
#13966 = LINE('',#13967,#13968);
#13967 = CARTESIAN_POINT('',(-3.,-9.));
#13968 = VECTOR('',#13969,1.);
#13969 = DIRECTION('',(0.,1.));
#13970 = ( GEOMETRIC_REPRESENTATION_CONTEXT(2) 
PARAMETRIC_REPRESENTATION_CONTEXT() REPRESENTATION_CONTEXT('2D SPACE',''
  ) );
#13971 = ORIENTED_EDGE('',*,*,#13972,.F.);
#13972 = EDGE_CURVE('',#10693,#13945,#13973,.T.);
#13973 = SURFACE_CURVE('',#13974,(#13978,#13985),.PCURVE_S1.);
#13974 = LINE('',#13975,#13976);
#13975 = CARTESIAN_POINT('',(42.072512659888,9.,24.861625193761));
#13976 = VECTOR('',#13977,1.);
#13977 = DIRECTION('',(-1.745240643728E-02,0.,0.999847695156));
#13978 = PCURVE('',#10708,#13979);
#13979 = DEFINITIONAL_REPRESENTATION('',(#13980),#13984);
#13980 = LINE('',#13981,#13982);
#13981 = CARTESIAN_POINT('',(18.,0.));
#13982 = VECTOR('',#13983,1.);
#13983 = DIRECTION('',(0.,-1.));
#13984 = ( GEOMETRIC_REPRESENTATION_CONTEXT(2) 
PARAMETRIC_REPRESENTATION_CONTEXT() REPRESENTATION_CONTEXT('2D SPACE',''
  ) );
#13985 = PCURVE('',#10792,#13986);
#13986 = DEFINITIONAL_REPRESENTATION('',(#13987),#13991);
#13987 = LINE('',#13988,#13989);
#13988 = CARTESIAN_POINT('',(0.,0.));
#13989 = VECTOR('',#13990,1.);
#13990 = DIRECTION('',(0.,-1.));
#13991 = ( GEOMETRIC_REPRESENTATION_CONTEXT(2) 
PARAMETRIC_REPRESENTATION_CONTEXT() REPRESENTATION_CONTEXT('2D SPACE',''
  ) );
#13992 = ORIENTED_EDGE('',*,*,#10690,.F.);
#13993 = ADVANCED_FACE('',(#13994),#10792,.F.);
#13994 = FACE_BOUND('',#13995,.F.);
#13995 = EDGE_LOOP('',(#13996,#13997,#14020,#14041));
#13996 = ORIENTED_EDGE('',*,*,#13972,.T.);
#13997 = ORIENTED_EDGE('',*,*,#13998,.T.);
#13998 = EDGE_CURVE('',#13945,#13999,#14001,.T.);
#13999 = VERTEX_POINT('',#14000);
#14000 = CARTESIAN_POINT('',(48.036694017952,9.,26.966035022697));
#14001 = SURFACE_CURVE('',#14002,(#14006,#14013),.PCURVE_S1.);
#14002 = LINE('',#14003,#14004);
#14003 = CARTESIAN_POINT('',(42.037607847013,9.,26.861320584074));
#14004 = VECTOR('',#14005,1.);
#14005 = DIRECTION('',(0.999847695156,0.,1.745240643728E-02));
#14006 = PCURVE('',#10792,#14007);
#14007 = DEFINITIONAL_REPRESENTATION('',(#14008),#14012);
#14008 = LINE('',#14009,#14010);
#14009 = CARTESIAN_POINT('',(-5.884182030513E-15,-2.));
#14010 = VECTOR('',#14011,1.);
#14011 = DIRECTION('',(1.,2.046973701653E-16));
#14012 = ( GEOMETRIC_REPRESENTATION_CONTEXT(2) 
PARAMETRIC_REPRESENTATION_CONTEXT() REPRESENTATION_CONTEXT('2D SPACE',''
  ) );
#14013 = PCURVE('',#13960,#14014);
#14014 = DEFINITIONAL_REPRESENTATION('',(#14015),#14019);
#14015 = LINE('',#14016,#14017);
#14016 = CARTESIAN_POINT('',(-3.,9.));
#14017 = VECTOR('',#14018,1.);
#14018 = DIRECTION('',(1.,0.));
#14019 = ( GEOMETRIC_REPRESENTATION_CONTEXT(2) 
PARAMETRIC_REPRESENTATION_CONTEXT() REPRESENTATION_CONTEXT('2D SPACE',''
  ) );
#14020 = ORIENTED_EDGE('',*,*,#14021,.F.);
#14021 = EDGE_CURVE('',#10750,#13999,#14022,.T.);
#14022 = SURFACE_CURVE('',#14023,(#14027,#14034),.PCURVE_S1.);
#14023 = LINE('',#14024,#14025);
#14024 = CARTESIAN_POINT('',(48.071598830826,9.,24.966339632384));
#14025 = VECTOR('',#14026,1.);
#14026 = DIRECTION('',(-1.745240643728E-02,0.,0.999847695156));
#14027 = PCURVE('',#10792,#14028);
#14028 = DEFINITIONAL_REPRESENTATION('',(#14029),#14033);
#14029 = LINE('',#14030,#14031);
#14030 = CARTESIAN_POINT('',(6.,5.96744875736E-16));
#14031 = VECTOR('',#14032,1.);
#14032 = DIRECTION('',(0.,-1.));
#14033 = ( GEOMETRIC_REPRESENTATION_CONTEXT(2) 
PARAMETRIC_REPRESENTATION_CONTEXT() REPRESENTATION_CONTEXT('2D SPACE',''
  ) );
#14034 = PCURVE('',#10765,#14035);
#14035 = DEFINITIONAL_REPRESENTATION('',(#14036),#14040);
#14036 = LINE('',#14037,#14038);
#14037 = CARTESIAN_POINT('',(0.,0.));
#14038 = VECTOR('',#14039,1.);
#14039 = DIRECTION('',(0.,-1.));
#14040 = ( GEOMETRIC_REPRESENTATION_CONTEXT(2) 
PARAMETRIC_REPRESENTATION_CONTEXT() REPRESENTATION_CONTEXT('2D SPACE',''
  ) );
#14041 = ORIENTED_EDGE('',*,*,#10777,.F.);
#14042 = ADVANCED_FACE('',(#14043),#10765,.F.);
#14043 = FACE_BOUND('',#14044,.F.);
#14044 = EDGE_LOOP('',(#14045,#14046,#14069,#14090));
#14045 = ORIENTED_EDGE('',*,*,#14021,.T.);
#14046 = ORIENTED_EDGE('',*,*,#14047,.T.);
#14047 = EDGE_CURVE('',#13999,#14048,#14050,.T.);
#14048 = VERTEX_POINT('',#14049);
#14049 = CARTESIAN_POINT('',(48.036694017952,-9.,26.966035022697));
#14050 = SURFACE_CURVE('',#14051,(#14055,#14062),.PCURVE_S1.);
#14051 = LINE('',#14052,#14053);
#14052 = CARTESIAN_POINT('',(48.036694017952,9.,26.966035022697));
#14053 = VECTOR('',#14054,1.);
#14054 = DIRECTION('',(0.,-1.,0.));
#14055 = PCURVE('',#10765,#14056);
#14056 = DEFINITIONAL_REPRESENTATION('',(#14057),#14061);
#14057 = LINE('',#14058,#14059);
#14058 = CARTESIAN_POINT('',(0.,-2.));
#14059 = VECTOR('',#14060,1.);
#14060 = DIRECTION('',(1.,0.));
#14061 = ( GEOMETRIC_REPRESENTATION_CONTEXT(2) 
PARAMETRIC_REPRESENTATION_CONTEXT() REPRESENTATION_CONTEXT('2D SPACE',''
  ) );
#14062 = PCURVE('',#13960,#14063);
#14063 = DEFINITIONAL_REPRESENTATION('',(#14064),#14068);
#14064 = LINE('',#14065,#14066);
#14065 = CARTESIAN_POINT('',(3.,9.));
#14066 = VECTOR('',#14067,1.);
#14067 = DIRECTION('',(0.,-1.));
#14068 = ( GEOMETRIC_REPRESENTATION_CONTEXT(2) 
PARAMETRIC_REPRESENTATION_CONTEXT() REPRESENTATION_CONTEXT('2D SPACE',''
  ) );
#14069 = ORIENTED_EDGE('',*,*,#14070,.F.);
#14070 = EDGE_CURVE('',#10721,#14048,#14071,.T.);
#14071 = SURFACE_CURVE('',#14072,(#14076,#14083),.PCURVE_S1.);
#14072 = LINE('',#14073,#14074);
#14073 = CARTESIAN_POINT('',(48.071598830826,-9.,24.966339632384));
#14074 = VECTOR('',#14075,1.);
#14075 = DIRECTION('',(-1.745240643728E-02,0.,0.999847695156));
#14076 = PCURVE('',#10765,#14077);
#14077 = DEFINITIONAL_REPRESENTATION('',(#14078),#14082);
#14078 = LINE('',#14079,#14080);
#14079 = CARTESIAN_POINT('',(18.,0.));
#14080 = VECTOR('',#14081,1.);
#14081 = DIRECTION('',(0.,-1.));
#14082 = ( GEOMETRIC_REPRESENTATION_CONTEXT(2) 
PARAMETRIC_REPRESENTATION_CONTEXT() REPRESENTATION_CONTEXT('2D SPACE',''
  ) );
#14083 = PCURVE('',#10737,#14084);
#14084 = DEFINITIONAL_REPRESENTATION('',(#14085),#14089);
#14085 = LINE('',#14086,#14087);
#14086 = CARTESIAN_POINT('',(-0.,0.));
#14087 = VECTOR('',#14088,1.);
#14088 = DIRECTION('',(0.,-1.));
#14089 = ( GEOMETRIC_REPRESENTATION_CONTEXT(2) 
PARAMETRIC_REPRESENTATION_CONTEXT() REPRESENTATION_CONTEXT('2D SPACE',''
  ) );
#14090 = ORIENTED_EDGE('',*,*,#10749,.F.);
#14091 = ADVANCED_FACE('',(#14092),#10737,.F.);
#14092 = FACE_BOUND('',#14093,.F.);
#14093 = EDGE_LOOP('',(#14094,#14095,#14116,#14117));
#14094 = ORIENTED_EDGE('',*,*,#14070,.T.);
#14095 = ORIENTED_EDGE('',*,*,#14096,.T.);
#14096 = EDGE_CURVE('',#14048,#13922,#14097,.T.);
#14097 = SURFACE_CURVE('',#14098,(#14102,#14109),.PCURVE_S1.);
#14098 = LINE('',#14099,#14100);
#14099 = CARTESIAN_POINT('',(48.036694017952,-9.,26.966035022697));
#14100 = VECTOR('',#14101,1.);
#14101 = DIRECTION('',(-0.999847695156,0.,-1.745240643728E-02));
#14102 = PCURVE('',#10737,#14103);
#14103 = DEFINITIONAL_REPRESENTATION('',(#14104),#14108);
#14104 = LINE('',#14105,#14106);
#14105 = CARTESIAN_POINT('',(5.884182030513E-15,-2.));
#14106 = VECTOR('',#14107,1.);
#14107 = DIRECTION('',(1.,-2.046973701653E-16));
#14108 = ( GEOMETRIC_REPRESENTATION_CONTEXT(2) 
PARAMETRIC_REPRESENTATION_CONTEXT() REPRESENTATION_CONTEXT('2D SPACE',''
  ) );
#14109 = PCURVE('',#13960,#14110);
#14110 = DEFINITIONAL_REPRESENTATION('',(#14111),#14115);
#14111 = LINE('',#14112,#14113);
#14112 = CARTESIAN_POINT('',(3.,-9.));
#14113 = VECTOR('',#14114,1.);
#14114 = DIRECTION('',(-1.,0.));
#14115 = ( GEOMETRIC_REPRESENTATION_CONTEXT(2) 
PARAMETRIC_REPRESENTATION_CONTEXT() REPRESENTATION_CONTEXT('2D SPACE',''
  ) );
#14116 = ORIENTED_EDGE('',*,*,#13921,.F.);
#14117 = ORIENTED_EDGE('',*,*,#10720,.F.);
#14118 = ADVANCED_FACE('',(#14119),#10944,.F.);
#14119 = FACE_BOUND('',#14120,.F.);
#14120 = EDGE_LOOP('',(#14121,#14144,#14172,#14193));
#14121 = ORIENTED_EDGE('',*,*,#14122,.T.);
#14122 = EDGE_CURVE('',#10927,#14123,#14125,.T.);
#14123 = VERTEX_POINT('',#14124);
#14124 = CARTESIAN_POINT('',(42.037607847013,18.762586005006,
    21.224888926097));
#14125 = SURFACE_CURVE('',#14126,(#14130,#14137),.PCURVE_S1.);
#14126 = LINE('',#14127,#14128);
#14127 = CARTESIAN_POINT('',(42.072512659888,17.030798997164,
    20.22504123094));
#14128 = VECTOR('',#14129,1.);
#14129 = DIRECTION('',(-1.745240643728E-02,0.865893503921,0.499923847578
    ));
#14130 = PCURVE('',#10944,#14131);
#14131 = DEFINITIONAL_REPRESENTATION('',(#14132),#14136);
#14132 = LINE('',#14133,#14134);
#14133 = CARTESIAN_POINT('',(0.,0.));
#14134 = VECTOR('',#14135,1.);
#14135 = DIRECTION('',(0.,-1.));
#14136 = ( GEOMETRIC_REPRESENTATION_CONTEXT(2) 
PARAMETRIC_REPRESENTATION_CONTEXT() REPRESENTATION_CONTEXT('2D SPACE',''
  ) );
#14137 = PCURVE('',#10973,#14138);
#14138 = DEFINITIONAL_REPRESENTATION('',(#14139),#14143);
#14139 = LINE('',#14140,#14141);
#14140 = CARTESIAN_POINT('',(6.,-5.96744875736E-16));
#14141 = VECTOR('',#14142,1.);
#14142 = DIRECTION('',(0.,-1.));
#14143 = ( GEOMETRIC_REPRESENTATION_CONTEXT(2) 
PARAMETRIC_REPRESENTATION_CONTEXT() REPRESENTATION_CONTEXT('2D SPACE',''
  ) );
#14144 = ORIENTED_EDGE('',*,*,#14145,.T.);
#14145 = EDGE_CURVE('',#14123,#14146,#14148,.T.);
#14146 = VERTEX_POINT('',#14147);
#14147 = CARTESIAN_POINT('',(42.037607847013,27.762586005006,
    5.636431657977));
#14148 = SURFACE_CURVE('',#14149,(#14153,#14160),.PCURVE_S1.);
#14149 = LINE('',#14150,#14151);
#14150 = CARTESIAN_POINT('',(42.037607847013,18.762586005006,
    21.224888926097));
#14151 = VECTOR('',#14152,1.);
#14152 = DIRECTION('',(-1.047144386237E-18,0.5,-0.866025403784));
#14153 = PCURVE('',#10944,#14154);
#14154 = DEFINITIONAL_REPRESENTATION('',(#14155),#14159);
#14155 = LINE('',#14156,#14157);
#14156 = CARTESIAN_POINT('',(3.552713678801E-15,-2.));
#14157 = VECTOR('',#14158,1.);
#14158 = DIRECTION('',(1.,-6.E-17));
#14159 = ( GEOMETRIC_REPRESENTATION_CONTEXT(2) 
PARAMETRIC_REPRESENTATION_CONTEXT() REPRESENTATION_CONTEXT('2D SPACE',''
  ) );
#14160 = PCURVE('',#14161,#14166);
#14161 = PLANE('',#14162);
#14162 = AXIS2_PLACEMENT_3D('',#14163,#14164,#14165);
#14163 = CARTESIAN_POINT('',(45.037150932483,23.307928687001,
    13.456838901693));
#14164 = DIRECTION('',(-1.745240643728E-02,0.865893503921,0.499923847578
    ));
#14165 = DIRECTION('',(0.999847695156,1.511422733186E-02,
    8.726203218642E-03));
#14166 = DEFINITIONAL_REPRESENTATION('',(#14167),#14171);
#14167 = LINE('',#14168,#14169);
#14168 = CARTESIAN_POINT('',(-3.,-9.));
#14169 = VECTOR('',#14170,1.);
#14170 = DIRECTION('',(6.354600832563E-33,1.));
#14171 = ( GEOMETRIC_REPRESENTATION_CONTEXT(2) 
PARAMETRIC_REPRESENTATION_CONTEXT() REPRESENTATION_CONTEXT('2D SPACE',''
  ) );
#14172 = ORIENTED_EDGE('',*,*,#14173,.F.);
#14173 = EDGE_CURVE('',#10929,#14146,#14174,.T.);
#14174 = SURFACE_CURVE('',#14175,(#14179,#14186),.PCURVE_S1.);
#14175 = LINE('',#14176,#14177);
#14176 = CARTESIAN_POINT('',(42.072512659888,26.030798997164,
    4.63658396282));
#14177 = VECTOR('',#14178,1.);
#14178 = DIRECTION('',(-1.745240643728E-02,0.865893503921,0.499923847578
    ));
#14179 = PCURVE('',#10944,#14180);
#14180 = DEFINITIONAL_REPRESENTATION('',(#14181),#14185);
#14181 = LINE('',#14182,#14183);
#14182 = CARTESIAN_POINT('',(18.,0.));
#14183 = VECTOR('',#14184,1.);
#14184 = DIRECTION('',(0.,-1.));
#14185 = ( GEOMETRIC_REPRESENTATION_CONTEXT(2) 
PARAMETRIC_REPRESENTATION_CONTEXT() REPRESENTATION_CONTEXT('2D SPACE',''
  ) );
#14186 = PCURVE('',#11028,#14187);
#14187 = DEFINITIONAL_REPRESENTATION('',(#14188),#14192);
#14188 = LINE('',#14189,#14190);
#14189 = CARTESIAN_POINT('',(0.,0.));
#14190 = VECTOR('',#14191,1.);
#14191 = DIRECTION('',(0.,-1.));
#14192 = ( GEOMETRIC_REPRESENTATION_CONTEXT(2) 
PARAMETRIC_REPRESENTATION_CONTEXT() REPRESENTATION_CONTEXT('2D SPACE',''
  ) );
#14193 = ORIENTED_EDGE('',*,*,#10926,.F.);
#14194 = ADVANCED_FACE('',(#14195),#11028,.F.);
#14195 = FACE_BOUND('',#14196,.F.);
#14196 = EDGE_LOOP('',(#14197,#14198,#14221,#14242));
#14197 = ORIENTED_EDGE('',*,*,#14173,.T.);
#14198 = ORIENTED_EDGE('',*,*,#14199,.T.);
#14199 = EDGE_CURVE('',#14146,#14200,#14202,.T.);
#14200 = VERTEX_POINT('',#14201);
#14201 = CARTESIAN_POINT('',(48.036694017952,27.853271368997,
    5.688788877289));
#14202 = SURFACE_CURVE('',#14203,(#14207,#14214),.PCURVE_S1.);
#14203 = LINE('',#14204,#14205);
#14204 = CARTESIAN_POINT('',(42.037607847013,27.762586005006,
    5.636431657977));
#14205 = VECTOR('',#14206,1.);
#14206 = DIRECTION('',(0.999847695156,1.511422733186E-02,
    8.726203218641E-03));
#14207 = PCURVE('',#11028,#14208);
#14208 = DEFINITIONAL_REPRESENTATION('',(#14209),#14213);
#14209 = LINE('',#14210,#14211);
#14210 = CARTESIAN_POINT('',(-5.884182030513E-15,-2.));
#14211 = VECTOR('',#14212,1.);
#14212 = DIRECTION('',(1.,2.046973701653E-16));
#14213 = ( GEOMETRIC_REPRESENTATION_CONTEXT(2) 
PARAMETRIC_REPRESENTATION_CONTEXT() REPRESENTATION_CONTEXT('2D SPACE',''
  ) );
#14214 = PCURVE('',#14161,#14215);
#14215 = DEFINITIONAL_REPRESENTATION('',(#14216),#14220);
#14216 = LINE('',#14217,#14218);
#14217 = CARTESIAN_POINT('',(-3.,9.));
#14218 = VECTOR('',#14219,1.);
#14219 = DIRECTION('',(1.,0.));
#14220 = ( GEOMETRIC_REPRESENTATION_CONTEXT(2) 
PARAMETRIC_REPRESENTATION_CONTEXT() REPRESENTATION_CONTEXT('2D SPACE',''
  ) );
#14221 = ORIENTED_EDGE('',*,*,#14222,.F.);
#14222 = EDGE_CURVE('',#10986,#14200,#14223,.T.);
#14223 = SURFACE_CURVE('',#14224,(#14228,#14235),.PCURVE_S1.);
#14224 = LINE('',#14225,#14226);
#14225 = CARTESIAN_POINT('',(48.071598830826,26.121484361155,
    4.688941182132));
#14226 = VECTOR('',#14227,1.);
#14227 = DIRECTION('',(-1.745240643728E-02,0.865893503921,0.499923847578
    ));
#14228 = PCURVE('',#11028,#14229);
#14229 = DEFINITIONAL_REPRESENTATION('',(#14230),#14234);
#14230 = LINE('',#14231,#14232);
#14231 = CARTESIAN_POINT('',(6.,5.96744875736E-16));
#14232 = VECTOR('',#14233,1.);
#14233 = DIRECTION('',(0.,-1.));
#14234 = ( GEOMETRIC_REPRESENTATION_CONTEXT(2) 
PARAMETRIC_REPRESENTATION_CONTEXT() REPRESENTATION_CONTEXT('2D SPACE',''
  ) );
#14235 = PCURVE('',#11001,#14236);
#14236 = DEFINITIONAL_REPRESENTATION('',(#14237),#14241);
#14237 = LINE('',#14238,#14239);
#14238 = CARTESIAN_POINT('',(0.,0.));
#14239 = VECTOR('',#14240,1.);
#14240 = DIRECTION('',(0.,-1.));
#14241 = ( GEOMETRIC_REPRESENTATION_CONTEXT(2) 
PARAMETRIC_REPRESENTATION_CONTEXT() REPRESENTATION_CONTEXT('2D SPACE',''
  ) );
#14242 = ORIENTED_EDGE('',*,*,#11013,.F.);
#14243 = ADVANCED_FACE('',(#14244),#11001,.F.);
#14244 = FACE_BOUND('',#14245,.F.);
#14245 = EDGE_LOOP('',(#14246,#14247,#14270,#14291));
#14246 = ORIENTED_EDGE('',*,*,#14222,.T.);
#14247 = ORIENTED_EDGE('',*,*,#14248,.T.);
#14248 = EDGE_CURVE('',#14200,#14249,#14251,.T.);
#14249 = VERTEX_POINT('',#14250);
#14250 = CARTESIAN_POINT('',(48.036694017952,18.853271368997,
    21.277246145409));
#14251 = SURFACE_CURVE('',#14252,(#14256,#14263),.PCURVE_S1.);
#14252 = LINE('',#14253,#14254);
#14253 = CARTESIAN_POINT('',(48.036694017952,27.853271368997,
    5.688788877289));
#14254 = VECTOR('',#14255,1.);
#14255 = DIRECTION('',(1.047144386237E-18,-0.5,0.866025403784));
#14256 = PCURVE('',#11001,#14257);
#14257 = DEFINITIONAL_REPRESENTATION('',(#14258),#14262);
#14258 = LINE('',#14259,#14260);
#14259 = CARTESIAN_POINT('',(0.,-2.));
#14260 = VECTOR('',#14261,1.);
#14261 = DIRECTION('',(1.,6.E-17));
#14262 = ( GEOMETRIC_REPRESENTATION_CONTEXT(2) 
PARAMETRIC_REPRESENTATION_CONTEXT() REPRESENTATION_CONTEXT('2D SPACE',''
  ) );
#14263 = PCURVE('',#14161,#14264);
#14264 = DEFINITIONAL_REPRESENTATION('',(#14265),#14269);
#14265 = LINE('',#14266,#14267);
#14266 = CARTESIAN_POINT('',(3.,9.));
#14267 = VECTOR('',#14268,1.);
#14268 = DIRECTION('',(-6.354600832563E-33,-1.));
#14269 = ( GEOMETRIC_REPRESENTATION_CONTEXT(2) 
PARAMETRIC_REPRESENTATION_CONTEXT() REPRESENTATION_CONTEXT('2D SPACE',''
  ) );
#14270 = ORIENTED_EDGE('',*,*,#14271,.F.);
#14271 = EDGE_CURVE('',#10957,#14249,#14272,.T.);
#14272 = SURFACE_CURVE('',#14273,(#14277,#14284),.PCURVE_S1.);
#14273 = LINE('',#14274,#14275);
#14274 = CARTESIAN_POINT('',(48.071598830826,17.121484361155,
    20.277398450252));
#14275 = VECTOR('',#14276,1.);
#14276 = DIRECTION('',(-1.745240643728E-02,0.865893503921,0.499923847578
    ));
#14277 = PCURVE('',#11001,#14278);
#14278 = DEFINITIONAL_REPRESENTATION('',(#14279),#14283);
#14279 = LINE('',#14280,#14281);
#14280 = CARTESIAN_POINT('',(18.,0.));
#14281 = VECTOR('',#14282,1.);
#14282 = DIRECTION('',(0.,-1.));
#14283 = ( GEOMETRIC_REPRESENTATION_CONTEXT(2) 
PARAMETRIC_REPRESENTATION_CONTEXT() REPRESENTATION_CONTEXT('2D SPACE',''
  ) );
#14284 = PCURVE('',#10973,#14285);
#14285 = DEFINITIONAL_REPRESENTATION('',(#14286),#14290);
#14286 = LINE('',#14287,#14288);
#14287 = CARTESIAN_POINT('',(-0.,0.));
#14288 = VECTOR('',#14289,1.);
#14289 = DIRECTION('',(0.,-1.));
#14290 = ( GEOMETRIC_REPRESENTATION_CONTEXT(2) 
PARAMETRIC_REPRESENTATION_CONTEXT() REPRESENTATION_CONTEXT('2D SPACE',''
  ) );
#14291 = ORIENTED_EDGE('',*,*,#10985,.F.);
#14292 = ADVANCED_FACE('',(#14293),#10973,.F.);
#14293 = FACE_BOUND('',#14294,.F.);
#14294 = EDGE_LOOP('',(#14295,#14296,#14317,#14318));
#14295 = ORIENTED_EDGE('',*,*,#14271,.T.);
#14296 = ORIENTED_EDGE('',*,*,#14297,.T.);
#14297 = EDGE_CURVE('',#14249,#14123,#14298,.T.);
#14298 = SURFACE_CURVE('',#14299,(#14303,#14310),.PCURVE_S1.);
#14299 = LINE('',#14300,#14301);
#14300 = CARTESIAN_POINT('',(48.036694017952,18.853271368997,
    21.277246145409));
#14301 = VECTOR('',#14302,1.);
#14302 = DIRECTION('',(-0.999847695156,-1.511422733186E-02,
    -8.726203218641E-03));
#14303 = PCURVE('',#10973,#14304);
#14304 = DEFINITIONAL_REPRESENTATION('',(#14305),#14309);
#14305 = LINE('',#14306,#14307);
#14306 = CARTESIAN_POINT('',(5.884182030513E-15,-2.));
#14307 = VECTOR('',#14308,1.);
#14308 = DIRECTION('',(1.,-2.046973701653E-16));
#14309 = ( GEOMETRIC_REPRESENTATION_CONTEXT(2) 
PARAMETRIC_REPRESENTATION_CONTEXT() REPRESENTATION_CONTEXT('2D SPACE',''
  ) );
#14310 = PCURVE('',#14161,#14311);
#14311 = DEFINITIONAL_REPRESENTATION('',(#14312),#14316);
#14312 = LINE('',#14313,#14314);
#14313 = CARTESIAN_POINT('',(3.,-9.));
#14314 = VECTOR('',#14315,1.);
#14315 = DIRECTION('',(-1.,0.));
#14316 = ( GEOMETRIC_REPRESENTATION_CONTEXT(2) 
PARAMETRIC_REPRESENTATION_CONTEXT() REPRESENTATION_CONTEXT('2D SPACE',''
  ) );
#14317 = ORIENTED_EDGE('',*,*,#14122,.F.);
#14318 = ORIENTED_EDGE('',*,*,#10956,.F.);
#14319 = ADVANCED_FACE('',(#14320),#11180,.F.);
#14320 = FACE_BOUND('',#14321,.F.);
#14321 = EDGE_LOOP('',(#14322,#14345,#14373,#14394));
#14322 = ORIENTED_EDGE('',*,*,#14323,.T.);
#14323 = EDGE_CURVE('',#11163,#14324,#14326,.T.);
#14324 = VERTEX_POINT('',#14325);
#14325 = CARTESIAN_POINT('',(42.037607847013,27.762586005006,
    -5.636431657977));
#14326 = SURFACE_CURVE('',#14327,(#14331,#14338),.PCURVE_S1.);
#14327 = LINE('',#14328,#14329);
#14328 = CARTESIAN_POINT('',(42.072512659888,26.030798997164,
    -4.63658396282));
#14329 = VECTOR('',#14330,1.);
#14330 = DIRECTION('',(-1.745240643728E-02,0.865893503921,
    -0.499923847578));
#14331 = PCURVE('',#11180,#14332);
#14332 = DEFINITIONAL_REPRESENTATION('',(#14333),#14337);
#14333 = LINE('',#14334,#14335);
#14334 = CARTESIAN_POINT('',(0.,0.));
#14335 = VECTOR('',#14336,1.);
#14336 = DIRECTION('',(0.,-1.));
#14337 = ( GEOMETRIC_REPRESENTATION_CONTEXT(2) 
PARAMETRIC_REPRESENTATION_CONTEXT() REPRESENTATION_CONTEXT('2D SPACE',''
  ) );
#14338 = PCURVE('',#11209,#14339);
#14339 = DEFINITIONAL_REPRESENTATION('',(#14340),#14344);
#14340 = LINE('',#14341,#14342);
#14341 = CARTESIAN_POINT('',(6.,-5.96744875736E-16));
#14342 = VECTOR('',#14343,1.);
#14343 = DIRECTION('',(0.,-1.));
#14344 = ( GEOMETRIC_REPRESENTATION_CONTEXT(2) 
PARAMETRIC_REPRESENTATION_CONTEXT() REPRESENTATION_CONTEXT('2D SPACE',''
  ) );
#14345 = ORIENTED_EDGE('',*,*,#14346,.T.);
#14346 = EDGE_CURVE('',#14324,#14347,#14349,.T.);
#14347 = VERTEX_POINT('',#14348);
#14348 = CARTESIAN_POINT('',(42.037607847013,18.762586005006,
    -21.22488892609));
#14349 = SURFACE_CURVE('',#14350,(#14354,#14361),.PCURVE_S1.);
#14350 = LINE('',#14351,#14352);
#14351 = CARTESIAN_POINT('',(42.037607847013,27.762586005005,
    -5.636431657977));
#14352 = VECTOR('',#14353,1.);
#14353 = DIRECTION('',(0.,-0.5,-0.866025403784));
#14354 = PCURVE('',#11180,#14355);
#14355 = DEFINITIONAL_REPRESENTATION('',(#14356),#14360);
#14356 = LINE('',#14357,#14358);
#14357 = CARTESIAN_POINT('',(3.552713678801E-15,-2.));
#14358 = VECTOR('',#14359,1.);
#14359 = DIRECTION('',(1.,0.));
#14360 = ( GEOMETRIC_REPRESENTATION_CONTEXT(2) 
PARAMETRIC_REPRESENTATION_CONTEXT() REPRESENTATION_CONTEXT('2D SPACE',''
  ) );
#14361 = PCURVE('',#14362,#14367);
#14362 = PLANE('',#14363);
#14363 = AXIS2_PLACEMENT_3D('',#14364,#14365,#14366);
#14364 = CARTESIAN_POINT('',(45.037150932483,23.307928687001,
    -13.45683890169));
#14365 = DIRECTION('',(-1.745240643728E-02,0.865893503921,
    -0.499923847578));
#14366 = DIRECTION('',(0.999847695156,1.511422733186E-02,
    -8.726203218642E-03));
#14367 = DEFINITIONAL_REPRESENTATION('',(#14368),#14372);
#14368 = LINE('',#14369,#14370);
#14369 = CARTESIAN_POINT('',(-3.,-9.));
#14370 = VECTOR('',#14371,1.);
#14371 = DIRECTION('',(0.,1.));
#14372 = ( GEOMETRIC_REPRESENTATION_CONTEXT(2) 
PARAMETRIC_REPRESENTATION_CONTEXT() REPRESENTATION_CONTEXT('2D SPACE',''
  ) );
#14373 = ORIENTED_EDGE('',*,*,#14374,.F.);
#14374 = EDGE_CURVE('',#11165,#14347,#14375,.T.);
#14375 = SURFACE_CURVE('',#14376,(#14380,#14387),.PCURVE_S1.);
#14376 = LINE('',#14377,#14378);
#14377 = CARTESIAN_POINT('',(42.072512659888,17.030798997164,
    -20.22504123094));
#14378 = VECTOR('',#14379,1.);
#14379 = DIRECTION('',(-1.745240643728E-02,0.865893503921,
    -0.499923847578));
#14380 = PCURVE('',#11180,#14381);
#14381 = DEFINITIONAL_REPRESENTATION('',(#14382),#14386);
#14382 = LINE('',#14383,#14384);
#14383 = CARTESIAN_POINT('',(18.,0.));
#14384 = VECTOR('',#14385,1.);
#14385 = DIRECTION('',(0.,-1.));
#14386 = ( GEOMETRIC_REPRESENTATION_CONTEXT(2) 
PARAMETRIC_REPRESENTATION_CONTEXT() REPRESENTATION_CONTEXT('2D SPACE',''
  ) );
#14387 = PCURVE('',#11264,#14388);
#14388 = DEFINITIONAL_REPRESENTATION('',(#14389),#14393);
#14389 = LINE('',#14390,#14391);
#14390 = CARTESIAN_POINT('',(0.,0.));
#14391 = VECTOR('',#14392,1.);
#14392 = DIRECTION('',(0.,-1.));
#14393 = ( GEOMETRIC_REPRESENTATION_CONTEXT(2) 
PARAMETRIC_REPRESENTATION_CONTEXT() REPRESENTATION_CONTEXT('2D SPACE',''
  ) );
#14394 = ORIENTED_EDGE('',*,*,#11162,.F.);
#14395 = ADVANCED_FACE('',(#14396),#11264,.F.);
#14396 = FACE_BOUND('',#14397,.F.);
#14397 = EDGE_LOOP('',(#14398,#14399,#14422,#14443));
#14398 = ORIENTED_EDGE('',*,*,#14374,.T.);
#14399 = ORIENTED_EDGE('',*,*,#14400,.T.);
#14400 = EDGE_CURVE('',#14347,#14401,#14403,.T.);
#14401 = VERTEX_POINT('',#14402);
#14402 = CARTESIAN_POINT('',(48.036694017952,18.853271368997,
    -21.2772461454));
#14403 = SURFACE_CURVE('',#14404,(#14408,#14415),.PCURVE_S1.);
#14404 = LINE('',#14405,#14406);
#14405 = CARTESIAN_POINT('',(42.037607847013,18.762586005005,
    -21.22488892609));
#14406 = VECTOR('',#14407,1.);
#14407 = DIRECTION('',(0.999847695156,1.511422733186E-02,
    -8.726203218642E-03));
#14408 = PCURVE('',#11264,#14409);
#14409 = DEFINITIONAL_REPRESENTATION('',(#14410),#14414);
#14410 = LINE('',#14411,#14412);
#14411 = CARTESIAN_POINT('',(-5.884182030513E-15,-2.));
#14412 = VECTOR('',#14413,1.);
#14413 = DIRECTION('',(1.,2.046973701653E-16));
#14414 = ( GEOMETRIC_REPRESENTATION_CONTEXT(2) 
PARAMETRIC_REPRESENTATION_CONTEXT() REPRESENTATION_CONTEXT('2D SPACE',''
  ) );
#14415 = PCURVE('',#14362,#14416);
#14416 = DEFINITIONAL_REPRESENTATION('',(#14417),#14421);
#14417 = LINE('',#14418,#14419);
#14418 = CARTESIAN_POINT('',(-3.,9.));
#14419 = VECTOR('',#14420,1.);
#14420 = DIRECTION('',(1.,0.));
#14421 = ( GEOMETRIC_REPRESENTATION_CONTEXT(2) 
PARAMETRIC_REPRESENTATION_CONTEXT() REPRESENTATION_CONTEXT('2D SPACE',''
  ) );
#14422 = ORIENTED_EDGE('',*,*,#14423,.F.);
#14423 = EDGE_CURVE('',#11222,#14401,#14424,.T.);
#14424 = SURFACE_CURVE('',#14425,(#14429,#14436),.PCURVE_S1.);
#14425 = LINE('',#14426,#14427);
#14426 = CARTESIAN_POINT('',(48.071598830826,17.121484361155,
    -20.27739845025));
#14427 = VECTOR('',#14428,1.);
#14428 = DIRECTION('',(-1.745240643728E-02,0.865893503921,
    -0.499923847578));
#14429 = PCURVE('',#11264,#14430);
#14430 = DEFINITIONAL_REPRESENTATION('',(#14431),#14435);
#14431 = LINE('',#14432,#14433);
#14432 = CARTESIAN_POINT('',(6.,5.96744875736E-16));
#14433 = VECTOR('',#14434,1.);
#14434 = DIRECTION('',(0.,-1.));
#14435 = ( GEOMETRIC_REPRESENTATION_CONTEXT(2) 
PARAMETRIC_REPRESENTATION_CONTEXT() REPRESENTATION_CONTEXT('2D SPACE',''
  ) );
#14436 = PCURVE('',#11237,#14437);
#14437 = DEFINITIONAL_REPRESENTATION('',(#14438),#14442);
#14438 = LINE('',#14439,#14440);
#14439 = CARTESIAN_POINT('',(0.,0.));
#14440 = VECTOR('',#14441,1.);
#14441 = DIRECTION('',(0.,-1.));
#14442 = ( GEOMETRIC_REPRESENTATION_CONTEXT(2) 
PARAMETRIC_REPRESENTATION_CONTEXT() REPRESENTATION_CONTEXT('2D SPACE',''
  ) );
#14443 = ORIENTED_EDGE('',*,*,#11249,.F.);
#14444 = ADVANCED_FACE('',(#14445),#11237,.F.);
#14445 = FACE_BOUND('',#14446,.F.);
#14446 = EDGE_LOOP('',(#14447,#14448,#14471,#14492));
#14447 = ORIENTED_EDGE('',*,*,#14423,.T.);
#14448 = ORIENTED_EDGE('',*,*,#14449,.T.);
#14449 = EDGE_CURVE('',#14401,#14450,#14452,.T.);
#14450 = VERTEX_POINT('',#14451);
#14451 = CARTESIAN_POINT('',(48.036694017952,27.853271368997,
    -5.688788877289));
#14452 = SURFACE_CURVE('',#14453,(#14457,#14464),.PCURVE_S1.);
#14453 = LINE('',#14454,#14455);
#14454 = CARTESIAN_POINT('',(48.036694017952,18.853271368997,
    -21.2772461454));
#14455 = VECTOR('',#14456,1.);
#14456 = DIRECTION('',(0.,0.5,0.866025403784));
#14457 = PCURVE('',#11237,#14458);
#14458 = DEFINITIONAL_REPRESENTATION('',(#14459),#14463);
#14459 = LINE('',#14460,#14461);
#14460 = CARTESIAN_POINT('',(0.,-2.));
#14461 = VECTOR('',#14462,1.);
#14462 = DIRECTION('',(1.,0.));
#14463 = ( GEOMETRIC_REPRESENTATION_CONTEXT(2) 
PARAMETRIC_REPRESENTATION_CONTEXT() REPRESENTATION_CONTEXT('2D SPACE',''
  ) );
#14464 = PCURVE('',#14362,#14465);
#14465 = DEFINITIONAL_REPRESENTATION('',(#14466),#14470);
#14466 = LINE('',#14467,#14468);
#14467 = CARTESIAN_POINT('',(3.,9.));
#14468 = VECTOR('',#14469,1.);
#14469 = DIRECTION('',(0.,-1.));
#14470 = ( GEOMETRIC_REPRESENTATION_CONTEXT(2) 
PARAMETRIC_REPRESENTATION_CONTEXT() REPRESENTATION_CONTEXT('2D SPACE',''
  ) );
#14471 = ORIENTED_EDGE('',*,*,#14472,.F.);
#14472 = EDGE_CURVE('',#11193,#14450,#14473,.T.);
#14473 = SURFACE_CURVE('',#14474,(#14478,#14485),.PCURVE_S1.);
#14474 = LINE('',#14475,#14476);
#14475 = CARTESIAN_POINT('',(48.071598830826,26.121484361155,
    -4.688941182132));
#14476 = VECTOR('',#14477,1.);
#14477 = DIRECTION('',(-1.745240643728E-02,0.865893503921,
    -0.499923847578));
#14478 = PCURVE('',#11237,#14479);
#14479 = DEFINITIONAL_REPRESENTATION('',(#14480),#14484);
#14480 = LINE('',#14481,#14482);
#14481 = CARTESIAN_POINT('',(18.,0.));
#14482 = VECTOR('',#14483,1.);
#14483 = DIRECTION('',(0.,-1.));
#14484 = ( GEOMETRIC_REPRESENTATION_CONTEXT(2) 
PARAMETRIC_REPRESENTATION_CONTEXT() REPRESENTATION_CONTEXT('2D SPACE',''
  ) );
#14485 = PCURVE('',#11209,#14486);
#14486 = DEFINITIONAL_REPRESENTATION('',(#14487),#14491);
#14487 = LINE('',#14488,#14489);
#14488 = CARTESIAN_POINT('',(-0.,0.));
#14489 = VECTOR('',#14490,1.);
#14490 = DIRECTION('',(0.,-1.));
#14491 = ( GEOMETRIC_REPRESENTATION_CONTEXT(2) 
PARAMETRIC_REPRESENTATION_CONTEXT() REPRESENTATION_CONTEXT('2D SPACE',''
  ) );
#14492 = ORIENTED_EDGE('',*,*,#11221,.F.);
#14493 = ADVANCED_FACE('',(#14494),#11209,.F.);
#14494 = FACE_BOUND('',#14495,.F.);
#14495 = EDGE_LOOP('',(#14496,#14497,#14518,#14519));
#14496 = ORIENTED_EDGE('',*,*,#14472,.T.);
#14497 = ORIENTED_EDGE('',*,*,#14498,.T.);
#14498 = EDGE_CURVE('',#14450,#14324,#14499,.T.);
#14499 = SURFACE_CURVE('',#14500,(#14504,#14511),.PCURVE_S1.);
#14500 = LINE('',#14501,#14502);
#14501 = CARTESIAN_POINT('',(48.036694017952,27.853271368997,
    -5.688788877289));
#14502 = VECTOR('',#14503,1.);
#14503 = DIRECTION('',(-0.999847695156,-1.511422733186E-02,
    8.726203218642E-03));
#14504 = PCURVE('',#11209,#14505);
#14505 = DEFINITIONAL_REPRESENTATION('',(#14506),#14510);
#14506 = LINE('',#14507,#14508);
#14507 = CARTESIAN_POINT('',(5.884182030513E-15,-2.));
#14508 = VECTOR('',#14509,1.);
#14509 = DIRECTION('',(1.,-2.046973701653E-16));
#14510 = ( GEOMETRIC_REPRESENTATION_CONTEXT(2) 
PARAMETRIC_REPRESENTATION_CONTEXT() REPRESENTATION_CONTEXT('2D SPACE',''
  ) );
#14511 = PCURVE('',#14362,#14512);
#14512 = DEFINITIONAL_REPRESENTATION('',(#14513),#14517);
#14513 = LINE('',#14514,#14515);
#14514 = CARTESIAN_POINT('',(3.,-9.));
#14515 = VECTOR('',#14516,1.);
#14516 = DIRECTION('',(-1.,0.));
#14517 = ( GEOMETRIC_REPRESENTATION_CONTEXT(2) 
PARAMETRIC_REPRESENTATION_CONTEXT() REPRESENTATION_CONTEXT('2D SPACE',''
  ) );
#14518 = ORIENTED_EDGE('',*,*,#14323,.F.);
#14519 = ORIENTED_EDGE('',*,*,#11192,.F.);
#14520 = ADVANCED_FACE('',(#14521),#11416,.F.);
#14521 = FACE_BOUND('',#14522,.F.);
#14522 = EDGE_LOOP('',(#14523,#14546,#14574,#14595));
#14523 = ORIENTED_EDGE('',*,*,#14524,.T.);
#14524 = EDGE_CURVE('',#11399,#14525,#14527,.T.);
#14525 = VERTEX_POINT('',#14526);
#14526 = CARTESIAN_POINT('',(42.037607847013,9.,-26.86132058407));
#14527 = SURFACE_CURVE('',#14528,(#14532,#14539),.PCURVE_S1.);
#14528 = LINE('',#14529,#14530);
#14529 = CARTESIAN_POINT('',(42.072512659888,9.,-24.86162519376));
#14530 = VECTOR('',#14531,1.);
#14531 = DIRECTION('',(-1.745240643728E-02,0.,-0.999847695156));
#14532 = PCURVE('',#11416,#14533);
#14533 = DEFINITIONAL_REPRESENTATION('',(#14534),#14538);
#14534 = LINE('',#14535,#14536);
#14535 = CARTESIAN_POINT('',(0.,0.));
#14536 = VECTOR('',#14537,1.);
#14537 = DIRECTION('',(0.,-1.));
#14538 = ( GEOMETRIC_REPRESENTATION_CONTEXT(2) 
PARAMETRIC_REPRESENTATION_CONTEXT() REPRESENTATION_CONTEXT('2D SPACE',''
  ) );
#14539 = PCURVE('',#11445,#14540);
#14540 = DEFINITIONAL_REPRESENTATION('',(#14541),#14545);
#14541 = LINE('',#14542,#14543);
#14542 = CARTESIAN_POINT('',(6.,-5.96744875736E-16));
#14543 = VECTOR('',#14544,1.);
#14544 = DIRECTION('',(0.,-1.));
#14545 = ( GEOMETRIC_REPRESENTATION_CONTEXT(2) 
PARAMETRIC_REPRESENTATION_CONTEXT() REPRESENTATION_CONTEXT('2D SPACE',''
  ) );
#14546 = ORIENTED_EDGE('',*,*,#14547,.T.);
#14547 = EDGE_CURVE('',#14525,#14548,#14550,.T.);
#14548 = VERTEX_POINT('',#14549);
#14549 = CARTESIAN_POINT('',(42.037607847013,-9.,-26.86132058407));
#14550 = SURFACE_CURVE('',#14551,(#14555,#14562),.PCURVE_S1.);
#14551 = LINE('',#14552,#14553);
#14552 = CARTESIAN_POINT('',(42.037607847013,9.,-26.86132058407));
#14553 = VECTOR('',#14554,1.);
#14554 = DIRECTION('',(0.,-1.,0.));
#14555 = PCURVE('',#11416,#14556);
#14556 = DEFINITIONAL_REPRESENTATION('',(#14557),#14561);
#14557 = LINE('',#14558,#14559);
#14558 = CARTESIAN_POINT('',(3.552713678801E-15,-2.));
#14559 = VECTOR('',#14560,1.);
#14560 = DIRECTION('',(1.,0.));
#14561 = ( GEOMETRIC_REPRESENTATION_CONTEXT(2) 
PARAMETRIC_REPRESENTATION_CONTEXT() REPRESENTATION_CONTEXT('2D SPACE',''
  ) );
#14562 = PCURVE('',#14563,#14568);
#14563 = PLANE('',#14564);
#14564 = AXIS2_PLACEMENT_3D('',#14565,#14566,#14567);
#14565 = CARTESIAN_POINT('',(45.037150932483,1.5E-16,-26.91367780338));
#14566 = DIRECTION('',(-1.745240643728E-02,0.,-0.999847695156));
#14567 = DIRECTION('',(0.999847695156,0.,-1.745240643728E-02));
#14568 = DEFINITIONAL_REPRESENTATION('',(#14569),#14573);
#14569 = LINE('',#14570,#14571);
#14570 = CARTESIAN_POINT('',(-3.,-9.));
#14571 = VECTOR('',#14572,1.);
#14572 = DIRECTION('',(0.,1.));
#14573 = ( GEOMETRIC_REPRESENTATION_CONTEXT(2) 
PARAMETRIC_REPRESENTATION_CONTEXT() REPRESENTATION_CONTEXT('2D SPACE',''
  ) );
#14574 = ORIENTED_EDGE('',*,*,#14575,.F.);
#14575 = EDGE_CURVE('',#11401,#14548,#14576,.T.);
#14576 = SURFACE_CURVE('',#14577,(#14581,#14588),.PCURVE_S1.);
#14577 = LINE('',#14578,#14579);
#14578 = CARTESIAN_POINT('',(42.072512659888,-9.,-24.86162519376));
#14579 = VECTOR('',#14580,1.);
#14580 = DIRECTION('',(-1.745240643728E-02,0.,-0.999847695156));
#14581 = PCURVE('',#11416,#14582);
#14582 = DEFINITIONAL_REPRESENTATION('',(#14583),#14587);
#14583 = LINE('',#14584,#14585);
#14584 = CARTESIAN_POINT('',(18.,0.));
#14585 = VECTOR('',#14586,1.);
#14586 = DIRECTION('',(0.,-1.));
#14587 = ( GEOMETRIC_REPRESENTATION_CONTEXT(2) 
PARAMETRIC_REPRESENTATION_CONTEXT() REPRESENTATION_CONTEXT('2D SPACE',''
  ) );
#14588 = PCURVE('',#11500,#14589);
#14589 = DEFINITIONAL_REPRESENTATION('',(#14590),#14594);
#14590 = LINE('',#14591,#14592);
#14591 = CARTESIAN_POINT('',(0.,0.));
#14592 = VECTOR('',#14593,1.);
#14593 = DIRECTION('',(0.,-1.));
#14594 = ( GEOMETRIC_REPRESENTATION_CONTEXT(2) 
PARAMETRIC_REPRESENTATION_CONTEXT() REPRESENTATION_CONTEXT('2D SPACE',''
  ) );
#14595 = ORIENTED_EDGE('',*,*,#11398,.F.);
#14596 = ADVANCED_FACE('',(#14597),#11500,.F.);
#14597 = FACE_BOUND('',#14598,.F.);
#14598 = EDGE_LOOP('',(#14599,#14600,#14623,#14644));
#14599 = ORIENTED_EDGE('',*,*,#14575,.T.);
#14600 = ORIENTED_EDGE('',*,*,#14601,.T.);
#14601 = EDGE_CURVE('',#14548,#14602,#14604,.T.);
#14602 = VERTEX_POINT('',#14603);
#14603 = CARTESIAN_POINT('',(48.036694017952,-9.,-26.96603502269));
#14604 = SURFACE_CURVE('',#14605,(#14609,#14616),.PCURVE_S1.);
#14605 = LINE('',#14606,#14607);
#14606 = CARTESIAN_POINT('',(42.037607847013,-9.,-26.86132058407));
#14607 = VECTOR('',#14608,1.);
#14608 = DIRECTION('',(0.999847695156,0.,-1.745240643728E-02));
#14609 = PCURVE('',#11500,#14610);
#14610 = DEFINITIONAL_REPRESENTATION('',(#14611),#14615);
#14611 = LINE('',#14612,#14613);
#14612 = CARTESIAN_POINT('',(-5.884182030513E-15,-2.));
#14613 = VECTOR('',#14614,1.);
#14614 = DIRECTION('',(1.,2.046973701653E-16));
#14615 = ( GEOMETRIC_REPRESENTATION_CONTEXT(2) 
PARAMETRIC_REPRESENTATION_CONTEXT() REPRESENTATION_CONTEXT('2D SPACE',''
  ) );
#14616 = PCURVE('',#14563,#14617);
#14617 = DEFINITIONAL_REPRESENTATION('',(#14618),#14622);
#14618 = LINE('',#14619,#14620);
#14619 = CARTESIAN_POINT('',(-3.,9.));
#14620 = VECTOR('',#14621,1.);
#14621 = DIRECTION('',(1.,0.));
#14622 = ( GEOMETRIC_REPRESENTATION_CONTEXT(2) 
PARAMETRIC_REPRESENTATION_CONTEXT() REPRESENTATION_CONTEXT('2D SPACE',''
  ) );
#14623 = ORIENTED_EDGE('',*,*,#14624,.F.);
#14624 = EDGE_CURVE('',#11458,#14602,#14625,.T.);
#14625 = SURFACE_CURVE('',#14626,(#14630,#14637),.PCURVE_S1.);
#14626 = LINE('',#14627,#14628);
#14627 = CARTESIAN_POINT('',(48.071598830826,-9.,-24.96633963238));
#14628 = VECTOR('',#14629,1.);
#14629 = DIRECTION('',(-1.745240643728E-02,0.,-0.999847695156));
#14630 = PCURVE('',#11500,#14631);
#14631 = DEFINITIONAL_REPRESENTATION('',(#14632),#14636);
#14632 = LINE('',#14633,#14634);
#14633 = CARTESIAN_POINT('',(6.,5.96744875736E-16));
#14634 = VECTOR('',#14635,1.);
#14635 = DIRECTION('',(0.,-1.));
#14636 = ( GEOMETRIC_REPRESENTATION_CONTEXT(2) 
PARAMETRIC_REPRESENTATION_CONTEXT() REPRESENTATION_CONTEXT('2D SPACE',''
  ) );
#14637 = PCURVE('',#11473,#14638);
#14638 = DEFINITIONAL_REPRESENTATION('',(#14639),#14643);
#14639 = LINE('',#14640,#14641);
#14640 = CARTESIAN_POINT('',(0.,0.));
#14641 = VECTOR('',#14642,1.);
#14642 = DIRECTION('',(0.,-1.));
#14643 = ( GEOMETRIC_REPRESENTATION_CONTEXT(2) 
PARAMETRIC_REPRESENTATION_CONTEXT() REPRESENTATION_CONTEXT('2D SPACE',''
  ) );
#14644 = ORIENTED_EDGE('',*,*,#11485,.F.);
#14645 = ADVANCED_FACE('',(#14646),#11473,.F.);
#14646 = FACE_BOUND('',#14647,.F.);
#14647 = EDGE_LOOP('',(#14648,#14649,#14672,#14693));
#14648 = ORIENTED_EDGE('',*,*,#14624,.T.);
#14649 = ORIENTED_EDGE('',*,*,#14650,.T.);
#14650 = EDGE_CURVE('',#14602,#14651,#14653,.T.);
#14651 = VERTEX_POINT('',#14652);
#14652 = CARTESIAN_POINT('',(48.036694017952,9.,-26.96603502269));
#14653 = SURFACE_CURVE('',#14654,(#14658,#14665),.PCURVE_S1.);
#14654 = LINE('',#14655,#14656);
#14655 = CARTESIAN_POINT('',(48.036694017952,-9.,-26.96603502269));
#14656 = VECTOR('',#14657,1.);
#14657 = DIRECTION('',(0.,1.,0.));
#14658 = PCURVE('',#11473,#14659);
#14659 = DEFINITIONAL_REPRESENTATION('',(#14660),#14664);
#14660 = LINE('',#14661,#14662);
#14661 = CARTESIAN_POINT('',(0.,-2.));
#14662 = VECTOR('',#14663,1.);
#14663 = DIRECTION('',(1.,0.));
#14664 = ( GEOMETRIC_REPRESENTATION_CONTEXT(2) 
PARAMETRIC_REPRESENTATION_CONTEXT() REPRESENTATION_CONTEXT('2D SPACE',''
  ) );
#14665 = PCURVE('',#14563,#14666);
#14666 = DEFINITIONAL_REPRESENTATION('',(#14667),#14671);
#14667 = LINE('',#14668,#14669);
#14668 = CARTESIAN_POINT('',(3.,9.));
#14669 = VECTOR('',#14670,1.);
#14670 = DIRECTION('',(0.,-1.));
#14671 = ( GEOMETRIC_REPRESENTATION_CONTEXT(2) 
PARAMETRIC_REPRESENTATION_CONTEXT() REPRESENTATION_CONTEXT('2D SPACE',''
  ) );
#14672 = ORIENTED_EDGE('',*,*,#14673,.F.);
#14673 = EDGE_CURVE('',#11429,#14651,#14674,.T.);
#14674 = SURFACE_CURVE('',#14675,(#14679,#14686),.PCURVE_S1.);
#14675 = LINE('',#14676,#14677);
#14676 = CARTESIAN_POINT('',(48.071598830826,9.,-24.96633963238));
#14677 = VECTOR('',#14678,1.);
#14678 = DIRECTION('',(-1.745240643728E-02,0.,-0.999847695156));
#14679 = PCURVE('',#11473,#14680);
#14680 = DEFINITIONAL_REPRESENTATION('',(#14681),#14685);
#14681 = LINE('',#14682,#14683);
#14682 = CARTESIAN_POINT('',(18.,0.));
#14683 = VECTOR('',#14684,1.);
#14684 = DIRECTION('',(0.,-1.));
#14685 = ( GEOMETRIC_REPRESENTATION_CONTEXT(2) 
PARAMETRIC_REPRESENTATION_CONTEXT() REPRESENTATION_CONTEXT('2D SPACE',''
  ) );
#14686 = PCURVE('',#11445,#14687);
#14687 = DEFINITIONAL_REPRESENTATION('',(#14688),#14692);
#14688 = LINE('',#14689,#14690);
#14689 = CARTESIAN_POINT('',(-0.,0.));
#14690 = VECTOR('',#14691,1.);
#14691 = DIRECTION('',(0.,-1.));
#14692 = ( GEOMETRIC_REPRESENTATION_CONTEXT(2) 
PARAMETRIC_REPRESENTATION_CONTEXT() REPRESENTATION_CONTEXT('2D SPACE',''
  ) );
#14693 = ORIENTED_EDGE('',*,*,#11457,.F.);
#14694 = ADVANCED_FACE('',(#14695),#11445,.F.);
#14695 = FACE_BOUND('',#14696,.F.);
#14696 = EDGE_LOOP('',(#14697,#14698,#14719,#14720));
#14697 = ORIENTED_EDGE('',*,*,#14673,.T.);
#14698 = ORIENTED_EDGE('',*,*,#14699,.T.);
#14699 = EDGE_CURVE('',#14651,#14525,#14700,.T.);
#14700 = SURFACE_CURVE('',#14701,(#14705,#14712),.PCURVE_S1.);
#14701 = LINE('',#14702,#14703);
#14702 = CARTESIAN_POINT('',(48.036694017952,9.,-26.96603502269));
#14703 = VECTOR('',#14704,1.);
#14704 = DIRECTION('',(-0.999847695156,0.,1.745240643728E-02));
#14705 = PCURVE('',#11445,#14706);
#14706 = DEFINITIONAL_REPRESENTATION('',(#14707),#14711);
#14707 = LINE('',#14708,#14709);
#14708 = CARTESIAN_POINT('',(5.884182030513E-15,-2.));
#14709 = VECTOR('',#14710,1.);
#14710 = DIRECTION('',(1.,-2.046973701653E-16));
#14711 = ( GEOMETRIC_REPRESENTATION_CONTEXT(2) 
PARAMETRIC_REPRESENTATION_CONTEXT() REPRESENTATION_CONTEXT('2D SPACE',''
  ) );
#14712 = PCURVE('',#14563,#14713);
#14713 = DEFINITIONAL_REPRESENTATION('',(#14714),#14718);
#14714 = LINE('',#14715,#14716);
#14715 = CARTESIAN_POINT('',(3.,-9.));
#14716 = VECTOR('',#14717,1.);
#14717 = DIRECTION('',(-1.,0.));
#14718 = ( GEOMETRIC_REPRESENTATION_CONTEXT(2) 
PARAMETRIC_REPRESENTATION_CONTEXT() REPRESENTATION_CONTEXT('2D SPACE',''
  ) );
#14719 = ORIENTED_EDGE('',*,*,#14524,.F.);
#14720 = ORIENTED_EDGE('',*,*,#11428,.F.);
#14721 = ADVANCED_FACE('',(#14722),#11652,.F.);
#14722 = FACE_BOUND('',#14723,.F.);
#14723 = EDGE_LOOP('',(#14724,#14747,#14775,#14796));
#14724 = ORIENTED_EDGE('',*,*,#14725,.T.);
#14725 = EDGE_CURVE('',#11635,#14726,#14728,.T.);
#14726 = VERTEX_POINT('',#14727);
#14727 = CARTESIAN_POINT('',(42.037607847013,-18.762586005,
    -21.22488892609));
#14728 = SURFACE_CURVE('',#14729,(#14733,#14740),.PCURVE_S1.);
#14729 = LINE('',#14730,#14731);
#14730 = CARTESIAN_POINT('',(42.072512659888,-17.03079899716,
    -20.22504123094));
#14731 = VECTOR('',#14732,1.);
#14732 = DIRECTION('',(-1.745240643728E-02,-0.865893503921,
    -0.499923847578));
#14733 = PCURVE('',#11652,#14734);
#14734 = DEFINITIONAL_REPRESENTATION('',(#14735),#14739);
#14735 = LINE('',#14736,#14737);
#14736 = CARTESIAN_POINT('',(0.,0.));
#14737 = VECTOR('',#14738,1.);
#14738 = DIRECTION('',(0.,-1.));
#14739 = ( GEOMETRIC_REPRESENTATION_CONTEXT(2) 
PARAMETRIC_REPRESENTATION_CONTEXT() REPRESENTATION_CONTEXT('2D SPACE',''
  ) );
#14740 = PCURVE('',#11681,#14741);
#14741 = DEFINITIONAL_REPRESENTATION('',(#14742),#14746);
#14742 = LINE('',#14743,#14744);
#14743 = CARTESIAN_POINT('',(6.,-5.96744875736E-16));
#14744 = VECTOR('',#14745,1.);
#14745 = DIRECTION('',(0.,-1.));
#14746 = ( GEOMETRIC_REPRESENTATION_CONTEXT(2) 
PARAMETRIC_REPRESENTATION_CONTEXT() REPRESENTATION_CONTEXT('2D SPACE',''
  ) );
#14747 = ORIENTED_EDGE('',*,*,#14748,.T.);
#14748 = EDGE_CURVE('',#14726,#14749,#14751,.T.);
#14749 = VERTEX_POINT('',#14750);
#14750 = CARTESIAN_POINT('',(42.037607847013,-27.762586005,
    -5.636431657977));
#14751 = SURFACE_CURVE('',#14752,(#14756,#14763),.PCURVE_S1.);
#14752 = LINE('',#14753,#14754);
#14753 = CARTESIAN_POINT('',(42.037607847013,-18.762586005,
    -21.22488892609));
#14754 = VECTOR('',#14755,1.);
#14755 = DIRECTION('',(-1.047144386237E-18,-0.5,0.866025403784));
#14756 = PCURVE('',#11652,#14757);
#14757 = DEFINITIONAL_REPRESENTATION('',(#14758),#14762);
#14758 = LINE('',#14759,#14760);
#14759 = CARTESIAN_POINT('',(3.552713678801E-15,-2.));
#14760 = VECTOR('',#14761,1.);
#14761 = DIRECTION('',(1.,-6.E-17));
#14762 = ( GEOMETRIC_REPRESENTATION_CONTEXT(2) 
PARAMETRIC_REPRESENTATION_CONTEXT() REPRESENTATION_CONTEXT('2D SPACE',''
  ) );
#14763 = PCURVE('',#14764,#14769);
#14764 = PLANE('',#14765);
#14765 = AXIS2_PLACEMENT_3D('',#14766,#14767,#14768);
#14766 = CARTESIAN_POINT('',(45.037150932483,-23.307928687,
    -13.45683890169));
#14767 = DIRECTION('',(-1.745240643728E-02,-0.865893503921,
    -0.499923847578));
#14768 = DIRECTION('',(0.999847695156,-1.511422733186E-02,
    -8.726203218642E-03));
#14769 = DEFINITIONAL_REPRESENTATION('',(#14770),#14774);
#14770 = LINE('',#14771,#14772);
#14771 = CARTESIAN_POINT('',(-3.,-9.));
#14772 = VECTOR('',#14773,1.);
#14773 = DIRECTION('',(6.354600832563E-33,1.));
#14774 = ( GEOMETRIC_REPRESENTATION_CONTEXT(2) 
PARAMETRIC_REPRESENTATION_CONTEXT() REPRESENTATION_CONTEXT('2D SPACE',''
  ) );
#14775 = ORIENTED_EDGE('',*,*,#14776,.F.);
#14776 = EDGE_CURVE('',#11637,#14749,#14777,.T.);
#14777 = SURFACE_CURVE('',#14778,(#14782,#14789),.PCURVE_S1.);
#14778 = LINE('',#14779,#14780);
#14779 = CARTESIAN_POINT('',(42.072512659888,-26.03079899716,
    -4.63658396282));
#14780 = VECTOR('',#14781,1.);
#14781 = DIRECTION('',(-1.745240643728E-02,-0.865893503921,
    -0.499923847578));
#14782 = PCURVE('',#11652,#14783);
#14783 = DEFINITIONAL_REPRESENTATION('',(#14784),#14788);
#14784 = LINE('',#14785,#14786);
#14785 = CARTESIAN_POINT('',(18.,0.));
#14786 = VECTOR('',#14787,1.);
#14787 = DIRECTION('',(0.,-1.));
#14788 = ( GEOMETRIC_REPRESENTATION_CONTEXT(2) 
PARAMETRIC_REPRESENTATION_CONTEXT() REPRESENTATION_CONTEXT('2D SPACE',''
  ) );
#14789 = PCURVE('',#11736,#14790);
#14790 = DEFINITIONAL_REPRESENTATION('',(#14791),#14795);
#14791 = LINE('',#14792,#14793);
#14792 = CARTESIAN_POINT('',(0.,0.));
#14793 = VECTOR('',#14794,1.);
#14794 = DIRECTION('',(0.,-1.));
#14795 = ( GEOMETRIC_REPRESENTATION_CONTEXT(2) 
PARAMETRIC_REPRESENTATION_CONTEXT() REPRESENTATION_CONTEXT('2D SPACE',''
  ) );
#14796 = ORIENTED_EDGE('',*,*,#11634,.F.);
#14797 = ADVANCED_FACE('',(#14798),#11736,.F.);
#14798 = FACE_BOUND('',#14799,.F.);
#14799 = EDGE_LOOP('',(#14800,#14801,#14824,#14845));
#14800 = ORIENTED_EDGE('',*,*,#14776,.T.);
#14801 = ORIENTED_EDGE('',*,*,#14802,.T.);
#14802 = EDGE_CURVE('',#14749,#14803,#14805,.T.);
#14803 = VERTEX_POINT('',#14804);
#14804 = CARTESIAN_POINT('',(48.036694017952,-27.85327136899,
    -5.688788877289));
#14805 = SURFACE_CURVE('',#14806,(#14810,#14817),.PCURVE_S1.);
#14806 = LINE('',#14807,#14808);
#14807 = CARTESIAN_POINT('',(42.037607847013,-27.762586005,
    -5.636431657977));
#14808 = VECTOR('',#14809,1.);
#14809 = DIRECTION('',(0.999847695156,-1.511422733186E-02,
    -8.726203218642E-03));
#14810 = PCURVE('',#11736,#14811);
#14811 = DEFINITIONAL_REPRESENTATION('',(#14812),#14816);
#14812 = LINE('',#14813,#14814);
#14813 = CARTESIAN_POINT('',(-5.821731985378E-15,-2.));
#14814 = VECTOR('',#14815,1.);
#14815 = DIRECTION('',(1.,2.046973701653E-16));
#14816 = ( GEOMETRIC_REPRESENTATION_CONTEXT(2) 
PARAMETRIC_REPRESENTATION_CONTEXT() REPRESENTATION_CONTEXT('2D SPACE',''
  ) );
#14817 = PCURVE('',#14764,#14818);
#14818 = DEFINITIONAL_REPRESENTATION('',(#14819),#14823);
#14819 = LINE('',#14820,#14821);
#14820 = CARTESIAN_POINT('',(-3.,9.));
#14821 = VECTOR('',#14822,1.);
#14822 = DIRECTION('',(1.,0.));
#14823 = ( GEOMETRIC_REPRESENTATION_CONTEXT(2) 
PARAMETRIC_REPRESENTATION_CONTEXT() REPRESENTATION_CONTEXT('2D SPACE',''
  ) );
#14824 = ORIENTED_EDGE('',*,*,#14825,.F.);
#14825 = EDGE_CURVE('',#11694,#14803,#14826,.T.);
#14826 = SURFACE_CURVE('',#14827,(#14831,#14838),.PCURVE_S1.);
#14827 = LINE('',#14828,#14829);
#14828 = CARTESIAN_POINT('',(48.071598830826,-26.12148436115,
    -4.688941182132));
#14829 = VECTOR('',#14830,1.);
#14830 = DIRECTION('',(-1.745240643728E-02,-0.865893503921,
    -0.499923847578));
#14831 = PCURVE('',#11736,#14832);
#14832 = DEFINITIONAL_REPRESENTATION('',(#14833),#14837);
#14833 = LINE('',#14834,#14835);
#14834 = CARTESIAN_POINT('',(6.,5.96744875736E-16));
#14835 = VECTOR('',#14836,1.);
#14836 = DIRECTION('',(0.,-1.));
#14837 = ( GEOMETRIC_REPRESENTATION_CONTEXT(2) 
PARAMETRIC_REPRESENTATION_CONTEXT() REPRESENTATION_CONTEXT('2D SPACE',''
  ) );
#14838 = PCURVE('',#11709,#14839);
#14839 = DEFINITIONAL_REPRESENTATION('',(#14840),#14844);
#14840 = LINE('',#14841,#14842);
#14841 = CARTESIAN_POINT('',(0.,0.));
#14842 = VECTOR('',#14843,1.);
#14843 = DIRECTION('',(0.,-1.));
#14844 = ( GEOMETRIC_REPRESENTATION_CONTEXT(2) 
PARAMETRIC_REPRESENTATION_CONTEXT() REPRESENTATION_CONTEXT('2D SPACE',''
  ) );
#14845 = ORIENTED_EDGE('',*,*,#11721,.F.);
#14846 = ADVANCED_FACE('',(#14847),#11709,.F.);
#14847 = FACE_BOUND('',#14848,.F.);
#14848 = EDGE_LOOP('',(#14849,#14850,#14873,#14894));
#14849 = ORIENTED_EDGE('',*,*,#14825,.T.);
#14850 = ORIENTED_EDGE('',*,*,#14851,.T.);
#14851 = EDGE_CURVE('',#14803,#14852,#14854,.T.);
#14852 = VERTEX_POINT('',#14853);
#14853 = CARTESIAN_POINT('',(48.036694017952,-18.85327136899,
    -21.2772461454));
#14854 = SURFACE_CURVE('',#14855,(#14859,#14866),.PCURVE_S1.);
#14855 = LINE('',#14856,#14857);
#14856 = CARTESIAN_POINT('',(48.036694017952,-27.85327136899,
    -5.688788877289));
#14857 = VECTOR('',#14858,1.);
#14858 = DIRECTION('',(1.047144386237E-18,0.5,-0.866025403784));
#14859 = PCURVE('',#11709,#14860);
#14860 = DEFINITIONAL_REPRESENTATION('',(#14861),#14865);
#14861 = LINE('',#14862,#14863);
#14862 = CARTESIAN_POINT('',(0.,-2.));
#14863 = VECTOR('',#14864,1.);
#14864 = DIRECTION('',(1.,6.E-17));
#14865 = ( GEOMETRIC_REPRESENTATION_CONTEXT(2) 
PARAMETRIC_REPRESENTATION_CONTEXT() REPRESENTATION_CONTEXT('2D SPACE',''
  ) );
#14866 = PCURVE('',#14764,#14867);
#14867 = DEFINITIONAL_REPRESENTATION('',(#14868),#14872);
#14868 = LINE('',#14869,#14870);
#14869 = CARTESIAN_POINT('',(3.,9.));
#14870 = VECTOR('',#14871,1.);
#14871 = DIRECTION('',(-6.354600832563E-33,-1.));
#14872 = ( GEOMETRIC_REPRESENTATION_CONTEXT(2) 
PARAMETRIC_REPRESENTATION_CONTEXT() REPRESENTATION_CONTEXT('2D SPACE',''
  ) );
#14873 = ORIENTED_EDGE('',*,*,#14874,.F.);
#14874 = EDGE_CURVE('',#11665,#14852,#14875,.T.);
#14875 = SURFACE_CURVE('',#14876,(#14880,#14887),.PCURVE_S1.);
#14876 = LINE('',#14877,#14878);
#14877 = CARTESIAN_POINT('',(48.071598830826,-17.12148436115,
    -20.27739845025));
#14878 = VECTOR('',#14879,1.);
#14879 = DIRECTION('',(-1.745240643728E-02,-0.865893503921,
    -0.499923847578));
#14880 = PCURVE('',#11709,#14881);
#14881 = DEFINITIONAL_REPRESENTATION('',(#14882),#14886);
#14882 = LINE('',#14883,#14884);
#14883 = CARTESIAN_POINT('',(18.,0.));
#14884 = VECTOR('',#14885,1.);
#14885 = DIRECTION('',(0.,-1.));
#14886 = ( GEOMETRIC_REPRESENTATION_CONTEXT(2) 
PARAMETRIC_REPRESENTATION_CONTEXT() REPRESENTATION_CONTEXT('2D SPACE',''
  ) );
#14887 = PCURVE('',#11681,#14888);
#14888 = DEFINITIONAL_REPRESENTATION('',(#14889),#14893);
#14889 = LINE('',#14890,#14891);
#14890 = CARTESIAN_POINT('',(-0.,0.));
#14891 = VECTOR('',#14892,1.);
#14892 = DIRECTION('',(0.,-1.));
#14893 = ( GEOMETRIC_REPRESENTATION_CONTEXT(2) 
PARAMETRIC_REPRESENTATION_CONTEXT() REPRESENTATION_CONTEXT('2D SPACE',''
  ) );
#14894 = ORIENTED_EDGE('',*,*,#11693,.F.);
#14895 = ADVANCED_FACE('',(#14896),#11681,.F.);
#14896 = FACE_BOUND('',#14897,.F.);
#14897 = EDGE_LOOP('',(#14898,#14899,#14920,#14921));
#14898 = ORIENTED_EDGE('',*,*,#14874,.T.);
#14899 = ORIENTED_EDGE('',*,*,#14900,.T.);
#14900 = EDGE_CURVE('',#14852,#14726,#14901,.T.);
#14901 = SURFACE_CURVE('',#14902,(#14906,#14913),.PCURVE_S1.);
#14902 = LINE('',#14903,#14904);
#14903 = CARTESIAN_POINT('',(48.036694017952,-18.85327136899,
    -21.2772461454));
#14904 = VECTOR('',#14905,1.);
#14905 = DIRECTION('',(-0.999847695156,1.511422733186E-02,
    8.726203218642E-03));
#14906 = PCURVE('',#11681,#14907);
#14907 = DEFINITIONAL_REPRESENTATION('',(#14908),#14912);
#14908 = LINE('',#14909,#14910);
#14909 = CARTESIAN_POINT('',(5.821731985378E-15,-2.));
#14910 = VECTOR('',#14911,1.);
#14911 = DIRECTION('',(1.,-2.046973701653E-16));
#14912 = ( GEOMETRIC_REPRESENTATION_CONTEXT(2) 
PARAMETRIC_REPRESENTATION_CONTEXT() REPRESENTATION_CONTEXT('2D SPACE',''
  ) );
#14913 = PCURVE('',#14764,#14914);
#14914 = DEFINITIONAL_REPRESENTATION('',(#14915),#14919);
#14915 = LINE('',#14916,#14917);
#14916 = CARTESIAN_POINT('',(3.,-9.));
#14917 = VECTOR('',#14918,1.);
#14918 = DIRECTION('',(-1.,0.));
#14919 = ( GEOMETRIC_REPRESENTATION_CONTEXT(2) 
PARAMETRIC_REPRESENTATION_CONTEXT() REPRESENTATION_CONTEXT('2D SPACE',''
  ) );
#14920 = ORIENTED_EDGE('',*,*,#14725,.F.);
#14921 = ORIENTED_EDGE('',*,*,#11664,.F.);
#14922 = ADVANCED_FACE('',(#14923),#11888,.F.);
#14923 = FACE_BOUND('',#14924,.F.);
#14924 = EDGE_LOOP('',(#14925,#14948,#14976,#14997));
#14925 = ORIENTED_EDGE('',*,*,#14926,.T.);
#14926 = EDGE_CURVE('',#11871,#14927,#14929,.T.);
#14927 = VERTEX_POINT('',#14928);
#14928 = CARTESIAN_POINT('',(42.037607847013,-27.762586005,
    5.636431657977));
#14929 = SURFACE_CURVE('',#14930,(#14934,#14941),.PCURVE_S1.);
#14930 = LINE('',#14931,#14932);
#14931 = CARTESIAN_POINT('',(42.072512659888,-26.03079899716,
    4.63658396282));
#14932 = VECTOR('',#14933,1.);
#14933 = DIRECTION('',(-1.745240643728E-02,-0.865893503921,
    0.499923847578));
#14934 = PCURVE('',#11888,#14935);
#14935 = DEFINITIONAL_REPRESENTATION('',(#14936),#14940);
#14936 = LINE('',#14937,#14938);
#14937 = CARTESIAN_POINT('',(0.,0.));
#14938 = VECTOR('',#14939,1.);
#14939 = DIRECTION('',(0.,-1.));
#14940 = ( GEOMETRIC_REPRESENTATION_CONTEXT(2) 
PARAMETRIC_REPRESENTATION_CONTEXT() REPRESENTATION_CONTEXT('2D SPACE',''
  ) );
#14941 = PCURVE('',#11917,#14942);
#14942 = DEFINITIONAL_REPRESENTATION('',(#14943),#14947);
#14943 = LINE('',#14944,#14945);
#14944 = CARTESIAN_POINT('',(6.,-5.96744875736E-16));
#14945 = VECTOR('',#14946,1.);
#14946 = DIRECTION('',(0.,-1.));
#14947 = ( GEOMETRIC_REPRESENTATION_CONTEXT(2) 
PARAMETRIC_REPRESENTATION_CONTEXT() REPRESENTATION_CONTEXT('2D SPACE',''
  ) );
#14948 = ORIENTED_EDGE('',*,*,#14949,.T.);
#14949 = EDGE_CURVE('',#14927,#14950,#14952,.T.);
#14950 = VERTEX_POINT('',#14951);
#14951 = CARTESIAN_POINT('',(42.037607847013,-18.762586005,
    21.224888926097));
#14952 = SURFACE_CURVE('',#14953,(#14957,#14964),.PCURVE_S1.);
#14953 = LINE('',#14954,#14955);
#14954 = CARTESIAN_POINT('',(42.037607847013,-27.762586005,
    5.636431657977));
#14955 = VECTOR('',#14956,1.);
#14956 = DIRECTION('',(0.,0.5,0.866025403784));
#14957 = PCURVE('',#11888,#14958);
#14958 = DEFINITIONAL_REPRESENTATION('',(#14959),#14963);
#14959 = LINE('',#14960,#14961);
#14960 = CARTESIAN_POINT('',(3.552713678801E-15,-2.));
#14961 = VECTOR('',#14962,1.);
#14962 = DIRECTION('',(1.,0.));
#14963 = ( GEOMETRIC_REPRESENTATION_CONTEXT(2) 
PARAMETRIC_REPRESENTATION_CONTEXT() REPRESENTATION_CONTEXT('2D SPACE',''
  ) );
#14964 = PCURVE('',#14965,#14970);
#14965 = PLANE('',#14966);
#14966 = AXIS2_PLACEMENT_3D('',#14967,#14968,#14969);
#14967 = CARTESIAN_POINT('',(45.037150932483,-23.307928687,
    13.456838901693));
#14968 = DIRECTION('',(-1.745240643728E-02,-0.865893503921,
    0.499923847578));
#14969 = DIRECTION('',(0.999847695156,-1.511422733186E-02,
    8.726203218642E-03));
#14970 = DEFINITIONAL_REPRESENTATION('',(#14971),#14975);
#14971 = LINE('',#14972,#14973);
#14972 = CARTESIAN_POINT('',(-3.,-9.));
#14973 = VECTOR('',#14974,1.);
#14974 = DIRECTION('',(0.,1.));
#14975 = ( GEOMETRIC_REPRESENTATION_CONTEXT(2) 
PARAMETRIC_REPRESENTATION_CONTEXT() REPRESENTATION_CONTEXT('2D SPACE',''
  ) );
#14976 = ORIENTED_EDGE('',*,*,#14977,.F.);
#14977 = EDGE_CURVE('',#11873,#14950,#14978,.T.);
#14978 = SURFACE_CURVE('',#14979,(#14983,#14990),.PCURVE_S1.);
#14979 = LINE('',#14980,#14981);
#14980 = CARTESIAN_POINT('',(42.072512659888,-17.03079899716,
    20.22504123094));
#14981 = VECTOR('',#14982,1.);
#14982 = DIRECTION('',(-1.745240643728E-02,-0.865893503921,
    0.499923847578));
#14983 = PCURVE('',#11888,#14984);
#14984 = DEFINITIONAL_REPRESENTATION('',(#14985),#14989);
#14985 = LINE('',#14986,#14987);
#14986 = CARTESIAN_POINT('',(18.,0.));
#14987 = VECTOR('',#14988,1.);
#14988 = DIRECTION('',(0.,-1.));
#14989 = ( GEOMETRIC_REPRESENTATION_CONTEXT(2) 
PARAMETRIC_REPRESENTATION_CONTEXT() REPRESENTATION_CONTEXT('2D SPACE',''
  ) );
#14990 = PCURVE('',#11972,#14991);
#14991 = DEFINITIONAL_REPRESENTATION('',(#14992),#14996);
#14992 = LINE('',#14993,#14994);
#14993 = CARTESIAN_POINT('',(0.,0.));
#14994 = VECTOR('',#14995,1.);
#14995 = DIRECTION('',(0.,-1.));
#14996 = ( GEOMETRIC_REPRESENTATION_CONTEXT(2) 
PARAMETRIC_REPRESENTATION_CONTEXT() REPRESENTATION_CONTEXT('2D SPACE',''
  ) );
#14997 = ORIENTED_EDGE('',*,*,#11870,.F.);
#14998 = ADVANCED_FACE('',(#14999),#11972,.F.);
#14999 = FACE_BOUND('',#15000,.F.);
#15000 = EDGE_LOOP('',(#15001,#15002,#15025,#15046));
#15001 = ORIENTED_EDGE('',*,*,#14977,.T.);
#15002 = ORIENTED_EDGE('',*,*,#15003,.T.);
#15003 = EDGE_CURVE('',#14950,#15004,#15006,.T.);
#15004 = VERTEX_POINT('',#15005);
#15005 = CARTESIAN_POINT('',(48.036694017952,-18.85327136899,
    21.277246145409));
#15006 = SURFACE_CURVE('',#15007,(#15011,#15018),.PCURVE_S1.);
#15007 = LINE('',#15008,#15009);
#15008 = CARTESIAN_POINT('',(42.037607847013,-18.762586005,
    21.224888926097));
#15009 = VECTOR('',#15010,1.);
#15010 = DIRECTION('',(0.999847695156,-1.511422733186E-02,
    8.726203218642E-03));
#15011 = PCURVE('',#11972,#15012);
#15012 = DEFINITIONAL_REPRESENTATION('',(#15013),#15017);
#15013 = LINE('',#15014,#15015);
#15014 = CARTESIAN_POINT('',(-5.884182030513E-15,-2.));
#15015 = VECTOR('',#15016,1.);
#15016 = DIRECTION('',(1.,2.046973701653E-16));
#15017 = ( GEOMETRIC_REPRESENTATION_CONTEXT(2) 
PARAMETRIC_REPRESENTATION_CONTEXT() REPRESENTATION_CONTEXT('2D SPACE',''
  ) );
#15018 = PCURVE('',#14965,#15019);
#15019 = DEFINITIONAL_REPRESENTATION('',(#15020),#15024);
#15020 = LINE('',#15021,#15022);
#15021 = CARTESIAN_POINT('',(-3.,9.));
#15022 = VECTOR('',#15023,1.);
#15023 = DIRECTION('',(1.,0.));
#15024 = ( GEOMETRIC_REPRESENTATION_CONTEXT(2) 
PARAMETRIC_REPRESENTATION_CONTEXT() REPRESENTATION_CONTEXT('2D SPACE',''
  ) );
#15025 = ORIENTED_EDGE('',*,*,#15026,.F.);
#15026 = EDGE_CURVE('',#11930,#15004,#15027,.T.);
#15027 = SURFACE_CURVE('',#15028,(#15032,#15039),.PCURVE_S1.);
#15028 = LINE('',#15029,#15030);
#15029 = CARTESIAN_POINT('',(48.071598830826,-17.12148436115,
    20.277398450252));
#15030 = VECTOR('',#15031,1.);
#15031 = DIRECTION('',(-1.745240643728E-02,-0.865893503921,
    0.499923847578));
#15032 = PCURVE('',#11972,#15033);
#15033 = DEFINITIONAL_REPRESENTATION('',(#15034),#15038);
#15034 = LINE('',#15035,#15036);
#15035 = CARTESIAN_POINT('',(6.,5.96744875736E-16));
#15036 = VECTOR('',#15037,1.);
#15037 = DIRECTION('',(0.,-1.));
#15038 = ( GEOMETRIC_REPRESENTATION_CONTEXT(2) 
PARAMETRIC_REPRESENTATION_CONTEXT() REPRESENTATION_CONTEXT('2D SPACE',''
  ) );
#15039 = PCURVE('',#11945,#15040);
#15040 = DEFINITIONAL_REPRESENTATION('',(#15041),#15045);
#15041 = LINE('',#15042,#15043);
#15042 = CARTESIAN_POINT('',(0.,0.));
#15043 = VECTOR('',#15044,1.);
#15044 = DIRECTION('',(0.,-1.));
#15045 = ( GEOMETRIC_REPRESENTATION_CONTEXT(2) 
PARAMETRIC_REPRESENTATION_CONTEXT() REPRESENTATION_CONTEXT('2D SPACE',''
  ) );
#15046 = ORIENTED_EDGE('',*,*,#11957,.F.);
#15047 = ADVANCED_FACE('',(#15048),#11945,.F.);
#15048 = FACE_BOUND('',#15049,.F.);
#15049 = EDGE_LOOP('',(#15050,#15051,#15074,#15095));
#15050 = ORIENTED_EDGE('',*,*,#15026,.T.);
#15051 = ORIENTED_EDGE('',*,*,#15052,.T.);
#15052 = EDGE_CURVE('',#15004,#15053,#15055,.T.);
#15053 = VERTEX_POINT('',#15054);
#15054 = CARTESIAN_POINT('',(48.036694017952,-27.85327136899,
    5.688788877289));
#15055 = SURFACE_CURVE('',#15056,(#15060,#15067),.PCURVE_S1.);
#15056 = LINE('',#15057,#15058);
#15057 = CARTESIAN_POINT('',(48.036694017952,-18.85327136899,
    21.277246145409));
#15058 = VECTOR('',#15059,1.);
#15059 = DIRECTION('',(0.,-0.5,-0.866025403784));
#15060 = PCURVE('',#11945,#15061);
#15061 = DEFINITIONAL_REPRESENTATION('',(#15062),#15066);
#15062 = LINE('',#15063,#15064);
#15063 = CARTESIAN_POINT('',(0.,-2.));
#15064 = VECTOR('',#15065,1.);
#15065 = DIRECTION('',(1.,0.));
#15066 = ( GEOMETRIC_REPRESENTATION_CONTEXT(2) 
PARAMETRIC_REPRESENTATION_CONTEXT() REPRESENTATION_CONTEXT('2D SPACE',''
  ) );
#15067 = PCURVE('',#14965,#15068);
#15068 = DEFINITIONAL_REPRESENTATION('',(#15069),#15073);
#15069 = LINE('',#15070,#15071);
#15070 = CARTESIAN_POINT('',(3.,9.));
#15071 = VECTOR('',#15072,1.);
#15072 = DIRECTION('',(0.,-1.));
#15073 = ( GEOMETRIC_REPRESENTATION_CONTEXT(2) 
PARAMETRIC_REPRESENTATION_CONTEXT() REPRESENTATION_CONTEXT('2D SPACE',''
  ) );
#15074 = ORIENTED_EDGE('',*,*,#15075,.F.);
#15075 = EDGE_CURVE('',#11901,#15053,#15076,.T.);
#15076 = SURFACE_CURVE('',#15077,(#15081,#15088),.PCURVE_S1.);
#15077 = LINE('',#15078,#15079);
#15078 = CARTESIAN_POINT('',(48.071598830826,-26.12148436115,
    4.688941182132));
#15079 = VECTOR('',#15080,1.);
#15080 = DIRECTION('',(-1.745240643728E-02,-0.865893503921,
    0.499923847578));
#15081 = PCURVE('',#11945,#15082);
#15082 = DEFINITIONAL_REPRESENTATION('',(#15083),#15087);
#15083 = LINE('',#15084,#15085);
#15084 = CARTESIAN_POINT('',(18.,0.));
#15085 = VECTOR('',#15086,1.);
#15086 = DIRECTION('',(0.,-1.));
#15087 = ( GEOMETRIC_REPRESENTATION_CONTEXT(2) 
PARAMETRIC_REPRESENTATION_CONTEXT() REPRESENTATION_CONTEXT('2D SPACE',''
  ) );
#15088 = PCURVE('',#11917,#15089);
#15089 = DEFINITIONAL_REPRESENTATION('',(#15090),#15094);
#15090 = LINE('',#15091,#15092);
#15091 = CARTESIAN_POINT('',(-0.,0.));
#15092 = VECTOR('',#15093,1.);
#15093 = DIRECTION('',(0.,-1.));
#15094 = ( GEOMETRIC_REPRESENTATION_CONTEXT(2) 
PARAMETRIC_REPRESENTATION_CONTEXT() REPRESENTATION_CONTEXT('2D SPACE',''
  ) );
#15095 = ORIENTED_EDGE('',*,*,#11929,.F.);
#15096 = ADVANCED_FACE('',(#15097),#11917,.F.);
#15097 = FACE_BOUND('',#15098,.F.);
#15098 = EDGE_LOOP('',(#15099,#15100,#15121,#15122));
#15099 = ORIENTED_EDGE('',*,*,#15075,.T.);
#15100 = ORIENTED_EDGE('',*,*,#15101,.T.);
#15101 = EDGE_CURVE('',#15053,#14927,#15102,.T.);
#15102 = SURFACE_CURVE('',#15103,(#15107,#15114),.PCURVE_S1.);
#15103 = LINE('',#15104,#15105);
#15104 = CARTESIAN_POINT('',(48.036694017952,-27.85327136899,
    5.688788877289));
#15105 = VECTOR('',#15106,1.);
#15106 = DIRECTION('',(-0.999847695156,1.511422733186E-02,
    -8.726203218642E-03));
#15107 = PCURVE('',#11917,#15108);
#15108 = DEFINITIONAL_REPRESENTATION('',(#15109),#15113);
#15109 = LINE('',#15110,#15111);
#15110 = CARTESIAN_POINT('',(5.884182030513E-15,-2.));
#15111 = VECTOR('',#15112,1.);
#15112 = DIRECTION('',(1.,-2.046973701653E-16));
#15113 = ( GEOMETRIC_REPRESENTATION_CONTEXT(2) 
PARAMETRIC_REPRESENTATION_CONTEXT() REPRESENTATION_CONTEXT('2D SPACE',''
  ) );
#15114 = PCURVE('',#14965,#15115);
#15115 = DEFINITIONAL_REPRESENTATION('',(#15116),#15120);
#15116 = LINE('',#15117,#15118);
#15117 = CARTESIAN_POINT('',(3.,-9.));
#15118 = VECTOR('',#15119,1.);
#15119 = DIRECTION('',(-1.,0.));
#15120 = ( GEOMETRIC_REPRESENTATION_CONTEXT(2) 
PARAMETRIC_REPRESENTATION_CONTEXT() REPRESENTATION_CONTEXT('2D SPACE',''
  ) );
#15121 = ORIENTED_EDGE('',*,*,#14926,.F.);
#15122 = ORIENTED_EDGE('',*,*,#11900,.F.);
#15123 = ADVANCED_FACE('',(#15124),#12172,.F.);
#15124 = FACE_BOUND('',#15125,.F.);
#15125 = EDGE_LOOP('',(#15126,#15154,#15155));
#15126 = ORIENTED_EDGE('',*,*,#15127,.F.);
#15127 = EDGE_CURVE('',#12157,#15128,#15130,.T.);
#15128 = VERTEX_POINT('',#15129);
#15129 = CARTESIAN_POINT('',(42.274063379858,-17.78011164762,
    0.126952599436));
#15130 = SURFACE_CURVE('',#15131,(#15135,#15142),.PCURVE_S1.);
#15131 = LINE('',#15132,#15133);
#15132 = CARTESIAN_POINT('',(42.308968192733,-19.51189865546,
    -0.87289509572));
#15133 = VECTOR('',#15134,1.);
#15134 = DIRECTION('',(-1.745240643728E-02,0.865893503921,0.499923847578
    ));
#15135 = PCURVE('',#12172,#15136);
#15136 = DEFINITIONAL_REPRESENTATION('',(#15137),#15141);
#15137 = LINE('',#15138,#15139);
#15138 = CARTESIAN_POINT('',(6.,-1.429412144205E-15));
#15139 = VECTOR('',#15140,1.);
#15140 = DIRECTION('',(1.040834085586E-17,-1.));
#15141 = ( GEOMETRIC_REPRESENTATION_CONTEXT(2) 
PARAMETRIC_REPRESENTATION_CONTEXT() REPRESENTATION_CONTEXT('2D SPACE',''
  ) );
#15142 = PCURVE('',#15143,#15148);
#15143 = PLANE('',#15144);
#15144 = AXIS2_PLACEMENT_3D('',#15145,#15146,#15147);
#15145 = CARTESIAN_POINT('',(42.308968192733,-19.51189865546,
    -0.87289509572));
#15146 = DIRECTION('',(-0.999847695156,-1.511422733186E-02,
    -8.726203218642E-03));
#15147 = DIRECTION('',(0.,0.5,-0.866025403784));
#15148 = DEFINITIONAL_REPRESENTATION('',(#15149),#15153);
#15149 = LINE('',#15150,#15151);
#15150 = CARTESIAN_POINT('',(0.,0.));
#15151 = VECTOR('',#15152,1.);
#15152 = DIRECTION('',(0.,-1.));
#15153 = ( GEOMETRIC_REPRESENTATION_CONTEXT(2) 
PARAMETRIC_REPRESENTATION_CONTEXT() REPRESENTATION_CONTEXT('2D SPACE',''
  ) );
#15154 = ORIENTED_EDGE('',*,*,#12156,.T.);
#15155 = ORIENTED_EDGE('',*,*,#15156,.T.);
#15156 = EDGE_CURVE('',#12129,#15128,#15157,.T.);
#15157 = SURFACE_CURVE('',#15158,(#15162,#15169),.PCURVE_S1.);
#15158 = LINE('',#15159,#15160);
#15159 = CARTESIAN_POINT('',(48.273149550796,-17.68942628363,
    0.179309818748));
#15160 = VECTOR('',#15161,1.);
#15161 = DIRECTION('',(-0.999847695156,-1.511422733186E-02,
    -8.726203218642E-03));
#15162 = PCURVE('',#12172,#15163);
#15163 = DEFINITIONAL_REPRESENTATION('',(#15164),#15168);
#15164 = LINE('',#15165,#15166);
#15165 = CARTESIAN_POINT('',(1.287164819175E-14,-2.));
#15166 = VECTOR('',#15167,1.);
#15167 = DIRECTION('',(1.,-3.434752482434E-16));
#15168 = ( GEOMETRIC_REPRESENTATION_CONTEXT(2) 
PARAMETRIC_REPRESENTATION_CONTEXT() REPRESENTATION_CONTEXT('2D SPACE',''
  ) );
#15169 = PCURVE('',#12144,#15170);
#15170 = DEFINITIONAL_REPRESENTATION('',(#15171),#15175);
#15171 = LINE('',#15172,#15173);
#15172 = CARTESIAN_POINT('',(3.,9.));
#15173 = VECTOR('',#15174,1.);
#15174 = DIRECTION('',(-1.,0.));
#15175 = ( GEOMETRIC_REPRESENTATION_CONTEXT(2) 
PARAMETRIC_REPRESENTATION_CONTEXT() REPRESENTATION_CONTEXT('2D SPACE',''
  ) );
#15176 = ADVANCED_FACE('',(#15177),#12144,.T.);
#15177 = FACE_BOUND('',#15178,.T.);
#15178 = EDGE_LOOP('',(#15179,#15180,#15201));
#15179 = ORIENTED_EDGE('',*,*,#15156,.T.);
#15180 = ORIENTED_EDGE('',*,*,#15181,.T.);
#15181 = EDGE_CURVE('',#15128,#12101,#15182,.T.);
#15182 = SURFACE_CURVE('',#15183,(#15187,#15194),.PCURVE_S1.);
#15183 = LINE('',#15184,#15185);
#15184 = CARTESIAN_POINT('',(42.274063379858,-17.78011164762,
    0.126952599436));
#15185 = VECTOR('',#15186,1.);
#15186 = DIRECTION('',(-1.047144386237E-18,0.5,-0.866025403784));
#15187 = PCURVE('',#12144,#15188);
#15188 = DEFINITIONAL_REPRESENTATION('',(#15189),#15193);
#15189 = LINE('',#15190,#15191);
#15190 = CARTESIAN_POINT('',(-3.,9.));
#15191 = VECTOR('',#15192,1.);
#15192 = DIRECTION('',(6.354600832563E-33,-1.));
#15193 = ( GEOMETRIC_REPRESENTATION_CONTEXT(2) 
PARAMETRIC_REPRESENTATION_CONTEXT() REPRESENTATION_CONTEXT('2D SPACE',''
  ) );
#15194 = PCURVE('',#15143,#15195);
#15195 = DEFINITIONAL_REPRESENTATION('',(#15196),#15200);
#15196 = LINE('',#15197,#15198);
#15197 = CARTESIAN_POINT('',(1.7763568394E-15,-2.));
#15198 = VECTOR('',#15199,1.);
#15199 = DIRECTION('',(1.,-6.E-17));
#15200 = ( GEOMETRIC_REPRESENTATION_CONTEXT(2) 
PARAMETRIC_REPRESENTATION_CONTEXT() REPRESENTATION_CONTEXT('2D SPACE',''
  ) );
#15201 = ORIENTED_EDGE('',*,*,#12128,.T.);
#15202 = ADVANCED_FACE('',(#15203),#12116,.T.);
#15203 = FACE_BOUND('',#15204,.T.);
#15204 = EDGE_LOOP('',(#15205,#15226,#15227,#15248));
#15205 = ORIENTED_EDGE('',*,*,#15206,.F.);
#15206 = EDGE_CURVE('',#12073,#12283,#15207,.T.);
#15207 = SURFACE_CURVE('',#15208,(#15212,#15219),.PCURVE_S1.);
#15208 = LINE('',#15209,#15210);
#15209 = CARTESIAN_POINT('',(45.362487592792,-8.822283594286,
    15.280643424085));
#15210 = VECTOR('',#15211,1.);
#15211 = DIRECTION('',(0.999796942338,1.007564008358E-02,
    -1.745152054354E-02));
#15212 = PCURVE('',#12116,#15213);
#15213 = DEFINITIONAL_REPRESENTATION('',(#15214),#15218);
#15214 = LINE('',#15215,#15216);
#15215 = CARTESIAN_POINT('',(8.889466655344E-02,8.822283594286));
#15216 = VECTOR('',#15217,1.);
#15217 = DIRECTION('',(0.99994923945,-1.007564008358E-02));
#15218 = ( GEOMETRIC_REPRESENTATION_CONTEXT(2) 
PARAMETRIC_REPRESENTATION_CONTEXT() REPRESENTATION_CONTEXT('2D SPACE',''
  ) );
#15219 = PCURVE('',#12798,#15220);
#15220 = DEFINITIONAL_REPRESENTATION('',(#15221),#15225);
#15221 = LINE('',#15222,#15223);
#15222 = CARTESIAN_POINT('',(8.889466655344E-02,-8.822283594286));
#15223 = VECTOR('',#15224,1.);
#15224 = DIRECTION('',(0.99994923945,1.007564008358E-02));
#15225 = ( GEOMETRIC_REPRESENTATION_CONTEXT(2) 
PARAMETRIC_REPRESENTATION_CONTEXT() REPRESENTATION_CONTEXT('2D SPACE',''
  ) );
#15226 = ORIENTED_EDGE('',*,*,#12100,.T.);
#15227 = ORIENTED_EDGE('',*,*,#15228,.T.);
#15228 = EDGE_CURVE('',#12101,#12260,#15229,.T.);
#15229 = SURFACE_CURVE('',#15230,(#15234,#15241),.PCURVE_S1.);
#15230 = LINE('',#15231,#15232);
#15231 = CARTESIAN_POINT('',(45.362487592792,-17.64456718857,2.22E-15));
#15232 = VECTOR('',#15233,1.);
#15233 = DIRECTION('',(0.999796942338,2.015128016716E-02,0.));
#15234 = PCURVE('',#12116,#15235);
#15235 = DEFINITIONAL_REPRESENTATION('',(#15236),#15240);
#15236 = LINE('',#15237,#15238);
#15237 = CARTESIAN_POINT('',(8.889466655344E-02,-8.822283594286));
#15238 = VECTOR('',#15239,1.);
#15239 = DIRECTION('',(0.99994923945,1.007564008358E-02));
#15240 = ( GEOMETRIC_REPRESENTATION_CONTEXT(2) 
PARAMETRIC_REPRESENTATION_CONTEXT() REPRESENTATION_CONTEXT('2D SPACE',''
  ) );
#15241 = PCURVE('',#12478,#15242);
#15242 = DEFINITIONAL_REPRESENTATION('',(#15243),#15247);
#15243 = LINE('',#15244,#15245);
#15244 = CARTESIAN_POINT('',(8.889466655344E-02,8.822283594286));
#15245 = VECTOR('',#15246,1.);
#15246 = DIRECTION('',(0.99994923945,-1.007564008358E-02));
#15247 = ( GEOMETRIC_REPRESENTATION_CONTEXT(2) 
PARAMETRIC_REPRESENTATION_CONTEXT() REPRESENTATION_CONTEXT('2D SPACE',''
  ) );
#15248 = ORIENTED_EDGE('',*,*,#12282,.T.);
#15249 = ADVANCED_FACE('',(#15250),#12088,.T.);
#15250 = FACE_BOUND('',#15251,.T.);
#15251 = EDGE_LOOP('',(#15252,#15253,#15281));
#15252 = ORIENTED_EDGE('',*,*,#12072,.F.);
#15253 = ORIENTED_EDGE('',*,*,#15254,.T.);
#15254 = EDGE_CURVE('',#12073,#15255,#15257,.T.);
#15255 = VERTEX_POINT('',#15256);
#15256 = CARTESIAN_POINT('',(42.274063379858,-9.,15.334552069248));
#15257 = SURFACE_CURVE('',#15258,(#15262,#15269),.PCURVE_S1.);
#15258 = LINE('',#15259,#15260);
#15259 = CARTESIAN_POINT('',(42.274063379858,9.,15.334552069248));
#15260 = VECTOR('',#15261,1.);
#15261 = DIRECTION('',(0.,-1.,0.));
#15262 = PCURVE('',#12088,#15263);
#15263 = DEFINITIONAL_REPRESENTATION('',(#15264),#15268);
#15264 = LINE('',#15265,#15266);
#15265 = CARTESIAN_POINT('',(-3.,9.));
#15266 = VECTOR('',#15267,1.);
#15267 = DIRECTION('',(0.,-1.));
#15268 = ( GEOMETRIC_REPRESENTATION_CONTEXT(2) 
PARAMETRIC_REPRESENTATION_CONTEXT() REPRESENTATION_CONTEXT('2D SPACE',''
  ) );
#15269 = PCURVE('',#15270,#15275);
#15270 = PLANE('',#15271);
#15271 = AXIS2_PLACEMENT_3D('',#15272,#15273,#15274);
#15272 = CARTESIAN_POINT('',(42.308968192733,9.,17.334247459561));
#15273 = DIRECTION('',(-0.999847695156,0.,1.745240643728E-02));
#15274 = DIRECTION('',(0.,-1.,0.));
#15275 = DEFINITIONAL_REPRESENTATION('',(#15276),#15280);
#15276 = LINE('',#15277,#15278);
#15277 = CARTESIAN_POINT('',(1.7763568394E-15,-2.));
#15278 = VECTOR('',#15279,1.);
#15279 = DIRECTION('',(1.,0.));
#15280 = ( GEOMETRIC_REPRESENTATION_CONTEXT(2) 
PARAMETRIC_REPRESENTATION_CONTEXT() REPRESENTATION_CONTEXT('2D SPACE',''
  ) );
#15281 = ORIENTED_EDGE('',*,*,#15282,.T.);
#15282 = EDGE_CURVE('',#15255,#12045,#15283,.T.);
#15283 = SURFACE_CURVE('',#15284,(#15288,#15295),.PCURVE_S1.);
#15284 = LINE('',#15285,#15286);
#15285 = CARTESIAN_POINT('',(42.274063379858,-9.,15.334552069248));
#15286 = VECTOR('',#15287,1.);
#15287 = DIRECTION('',(0.999847695156,0.,-1.745240643728E-02));
#15288 = PCURVE('',#12088,#15289);
#15289 = DEFINITIONAL_REPRESENTATION('',(#15290),#15294);
#15290 = LINE('',#15291,#15292);
#15291 = CARTESIAN_POINT('',(-3.,-9.));
#15292 = VECTOR('',#15293,1.);
#15293 = DIRECTION('',(1.,0.));
#15294 = ( GEOMETRIC_REPRESENTATION_CONTEXT(2) 
PARAMETRIC_REPRESENTATION_CONTEXT() REPRESENTATION_CONTEXT('2D SPACE',''
  ) );
#15295 = PCURVE('',#12060,#15296);
#15296 = DEFINITIONAL_REPRESENTATION('',(#15297),#15301);
#15297 = LINE('',#15298,#15299);
#15298 = CARTESIAN_POINT('',(-5.6829541073E-15,-2.));
#15299 = VECTOR('',#15300,1.);
#15300 = DIRECTION('',(1.,3.538835890993E-16));
#15301 = ( GEOMETRIC_REPRESENTATION_CONTEXT(2) 
PARAMETRIC_REPRESENTATION_CONTEXT() REPRESENTATION_CONTEXT('2D SPACE',''
  ) );
#15302 = ADVANCED_FACE('',(#15303),#12060,.F.);
#15303 = FACE_BOUND('',#15304,.F.);
#15304 = EDGE_LOOP('',(#15305,#15306,#15327));
#15305 = ORIENTED_EDGE('',*,*,#12044,.F.);
#15306 = ORIENTED_EDGE('',*,*,#15307,.T.);
#15307 = EDGE_CURVE('',#12022,#15255,#15308,.T.);
#15308 = SURFACE_CURVE('',#15309,(#15313,#15320),.PCURVE_S1.);
#15309 = LINE('',#15310,#15311);
#15310 = CARTESIAN_POINT('',(42.308968192733,-9.,17.334247459561));
#15311 = VECTOR('',#15312,1.);
#15312 = DIRECTION('',(-1.745240643728E-02,-0.,-0.999847695156));
#15313 = PCURVE('',#12060,#15314);
#15314 = DEFINITIONAL_REPRESENTATION('',(#15315),#15319);
#15315 = LINE('',#15316,#15317);
#15316 = CARTESIAN_POINT('',(0.,0.));
#15317 = VECTOR('',#15318,1.);
#15318 = DIRECTION('',(0.,-1.));
#15319 = ( GEOMETRIC_REPRESENTATION_CONTEXT(2) 
PARAMETRIC_REPRESENTATION_CONTEXT() REPRESENTATION_CONTEXT('2D SPACE',''
  ) );
#15320 = PCURVE('',#15270,#15321);
#15321 = DEFINITIONAL_REPRESENTATION('',(#15322),#15326);
#15322 = LINE('',#15323,#15324);
#15323 = CARTESIAN_POINT('',(18.,0.));
#15324 = VECTOR('',#15325,1.);
#15325 = DIRECTION('',(0.,-1.));
#15326 = ( GEOMETRIC_REPRESENTATION_CONTEXT(2) 
PARAMETRIC_REPRESENTATION_CONTEXT() REPRESENTATION_CONTEXT('2D SPACE',''
  ) );
#15327 = ORIENTED_EDGE('',*,*,#15282,.T.);
#15328 = ADVANCED_FACE('',(#15329),#12534,.F.);
#15329 = FACE_BOUND('',#15330,.F.);
#15330 = EDGE_LOOP('',(#15331,#15359,#15360));
#15331 = ORIENTED_EDGE('',*,*,#15332,.F.);
#15332 = EDGE_CURVE('',#12519,#15333,#15335,.T.);
#15333 = VERTEX_POINT('',#15334);
#15334 = CARTESIAN_POINT('',(42.274063379858,-9.,-15.33455206924));
#15335 = SURFACE_CURVE('',#15336,(#15340,#15347),.PCURVE_S1.);
#15336 = LINE('',#15337,#15338);
#15337 = CARTESIAN_POINT('',(42.308968192733,-9.,-17.33424745956));
#15338 = VECTOR('',#15339,1.);
#15339 = DIRECTION('',(-1.745240643728E-02,0.,0.999847695156));
#15340 = PCURVE('',#12534,#15341);
#15341 = DEFINITIONAL_REPRESENTATION('',(#15342),#15346);
#15342 = LINE('',#15343,#15344);
#15343 = CARTESIAN_POINT('',(6.,-1.484923295436E-15));
#15344 = VECTOR('',#15345,1.);
#15345 = DIRECTION('',(0.,-1.));
#15346 = ( GEOMETRIC_REPRESENTATION_CONTEXT(2) 
PARAMETRIC_REPRESENTATION_CONTEXT() REPRESENTATION_CONTEXT('2D SPACE',''
  ) );
#15347 = PCURVE('',#15348,#15353);
#15348 = PLANE('',#15349);
#15349 = AXIS2_PLACEMENT_3D('',#15350,#15351,#15352);
#15350 = CARTESIAN_POINT('',(42.308968192733,-9.,-17.33424745956));
#15351 = DIRECTION('',(-0.999847695156,0.,-1.745240643728E-02));
#15352 = DIRECTION('',(0.,1.,0.));
#15353 = DEFINITIONAL_REPRESENTATION('',(#15354),#15358);
#15354 = LINE('',#15355,#15356);
#15355 = CARTESIAN_POINT('',(0.,0.));
#15356 = VECTOR('',#15357,1.);
#15357 = DIRECTION('',(0.,-1.));
#15358 = ( GEOMETRIC_REPRESENTATION_CONTEXT(2) 
PARAMETRIC_REPRESENTATION_CONTEXT() REPRESENTATION_CONTEXT('2D SPACE',''
  ) );
#15359 = ORIENTED_EDGE('',*,*,#12518,.T.);
#15360 = ORIENTED_EDGE('',*,*,#15361,.T.);
#15361 = EDGE_CURVE('',#12491,#15333,#15362,.T.);
#15362 = SURFACE_CURVE('',#15363,(#15367,#15374),.PCURVE_S1.);
#15363 = LINE('',#15364,#15365);
#15364 = CARTESIAN_POINT('',(48.273149550796,-9.,-15.22983763062));
#15365 = VECTOR('',#15366,1.);
#15366 = DIRECTION('',(-0.999847695156,0.,-1.745240643728E-02));
#15367 = PCURVE('',#12534,#15368);
#15368 = DEFINITIONAL_REPRESENTATION('',(#15369),#15373);
#15369 = LINE('',#15370,#15371);
#15370 = CARTESIAN_POINT('',(1.27883814649E-14,-2.));
#15371 = VECTOR('',#15372,1.);
#15372 = DIRECTION('',(1.,-3.538835890993E-16));
#15373 = ( GEOMETRIC_REPRESENTATION_CONTEXT(2) 
PARAMETRIC_REPRESENTATION_CONTEXT() REPRESENTATION_CONTEXT('2D SPACE',''
  ) );
#15374 = PCURVE('',#12506,#15375);
#15375 = DEFINITIONAL_REPRESENTATION('',(#15376),#15380);
#15376 = LINE('',#15377,#15378);
#15377 = CARTESIAN_POINT('',(3.,9.));
#15378 = VECTOR('',#15379,1.);
#15379 = DIRECTION('',(-1.,0.));
#15380 = ( GEOMETRIC_REPRESENTATION_CONTEXT(2) 
PARAMETRIC_REPRESENTATION_CONTEXT() REPRESENTATION_CONTEXT('2D SPACE',''
  ) );
#15381 = ADVANCED_FACE('',(#15382),#12506,.T.);
#15382 = FACE_BOUND('',#15383,.T.);
#15383 = EDGE_LOOP('',(#15384,#15385,#15406));
#15384 = ORIENTED_EDGE('',*,*,#15361,.T.);
#15385 = ORIENTED_EDGE('',*,*,#15386,.T.);
#15386 = EDGE_CURVE('',#15333,#12463,#15387,.T.);
#15387 = SURFACE_CURVE('',#15388,(#15392,#15399),.PCURVE_S1.);
#15388 = LINE('',#15389,#15390);
#15389 = CARTESIAN_POINT('',(42.274063379858,-9.,-15.33455206924));
#15390 = VECTOR('',#15391,1.);
#15391 = DIRECTION('',(0.,1.,0.));
#15392 = PCURVE('',#12506,#15393);
#15393 = DEFINITIONAL_REPRESENTATION('',(#15394),#15398);
#15394 = LINE('',#15395,#15396);
#15395 = CARTESIAN_POINT('',(-3.,9.));
#15396 = VECTOR('',#15397,1.);
#15397 = DIRECTION('',(0.,-1.));
#15398 = ( GEOMETRIC_REPRESENTATION_CONTEXT(2) 
PARAMETRIC_REPRESENTATION_CONTEXT() REPRESENTATION_CONTEXT('2D SPACE',''
  ) );
#15399 = PCURVE('',#15348,#15400);
#15400 = DEFINITIONAL_REPRESENTATION('',(#15401),#15405);
#15401 = LINE('',#15402,#15403);
#15402 = CARTESIAN_POINT('',(1.7763568394E-15,-2.));
#15403 = VECTOR('',#15404,1.);
#15404 = DIRECTION('',(1.,0.));
#15405 = ( GEOMETRIC_REPRESENTATION_CONTEXT(2) 
PARAMETRIC_REPRESENTATION_CONTEXT() REPRESENTATION_CONTEXT('2D SPACE',''
  ) );
#15406 = ORIENTED_EDGE('',*,*,#12490,.T.);
#15407 = ADVANCED_FACE('',(#15408),#12478,.T.);
#15408 = FACE_BOUND('',#15409,.T.);
#15409 = EDGE_LOOP('',(#15410,#15411,#15412,#15433));
#15410 = ORIENTED_EDGE('',*,*,#15228,.F.);
#15411 = ORIENTED_EDGE('',*,*,#12462,.T.);
#15412 = ORIENTED_EDGE('',*,*,#15413,.T.);
#15413 = EDGE_CURVE('',#12463,#12622,#15414,.T.);
#15414 = SURFACE_CURVE('',#15415,(#15419,#15426),.PCURVE_S1.);
#15415 = LINE('',#15416,#15417);
#15416 = CARTESIAN_POINT('',(45.362487592792,-8.822283594286,
    -15.28064342408));
#15417 = VECTOR('',#15418,1.);
#15418 = DIRECTION('',(0.999796942338,1.007564008358E-02,
    1.745152054354E-02));
#15419 = PCURVE('',#12478,#15420);
#15420 = DEFINITIONAL_REPRESENTATION('',(#15421),#15425);
#15421 = LINE('',#15422,#15423);
#15422 = CARTESIAN_POINT('',(8.889466655344E-02,-8.822283594286));
#15423 = VECTOR('',#15424,1.);
#15424 = DIRECTION('',(0.99994923945,1.007564008358E-02));
#15425 = ( GEOMETRIC_REPRESENTATION_CONTEXT(2) 
PARAMETRIC_REPRESENTATION_CONTEXT() REPRESENTATION_CONTEXT('2D SPACE',''
  ) );
#15426 = PCURVE('',#13114,#15427);
#15427 = DEFINITIONAL_REPRESENTATION('',(#15428),#15432);
#15428 = LINE('',#15429,#15430);
#15429 = CARTESIAN_POINT('',(8.889466655344E-02,8.822283594286));
#15430 = VECTOR('',#15431,1.);
#15431 = DIRECTION('',(0.99994923945,-1.007564008358E-02));
#15432 = ( GEOMETRIC_REPRESENTATION_CONTEXT(2) 
PARAMETRIC_REPRESENTATION_CONTEXT() REPRESENTATION_CONTEXT('2D SPACE',''
  ) );
#15433 = ORIENTED_EDGE('',*,*,#12644,.T.);
#15434 = ADVANCED_FACE('',(#15435),#12450,.T.);
#15435 = FACE_BOUND('',#15436,.T.);
#15436 = EDGE_LOOP('',(#15437,#15438,#15466));
#15437 = ORIENTED_EDGE('',*,*,#12436,.F.);
#15438 = ORIENTED_EDGE('',*,*,#15439,.T.);
#15439 = EDGE_CURVE('',#12101,#15440,#15442,.T.);
#15440 = VERTEX_POINT('',#15441);
#15441 = CARTESIAN_POINT('',(42.274063379858,-17.78011164762,
    -0.126952599436));
#15442 = SURFACE_CURVE('',#15443,(#15447,#15454),.PCURVE_S1.);
#15443 = LINE('',#15444,#15445);
#15444 = CARTESIAN_POINT('',(42.274063379858,-8.780111647624,
    15.461504668684));
#15445 = VECTOR('',#15446,1.);
#15446 = DIRECTION('',(0.,-0.5,-0.866025403784));
#15447 = PCURVE('',#12450,#15448);
#15448 = DEFINITIONAL_REPRESENTATION('',(#15449),#15453);
#15449 = LINE('',#15450,#15451);
#15450 = CARTESIAN_POINT('',(-3.,9.));
#15451 = VECTOR('',#15452,1.);
#15452 = DIRECTION('',(0.,-1.));
#15453 = ( GEOMETRIC_REPRESENTATION_CONTEXT(2) 
PARAMETRIC_REPRESENTATION_CONTEXT() REPRESENTATION_CONTEXT('2D SPACE',''
  ) );
#15454 = PCURVE('',#15455,#15460);
#15455 = PLANE('',#15456);
#15456 = AXIS2_PLACEMENT_3D('',#15457,#15458,#15459);
#15457 = CARTESIAN_POINT('',(42.308968192733,-10.51189865546,
    16.46135236384));
#15458 = DIRECTION('',(-0.999847695156,-1.511422733186E-02,
    8.726203218642E-03));
#15459 = DIRECTION('',(0.,-0.5,-0.866025403784));
#15460 = DEFINITIONAL_REPRESENTATION('',(#15461),#15465);
#15461 = LINE('',#15462,#15463);
#15462 = CARTESIAN_POINT('',(1.7763568394E-15,-2.));
#15463 = VECTOR('',#15464,1.);
#15464 = DIRECTION('',(1.,0.));
#15465 = ( GEOMETRIC_REPRESENTATION_CONTEXT(2) 
PARAMETRIC_REPRESENTATION_CONTEXT() REPRESENTATION_CONTEXT('2D SPACE',''
  ) );
#15466 = ORIENTED_EDGE('',*,*,#15467,.T.);
#15467 = EDGE_CURVE('',#15440,#12409,#15468,.T.);
#15468 = SURFACE_CURVE('',#15469,(#15473,#15480),.PCURVE_S1.);
#15469 = LINE('',#15470,#15471);
#15470 = CARTESIAN_POINT('',(42.274063379858,-17.78011164762,
    -0.126952599436));
#15471 = VECTOR('',#15472,1.);
#15472 = DIRECTION('',(0.999847695156,1.511422733186E-02,
    -8.726203218642E-03));
#15473 = PCURVE('',#12450,#15474);
#15474 = DEFINITIONAL_REPRESENTATION('',(#15475),#15479);
#15475 = LINE('',#15476,#15477);
#15476 = CARTESIAN_POINT('',(-3.,-9.));
#15477 = VECTOR('',#15478,1.);
#15478 = DIRECTION('',(1.,0.));
#15479 = ( GEOMETRIC_REPRESENTATION_CONTEXT(2) 
PARAMETRIC_REPRESENTATION_CONTEXT() REPRESENTATION_CONTEXT('2D SPACE',''
  ) );
#15480 = PCURVE('',#12424,#15481);
#15481 = DEFINITIONAL_REPRESENTATION('',(#15482),#15486);
#15482 = LINE('',#15483,#15484);
#15483 = CARTESIAN_POINT('',(-5.6829541073E-15,-2.));
#15484 = VECTOR('',#15485,1.);
#15485 = DIRECTION('',(1.,3.538835890993E-16));
#15486 = ( GEOMETRIC_REPRESENTATION_CONTEXT(2) 
PARAMETRIC_REPRESENTATION_CONTEXT() REPRESENTATION_CONTEXT('2D SPACE',''
  ) );
#15487 = ADVANCED_FACE('',(#15488),#12424,.F.);
#15488 = FACE_BOUND('',#15489,.F.);
#15489 = EDGE_LOOP('',(#15490,#15491,#15512));
#15490 = ORIENTED_EDGE('',*,*,#12408,.F.);
#15491 = ORIENTED_EDGE('',*,*,#15492,.T.);
#15492 = EDGE_CURVE('',#12157,#15440,#15493,.T.);
#15493 = SURFACE_CURVE('',#15494,(#15498,#15505),.PCURVE_S1.);
#15494 = LINE('',#15495,#15496);
#15495 = CARTESIAN_POINT('',(42.308968192733,-19.51189865546,
    0.87289509572));
#15496 = VECTOR('',#15497,1.);
#15497 = DIRECTION('',(-1.745240643728E-02,0.865893503921,
    -0.499923847578));
#15498 = PCURVE('',#12424,#15499);
#15499 = DEFINITIONAL_REPRESENTATION('',(#15500),#15504);
#15500 = LINE('',#15501,#15502);
#15501 = CARTESIAN_POINT('',(0.,0.));
#15502 = VECTOR('',#15503,1.);
#15503 = DIRECTION('',(0.,-1.));
#15504 = ( GEOMETRIC_REPRESENTATION_CONTEXT(2) 
PARAMETRIC_REPRESENTATION_CONTEXT() REPRESENTATION_CONTEXT('2D SPACE',''
  ) );
#15505 = PCURVE('',#15455,#15506);
#15506 = DEFINITIONAL_REPRESENTATION('',(#15507),#15511);
#15507 = LINE('',#15508,#15509);
#15508 = CARTESIAN_POINT('',(18.,0.));
#15509 = VECTOR('',#15510,1.);
#15510 = DIRECTION('',(0.,-1.));
#15511 = ( GEOMETRIC_REPRESENTATION_CONTEXT(2) 
PARAMETRIC_REPRESENTATION_CONTEXT() REPRESENTATION_CONTEXT('2D SPACE',''
  ) );
#15512 = ORIENTED_EDGE('',*,*,#15467,.T.);
#15513 = ADVANCED_FACE('',(#15514),#12852,.F.);
#15514 = FACE_BOUND('',#15515,.F.);
#15515 = EDGE_LOOP('',(#15516,#15544,#15545));
#15516 = ORIENTED_EDGE('',*,*,#15517,.F.);
#15517 = EDGE_CURVE('',#12022,#15518,#15520,.T.);
#15518 = VERTEX_POINT('',#15519);
#15519 = CARTESIAN_POINT('',(42.274063379858,-8.780111647624,
    15.461504668684));
#15520 = SURFACE_CURVE('',#15521,(#15525,#15532),.PCURVE_S1.);
#15521 = LINE('',#15522,#15523);
#15522 = CARTESIAN_POINT('',(42.308968192733,-10.51189865546,
    16.46135236384));
#15523 = VECTOR('',#15524,1.);
#15524 = DIRECTION('',(-1.745240643728E-02,0.865893503921,
    -0.499923847578));
#15525 = PCURVE('',#12852,#15526);
#15526 = DEFINITIONAL_REPRESENTATION('',(#15527),#15531);
#15527 = LINE('',#15528,#15529);
#15528 = CARTESIAN_POINT('',(6.,-1.484923295436E-15));
#15529 = VECTOR('',#15530,1.);
#15530 = DIRECTION('',(0.,-1.));
#15531 = ( GEOMETRIC_REPRESENTATION_CONTEXT(2) 
PARAMETRIC_REPRESENTATION_CONTEXT() REPRESENTATION_CONTEXT('2D SPACE',''
  ) );
#15532 = PCURVE('',#15533,#15538);
#15533 = PLANE('',#15534);
#15534 = AXIS2_PLACEMENT_3D('',#15535,#15536,#15537);
#15535 = CARTESIAN_POINT('',(42.308968192733,-10.51189865546,
    16.46135236384));
#15536 = DIRECTION('',(-0.999847695156,-1.511422733186E-02,
    8.726203218642E-03));
#15537 = DIRECTION('',(0.,-0.5,-0.866025403784));
#15538 = DEFINITIONAL_REPRESENTATION('',(#15539),#15543);
#15539 = LINE('',#15540,#15541);
#15540 = CARTESIAN_POINT('',(0.,0.));
#15541 = VECTOR('',#15542,1.);
#15542 = DIRECTION('',(0.,-1.));
#15543 = ( GEOMETRIC_REPRESENTATION_CONTEXT(2) 
PARAMETRIC_REPRESENTATION_CONTEXT() REPRESENTATION_CONTEXT('2D SPACE',''
  ) );
#15544 = ORIENTED_EDGE('',*,*,#12838,.T.);
#15545 = ORIENTED_EDGE('',*,*,#15546,.T.);
#15546 = EDGE_CURVE('',#12811,#15518,#15547,.T.);
#15547 = SURFACE_CURVE('',#15548,(#15552,#15559),.PCURVE_S1.);
#15548 = LINE('',#15549,#15550);
#15549 = CARTESIAN_POINT('',(48.273149550796,-8.689426283633,
    15.409147449372));
#15550 = VECTOR('',#15551,1.);
#15551 = DIRECTION('',(-0.999847695156,-1.511422733186E-02,
    8.726203218642E-03));
#15552 = PCURVE('',#12852,#15553);
#15553 = DEFINITIONAL_REPRESENTATION('',(#15554),#15558);
#15554 = LINE('',#15555,#15556);
#15555 = CARTESIAN_POINT('',(1.27883814649E-14,-2.));
#15556 = VECTOR('',#15557,1.);
#15557 = DIRECTION('',(1.,-3.538835890993E-16));
#15558 = ( GEOMETRIC_REPRESENTATION_CONTEXT(2) 
PARAMETRIC_REPRESENTATION_CONTEXT() REPRESENTATION_CONTEXT('2D SPACE',''
  ) );
#15559 = PCURVE('',#12826,#15560);
#15560 = DEFINITIONAL_REPRESENTATION('',(#15561),#15565);
#15561 = LINE('',#15562,#15563);
#15562 = CARTESIAN_POINT('',(3.,9.));
#15563 = VECTOR('',#15564,1.);
#15564 = DIRECTION('',(-1.,0.));
#15565 = ( GEOMETRIC_REPRESENTATION_CONTEXT(2) 
PARAMETRIC_REPRESENTATION_CONTEXT() REPRESENTATION_CONTEXT('2D SPACE',''
  ) );
#15566 = ADVANCED_FACE('',(#15567),#12826,.T.);
#15567 = FACE_BOUND('',#15568,.T.);
#15568 = EDGE_LOOP('',(#15569,#15570,#15591));
#15569 = ORIENTED_EDGE('',*,*,#15546,.T.);
#15570 = ORIENTED_EDGE('',*,*,#15571,.T.);
#15571 = EDGE_CURVE('',#15518,#12073,#15572,.T.);
#15572 = SURFACE_CURVE('',#15573,(#15577,#15584),.PCURVE_S1.);
#15573 = LINE('',#15574,#15575);
#15574 = CARTESIAN_POINT('',(42.274063379858,-8.780111647624,
    15.461504668684));
#15575 = VECTOR('',#15576,1.);
#15576 = DIRECTION('',(0.,-0.5,-0.866025403784));
#15577 = PCURVE('',#12826,#15578);
#15578 = DEFINITIONAL_REPRESENTATION('',(#15579),#15583);
#15579 = LINE('',#15580,#15581);
#15580 = CARTESIAN_POINT('',(-3.,9.));
#15581 = VECTOR('',#15582,1.);
#15582 = DIRECTION('',(0.,-1.));
#15583 = ( GEOMETRIC_REPRESENTATION_CONTEXT(2) 
PARAMETRIC_REPRESENTATION_CONTEXT() REPRESENTATION_CONTEXT('2D SPACE',''
  ) );
#15584 = PCURVE('',#15533,#15585);
#15585 = DEFINITIONAL_REPRESENTATION('',(#15586),#15590);
#15586 = LINE('',#15587,#15588);
#15587 = CARTESIAN_POINT('',(1.7763568394E-15,-2.));
#15588 = VECTOR('',#15589,1.);
#15589 = DIRECTION('',(1.,0.));
#15590 = ( GEOMETRIC_REPRESENTATION_CONTEXT(2) 
PARAMETRIC_REPRESENTATION_CONTEXT() REPRESENTATION_CONTEXT('2D SPACE',''
  ) );
#15591 = ORIENTED_EDGE('',*,*,#12810,.T.);
#15592 = ADVANCED_FACE('',(#15593),#12798,.T.);
#15593 = FACE_BOUND('',#15594,.T.);
#15594 = EDGE_LOOP('',(#15595,#15616,#15617,#15618));
#15595 = ORIENTED_EDGE('',*,*,#15596,.T.);
#15596 = EDGE_CURVE('',#12919,#12757,#15597,.T.);
#15597 = SURFACE_CURVE('',#15598,(#15602,#15609),.PCURVE_S1.);
#15598 = LINE('',#15599,#15600);
#15599 = CARTESIAN_POINT('',(45.362487592792,8.822283594286,
    15.280643424085));
#15600 = VECTOR('',#15601,1.);
#15601 = DIRECTION('',(-0.999796942338,1.007564008358E-02,
    1.745152054354E-02));
#15602 = PCURVE('',#12798,#15603);
#15603 = DEFINITIONAL_REPRESENTATION('',(#15604),#15608);
#15604 = LINE('',#15605,#15606);
#15605 = CARTESIAN_POINT('',(8.889466655344E-02,8.822283594286));
#15606 = VECTOR('',#15607,1.);
#15607 = DIRECTION('',(-0.99994923945,1.007564008358E-02));
#15608 = ( GEOMETRIC_REPRESENTATION_CONTEXT(2) 
PARAMETRIC_REPRESENTATION_CONTEXT() REPRESENTATION_CONTEXT('2D SPACE',''
  ) );
#15609 = PCURVE('',#13434,#15610);
#15610 = DEFINITIONAL_REPRESENTATION('',(#15611),#15615);
#15611 = LINE('',#15612,#15613);
#15612 = CARTESIAN_POINT('',(8.889466655345E-02,-8.822283594286));
#15613 = VECTOR('',#15614,1.);
#15614 = DIRECTION('',(-0.99994923945,-1.007564008358E-02));
#15615 = ( GEOMETRIC_REPRESENTATION_CONTEXT(2) 
PARAMETRIC_REPRESENTATION_CONTEXT() REPRESENTATION_CONTEXT('2D SPACE',''
  ) );
#15616 = ORIENTED_EDGE('',*,*,#12784,.T.);
#15617 = ORIENTED_EDGE('',*,*,#15206,.T.);
#15618 = ORIENTED_EDGE('',*,*,#12918,.T.);
#15619 = ADVANCED_FACE('',(#15620),#12772,.T.);
#15620 = FACE_BOUND('',#15621,.T.);
#15621 = EDGE_LOOP('',(#15622,#15623,#15651));
#15622 = ORIENTED_EDGE('',*,*,#12756,.T.);
#15623 = ORIENTED_EDGE('',*,*,#15624,.T.);
#15624 = EDGE_CURVE('',#12757,#15625,#15627,.T.);
#15625 = VERTEX_POINT('',#15626);
#15626 = CARTESIAN_POINT('',(42.274063379858,8.780111647624,
    15.461504668684));
#15627 = SURFACE_CURVE('',#15628,(#15632,#15639),.PCURVE_S1.);
#15628 = LINE('',#15629,#15630);
#15629 = CARTESIAN_POINT('',(42.274063379858,17.780111647624,
    -0.126952599436));
#15630 = VECTOR('',#15631,1.);
#15631 = DIRECTION('',(-1.047144386237E-18,-0.5,0.866025403784));
#15632 = PCURVE('',#12772,#15633);
#15633 = DEFINITIONAL_REPRESENTATION('',(#15634),#15638);
#15634 = LINE('',#15635,#15636);
#15635 = CARTESIAN_POINT('',(-3.,9.));
#15636 = VECTOR('',#15637,1.);
#15637 = DIRECTION('',(6.354600832563E-33,-1.));
#15638 = ( GEOMETRIC_REPRESENTATION_CONTEXT(2) 
PARAMETRIC_REPRESENTATION_CONTEXT() REPRESENTATION_CONTEXT('2D SPACE',''
  ) );
#15639 = PCURVE('',#15640,#15645);
#15640 = PLANE('',#15641);
#15641 = AXIS2_PLACEMENT_3D('',#15642,#15643,#15644);
#15642 = CARTESIAN_POINT('',(42.308968192733,19.511898655466,
    0.87289509572));
#15643 = DIRECTION('',(-0.999847695156,1.511422733186E-02,
    8.726203218642E-03));
#15644 = DIRECTION('',(0.,-0.5,0.866025403784));
#15645 = DEFINITIONAL_REPRESENTATION('',(#15646),#15650);
#15646 = LINE('',#15647,#15648);
#15647 = CARTESIAN_POINT('',(1.7763568394E-15,-2.));
#15648 = VECTOR('',#15649,1.);
#15649 = DIRECTION('',(1.,-6.E-17));
#15650 = ( GEOMETRIC_REPRESENTATION_CONTEXT(2) 
PARAMETRIC_REPRESENTATION_CONTEXT() REPRESENTATION_CONTEXT('2D SPACE',''
  ) );
#15651 = ORIENTED_EDGE('',*,*,#15652,.T.);
#15652 = EDGE_CURVE('',#15625,#12729,#15653,.T.);
#15653 = SURFACE_CURVE('',#15654,(#15658,#15665),.PCURVE_S1.);
#15654 = LINE('',#15655,#15656);
#15655 = CARTESIAN_POINT('',(42.274063379858,8.780111647624,
    15.461504668684));
#15656 = VECTOR('',#15657,1.);
#15657 = DIRECTION('',(0.999847695156,-1.511422733186E-02,
    -8.726203218641E-03));
#15658 = PCURVE('',#12772,#15659);
#15659 = DEFINITIONAL_REPRESENTATION('',(#15660),#15664);
#15660 = LINE('',#15661,#15662);
#15661 = CARTESIAN_POINT('',(-3.,-9.));
#15662 = VECTOR('',#15663,1.);
#15663 = DIRECTION('',(1.,0.));
#15664 = ( GEOMETRIC_REPRESENTATION_CONTEXT(2) 
PARAMETRIC_REPRESENTATION_CONTEXT() REPRESENTATION_CONTEXT('2D SPACE',''
  ) );
#15665 = PCURVE('',#12744,#15666);
#15666 = DEFINITIONAL_REPRESENTATION('',(#15667),#15671);
#15667 = LINE('',#15668,#15669);
#15668 = CARTESIAN_POINT('',(-5.64825963778E-15,-2.));
#15669 = VECTOR('',#15670,1.);
#15670 = DIRECTION('',(1.,3.538835890993E-16));
#15671 = ( GEOMETRIC_REPRESENTATION_CONTEXT(2) 
PARAMETRIC_REPRESENTATION_CONTEXT() REPRESENTATION_CONTEXT('2D SPACE',''
  ) );
#15672 = ADVANCED_FACE('',(#15673),#12744,.F.);
#15673 = FACE_BOUND('',#15674,.F.);
#15674 = EDGE_LOOP('',(#15675,#15676,#15697));
#15675 = ORIENTED_EDGE('',*,*,#12728,.T.);
#15676 = ORIENTED_EDGE('',*,*,#15677,.T.);
#15677 = EDGE_CURVE('',#12706,#15625,#15678,.T.);
#15678 = SURFACE_CURVE('',#15679,(#15683,#15690),.PCURVE_S1.);
#15679 = LINE('',#15680,#15681);
#15680 = CARTESIAN_POINT('',(42.308968192733,10.511898655466,
    16.46135236384));
#15681 = VECTOR('',#15682,1.);
#15682 = DIRECTION('',(-1.745240643728E-02,-0.865893503921,
    -0.499923847578));
#15683 = PCURVE('',#12744,#15684);
#15684 = DEFINITIONAL_REPRESENTATION('',(#15685),#15689);
#15685 = LINE('',#15686,#15687);
#15686 = CARTESIAN_POINT('',(0.,0.));
#15687 = VECTOR('',#15688,1.);
#15688 = DIRECTION('',(0.,-1.));
#15689 = ( GEOMETRIC_REPRESENTATION_CONTEXT(2) 
PARAMETRIC_REPRESENTATION_CONTEXT() REPRESENTATION_CONTEXT('2D SPACE',''
  ) );
#15690 = PCURVE('',#15640,#15691);
#15691 = DEFINITIONAL_REPRESENTATION('',(#15692),#15696);
#15692 = LINE('',#15693,#15694);
#15693 = CARTESIAN_POINT('',(18.,0.));
#15694 = VECTOR('',#15695,1.);
#15695 = DIRECTION('',(0.,-1.));
#15696 = ( GEOMETRIC_REPRESENTATION_CONTEXT(2) 
PARAMETRIC_REPRESENTATION_CONTEXT() REPRESENTATION_CONTEXT('2D SPACE',''
  ) );
#15697 = ORIENTED_EDGE('',*,*,#15652,.T.);
#15698 = ADVANCED_FACE('',(#15699),#13170,.F.);
#15699 = FACE_BOUND('',#15700,.F.);
#15700 = EDGE_LOOP('',(#15701,#15729,#15730));
#15701 = ORIENTED_EDGE('',*,*,#15702,.F.);
#15702 = EDGE_CURVE('',#13155,#15703,#15705,.T.);
#15703 = VERTEX_POINT('',#15704);
#15704 = CARTESIAN_POINT('',(42.274063379858,8.780111647624,
    -15.46150466868));
#15705 = SURFACE_CURVE('',#15706,(#15710,#15717),.PCURVE_S1.);
#15706 = LINE('',#15707,#15708);
#15707 = CARTESIAN_POINT('',(42.308968192733,10.511898655466,
    -16.46135236384));
#15708 = VECTOR('',#15709,1.);
#15709 = DIRECTION('',(-1.745240643728E-02,-0.865893503921,
    0.499923847578));
#15710 = PCURVE('',#13170,#15711);
#15711 = DEFINITIONAL_REPRESENTATION('',(#15712),#15716);
#15712 = LINE('',#15713,#15714);
#15713 = CARTESIAN_POINT('',(6.,-1.484923295436E-15));
#15714 = VECTOR('',#15715,1.);
#15715 = DIRECTION('',(0.,-1.));
#15716 = ( GEOMETRIC_REPRESENTATION_CONTEXT(2) 
PARAMETRIC_REPRESENTATION_CONTEXT() REPRESENTATION_CONTEXT('2D SPACE',''
  ) );
#15717 = PCURVE('',#15718,#15723);
#15718 = PLANE('',#15719);
#15719 = AXIS2_PLACEMENT_3D('',#15720,#15721,#15722);
#15720 = CARTESIAN_POINT('',(42.308968192733,10.511898655466,
    -16.46135236384));
#15721 = DIRECTION('',(-0.999847695156,1.511422733186E-02,
    -8.726203218642E-03));
#15722 = DIRECTION('',(0.,0.5,0.866025403784));
#15723 = DEFINITIONAL_REPRESENTATION('',(#15724),#15728);
#15724 = LINE('',#15725,#15726);
#15725 = CARTESIAN_POINT('',(0.,0.));
#15726 = VECTOR('',#15727,1.);
#15727 = DIRECTION('',(0.,-1.));
#15728 = ( GEOMETRIC_REPRESENTATION_CONTEXT(2) 
PARAMETRIC_REPRESENTATION_CONTEXT() REPRESENTATION_CONTEXT('2D SPACE',''
  ) );
#15729 = ORIENTED_EDGE('',*,*,#13154,.T.);
#15730 = ORIENTED_EDGE('',*,*,#15731,.T.);
#15731 = EDGE_CURVE('',#13127,#15703,#15732,.T.);
#15732 = SURFACE_CURVE('',#15733,(#15737,#15744),.PCURVE_S1.);
#15733 = LINE('',#15734,#15735);
#15734 = CARTESIAN_POINT('',(48.273149550796,8.689426283633,
    -15.40914744937));
#15735 = VECTOR('',#15736,1.);
#15736 = DIRECTION('',(-0.999847695156,1.511422733186E-02,
    -8.726203218642E-03));
#15737 = PCURVE('',#13170,#15738);
#15738 = DEFINITIONAL_REPRESENTATION('',(#15739),#15743);
#15739 = LINE('',#15740,#15741);
#15740 = CARTESIAN_POINT('',(1.27883814649E-14,-2.));
#15741 = VECTOR('',#15742,1.);
#15742 = DIRECTION('',(1.,-3.538835890993E-16));
#15743 = ( GEOMETRIC_REPRESENTATION_CONTEXT(2) 
PARAMETRIC_REPRESENTATION_CONTEXT() REPRESENTATION_CONTEXT('2D SPACE',''
  ) );
#15744 = PCURVE('',#13142,#15745);
#15745 = DEFINITIONAL_REPRESENTATION('',(#15746),#15750);
#15746 = LINE('',#15747,#15748);
#15747 = CARTESIAN_POINT('',(3.,9.));
#15748 = VECTOR('',#15749,1.);
#15749 = DIRECTION('',(-1.,0.));
#15750 = ( GEOMETRIC_REPRESENTATION_CONTEXT(2) 
PARAMETRIC_REPRESENTATION_CONTEXT() REPRESENTATION_CONTEXT('2D SPACE',''
  ) );
#15751 = ADVANCED_FACE('',(#15752),#13142,.T.);
#15752 = FACE_BOUND('',#15753,.T.);
#15753 = EDGE_LOOP('',(#15754,#15755,#15776));
#15754 = ORIENTED_EDGE('',*,*,#15731,.T.);
#15755 = ORIENTED_EDGE('',*,*,#15756,.T.);
#15756 = EDGE_CURVE('',#15703,#13099,#15757,.T.);
#15757 = SURFACE_CURVE('',#15758,(#15762,#15769),.PCURVE_S1.);
#15758 = LINE('',#15759,#15760);
#15759 = CARTESIAN_POINT('',(42.274063379858,8.780111647624,
    -15.46150466868));
#15760 = VECTOR('',#15761,1.);
#15761 = DIRECTION('',(0.,0.5,0.866025403784));
#15762 = PCURVE('',#13142,#15763);
#15763 = DEFINITIONAL_REPRESENTATION('',(#15764),#15768);
#15764 = LINE('',#15765,#15766);
#15765 = CARTESIAN_POINT('',(-3.,9.));
#15766 = VECTOR('',#15767,1.);
#15767 = DIRECTION('',(0.,-1.));
#15768 = ( GEOMETRIC_REPRESENTATION_CONTEXT(2) 
PARAMETRIC_REPRESENTATION_CONTEXT() REPRESENTATION_CONTEXT('2D SPACE',''
  ) );
#15769 = PCURVE('',#15718,#15770);
#15770 = DEFINITIONAL_REPRESENTATION('',(#15771),#15775);
#15771 = LINE('',#15772,#15773);
#15772 = CARTESIAN_POINT('',(1.7763568394E-15,-2.));
#15773 = VECTOR('',#15774,1.);
#15774 = DIRECTION('',(1.,0.));
#15775 = ( GEOMETRIC_REPRESENTATION_CONTEXT(2) 
PARAMETRIC_REPRESENTATION_CONTEXT() REPRESENTATION_CONTEXT('2D SPACE',''
  ) );
#15776 = ORIENTED_EDGE('',*,*,#13126,.T.);
#15777 = ADVANCED_FACE('',(#15778),#13114,.T.);
#15778 = FACE_BOUND('',#15779,.T.);
#15779 = EDGE_LOOP('',(#15780,#15781,#15782,#15803));
#15780 = ORIENTED_EDGE('',*,*,#15413,.F.);
#15781 = ORIENTED_EDGE('',*,*,#13098,.T.);
#15782 = ORIENTED_EDGE('',*,*,#15783,.T.);
#15783 = EDGE_CURVE('',#13099,#13258,#15784,.T.);
#15784 = SURFACE_CURVE('',#15785,(#15789,#15796),.PCURVE_S1.);
#15785 = LINE('',#15786,#15787);
#15786 = CARTESIAN_POINT('',(45.362487592792,8.822283594286,
    -15.28064342408));
#15787 = VECTOR('',#15788,1.);
#15788 = DIRECTION('',(0.999796942338,-1.007564008358E-02,
    1.745152054354E-02));
#15789 = PCURVE('',#13114,#15790);
#15790 = DEFINITIONAL_REPRESENTATION('',(#15791),#15795);
#15791 = LINE('',#15792,#15793);
#15792 = CARTESIAN_POINT('',(8.889466655344E-02,-8.822283594286));
#15793 = VECTOR('',#15794,1.);
#15794 = DIRECTION('',(0.99994923945,1.007564008358E-02));
#15795 = ( GEOMETRIC_REPRESENTATION_CONTEXT(2) 
PARAMETRIC_REPRESENTATION_CONTEXT() REPRESENTATION_CONTEXT('2D SPACE',''
  ) );
#15796 = PCURVE('',#13748,#15797);
#15797 = DEFINITIONAL_REPRESENTATION('',(#15798),#15802);
#15798 = LINE('',#15799,#15800);
#15799 = CARTESIAN_POINT('',(8.889466655347E-02,8.822283594286));
#15800 = VECTOR('',#15801,1.);
#15801 = DIRECTION('',(0.99994923945,-1.007564008358E-02));
#15802 = ( GEOMETRIC_REPRESENTATION_CONTEXT(2) 
PARAMETRIC_REPRESENTATION_CONTEXT() REPRESENTATION_CONTEXT('2D SPACE',''
  ) );
#15803 = ORIENTED_EDGE('',*,*,#13280,.T.);
#15804 = ADVANCED_FACE('',(#15805),#13086,.T.);
#15805 = FACE_BOUND('',#15806,.T.);
#15806 = EDGE_LOOP('',(#15807,#15808,#15836));
#15807 = ORIENTED_EDGE('',*,*,#13072,.F.);
#15808 = ORIENTED_EDGE('',*,*,#15809,.T.);
#15809 = EDGE_CURVE('',#12463,#15810,#15812,.T.);
#15810 = VERTEX_POINT('',#15811);
#15811 = CARTESIAN_POINT('',(42.274063379858,-8.780111647624,
    -15.46150466868));
#15812 = SURFACE_CURVE('',#15813,(#15817,#15824),.PCURVE_S1.);
#15813 = LINE('',#15814,#15815);
#15814 = CARTESIAN_POINT('',(42.274063379858,-17.78011164762,
    0.126952599436));
#15815 = VECTOR('',#15816,1.);
#15816 = DIRECTION('',(-1.047144386237E-18,0.5,-0.866025403784));
#15817 = PCURVE('',#13086,#15818);
#15818 = DEFINITIONAL_REPRESENTATION('',(#15819),#15823);
#15819 = LINE('',#15820,#15821);
#15820 = CARTESIAN_POINT('',(-3.,9.));
#15821 = VECTOR('',#15822,1.);
#15822 = DIRECTION('',(6.354600832563E-33,-1.));
#15823 = ( GEOMETRIC_REPRESENTATION_CONTEXT(2) 
PARAMETRIC_REPRESENTATION_CONTEXT() REPRESENTATION_CONTEXT('2D SPACE',''
  ) );
#15824 = PCURVE('',#15825,#15830);
#15825 = PLANE('',#15826);
#15826 = AXIS2_PLACEMENT_3D('',#15827,#15828,#15829);
#15827 = CARTESIAN_POINT('',(42.308968192733,-19.51189865546,
    -0.87289509572));
#15828 = DIRECTION('',(-0.999847695156,-1.511422733186E-02,
    -8.726203218642E-03));
#15829 = DIRECTION('',(0.,0.5,-0.866025403784));
#15830 = DEFINITIONAL_REPRESENTATION('',(#15831),#15835);
#15831 = LINE('',#15832,#15833);
#15832 = CARTESIAN_POINT('',(1.7763568394E-15,-2.));
#15833 = VECTOR('',#15834,1.);
#15834 = DIRECTION('',(1.,-6.E-17));
#15835 = ( GEOMETRIC_REPRESENTATION_CONTEXT(2) 
PARAMETRIC_REPRESENTATION_CONTEXT() REPRESENTATION_CONTEXT('2D SPACE',''
  ) );
#15836 = ORIENTED_EDGE('',*,*,#15837,.T.);
#15837 = EDGE_CURVE('',#15810,#13045,#15838,.T.);
#15838 = SURFACE_CURVE('',#15839,(#15843,#15850),.PCURVE_S1.);
#15839 = LINE('',#15840,#15841);
#15840 = CARTESIAN_POINT('',(42.274063379858,-8.780111647624,
    -15.46150466868));
#15841 = VECTOR('',#15842,1.);
#15842 = DIRECTION('',(0.999847695156,1.511422733186E-02,
    8.726203218642E-03));
#15843 = PCURVE('',#13086,#15844);
#15844 = DEFINITIONAL_REPRESENTATION('',(#15845),#15849);
#15845 = LINE('',#15846,#15847);
#15846 = CARTESIAN_POINT('',(-3.,-9.));
#15847 = VECTOR('',#15848,1.);
#15848 = DIRECTION('',(1.,0.));
#15849 = ( GEOMETRIC_REPRESENTATION_CONTEXT(2) 
PARAMETRIC_REPRESENTATION_CONTEXT() REPRESENTATION_CONTEXT('2D SPACE',''
  ) );
#15850 = PCURVE('',#13060,#15851);
#15851 = DEFINITIONAL_REPRESENTATION('',(#15852),#15856);
#15852 = LINE('',#15853,#15854);
#15853 = CARTESIAN_POINT('',(-5.731526364627E-15,-2.));
#15854 = VECTOR('',#15855,1.);
#15855 = DIRECTION('',(1.,3.434752482434E-16));
#15856 = ( GEOMETRIC_REPRESENTATION_CONTEXT(2) 
PARAMETRIC_REPRESENTATION_CONTEXT() REPRESENTATION_CONTEXT('2D SPACE',''
  ) );
#15857 = ADVANCED_FACE('',(#15858),#13060,.F.);
#15858 = FACE_BOUND('',#15859,.F.);
#15859 = EDGE_LOOP('',(#15860,#15861,#15882));
#15860 = ORIENTED_EDGE('',*,*,#13044,.F.);
#15861 = ORIENTED_EDGE('',*,*,#15862,.T.);
#15862 = EDGE_CURVE('',#12519,#15810,#15863,.T.);
#15863 = SURFACE_CURVE('',#15864,(#15868,#15875),.PCURVE_S1.);
#15864 = LINE('',#15865,#15866);
#15865 = CARTESIAN_POINT('',(42.308968192733,-10.51189865546,
    -16.46135236384));
#15866 = VECTOR('',#15867,1.);
#15867 = DIRECTION('',(-1.745240643728E-02,0.865893503921,0.499923847578
    ));
#15868 = PCURVE('',#13060,#15869);
#15869 = DEFINITIONAL_REPRESENTATION('',(#15870),#15874);
#15870 = LINE('',#15871,#15872);
#15871 = CARTESIAN_POINT('',(0.,0.));
#15872 = VECTOR('',#15873,1.);
#15873 = DIRECTION('',(-1.040834085586E-17,-1.));
#15874 = ( GEOMETRIC_REPRESENTATION_CONTEXT(2) 
PARAMETRIC_REPRESENTATION_CONTEXT() REPRESENTATION_CONTEXT('2D SPACE',''
  ) );
#15875 = PCURVE('',#15825,#15876);
#15876 = DEFINITIONAL_REPRESENTATION('',(#15877),#15881);
#15877 = LINE('',#15878,#15879);
#15878 = CARTESIAN_POINT('',(18.,0.));
#15879 = VECTOR('',#15880,1.);
#15880 = DIRECTION('',(0.,-1.));
#15881 = ( GEOMETRIC_REPRESENTATION_CONTEXT(2) 
PARAMETRIC_REPRESENTATION_CONTEXT() REPRESENTATION_CONTEXT('2D SPACE',''
  ) );
#15882 = ORIENTED_EDGE('',*,*,#15837,.T.);
#15883 = ADVANCED_FACE('',(#15884),#13488,.F.);
#15884 = FACE_BOUND('',#15885,.F.);
#15885 = EDGE_LOOP('',(#15886,#15914,#15915));
#15886 = ORIENTED_EDGE('',*,*,#15887,.F.);
#15887 = EDGE_CURVE('',#12706,#15888,#15890,.T.);
#15888 = VERTEX_POINT('',#15889);
#15889 = CARTESIAN_POINT('',(42.274063379858,9.,15.334552069248));
#15890 = SURFACE_CURVE('',#15891,(#15895,#15902),.PCURVE_S1.);
#15891 = LINE('',#15892,#15893);
#15892 = CARTESIAN_POINT('',(42.308968192733,9.,17.334247459561));
#15893 = VECTOR('',#15894,1.);
#15894 = DIRECTION('',(-1.745240643728E-02,-0.,-0.999847695156));
#15895 = PCURVE('',#13488,#15896);
#15896 = DEFINITIONAL_REPRESENTATION('',(#15897),#15901);
#15897 = LINE('',#15898,#15899);
#15898 = CARTESIAN_POINT('',(6.,-1.484923295436E-15));
#15899 = VECTOR('',#15900,1.);
#15900 = DIRECTION('',(0.,-1.));
#15901 = ( GEOMETRIC_REPRESENTATION_CONTEXT(2) 
PARAMETRIC_REPRESENTATION_CONTEXT() REPRESENTATION_CONTEXT('2D SPACE',''
  ) );
#15902 = PCURVE('',#15903,#15908);
#15903 = PLANE('',#15904);
#15904 = AXIS2_PLACEMENT_3D('',#15905,#15906,#15907);
#15905 = CARTESIAN_POINT('',(42.308968192733,9.,17.334247459561));
#15906 = DIRECTION('',(-0.999847695156,0.,1.745240643728E-02));
#15907 = DIRECTION('',(0.,-1.,0.));
#15908 = DEFINITIONAL_REPRESENTATION('',(#15909),#15913);
#15909 = LINE('',#15910,#15911);
#15910 = CARTESIAN_POINT('',(0.,0.));
#15911 = VECTOR('',#15912,1.);
#15912 = DIRECTION('',(0.,-1.));
#15913 = ( GEOMETRIC_REPRESENTATION_CONTEXT(2) 
PARAMETRIC_REPRESENTATION_CONTEXT() REPRESENTATION_CONTEXT('2D SPACE',''
  ) );
#15914 = ORIENTED_EDGE('',*,*,#13474,.F.);
#15915 = ORIENTED_EDGE('',*,*,#15916,.T.);
#15916 = EDGE_CURVE('',#13447,#15888,#15917,.T.);
#15917 = SURFACE_CURVE('',#15918,(#15922,#15929),.PCURVE_S1.);
#15918 = LINE('',#15919,#15920);
#15919 = CARTESIAN_POINT('',(48.273149550796,9.,15.229837630624));
#15920 = VECTOR('',#15921,1.);
#15921 = DIRECTION('',(-0.999847695156,0.,1.745240643728E-02));
#15922 = PCURVE('',#13488,#15923);
#15923 = DEFINITIONAL_REPRESENTATION('',(#15924),#15928);
#15924 = LINE('',#15925,#15926);
#15925 = CARTESIAN_POINT('',(1.27883814649E-14,-2.));
#15926 = VECTOR('',#15927,1.);
#15927 = DIRECTION('',(1.,-3.538835890993E-16));
#15928 = ( GEOMETRIC_REPRESENTATION_CONTEXT(2) 
PARAMETRIC_REPRESENTATION_CONTEXT() REPRESENTATION_CONTEXT('2D SPACE',''
  ) );
#15929 = PCURVE('',#13462,#15930);
#15930 = DEFINITIONAL_REPRESENTATION('',(#15931),#15935);
#15931 = LINE('',#15932,#15933);
#15932 = CARTESIAN_POINT('',(3.,9.));
#15933 = VECTOR('',#15934,1.);
#15934 = DIRECTION('',(-1.,0.));
#15935 = ( GEOMETRIC_REPRESENTATION_CONTEXT(2) 
PARAMETRIC_REPRESENTATION_CONTEXT() REPRESENTATION_CONTEXT('2D SPACE',''
  ) );
#15936 = ADVANCED_FACE('',(#15937),#13462,.T.);
#15937 = FACE_BOUND('',#15938,.T.);
#15938 = EDGE_LOOP('',(#15939,#15940,#15961));
#15939 = ORIENTED_EDGE('',*,*,#15916,.T.);
#15940 = ORIENTED_EDGE('',*,*,#15941,.T.);
#15941 = EDGE_CURVE('',#15888,#12757,#15942,.T.);
#15942 = SURFACE_CURVE('',#15943,(#15947,#15954),.PCURVE_S1.);
#15943 = LINE('',#15944,#15945);
#15944 = CARTESIAN_POINT('',(42.274063379858,9.,15.334552069248));
#15945 = VECTOR('',#15946,1.);
#15946 = DIRECTION('',(0.,-1.,0.));
#15947 = PCURVE('',#13462,#15948);
#15948 = DEFINITIONAL_REPRESENTATION('',(#15949),#15953);
#15949 = LINE('',#15950,#15951);
#15950 = CARTESIAN_POINT('',(-3.,9.));
#15951 = VECTOR('',#15952,1.);
#15952 = DIRECTION('',(0.,-1.));
#15953 = ( GEOMETRIC_REPRESENTATION_CONTEXT(2) 
PARAMETRIC_REPRESENTATION_CONTEXT() REPRESENTATION_CONTEXT('2D SPACE',''
  ) );
#15954 = PCURVE('',#15903,#15955);
#15955 = DEFINITIONAL_REPRESENTATION('',(#15956),#15960);
#15956 = LINE('',#15957,#15958);
#15957 = CARTESIAN_POINT('',(1.7763568394E-15,-2.));
#15958 = VECTOR('',#15959,1.);
#15959 = DIRECTION('',(1.,0.));
#15960 = ( GEOMETRIC_REPRESENTATION_CONTEXT(2) 
PARAMETRIC_REPRESENTATION_CONTEXT() REPRESENTATION_CONTEXT('2D SPACE',''
  ) );
#15961 = ORIENTED_EDGE('',*,*,#13446,.F.);
#15962 = ADVANCED_FACE('',(#15963),#13434,.T.);
#15963 = FACE_BOUND('',#15964,.T.);
#15964 = EDGE_LOOP('',(#15965,#15986,#15987,#15988));
#15965 = ORIENTED_EDGE('',*,*,#15966,.F.);
#15966 = EDGE_CURVE('',#13393,#13555,#15967,.T.);
#15967 = SURFACE_CURVE('',#15968,(#15972,#15979),.PCURVE_S1.);
#15968 = LINE('',#15969,#15970);
#15969 = CARTESIAN_POINT('',(45.362487592792,17.644567188573,-1.288E-14)
  );
#15970 = VECTOR('',#15971,1.);
#15971 = DIRECTION('',(0.999796942338,-2.015128016716E-02,1.E-17));
#15972 = PCURVE('',#13434,#15973);
#15973 = DEFINITIONAL_REPRESENTATION('',(#15974),#15978);
#15974 = LINE('',#15975,#15976);
#15975 = CARTESIAN_POINT('',(8.889466655345E-02,8.822283594286));
#15976 = VECTOR('',#15977,1.);
#15977 = DIRECTION('',(0.99994923945,-1.007564008358E-02));
#15978 = ( GEOMETRIC_REPRESENTATION_CONTEXT(2) 
PARAMETRIC_REPRESENTATION_CONTEXT() REPRESENTATION_CONTEXT('2D SPACE',''
  ) );
#15979 = PCURVE('',#13748,#15980);
#15980 = DEFINITIONAL_REPRESENTATION('',(#15981),#15985);
#15981 = LINE('',#15982,#15983);
#15982 = CARTESIAN_POINT('',(8.889466655347E-02,-8.822283594286));
#15983 = VECTOR('',#15984,1.);
#15984 = DIRECTION('',(0.99994923945,1.007564008358E-02));
#15985 = ( GEOMETRIC_REPRESENTATION_CONTEXT(2) 
PARAMETRIC_REPRESENTATION_CONTEXT() REPRESENTATION_CONTEXT('2D SPACE',''
  ) );
#15986 = ORIENTED_EDGE('',*,*,#13420,.T.);
#15987 = ORIENTED_EDGE('',*,*,#15596,.F.);
#15988 = ORIENTED_EDGE('',*,*,#13554,.T.);
#15989 = ADVANCED_FACE('',(#15990),#13408,.T.);
#15990 = FACE_BOUND('',#15991,.T.);
#15991 = EDGE_LOOP('',(#15992,#15993,#16021));
#15992 = ORIENTED_EDGE('',*,*,#13392,.F.);
#15993 = ORIENTED_EDGE('',*,*,#15994,.T.);
#15994 = EDGE_CURVE('',#13393,#15995,#15997,.T.);
#15995 = VERTEX_POINT('',#15996);
#15996 = CARTESIAN_POINT('',(42.274063379858,17.780111647624,
    0.126952599436));
#15997 = SURFACE_CURVE('',#15998,(#16002,#16009),.PCURVE_S1.);
#15998 = LINE('',#15999,#16000);
#15999 = CARTESIAN_POINT('',(42.274063379858,8.780111647624,
    -15.46150466868));
#16000 = VECTOR('',#16001,1.);
#16001 = DIRECTION('',(0.,0.5,0.866025403784));
#16002 = PCURVE('',#13408,#16003);
#16003 = DEFINITIONAL_REPRESENTATION('',(#16004),#16008);
#16004 = LINE('',#16005,#16006);
#16005 = CARTESIAN_POINT('',(-3.,9.));
#16006 = VECTOR('',#16007,1.);
#16007 = DIRECTION('',(0.,-1.));
#16008 = ( GEOMETRIC_REPRESENTATION_CONTEXT(2) 
PARAMETRIC_REPRESENTATION_CONTEXT() REPRESENTATION_CONTEXT('2D SPACE',''
  ) );
#16009 = PCURVE('',#16010,#16015);
#16010 = PLANE('',#16011);
#16011 = AXIS2_PLACEMENT_3D('',#16012,#16013,#16014);
#16012 = CARTESIAN_POINT('',(42.308968192733,10.511898655466,
    -16.46135236384));
#16013 = DIRECTION('',(-0.999847695156,1.511422733186E-02,
    -8.726203218642E-03));
#16014 = DIRECTION('',(0.,0.5,0.866025403784));
#16015 = DEFINITIONAL_REPRESENTATION('',(#16016),#16020);
#16016 = LINE('',#16017,#16018);
#16017 = CARTESIAN_POINT('',(1.7763568394E-15,-2.));
#16018 = VECTOR('',#16019,1.);
#16019 = DIRECTION('',(1.,0.));
#16020 = ( GEOMETRIC_REPRESENTATION_CONTEXT(2) 
PARAMETRIC_REPRESENTATION_CONTEXT() REPRESENTATION_CONTEXT('2D SPACE',''
  ) );
#16021 = ORIENTED_EDGE('',*,*,#16022,.T.);
#16022 = EDGE_CURVE('',#15995,#13365,#16023,.T.);
#16023 = SURFACE_CURVE('',#16024,(#16028,#16035),.PCURVE_S1.);
#16024 = LINE('',#16025,#16026);
#16025 = CARTESIAN_POINT('',(42.274063379858,17.780111647624,
    0.126952599436));
#16026 = VECTOR('',#16027,1.);
#16027 = DIRECTION('',(0.999847695156,-1.511422733186E-02,
    8.726203218642E-03));
#16028 = PCURVE('',#13408,#16029);
#16029 = DEFINITIONAL_REPRESENTATION('',(#16030),#16034);
#16030 = LINE('',#16031,#16032);
#16031 = CARTESIAN_POINT('',(-3.,-9.));
#16032 = VECTOR('',#16033,1.);
#16033 = DIRECTION('',(1.,0.));
#16034 = ( GEOMETRIC_REPRESENTATION_CONTEXT(2) 
PARAMETRIC_REPRESENTATION_CONTEXT() REPRESENTATION_CONTEXT('2D SPACE',''
  ) );
#16035 = PCURVE('',#13380,#16036);
#16036 = DEFINITIONAL_REPRESENTATION('',(#16037),#16041);
#16037 = LINE('',#16038,#16039);
#16038 = CARTESIAN_POINT('',(-5.6829541073E-15,-2.));
#16039 = VECTOR('',#16040,1.);
#16040 = DIRECTION('',(1.,3.538835890993E-16));
#16041 = ( GEOMETRIC_REPRESENTATION_CONTEXT(2) 
PARAMETRIC_REPRESENTATION_CONTEXT() REPRESENTATION_CONTEXT('2D SPACE',''
  ) );
#16042 = ADVANCED_FACE('',(#16043),#13380,.F.);
#16043 = FACE_BOUND('',#16044,.F.);
#16044 = EDGE_LOOP('',(#16045,#16046,#16067));
#16045 = ORIENTED_EDGE('',*,*,#13364,.F.);
#16046 = ORIENTED_EDGE('',*,*,#16047,.T.);
#16047 = EDGE_CURVE('',#13342,#15995,#16048,.T.);
#16048 = SURFACE_CURVE('',#16049,(#16053,#16060),.PCURVE_S1.);
#16049 = LINE('',#16050,#16051);
#16050 = CARTESIAN_POINT('',(42.308968192733,19.511898655466,
    -0.87289509572));
#16051 = VECTOR('',#16052,1.);
#16052 = DIRECTION('',(-1.745240643728E-02,-0.865893503921,
    0.499923847578));
#16053 = PCURVE('',#13380,#16054);
#16054 = DEFINITIONAL_REPRESENTATION('',(#16055),#16059);
#16055 = LINE('',#16056,#16057);
#16056 = CARTESIAN_POINT('',(0.,0.));
#16057 = VECTOR('',#16058,1.);
#16058 = DIRECTION('',(0.,-1.));
#16059 = ( GEOMETRIC_REPRESENTATION_CONTEXT(2) 
PARAMETRIC_REPRESENTATION_CONTEXT() REPRESENTATION_CONTEXT('2D SPACE',''
  ) );
#16060 = PCURVE('',#16010,#16061);
#16061 = DEFINITIONAL_REPRESENTATION('',(#16062),#16066);
#16062 = LINE('',#16063,#16064);
#16063 = CARTESIAN_POINT('',(18.,0.));
#16064 = VECTOR('',#16065,1.);
#16065 = DIRECTION('',(0.,-1.));
#16066 = ( GEOMETRIC_REPRESENTATION_CONTEXT(2) 
PARAMETRIC_REPRESENTATION_CONTEXT() REPRESENTATION_CONTEXT('2D SPACE',''
  ) );
#16067 = ORIENTED_EDGE('',*,*,#16022,.T.);
#16068 = ADVANCED_FACE('',(#16069),#13802,.F.);
#16069 = FACE_BOUND('',#16070,.F.);
#16070 = EDGE_LOOP('',(#16071,#16099,#16100));
#16071 = ORIENTED_EDGE('',*,*,#16072,.F.);
#16072 = EDGE_CURVE('',#13342,#16073,#16075,.T.);
#16073 = VERTEX_POINT('',#16074);
#16074 = CARTESIAN_POINT('',(42.274063379858,17.780111647624,
    -0.126952599436));
#16075 = SURFACE_CURVE('',#16076,(#16080,#16087),.PCURVE_S1.);
#16076 = LINE('',#16077,#16078);
#16077 = CARTESIAN_POINT('',(42.308968192733,19.511898655466,
    0.87289509572));
#16078 = VECTOR('',#16079,1.);
#16079 = DIRECTION('',(-1.745240643728E-02,-0.865893503921,
    -0.499923847578));
#16080 = PCURVE('',#13802,#16081);
#16081 = DEFINITIONAL_REPRESENTATION('',(#16082),#16086);
#16082 = LINE('',#16083,#16084);
#16083 = CARTESIAN_POINT('',(6.,-1.484923295436E-15));
#16084 = VECTOR('',#16085,1.);
#16085 = DIRECTION('',(0.,-1.));
#16086 = ( GEOMETRIC_REPRESENTATION_CONTEXT(2) 
PARAMETRIC_REPRESENTATION_CONTEXT() REPRESENTATION_CONTEXT('2D SPACE',''
  ) );
#16087 = PCURVE('',#16088,#16093);
#16088 = PLANE('',#16089);
#16089 = AXIS2_PLACEMENT_3D('',#16090,#16091,#16092);
#16090 = CARTESIAN_POINT('',(42.308968192733,19.511898655466,
    0.87289509572));
#16091 = DIRECTION('',(-0.999847695156,1.511422733186E-02,
    8.726203218642E-03));
#16092 = DIRECTION('',(0.,-0.5,0.866025403784));
#16093 = DEFINITIONAL_REPRESENTATION('',(#16094),#16098);
#16094 = LINE('',#16095,#16096);
#16095 = CARTESIAN_POINT('',(0.,0.));
#16096 = VECTOR('',#16097,1.);
#16097 = DIRECTION('',(0.,-1.));
#16098 = ( GEOMETRIC_REPRESENTATION_CONTEXT(2) 
PARAMETRIC_REPRESENTATION_CONTEXT() REPRESENTATION_CONTEXT('2D SPACE',''
  ) );
#16099 = ORIENTED_EDGE('',*,*,#13788,.T.);
#16100 = ORIENTED_EDGE('',*,*,#16101,.T.);
#16101 = EDGE_CURVE('',#13761,#16073,#16102,.T.);
#16102 = SURFACE_CURVE('',#16103,(#16107,#16114),.PCURVE_S1.);
#16103 = LINE('',#16104,#16105);
#16104 = CARTESIAN_POINT('',(48.273149550796,17.689426283633,
    -0.179309818748));
#16105 = VECTOR('',#16106,1.);
#16106 = DIRECTION('',(-0.999847695156,1.511422733186E-02,
    8.726203218641E-03));
#16107 = PCURVE('',#13802,#16108);
#16108 = DEFINITIONAL_REPRESENTATION('',(#16109),#16113);
#16109 = LINE('',#16110,#16111);
#16110 = CARTESIAN_POINT('',(1.27883814649E-14,-2.));
#16111 = VECTOR('',#16112,1.);
#16112 = DIRECTION('',(1.,-3.538835890993E-16));
#16113 = ( GEOMETRIC_REPRESENTATION_CONTEXT(2) 
PARAMETRIC_REPRESENTATION_CONTEXT() REPRESENTATION_CONTEXT('2D SPACE',''
  ) );
#16114 = PCURVE('',#13776,#16115);
#16115 = DEFINITIONAL_REPRESENTATION('',(#16116),#16120);
#16116 = LINE('',#16117,#16118);
#16117 = CARTESIAN_POINT('',(3.,9.));
#16118 = VECTOR('',#16119,1.);
#16119 = DIRECTION('',(-1.,0.));
#16120 = ( GEOMETRIC_REPRESENTATION_CONTEXT(2) 
PARAMETRIC_REPRESENTATION_CONTEXT() REPRESENTATION_CONTEXT('2D SPACE',''
  ) );
#16121 = ADVANCED_FACE('',(#16122),#13776,.T.);
#16122 = FACE_BOUND('',#16123,.T.);
#16123 = EDGE_LOOP('',(#16124,#16125,#16146));
#16124 = ORIENTED_EDGE('',*,*,#16101,.T.);
#16125 = ORIENTED_EDGE('',*,*,#16126,.T.);
#16126 = EDGE_CURVE('',#16073,#13393,#16127,.T.);
#16127 = SURFACE_CURVE('',#16128,(#16132,#16139),.PCURVE_S1.);
#16128 = LINE('',#16129,#16130);
#16129 = CARTESIAN_POINT('',(42.274063379858,17.780111647624,
    -0.126952599436));
#16130 = VECTOR('',#16131,1.);
#16131 = DIRECTION('',(-1.047144386237E-18,-0.5,0.866025403784));
#16132 = PCURVE('',#13776,#16133);
#16133 = DEFINITIONAL_REPRESENTATION('',(#16134),#16138);
#16134 = LINE('',#16135,#16136);
#16135 = CARTESIAN_POINT('',(-3.,9.));
#16136 = VECTOR('',#16137,1.);
#16137 = DIRECTION('',(6.354600832563E-33,-1.));
#16138 = ( GEOMETRIC_REPRESENTATION_CONTEXT(2) 
PARAMETRIC_REPRESENTATION_CONTEXT() REPRESENTATION_CONTEXT('2D SPACE',''
  ) );
#16139 = PCURVE('',#16088,#16140);
#16140 = DEFINITIONAL_REPRESENTATION('',(#16141),#16145);
#16141 = LINE('',#16142,#16143);
#16142 = CARTESIAN_POINT('',(1.7763568394E-15,-2.));
#16143 = VECTOR('',#16144,1.);
#16144 = DIRECTION('',(1.,-6.E-17));
#16145 = ( GEOMETRIC_REPRESENTATION_CONTEXT(2) 
PARAMETRIC_REPRESENTATION_CONTEXT() REPRESENTATION_CONTEXT('2D SPACE',''
  ) );
#16146 = ORIENTED_EDGE('',*,*,#13760,.T.);
#16147 = ADVANCED_FACE('',(#16148),#13748,.T.);
#16148 = FACE_BOUND('',#16149,.T.);
#16149 = EDGE_LOOP('',(#16150,#16151,#16152,#16153));
#16150 = ORIENTED_EDGE('',*,*,#15783,.F.);
#16151 = ORIENTED_EDGE('',*,*,#13734,.T.);
#16152 = ORIENTED_EDGE('',*,*,#15966,.T.);
#16153 = ORIENTED_EDGE('',*,*,#13868,.T.);
#16154 = ADVANCED_FACE('',(#16155),#13722,.T.);
#16155 = FACE_BOUND('',#16156,.T.);
#16156 = EDGE_LOOP('',(#16157,#16158,#16186));
#16157 = ORIENTED_EDGE('',*,*,#13708,.F.);
#16158 = ORIENTED_EDGE('',*,*,#16159,.T.);
#16159 = EDGE_CURVE('',#13099,#16160,#16162,.T.);
#16160 = VERTEX_POINT('',#16161);
#16161 = CARTESIAN_POINT('',(42.274063379858,9.,-15.33455206924));
#16162 = SURFACE_CURVE('',#16163,(#16167,#16174),.PCURVE_S1.);
#16163 = LINE('',#16164,#16165);
#16164 = CARTESIAN_POINT('',(42.274063379858,-9.,-15.33455206924));
#16165 = VECTOR('',#16166,1.);
#16166 = DIRECTION('',(0.,1.,0.));
#16167 = PCURVE('',#13722,#16168);
#16168 = DEFINITIONAL_REPRESENTATION('',(#16169),#16173);
#16169 = LINE('',#16170,#16171);
#16170 = CARTESIAN_POINT('',(-3.,9.));
#16171 = VECTOR('',#16172,1.);
#16172 = DIRECTION('',(0.,-1.));
#16173 = ( GEOMETRIC_REPRESENTATION_CONTEXT(2) 
PARAMETRIC_REPRESENTATION_CONTEXT() REPRESENTATION_CONTEXT('2D SPACE',''
  ) );
#16174 = PCURVE('',#16175,#16180);
#16175 = PLANE('',#16176);
#16176 = AXIS2_PLACEMENT_3D('',#16177,#16178,#16179);
#16177 = CARTESIAN_POINT('',(42.308968192733,-9.,-17.33424745956));
#16178 = DIRECTION('',(-0.999847695156,0.,-1.745240643728E-02));
#16179 = DIRECTION('',(0.,1.,0.));
#16180 = DEFINITIONAL_REPRESENTATION('',(#16181),#16185);
#16181 = LINE('',#16182,#16183);
#16182 = CARTESIAN_POINT('',(1.7763568394E-15,-2.));
#16183 = VECTOR('',#16184,1.);
#16184 = DIRECTION('',(1.,0.));
#16185 = ( GEOMETRIC_REPRESENTATION_CONTEXT(2) 
PARAMETRIC_REPRESENTATION_CONTEXT() REPRESENTATION_CONTEXT('2D SPACE',''
  ) );
#16186 = ORIENTED_EDGE('',*,*,#16187,.T.);
#16187 = EDGE_CURVE('',#16160,#13681,#16188,.T.);
#16188 = SURFACE_CURVE('',#16189,(#16193,#16200),.PCURVE_S1.);
#16189 = LINE('',#16190,#16191);
#16190 = CARTESIAN_POINT('',(42.274063379858,9.,-15.33455206924));
#16191 = VECTOR('',#16192,1.);
#16192 = DIRECTION('',(0.999847695156,0.,1.745240643728E-02));
#16193 = PCURVE('',#13722,#16194);
#16194 = DEFINITIONAL_REPRESENTATION('',(#16195),#16199);
#16195 = LINE('',#16196,#16197);
#16196 = CARTESIAN_POINT('',(-3.,-9.));
#16197 = VECTOR('',#16198,1.);
#16198 = DIRECTION('',(1.,0.));
#16199 = ( GEOMETRIC_REPRESENTATION_CONTEXT(2) 
PARAMETRIC_REPRESENTATION_CONTEXT() REPRESENTATION_CONTEXT('2D SPACE',''
  ) );
#16200 = PCURVE('',#13696,#16201);
#16201 = DEFINITIONAL_REPRESENTATION('',(#16202),#16206);
#16202 = LINE('',#16203,#16204);
#16203 = CARTESIAN_POINT('',(-5.6829541073E-15,-2.));
#16204 = VECTOR('',#16205,1.);
#16205 = DIRECTION('',(1.,3.538835890993E-16));
#16206 = ( GEOMETRIC_REPRESENTATION_CONTEXT(2) 
PARAMETRIC_REPRESENTATION_CONTEXT() REPRESENTATION_CONTEXT('2D SPACE',''
  ) );
#16207 = ADVANCED_FACE('',(#16208),#13696,.F.);
#16208 = FACE_BOUND('',#16209,.F.);
#16209 = EDGE_LOOP('',(#16210,#16211,#16232));
#16210 = ORIENTED_EDGE('',*,*,#13680,.F.);
#16211 = ORIENTED_EDGE('',*,*,#16212,.T.);
#16212 = EDGE_CURVE('',#13155,#16160,#16213,.T.);
#16213 = SURFACE_CURVE('',#16214,(#16218,#16225),.PCURVE_S1.);
#16214 = LINE('',#16215,#16216);
#16215 = CARTESIAN_POINT('',(42.308968192733,9.,-17.33424745956));
#16216 = VECTOR('',#16217,1.);
#16217 = DIRECTION('',(-1.745240643728E-02,0.,0.999847695156));
#16218 = PCURVE('',#13696,#16219);
#16219 = DEFINITIONAL_REPRESENTATION('',(#16220),#16224);
#16220 = LINE('',#16221,#16222);
#16221 = CARTESIAN_POINT('',(0.,0.));
#16222 = VECTOR('',#16223,1.);
#16223 = DIRECTION('',(0.,-1.));
#16224 = ( GEOMETRIC_REPRESENTATION_CONTEXT(2) 
PARAMETRIC_REPRESENTATION_CONTEXT() REPRESENTATION_CONTEXT('2D SPACE',''
  ) );
#16225 = PCURVE('',#16175,#16226);
#16226 = DEFINITIONAL_REPRESENTATION('',(#16227),#16231);
#16227 = LINE('',#16228,#16229);
#16228 = CARTESIAN_POINT('',(18.,0.));
#16229 = VECTOR('',#16230,1.);
#16230 = DIRECTION('',(0.,-1.));
#16231 = ( GEOMETRIC_REPRESENTATION_CONTEXT(2) 
PARAMETRIC_REPRESENTATION_CONTEXT() REPRESENTATION_CONTEXT('2D SPACE',''
  ) );
#16232 = ORIENTED_EDGE('',*,*,#16187,.T.);
#16233 = ADVANCED_FACE('',(#16234),#13960,.F.);
#16234 = FACE_BOUND('',#16235,.T.);
#16235 = EDGE_LOOP('',(#16236,#16237,#16238,#16239));
#16236 = ORIENTED_EDGE('',*,*,#13944,.T.);
#16237 = ORIENTED_EDGE('',*,*,#13998,.T.);
#16238 = ORIENTED_EDGE('',*,*,#14047,.T.);
#16239 = ORIENTED_EDGE('',*,*,#14096,.T.);
#16240 = ADVANCED_FACE('',(#16241),#14161,.F.);
#16241 = FACE_BOUND('',#16242,.T.);
#16242 = EDGE_LOOP('',(#16243,#16244,#16245,#16246));
#16243 = ORIENTED_EDGE('',*,*,#14145,.T.);
#16244 = ORIENTED_EDGE('',*,*,#14199,.T.);
#16245 = ORIENTED_EDGE('',*,*,#14248,.T.);
#16246 = ORIENTED_EDGE('',*,*,#14297,.T.);
#16247 = ADVANCED_FACE('',(#16248),#14362,.F.);
#16248 = FACE_BOUND('',#16249,.T.);
#16249 = EDGE_LOOP('',(#16250,#16251,#16252,#16253));
#16250 = ORIENTED_EDGE('',*,*,#14346,.T.);
#16251 = ORIENTED_EDGE('',*,*,#14400,.T.);
#16252 = ORIENTED_EDGE('',*,*,#14449,.T.);
#16253 = ORIENTED_EDGE('',*,*,#14498,.T.);
#16254 = ADVANCED_FACE('',(#16255),#14563,.F.);
#16255 = FACE_BOUND('',#16256,.T.);
#16256 = EDGE_LOOP('',(#16257,#16258,#16259,#16260));
#16257 = ORIENTED_EDGE('',*,*,#14547,.T.);
#16258 = ORIENTED_EDGE('',*,*,#14601,.T.);
#16259 = ORIENTED_EDGE('',*,*,#14650,.T.);
#16260 = ORIENTED_EDGE('',*,*,#14699,.T.);
#16261 = ADVANCED_FACE('',(#16262),#14764,.F.);
#16262 = FACE_BOUND('',#16263,.T.);
#16263 = EDGE_LOOP('',(#16264,#16265,#16266,#16267));
#16264 = ORIENTED_EDGE('',*,*,#14748,.T.);
#16265 = ORIENTED_EDGE('',*,*,#14802,.T.);
#16266 = ORIENTED_EDGE('',*,*,#14851,.T.);
#16267 = ORIENTED_EDGE('',*,*,#14900,.T.);
#16268 = ADVANCED_FACE('',(#16269),#14965,.F.);
#16269 = FACE_BOUND('',#16270,.T.);
#16270 = EDGE_LOOP('',(#16271,#16272,#16273,#16274));
#16271 = ORIENTED_EDGE('',*,*,#14949,.T.);
#16272 = ORIENTED_EDGE('',*,*,#15003,.T.);
#16273 = ORIENTED_EDGE('',*,*,#15052,.T.);
#16274 = ORIENTED_EDGE('',*,*,#15101,.T.);
#16275 = ADVANCED_FACE('',(#16276),#15143,.F.);
#16276 = FACE_BOUND('',#16277,.F.);
#16277 = EDGE_LOOP('',(#16278,#16299,#16300));
#16278 = ORIENTED_EDGE('',*,*,#16279,.T.);
#16279 = EDGE_CURVE('',#12101,#12157,#16280,.T.);
#16280 = SURFACE_CURVE('',#16281,(#16285,#16292),.PCURVE_S1.);
#16281 = LINE('',#16282,#16283);
#16282 = CARTESIAN_POINT('',(42.233342870113,-15.01304184789,
    -2.12663E-12));
#16283 = VECTOR('',#16284,1.);
#16284 = DIRECTION('',(1.511480281341E-02,-0.999885764843,1.E-16));
#16285 = PCURVE('',#15143,#16286);
#16286 = DEFINITIONAL_REPRESENTATION('',(#16287),#16291);
#16287 = LINE('',#16288,#16289);
#16288 = CARTESIAN_POINT('',(1.493479076053,-4.333231803394));
#16289 = VECTOR('',#16290,1.);
#16290 = DIRECTION('',(-0.499942882422,0.866058378122));
#16291 = ( GEOMETRIC_REPRESENTATION_CONTEXT(2) 
PARAMETRIC_REPRESENTATION_CONTEXT() REPRESENTATION_CONTEXT('2D SPACE',''
  ) );
#16292 = PCURVE('',#15455,#16293);
#16293 = DEFINITIONAL_REPRESENTATION('',(#16294),#16298);
#16294 = LINE('',#16295,#16296);
#16295 = CARTESIAN_POINT('',(16.506520923951,-4.333231803396));
#16296 = VECTOR('',#16297,1.);
#16297 = DIRECTION('',(0.499942882422,0.866058378122));
#16298 = ( GEOMETRIC_REPRESENTATION_CONTEXT(2) 
PARAMETRIC_REPRESENTATION_CONTEXT() REPRESENTATION_CONTEXT('2D SPACE',''
  ) );
#16299 = ORIENTED_EDGE('',*,*,#15127,.T.);
#16300 = ORIENTED_EDGE('',*,*,#15181,.T.);
#16301 = ADVANCED_FACE('',(#16302),#15270,.F.);
#16302 = FACE_BOUND('',#16303,.F.);
#16303 = EDGE_LOOP('',(#16304,#16305,#16326));
#16304 = ORIENTED_EDGE('',*,*,#15307,.F.);
#16305 = ORIENTED_EDGE('',*,*,#16306,.F.);
#16306 = EDGE_CURVE('',#12073,#12022,#16307,.T.);
#16307 = SURFACE_CURVE('',#16308,(#16312,#16319),.PCURVE_S1.);
#16308 = LINE('',#16309,#16310);
#16309 = CARTESIAN_POINT('',(42.233342870113,-7.506520923951,
    13.001675628357));
#16310 = VECTOR('',#16311,1.);
#16311 = DIRECTION('',(1.511480281341E-02,-0.499942882422,0.865926473237
    ));
#16312 = PCURVE('',#15270,#16313);
#16313 = DEFINITIONAL_REPRESENTATION('',(#16314),#16318);
#16314 = LINE('',#16315,#16316);
#16315 = CARTESIAN_POINT('',(16.506520923951,-4.333231803396));
#16316 = VECTOR('',#16317,1.);
#16317 = DIRECTION('',(0.499942882422,0.866058378122));
#16318 = ( GEOMETRIC_REPRESENTATION_CONTEXT(2) 
PARAMETRIC_REPRESENTATION_CONTEXT() REPRESENTATION_CONTEXT('2D SPACE',''
  ) );
#16319 = PCURVE('',#15533,#16320);
#16320 = DEFINITIONAL_REPRESENTATION('',(#16321),#16325);
#16321 = LINE('',#16322,#16323);
#16322 = CARTESIAN_POINT('',(1.493479076053,-4.333231803394));
#16323 = VECTOR('',#16324,1.);
#16324 = DIRECTION('',(-0.499942882422,0.866058378122));
#16325 = ( GEOMETRIC_REPRESENTATION_CONTEXT(2) 
PARAMETRIC_REPRESENTATION_CONTEXT() REPRESENTATION_CONTEXT('2D SPACE',''
  ) );
#16326 = ORIENTED_EDGE('',*,*,#15254,.T.);
#16327 = ADVANCED_FACE('',(#16328),#15348,.F.);
#16328 = FACE_BOUND('',#16329,.F.);
#16329 = EDGE_LOOP('',(#16330,#16351,#16352));
#16330 = ORIENTED_EDGE('',*,*,#16331,.T.);
#16331 = EDGE_CURVE('',#12463,#12519,#16332,.T.);
#16332 = SURFACE_CURVE('',#16333,(#16337,#16344),.PCURVE_S1.);
#16333 = LINE('',#16334,#16335);
#16334 = CARTESIAN_POINT('',(42.233342870113,-7.506520923947,
    -13.00167562835));
#16335 = VECTOR('',#16336,1.);
#16336 = DIRECTION('',(1.511480281341E-02,-0.499942882422,
    -0.865926473237));
#16337 = PCURVE('',#15348,#16338);
#16338 = DEFINITIONAL_REPRESENTATION('',(#16339),#16343);
#16339 = LINE('',#16340,#16341);
#16340 = CARTESIAN_POINT('',(1.493479076053,-4.333231803394));
#16341 = VECTOR('',#16342,1.);
#16342 = DIRECTION('',(-0.499942882422,0.866058378122));
#16343 = ( GEOMETRIC_REPRESENTATION_CONTEXT(2) 
PARAMETRIC_REPRESENTATION_CONTEXT() REPRESENTATION_CONTEXT('2D SPACE',''
  ) );
#16344 = PCURVE('',#15825,#16345);
#16345 = DEFINITIONAL_REPRESENTATION('',(#16346),#16350);
#16346 = LINE('',#16347,#16348);
#16347 = CARTESIAN_POINT('',(16.506520923951,-4.333231803396));
#16348 = VECTOR('',#16349,1.);
#16349 = DIRECTION('',(0.499942882422,0.866058378122));
#16350 = ( GEOMETRIC_REPRESENTATION_CONTEXT(2) 
PARAMETRIC_REPRESENTATION_CONTEXT() REPRESENTATION_CONTEXT('2D SPACE',''
  ) );
#16351 = ORIENTED_EDGE('',*,*,#15332,.T.);
#16352 = ORIENTED_EDGE('',*,*,#15386,.T.);
#16353 = ADVANCED_FACE('',(#16354),#15455,.F.);
#16354 = FACE_BOUND('',#16355,.F.);
#16355 = EDGE_LOOP('',(#16356,#16357,#16358));
#16356 = ORIENTED_EDGE('',*,*,#15492,.F.);
#16357 = ORIENTED_EDGE('',*,*,#16279,.F.);
#16358 = ORIENTED_EDGE('',*,*,#15439,.T.);
#16359 = ADVANCED_FACE('',(#16360),#15533,.F.);
#16360 = FACE_BOUND('',#16361,.F.);
#16361 = EDGE_LOOP('',(#16362,#16363,#16364));
#16362 = ORIENTED_EDGE('',*,*,#16306,.T.);
#16363 = ORIENTED_EDGE('',*,*,#15517,.T.);
#16364 = ORIENTED_EDGE('',*,*,#15571,.T.);
#16365 = ADVANCED_FACE('',(#16366),#15640,.F.);
#16366 = FACE_BOUND('',#16367,.F.);
#16367 = EDGE_LOOP('',(#16368,#16369,#16390));
#16368 = ORIENTED_EDGE('',*,*,#15677,.F.);
#16369 = ORIENTED_EDGE('',*,*,#16370,.T.);
#16370 = EDGE_CURVE('',#12706,#12757,#16371,.T.);
#16371 = SURFACE_CURVE('',#16372,(#16376,#16383),.PCURVE_S1.);
#16372 = LINE('',#16373,#16374);
#16373 = CARTESIAN_POINT('',(42.233342870113,7.506520923947,
    13.001675628359));
#16374 = VECTOR('',#16375,1.);
#16375 = DIRECTION('',(-1.511480281341E-02,-0.499942882422,
    -0.865926473237));
#16376 = PCURVE('',#15640,#16377);
#16377 = DEFINITIONAL_REPRESENTATION('',(#16378),#16382);
#16378 = LINE('',#16379,#16380);
#16379 = CARTESIAN_POINT('',(16.506520923951,-4.333231803396));
#16380 = VECTOR('',#16381,1.);
#16381 = DIRECTION('',(-0.499942882422,-0.866058378122));
#16382 = ( GEOMETRIC_REPRESENTATION_CONTEXT(2) 
PARAMETRIC_REPRESENTATION_CONTEXT() REPRESENTATION_CONTEXT('2D SPACE',''
  ) );
#16383 = PCURVE('',#15903,#16384);
#16384 = DEFINITIONAL_REPRESENTATION('',(#16385),#16389);
#16385 = LINE('',#16386,#16387);
#16386 = CARTESIAN_POINT('',(1.493479076053,-4.333231803394));
#16387 = VECTOR('',#16388,1.);
#16388 = DIRECTION('',(0.499942882422,-0.866058378122));
#16389 = ( GEOMETRIC_REPRESENTATION_CONTEXT(2) 
PARAMETRIC_REPRESENTATION_CONTEXT() REPRESENTATION_CONTEXT('2D SPACE',''
  ) );
#16390 = ORIENTED_EDGE('',*,*,#15624,.T.);
#16391 = ADVANCED_FACE('',(#16392),#15718,.F.);
#16392 = FACE_BOUND('',#16393,.F.);
#16393 = EDGE_LOOP('',(#16394,#16415,#16416));
#16394 = ORIENTED_EDGE('',*,*,#16395,.T.);
#16395 = EDGE_CURVE('',#13099,#13155,#16396,.T.);
#16396 = SURFACE_CURVE('',#16397,(#16401,#16408),.PCURVE_S1.);
#16397 = LINE('',#16398,#16399);
#16398 = CARTESIAN_POINT('',(42.233342870113,7.506520923951,
    -13.00167562835));
#16399 = VECTOR('',#16400,1.);
#16400 = DIRECTION('',(1.511480281341E-02,0.499942882422,-0.865926473237
    ));
#16401 = PCURVE('',#15718,#16402);
#16402 = DEFINITIONAL_REPRESENTATION('',(#16403),#16407);
#16403 = LINE('',#16404,#16405);
#16404 = CARTESIAN_POINT('',(1.493479076053,-4.333231803394));
#16405 = VECTOR('',#16406,1.);
#16406 = DIRECTION('',(-0.499942882422,0.866058378122));
#16407 = ( GEOMETRIC_REPRESENTATION_CONTEXT(2) 
PARAMETRIC_REPRESENTATION_CONTEXT() REPRESENTATION_CONTEXT('2D SPACE',''
  ) );
#16408 = PCURVE('',#16175,#16409);
#16409 = DEFINITIONAL_REPRESENTATION('',(#16410),#16414);
#16410 = LINE('',#16411,#16412);
#16411 = CARTESIAN_POINT('',(16.506520923951,-4.333231803396));
#16412 = VECTOR('',#16413,1.);
#16413 = DIRECTION('',(0.499942882422,0.866058378122));
#16414 = ( GEOMETRIC_REPRESENTATION_CONTEXT(2) 
PARAMETRIC_REPRESENTATION_CONTEXT() REPRESENTATION_CONTEXT('2D SPACE',''
  ) );
#16415 = ORIENTED_EDGE('',*,*,#15702,.T.);
#16416 = ORIENTED_EDGE('',*,*,#15756,.T.);
#16417 = ADVANCED_FACE('',(#16418),#15825,.F.);
#16418 = FACE_BOUND('',#16419,.F.);
#16419 = EDGE_LOOP('',(#16420,#16421,#16422));
#16420 = ORIENTED_EDGE('',*,*,#15862,.F.);
#16421 = ORIENTED_EDGE('',*,*,#16331,.F.);
#16422 = ORIENTED_EDGE('',*,*,#15809,.T.);
#16423 = ADVANCED_FACE('',(#16424),#15903,.F.);
#16424 = FACE_BOUND('',#16425,.F.);
#16425 = EDGE_LOOP('',(#16426,#16427,#16428));
#16426 = ORIENTED_EDGE('',*,*,#16370,.F.);
#16427 = ORIENTED_EDGE('',*,*,#15887,.T.);
#16428 = ORIENTED_EDGE('',*,*,#15941,.T.);
#16429 = ADVANCED_FACE('',(#16430),#16010,.F.);
#16430 = FACE_BOUND('',#16431,.F.);
#16431 = EDGE_LOOP('',(#16432,#16433,#16454));
#16432 = ORIENTED_EDGE('',*,*,#16047,.F.);
#16433 = ORIENTED_EDGE('',*,*,#16434,.F.);
#16434 = EDGE_CURVE('',#13393,#13342,#16435,.T.);
#16435 = SURFACE_CURVE('',#16436,(#16440,#16447),.PCURVE_S1.);
#16436 = LINE('',#16437,#16438);
#16437 = CARTESIAN_POINT('',(42.233342870113,15.013041847897,2.11525E-12
    ));
#16438 = VECTOR('',#16439,1.);
#16439 = DIRECTION('',(1.511480281341E-02,0.999885764843,-7.E-16));
#16440 = PCURVE('',#16010,#16441);
#16441 = DEFINITIONAL_REPRESENTATION('',(#16442),#16446);
#16442 = LINE('',#16443,#16444);
#16443 = CARTESIAN_POINT('',(16.506520923951,-4.333231803396));
#16444 = VECTOR('',#16445,1.);
#16445 = DIRECTION('',(0.499942882422,0.866058378122));
#16446 = ( GEOMETRIC_REPRESENTATION_CONTEXT(2) 
PARAMETRIC_REPRESENTATION_CONTEXT() REPRESENTATION_CONTEXT('2D SPACE',''
  ) );
#16447 = PCURVE('',#16088,#16448);
#16448 = DEFINITIONAL_REPRESENTATION('',(#16449),#16453);
#16449 = LINE('',#16450,#16451);
#16450 = CARTESIAN_POINT('',(1.493479076053,-4.333231803394));
#16451 = VECTOR('',#16452,1.);
#16452 = DIRECTION('',(-0.499942882422,0.866058378122));
#16453 = ( GEOMETRIC_REPRESENTATION_CONTEXT(2) 
PARAMETRIC_REPRESENTATION_CONTEXT() REPRESENTATION_CONTEXT('2D SPACE',''
  ) );
#16454 = ORIENTED_EDGE('',*,*,#15994,.T.);
#16455 = ADVANCED_FACE('',(#16456),#16088,.F.);
#16456 = FACE_BOUND('',#16457,.F.);
#16457 = EDGE_LOOP('',(#16458,#16459,#16460));
#16458 = ORIENTED_EDGE('',*,*,#16434,.T.);
#16459 = ORIENTED_EDGE('',*,*,#16072,.T.);
#16460 = ORIENTED_EDGE('',*,*,#16126,.T.);
#16461 = ADVANCED_FACE('',(#16462),#16175,.F.);
#16462 = FACE_BOUND('',#16463,.F.);
#16463 = EDGE_LOOP('',(#16464,#16465,#16466));
#16464 = ORIENTED_EDGE('',*,*,#16212,.F.);
#16465 = ORIENTED_EDGE('',*,*,#16395,.F.);
#16466 = ORIENTED_EDGE('',*,*,#16159,.T.);
#16467 = ( GEOMETRIC_REPRESENTATION_CONTEXT(3) 
GLOBAL_UNCERTAINTY_ASSIGNED_CONTEXT((#16471)) 
GLOBAL_UNIT_ASSIGNED_CONTEXT((#16468,#16469,#16470)) 
REPRESENTATION_CONTEXT('Context #1',
  '3D Context with UNIT and UNCERTAINTY') );
#16468 = ( LENGTH_UNIT() NAMED_UNIT(*) SI_UNIT(.MILLI.,.METRE.) );
#16469 = ( NAMED_UNIT(*) PLANE_ANGLE_UNIT() SI_UNIT($,.RADIAN.) );
#16470 = ( NAMED_UNIT(*) SI_UNIT($,.STERADIAN.) SOLID_ANGLE_UNIT() );
#16471 = UNCERTAINTY_MEASURE_WITH_UNIT(LENGTH_MEASURE(1.E-05),#16468,
  'distance_accuracy_value','confusion accuracy');
#16472 = PRODUCT_RELATED_PRODUCT_CATEGORY('part',$,(#7));
#16473 = MECHANICAL_DESIGN_GEOMETRIC_PRESENTATION_REPRESENTATION('',(
    #16474),#16467);
#16474 = STYLED_ITEM('color',(#16475),#15);
#16475 = PRESENTATION_STYLE_ASSIGNMENT((#16476,#16482));
#16476 = SURFACE_STYLE_USAGE(.BOTH.,#16477);
#16477 = SURFACE_SIDE_STYLE('',(#16478));
#16478 = SURFACE_STYLE_FILL_AREA(#16479);
#16479 = FILL_AREA_STYLE('',(#16480));
#16480 = FILL_AREA_STYLE_COLOUR('',#16481);
#16481 = COLOUR_RGB('',0.447058818107,0.474509808674,0.501960817233);
#16482 = CURVE_STYLE('',#16483,POSITIVE_LENGTH_MEASURE(0.1),#16484);
#16483 = DRAUGHTING_PRE_DEFINED_CURVE_FONT('continuous');
#16484 = COLOUR_RGB('',9.803921802644E-02,9.803921802644E-02,
  9.803921802644E-02);
ENDSEC;
END-ISO-10303-21;
