ISO-10303-21;
HEADER;
FILE_DESCRIPTION(('FreeCAD Model'),'2;1');
FILE_NAME('Open CASCADE Shape Model','2026-05-05T20:06:25',(''),(''),
  'Open CASCADE STEP processor 7.8','FreeCAD','Unknown');
FILE_SCHEMA(('AUTOMOTIVE_DESIGN { 1 0 10303 214 1 1 1 1 }'));
ENDSEC;
DATA;
#1 = APPLICATION_PROTOCOL_DEFINITION('international standard',
  'automotive_design',2000,#2);
#2 = APPLICATION_CONTEXT(
  'core data for automotive mechanical design processes');
#3 = SHAPE_DEFINITION_REPRESENTATION(#4,#10);
#4 = PRODUCT_DEFINITION_SHAPE('','',#5);
#5 = PRODUCT_DEFINITION('design','',#6,#9);
#6 = PRODUCT_DEFINITION_FORMATION('','',#7);
#7 = PRODUCT('Body','Body','',(#8));
#8 = PRODUCT_CONTEXT('',#2,'mechanical');
#9 = PRODUCT_DEFINITION_CONTEXT('part definition',#2,'design');
#10 = ADVANCED_BREP_SHAPE_REPRESENTATION('',(#11,#15),#16938);
#11 = AXIS2_PLACEMENT_3D('',#12,#13,#14);
#12 = CARTESIAN_POINT('',(0.,0.,0.));
#13 = DIRECTION('',(0.,0.,1.));
#14 = DIRECTION('',(1.,0.,-0.));
#15 = MANIFOLD_SOLID_BREP('',#16);
#16 = CLOSED_SHELL('',(#17,#703,#977,#1026,#1243,#1270,#1325,#1380,#1654
    ,#1703,#1920,#1947,#2221,#2270,#2487,#2514,#2541,#2568,#2678,#2727,
    #2776,#2874,#2901,#2908,#2992,#3938,#5289,#5316,#5343,#5453,#5502,
    #5551,#5649,#5676,#5683,#5767,#5794,#5821,#5931,#5980,#6029,#6127,
    #6154,#6161,#6245,#6350,#6436,#6463,#6470,#6522,#6577,#6604,#6654,
    #6704,#6759,#6814,#6869,#6924,#7029,#7115,#7142,#7149,#7178,#7283,
    #7369,#7396,#7403,#7432,#7482,#7716,#8190,#8197,#8227,#8257,#8284,
    #8311,#8459,#8579,#8701,#8821,#8941,#9033,#9100,#9149,#9197,#9248,
    #9298,#9347,#9398,#9448,#9497,#9548,#9598,#9647,#9698,#9748,#9797,
    #9848,#9898,#9930,#10119,#10308,#10497,#10686,#10875,#11064,#11111,
    #11274,#11300,#11347,#11510,#11536,#11583,#11746,#11772,#11819,
    #11982,#12008,#12055,#12218,#12244,#12291,#12454,#12480,#12487,
    #12675,#12724,#12819,#12846,#12853,#13037,#13086,#13157,#13164,
    #13171,#13355,#13382,#13455,#13482,#13489,#13673,#13722,#13793,
    #13800,#13807,#13991,#14018,#14091,#14118,#14125,#14305,#14332,
    #14381,#14388,#14464,#14513,#14562,#14589,#14665,#14714,#14763,
    #14790,#14866,#14915,#14964,#14991,#15067,#15116,#15165,#15192,
    #15268,#15317,#15366,#15393,#15469,#15518,#15567,#15594,#15647,
    #15673,#15720,#15773,#15799,#15852,#15878,#15905,#15958,#15984,
    #16037,#16063,#16090,#16143,#16169,#16222,#16248,#16275,#16328,
    #16354,#16407,#16433,#16460,#16513,#16539,#16592,#16618,#16625,
    #16678,#16704,#16711,#16718,#16725,#16732,#16739,#16746,#16772,
    #16798,#16824,#16830,#16836,#16862,#16888,#16894,#16900,#16926,
    #16932));
#17 = ADVANCED_FACE('',(#18,#229,#260,#291,#497),#32,.F.);
#18 = FACE_BOUND('',#19,.F.);
#19 = EDGE_LOOP('',(#20,#55,#83,#111,#134,#157,#185,#208));
#20 = ORIENTED_EDGE('',*,*,#21,.T.);
#21 = EDGE_CURVE('',#22,#24,#26,.T.);
#22 = VERTEX_POINT('',#23);
#23 = CARTESIAN_POINT('',(30.,3.,14.8));
#24 = VERTEX_POINT('',#25);
#25 = CARTESIAN_POINT('',(30.,4.,14.8));
#26 = SURFACE_CURVE('',#27,(#31,#43),.PCURVE_S1.);
#27 = LINE('',#28,#29);
#28 = CARTESIAN_POINT('',(30.,-1.5,14.8));
#29 = VECTOR('',#30,1.);
#30 = DIRECTION('',(0.,1.,0.));
#31 = PCURVE('',#32,#37);
#32 = PLANE('',#33);
#33 = AXIS2_PLACEMENT_3D('',#34,#35,#36);
#34 = CARTESIAN_POINT('',(30.,0.,0.));
#35 = DIRECTION('',(1.,0.,0.));
#36 = DIRECTION('',(0.,1.,0.));
#37 = DEFINITIONAL_REPRESENTATION('',(#38),#42);
#38 = LINE('',#39,#40);
#39 = CARTESIAN_POINT('',(-1.5,14.8));
#40 = VECTOR('',#41,1.);
#41 = DIRECTION('',(1.,0.));
#42 = ( GEOMETRIC_REPRESENTATION_CONTEXT(2) 
PARAMETRIC_REPRESENTATION_CONTEXT() REPRESENTATION_CONTEXT('2D SPACE',''
  ) );
#43 = PCURVE('',#44,#49);
#44 = PLANE('',#45);
#45 = AXIS2_PLACEMENT_3D('',#46,#47,#48);
#46 = CARTESIAN_POINT('',(30.,-3.,14.8));
#47 = DIRECTION('',(0.,0.,1.));
#48 = DIRECTION('',(0.,1.,0.));
#49 = DEFINITIONAL_REPRESENTATION('',(#50),#54);
#50 = LINE('',#51,#52);
#51 = CARTESIAN_POINT('',(1.5,0.));
#52 = VECTOR('',#53,1.);
#53 = DIRECTION('',(1.,0.));
#54 = ( GEOMETRIC_REPRESENTATION_CONTEXT(2) 
PARAMETRIC_REPRESENTATION_CONTEXT() REPRESENTATION_CONTEXT('2D SPACE',''
  ) );
#55 = ORIENTED_EDGE('',*,*,#56,.T.);
#56 = EDGE_CURVE('',#24,#57,#59,.T.);
#57 = VERTEX_POINT('',#58);
#58 = CARTESIAN_POINT('',(30.,4.,12.));
#59 = SURFACE_CURVE('',#60,(#64,#71),.PCURVE_S1.);
#60 = LINE('',#61,#62);
#61 = CARTESIAN_POINT('',(30.,4.,14.8));
#62 = VECTOR('',#63,1.);
#63 = DIRECTION('',(0.,0.,-1.));
#64 = PCURVE('',#32,#65);
#65 = DEFINITIONAL_REPRESENTATION('',(#66),#70);
#66 = LINE('',#67,#68);
#67 = CARTESIAN_POINT('',(4.,14.8));
#68 = VECTOR('',#69,1.);
#69 = DIRECTION('',(0.,-1.));
#70 = ( GEOMETRIC_REPRESENTATION_CONTEXT(2) 
PARAMETRIC_REPRESENTATION_CONTEXT() REPRESENTATION_CONTEXT('2D SPACE',''
  ) );
#71 = PCURVE('',#72,#77);
#72 = PLANE('',#73);
#73 = AXIS2_PLACEMENT_3D('',#74,#75,#76);
#74 = CARTESIAN_POINT('',(30.5,3.5,14.8));
#75 = DIRECTION('',(-0.707106781187,-0.707106781187,0.));
#76 = DIRECTION('',(0.,0.,-1.));
#77 = DEFINITIONAL_REPRESENTATION('',(#78),#82);
#78 = LINE('',#79,#80);
#79 = CARTESIAN_POINT('',(0.,-0.707106781187));
#80 = VECTOR('',#81,1.);
#81 = DIRECTION('',(1.,0.));
#82 = ( GEOMETRIC_REPRESENTATION_CONTEXT(2) 
PARAMETRIC_REPRESENTATION_CONTEXT() REPRESENTATION_CONTEXT('2D SPACE',''
  ) );
#83 = ORIENTED_EDGE('',*,*,#84,.F.);
#84 = EDGE_CURVE('',#85,#57,#87,.T.);
#85 = VERTEX_POINT('',#86);
#86 = CARTESIAN_POINT('',(30.,3.,12.));
#87 = SURFACE_CURVE('',#88,(#92,#99),.PCURVE_S1.);
#88 = LINE('',#89,#90);
#89 = CARTESIAN_POINT('',(30.,1.5,12.));
#90 = VECTOR('',#91,1.);
#91 = DIRECTION('',(0.,1.,0.));
#92 = PCURVE('',#32,#93);
#93 = DEFINITIONAL_REPRESENTATION('',(#94),#98);
#94 = LINE('',#95,#96);
#95 = CARTESIAN_POINT('',(1.5,12.));
#96 = VECTOR('',#97,1.);
#97 = DIRECTION('',(1.,0.));
#98 = ( GEOMETRIC_REPRESENTATION_CONTEXT(2) 
PARAMETRIC_REPRESENTATION_CONTEXT() REPRESENTATION_CONTEXT('2D SPACE',''
  ) );
#99 = PCURVE('',#100,#105);
#100 = PLANE('',#101);
#101 = AXIS2_PLACEMENT_3D('',#102,#103,#104);
#102 = CARTESIAN_POINT('',(30.,3.,12.));
#103 = DIRECTION('',(0.,0.,-1.));
#104 = DIRECTION('',(0.,-1.,0.));
#105 = DEFINITIONAL_REPRESENTATION('',(#106),#110);
#106 = LINE('',#107,#108);
#107 = CARTESIAN_POINT('',(1.5,0.));
#108 = VECTOR('',#109,1.);
#109 = DIRECTION('',(-1.,-0.));
#110 = ( GEOMETRIC_REPRESENTATION_CONTEXT(2) 
PARAMETRIC_REPRESENTATION_CONTEXT() REPRESENTATION_CONTEXT('2D SPACE',''
  ) );
#111 = ORIENTED_EDGE('',*,*,#112,.T.);
#112 = EDGE_CURVE('',#85,#113,#115,.T.);
#113 = VERTEX_POINT('',#114);
#114 = CARTESIAN_POINT('',(30.,-3.,12.));
#115 = SURFACE_CURVE('',#116,(#120,#127),.PCURVE_S1.);
#116 = LINE('',#117,#118);
#117 = CARTESIAN_POINT('',(30.,3.,12.));
#118 = VECTOR('',#119,1.);
#119 = DIRECTION('',(0.,-1.,0.));
#120 = PCURVE('',#32,#121);
#121 = DEFINITIONAL_REPRESENTATION('',(#122),#126);
#122 = LINE('',#123,#124);
#123 = CARTESIAN_POINT('',(3.,12.));
#124 = VECTOR('',#125,1.);
#125 = DIRECTION('',(-1.,0.));
#126 = ( GEOMETRIC_REPRESENTATION_CONTEXT(2) 
PARAMETRIC_REPRESENTATION_CONTEXT() REPRESENTATION_CONTEXT('2D SPACE',''
  ) );
#127 = PCURVE('',#100,#128);
#128 = DEFINITIONAL_REPRESENTATION('',(#129),#133);
#129 = LINE('',#130,#131);
#130 = CARTESIAN_POINT('',(0.,-0.));
#131 = VECTOR('',#132,1.);
#132 = DIRECTION('',(1.,0.));
#133 = ( GEOMETRIC_REPRESENTATION_CONTEXT(2) 
PARAMETRIC_REPRESENTATION_CONTEXT() REPRESENTATION_CONTEXT('2D SPACE',''
  ) );
#134 = ORIENTED_EDGE('',*,*,#135,.T.);
#135 = EDGE_CURVE('',#113,#136,#138,.T.);
#136 = VERTEX_POINT('',#137);
#137 = CARTESIAN_POINT('',(30.,-4.,12.));
#138 = SURFACE_CURVE('',#139,(#143,#150),.PCURVE_S1.);
#139 = LINE('',#140,#141);
#140 = CARTESIAN_POINT('',(30.,1.5,12.));
#141 = VECTOR('',#142,1.);
#142 = DIRECTION('',(0.,-1.,0.));
#143 = PCURVE('',#32,#144);
#144 = DEFINITIONAL_REPRESENTATION('',(#145),#149);
#145 = LINE('',#146,#147);
#146 = CARTESIAN_POINT('',(1.5,12.));
#147 = VECTOR('',#148,1.);
#148 = DIRECTION('',(-1.,0.));
#149 = ( GEOMETRIC_REPRESENTATION_CONTEXT(2) 
PARAMETRIC_REPRESENTATION_CONTEXT() REPRESENTATION_CONTEXT('2D SPACE',''
  ) );
#150 = PCURVE('',#100,#151);
#151 = DEFINITIONAL_REPRESENTATION('',(#152),#156);
#152 = LINE('',#153,#154);
#153 = CARTESIAN_POINT('',(1.5,0.));
#154 = VECTOR('',#155,1.);
#155 = DIRECTION('',(1.,0.));
#156 = ( GEOMETRIC_REPRESENTATION_CONTEXT(2) 
PARAMETRIC_REPRESENTATION_CONTEXT() REPRESENTATION_CONTEXT('2D SPACE',''
  ) );
#157 = ORIENTED_EDGE('',*,*,#158,.T.);
#158 = EDGE_CURVE('',#136,#159,#161,.T.);
#159 = VERTEX_POINT('',#160);
#160 = CARTESIAN_POINT('',(30.,-4.,14.8));
#161 = SURFACE_CURVE('',#162,(#166,#173),.PCURVE_S1.);
#162 = LINE('',#163,#164);
#163 = CARTESIAN_POINT('',(30.,-4.,12.));
#164 = VECTOR('',#165,1.);
#165 = DIRECTION('',(0.,0.,1.));
#166 = PCURVE('',#32,#167);
#167 = DEFINITIONAL_REPRESENTATION('',(#168),#172);
#168 = LINE('',#169,#170);
#169 = CARTESIAN_POINT('',(-4.,12.));
#170 = VECTOR('',#171,1.);
#171 = DIRECTION('',(0.,1.));
#172 = ( GEOMETRIC_REPRESENTATION_CONTEXT(2) 
PARAMETRIC_REPRESENTATION_CONTEXT() REPRESENTATION_CONTEXT('2D SPACE',''
  ) );
#173 = PCURVE('',#174,#179);
#174 = PLANE('',#175);
#175 = AXIS2_PLACEMENT_3D('',#176,#177,#178);
#176 = CARTESIAN_POINT('',(30.5,-3.5,12.));
#177 = DIRECTION('',(-0.707106781187,0.707106781187,0.));
#178 = DIRECTION('',(0.,0.,1.));
#179 = DEFINITIONAL_REPRESENTATION('',(#180),#184);
#180 = LINE('',#181,#182);
#181 = CARTESIAN_POINT('',(0.,-0.707106781187));
#182 = VECTOR('',#183,1.);
#183 = DIRECTION('',(1.,0.));
#184 = ( GEOMETRIC_REPRESENTATION_CONTEXT(2) 
PARAMETRIC_REPRESENTATION_CONTEXT() REPRESENTATION_CONTEXT('2D SPACE',''
  ) );
#185 = ORIENTED_EDGE('',*,*,#186,.F.);
#186 = EDGE_CURVE('',#187,#159,#189,.T.);
#187 = VERTEX_POINT('',#188);
#188 = CARTESIAN_POINT('',(30.,-3.,14.8));
#189 = SURFACE_CURVE('',#190,(#194,#201),.PCURVE_S1.);
#190 = LINE('',#191,#192);
#191 = CARTESIAN_POINT('',(30.,-1.5,14.8));
#192 = VECTOR('',#193,1.);
#193 = DIRECTION('',(0.,-1.,0.));
#194 = PCURVE('',#32,#195);
#195 = DEFINITIONAL_REPRESENTATION('',(#196),#200);
#196 = LINE('',#197,#198);
#197 = CARTESIAN_POINT('',(-1.5,14.8));
#198 = VECTOR('',#199,1.);
#199 = DIRECTION('',(-1.,0.));
#200 = ( GEOMETRIC_REPRESENTATION_CONTEXT(2) 
PARAMETRIC_REPRESENTATION_CONTEXT() REPRESENTATION_CONTEXT('2D SPACE',''
  ) );
#201 = PCURVE('',#44,#202);
#202 = DEFINITIONAL_REPRESENTATION('',(#203),#207);
#203 = LINE('',#204,#205);
#204 = CARTESIAN_POINT('',(1.5,0.));
#205 = VECTOR('',#206,1.);
#206 = DIRECTION('',(-1.,0.));
#207 = ( GEOMETRIC_REPRESENTATION_CONTEXT(2) 
PARAMETRIC_REPRESENTATION_CONTEXT() REPRESENTATION_CONTEXT('2D SPACE',''
  ) );
#208 = ORIENTED_EDGE('',*,*,#209,.T.);
#209 = EDGE_CURVE('',#187,#22,#210,.T.);
#210 = SURFACE_CURVE('',#211,(#215,#222),.PCURVE_S1.);
#211 = LINE('',#212,#213);
#212 = CARTESIAN_POINT('',(30.,-3.,14.8));
#213 = VECTOR('',#214,1.);
#214 = DIRECTION('',(0.,1.,0.));
#215 = PCURVE('',#32,#216);
#216 = DEFINITIONAL_REPRESENTATION('',(#217),#221);
#217 = LINE('',#218,#219);
#218 = CARTESIAN_POINT('',(-3.,14.8));
#219 = VECTOR('',#220,1.);
#220 = DIRECTION('',(1.,0.));
#221 = ( GEOMETRIC_REPRESENTATION_CONTEXT(2) 
PARAMETRIC_REPRESENTATION_CONTEXT() REPRESENTATION_CONTEXT('2D SPACE',''
  ) );
#222 = PCURVE('',#44,#223);
#223 = DEFINITIONAL_REPRESENTATION('',(#224),#228);
#224 = LINE('',#225,#226);
#225 = CARTESIAN_POINT('',(0.,0.));
#226 = VECTOR('',#227,1.);
#227 = DIRECTION('',(1.,0.));
#228 = ( GEOMETRIC_REPRESENTATION_CONTEXT(2) 
PARAMETRIC_REPRESENTATION_CONTEXT() REPRESENTATION_CONTEXT('2D SPACE',''
  ) );
#229 = FACE_BOUND('',#230,.F.);
#230 = EDGE_LOOP('',(#231));
#231 = ORIENTED_EDGE('',*,*,#232,.F.);
#232 = EDGE_CURVE('',#233,#233,#235,.T.);
#233 = VERTEX_POINT('',#234);
#234 = CARTESIAN_POINT('',(30.,10.2,0.));
#235 = SURFACE_CURVE('',#236,(#241,#248),.PCURVE_S1.);
#236 = CIRCLE('',#237,10.2);
#237 = AXIS2_PLACEMENT_3D('',#238,#239,#240);
#238 = CARTESIAN_POINT('',(30.,0.,0.));
#239 = DIRECTION('',(1.,0.,0.));
#240 = DIRECTION('',(0.,1.,0.));
#241 = PCURVE('',#32,#242);
#242 = DEFINITIONAL_REPRESENTATION('',(#243),#247);
#243 = CIRCLE('',#244,10.2);
#244 = AXIS2_PLACEMENT_2D('',#245,#246);
#245 = CARTESIAN_POINT('',(0.,0.));
#246 = DIRECTION('',(1.,0.));
#247 = ( GEOMETRIC_REPRESENTATION_CONTEXT(2) 
PARAMETRIC_REPRESENTATION_CONTEXT() REPRESENTATION_CONTEXT('2D SPACE',''
  ) );
#248 = PCURVE('',#249,#254);
#249 = CONICAL_SURFACE('',#250,9.2,0.785398163397);
#250 = AXIS2_PLACEMENT_3D('',#251,#252,#253);
#251 = CARTESIAN_POINT('',(31.,0.,0.));
#252 = DIRECTION('',(-1.,-0.,-0.));
#253 = DIRECTION('',(0.,1.,0.));
#254 = DEFINITIONAL_REPRESENTATION('',(#255),#259);
#255 = LINE('',#256,#257);
#256 = CARTESIAN_POINT('',(0.,1.));
#257 = VECTOR('',#258,1.);
#258 = DIRECTION('',(-1.,-0.));
#259 = ( GEOMETRIC_REPRESENTATION_CONTEXT(2) 
PARAMETRIC_REPRESENTATION_CONTEXT() REPRESENTATION_CONTEXT('2D SPACE',''
  ) );
#260 = FACE_BOUND('',#261,.F.);
#261 = EDGE_LOOP('',(#262));
#262 = ORIENTED_EDGE('',*,*,#263,.T.);
#263 = EDGE_CURVE('',#264,#264,#266,.T.);
#264 = VERTEX_POINT('',#265);
#265 = CARTESIAN_POINT('',(30.,25.6,0.));
#266 = SURFACE_CURVE('',#267,(#272,#279),.PCURVE_S1.);
#267 = CIRCLE('',#268,25.6);
#268 = AXIS2_PLACEMENT_3D('',#269,#270,#271);
#269 = CARTESIAN_POINT('',(30.,0.,0.));
#270 = DIRECTION('',(1.,0.,0.));
#271 = DIRECTION('',(0.,1.,0.));
#272 = PCURVE('',#32,#273);
#273 = DEFINITIONAL_REPRESENTATION('',(#274),#278);
#274 = CIRCLE('',#275,25.6);
#275 = AXIS2_PLACEMENT_2D('',#276,#277);
#276 = CARTESIAN_POINT('',(0.,0.));
#277 = DIRECTION('',(1.,0.));
#278 = ( GEOMETRIC_REPRESENTATION_CONTEXT(2) 
PARAMETRIC_REPRESENTATION_CONTEXT() REPRESENTATION_CONTEXT('2D SPACE',''
  ) );
#279 = PCURVE('',#280,#285);
#280 = CONICAL_SURFACE('',#281,25.6,0.898432357394);
#281 = AXIS2_PLACEMENT_3D('',#282,#283,#284);
#282 = CARTESIAN_POINT('',(30.,0.,0.));
#283 = DIRECTION('',(1.,0.,0.));
#284 = DIRECTION('',(0.,1.,0.));
#285 = DEFINITIONAL_REPRESENTATION('',(#286),#290);
#286 = LINE('',#287,#288);
#287 = CARTESIAN_POINT('',(0.,-0.));
#288 = VECTOR('',#289,1.);
#289 = DIRECTION('',(1.,-0.));
#290 = ( GEOMETRIC_REPRESENTATION_CONTEXT(2) 
PARAMETRIC_REPRESENTATION_CONTEXT() REPRESENTATION_CONTEXT('2D SPACE',''
  ) );
#291 = FACE_BOUND('',#292,.F.);
#292 = EDGE_LOOP('',(#293,#323,#351,#379,#402,#425,#453,#476));
#293 = ORIENTED_EDGE('',*,*,#294,.T.);
#294 = EDGE_CURVE('',#295,#297,#299,.T.);
#295 = VERTEX_POINT('',#296);
#296 = CARTESIAN_POINT('',(30.,-14.31717597601,-4.801923788647));
#297 = VERTEX_POINT('',#298);
#298 = CARTESIAN_POINT('',(30.,-14.81717597601,-3.935898384862));
#299 = SURFACE_CURVE('',#300,(#304,#311),.PCURVE_S1.);
#300 = LINE('',#301,#302);
#301 = CARTESIAN_POINT('',(30.,-12.06717597601,-8.699038105677));
#302 = VECTOR('',#303,1.);
#303 = DIRECTION('',(0.,-0.5,0.866025403784));
#304 = PCURVE('',#32,#305);
#305 = DEFINITIONAL_REPRESENTATION('',(#306),#310);
#306 = LINE('',#307,#308);
#307 = CARTESIAN_POINT('',(-12.06717597601,-8.699038105677));
#308 = VECTOR('',#309,1.);
#309 = DIRECTION('',(-0.5,0.866025403784));
#310 = ( GEOMETRIC_REPRESENTATION_CONTEXT(2) 
PARAMETRIC_REPRESENTATION_CONTEXT() REPRESENTATION_CONTEXT('2D SPACE',''
  ) );
#311 = PCURVE('',#312,#317);
#312 = PLANE('',#313);
#313 = AXIS2_PLACEMENT_3D('',#314,#315,#316);
#314 = CARTESIAN_POINT('',(30.,-11.31717597601,-9.998076211353));
#315 = DIRECTION('',(0.,-0.866025403784,-0.5));
#316 = DIRECTION('',(0.,-0.5,0.866025403784));
#317 = DEFINITIONAL_REPRESENTATION('',(#318),#322);
#318 = LINE('',#319,#320);
#319 = CARTESIAN_POINT('',(1.5,0.));
#320 = VECTOR('',#321,1.);
#321 = DIRECTION('',(1.,0.));
#322 = ( GEOMETRIC_REPRESENTATION_CONTEXT(2) 
PARAMETRIC_REPRESENTATION_CONTEXT() REPRESENTATION_CONTEXT('2D SPACE',''
  ) );
#323 = ORIENTED_EDGE('',*,*,#324,.T.);
#324 = EDGE_CURVE('',#297,#325,#327,.T.);
#325 = VERTEX_POINT('',#326);
#326 = CARTESIAN_POINT('',(30.,-12.39230484541,-2.535898384862));
#327 = SURFACE_CURVE('',#328,(#332,#339),.PCURVE_S1.);
#328 = LINE('',#329,#330);
#329 = CARTESIAN_POINT('',(30.,-14.81717597601,-3.935898384862));
#330 = VECTOR('',#331,1.);
#331 = DIRECTION('',(0.,0.866025403784,0.5));
#332 = PCURVE('',#32,#333);
#333 = DEFINITIONAL_REPRESENTATION('',(#334),#338);
#334 = LINE('',#335,#336);
#335 = CARTESIAN_POINT('',(-14.81717597601,-3.935898384862));
#336 = VECTOR('',#337,1.);
#337 = DIRECTION('',(0.866025403784,0.5));
#338 = ( GEOMETRIC_REPRESENTATION_CONTEXT(2) 
PARAMETRIC_REPRESENTATION_CONTEXT() REPRESENTATION_CONTEXT('2D SPACE',''
  ) );
#339 = PCURVE('',#340,#345);
#340 = PLANE('',#341);
#341 = AXIS2_PLACEMENT_3D('',#342,#343,#344);
#342 = CARTESIAN_POINT('',(30.5,-14.56717597601,-4.368911086754));
#343 = DIRECTION('',(-0.707106781187,0.353553390593,-0.612372435696));
#344 = DIRECTION('',(-1.110223024625E-16,0.866025403784,0.5));
#345 = DEFINITIONAL_REPRESENTATION('',(#346),#350);
#346 = LINE('',#347,#348);
#347 = CARTESIAN_POINT('',(-1.665334536938E-16,-0.707106781187));
#348 = VECTOR('',#349,1.);
#349 = DIRECTION('',(1.,-1.110223024625E-16));
#350 = ( GEOMETRIC_REPRESENTATION_CONTEXT(2) 
PARAMETRIC_REPRESENTATION_CONTEXT() REPRESENTATION_CONTEXT('2D SPACE',''
  ) );
#351 = ORIENTED_EDGE('',*,*,#352,.F.);
#352 = EDGE_CURVE('',#353,#325,#355,.T.);
#353 = VERTEX_POINT('',#354);
#354 = CARTESIAN_POINT('',(30.,-11.89230484541,-3.401923788647));
#355 = SURFACE_CURVE('',#356,(#360,#367),.PCURVE_S1.);
#356 = LINE('',#357,#358);
#357 = CARTESIAN_POINT('',(30.,-11.14230484541,-4.700961894323));
#358 = VECTOR('',#359,1.);
#359 = DIRECTION('',(0.,-0.5,0.866025403784));
#360 = PCURVE('',#32,#361);
#361 = DEFINITIONAL_REPRESENTATION('',(#362),#366);
#362 = LINE('',#363,#364);
#363 = CARTESIAN_POINT('',(-11.14230484541,-4.700961894323));
#364 = VECTOR('',#365,1.);
#365 = DIRECTION('',(-0.5,0.866025403784));
#366 = ( GEOMETRIC_REPRESENTATION_CONTEXT(2) 
PARAMETRIC_REPRESENTATION_CONTEXT() REPRESENTATION_CONTEXT('2D SPACE',''
  ) );
#367 = PCURVE('',#368,#373);
#368 = PLANE('',#369);
#369 = AXIS2_PLACEMENT_3D('',#370,#371,#372);
#370 = CARTESIAN_POINT('',(30.,-11.89230484541,-3.401923788647));
#371 = DIRECTION('',(0.,0.866025403784,0.5));
#372 = DIRECTION('',(0.,0.5,-0.866025403784));
#373 = DEFINITIONAL_REPRESENTATION('',(#374),#378);
#374 = LINE('',#375,#376);
#375 = CARTESIAN_POINT('',(1.5,0.));
#376 = VECTOR('',#377,1.);
#377 = DIRECTION('',(-1.,-0.));
#378 = ( GEOMETRIC_REPRESENTATION_CONTEXT(2) 
PARAMETRIC_REPRESENTATION_CONTEXT() REPRESENTATION_CONTEXT('2D SPACE',''
  ) );
#379 = ORIENTED_EDGE('',*,*,#380,.T.);
#380 = EDGE_CURVE('',#353,#381,#383,.T.);
#381 = VERTEX_POINT('',#382);
#382 = CARTESIAN_POINT('',(30.,-8.892304845413,-8.598076211353));
#383 = SURFACE_CURVE('',#384,(#388,#395),.PCURVE_S1.);
#384 = LINE('',#385,#386);
#385 = CARTESIAN_POINT('',(30.,-11.89230484541,-3.401923788647));
#386 = VECTOR('',#387,1.);
#387 = DIRECTION('',(0.,0.5,-0.866025403784));
#388 = PCURVE('',#32,#389);
#389 = DEFINITIONAL_REPRESENTATION('',(#390),#394);
#390 = LINE('',#391,#392);
#391 = CARTESIAN_POINT('',(-11.89230484541,-3.401923788647));
#392 = VECTOR('',#393,1.);
#393 = DIRECTION('',(0.5,-0.866025403784));
#394 = ( GEOMETRIC_REPRESENTATION_CONTEXT(2) 
PARAMETRIC_REPRESENTATION_CONTEXT() REPRESENTATION_CONTEXT('2D SPACE',''
  ) );
#395 = PCURVE('',#368,#396);
#396 = DEFINITIONAL_REPRESENTATION('',(#397),#401);
#397 = LINE('',#398,#399);
#398 = CARTESIAN_POINT('',(0.,-0.));
#399 = VECTOR('',#400,1.);
#400 = DIRECTION('',(1.,0.));
#401 = ( GEOMETRIC_REPRESENTATION_CONTEXT(2) 
PARAMETRIC_REPRESENTATION_CONTEXT() REPRESENTATION_CONTEXT('2D SPACE',''
  ) );
#402 = ORIENTED_EDGE('',*,*,#403,.T.);
#403 = EDGE_CURVE('',#381,#404,#406,.T.);
#404 = VERTEX_POINT('',#405);
#405 = CARTESIAN_POINT('',(30.,-8.392304845413,-9.464101615138));
#406 = SURFACE_CURVE('',#407,(#411,#418),.PCURVE_S1.);
#407 = LINE('',#408,#409);
#408 = CARTESIAN_POINT('',(30.,-11.14230484541,-4.700961894323));
#409 = VECTOR('',#410,1.);
#410 = DIRECTION('',(0.,0.5,-0.866025403784));
#411 = PCURVE('',#32,#412);
#412 = DEFINITIONAL_REPRESENTATION('',(#413),#417);
#413 = LINE('',#414,#415);
#414 = CARTESIAN_POINT('',(-11.14230484541,-4.700961894323));
#415 = VECTOR('',#416,1.);
#416 = DIRECTION('',(0.5,-0.866025403784));
#417 = ( GEOMETRIC_REPRESENTATION_CONTEXT(2) 
PARAMETRIC_REPRESENTATION_CONTEXT() REPRESENTATION_CONTEXT('2D SPACE',''
  ) );
#418 = PCURVE('',#368,#419);
#419 = DEFINITIONAL_REPRESENTATION('',(#420),#424);
#420 = LINE('',#421,#422);
#421 = CARTESIAN_POINT('',(1.5,0.));
#422 = VECTOR('',#423,1.);
#423 = DIRECTION('',(1.,0.));
#424 = ( GEOMETRIC_REPRESENTATION_CONTEXT(2) 
PARAMETRIC_REPRESENTATION_CONTEXT() REPRESENTATION_CONTEXT('2D SPACE',''
  ) );
#425 = ORIENTED_EDGE('',*,*,#426,.T.);
#426 = EDGE_CURVE('',#404,#427,#429,.T.);
#427 = VERTEX_POINT('',#428);
#428 = CARTESIAN_POINT('',(30.,-10.81717597601,-10.86410161513));
#429 = SURFACE_CURVE('',#430,(#434,#441),.PCURVE_S1.);
#430 = LINE('',#431,#432);
#431 = CARTESIAN_POINT('',(30.,-8.392304845413,-9.464101615138));
#432 = VECTOR('',#433,1.);
#433 = DIRECTION('',(0.,-0.866025403784,-0.5));
#434 = PCURVE('',#32,#435);
#435 = DEFINITIONAL_REPRESENTATION('',(#436),#440);
#436 = LINE('',#437,#438);
#437 = CARTESIAN_POINT('',(-8.392304845413,-9.464101615138));
#438 = VECTOR('',#439,1.);
#439 = DIRECTION('',(-0.866025403784,-0.5));
#440 = ( GEOMETRIC_REPRESENTATION_CONTEXT(2) 
PARAMETRIC_REPRESENTATION_CONTEXT() REPRESENTATION_CONTEXT('2D SPACE',''
  ) );
#441 = PCURVE('',#442,#447);
#442 = PLANE('',#443);
#443 = AXIS2_PLACEMENT_3D('',#444,#445,#446);
#444 = CARTESIAN_POINT('',(30.5,-8.642304845413,-9.031088913246));
#445 = DIRECTION('',(-0.707106781187,-0.353553390593,0.612372435696));
#446 = DIRECTION('',(-8.326672684689E-17,-0.866025403784,-0.5));
#447 = DEFINITIONAL_REPRESENTATION('',(#448),#452);
#448 = LINE('',#449,#450);
#449 = CARTESIAN_POINT('',(-3.608224830032E-16,-0.707106781187));
#450 = VECTOR('',#451,1.);
#451 = DIRECTION('',(1.,-5.551115123126E-17));
#452 = ( GEOMETRIC_REPRESENTATION_CONTEXT(2) 
PARAMETRIC_REPRESENTATION_CONTEXT() REPRESENTATION_CONTEXT('2D SPACE',''
  ) );
#453 = ORIENTED_EDGE('',*,*,#454,.F.);
#454 = EDGE_CURVE('',#455,#427,#457,.T.);
#455 = VERTEX_POINT('',#456);
#456 = CARTESIAN_POINT('',(30.,-11.31717597601,-9.998076211353));
#457 = SURFACE_CURVE('',#458,(#462,#469),.PCURVE_S1.);
#458 = LINE('',#459,#460);
#459 = CARTESIAN_POINT('',(30.,-12.06717597601,-8.699038105677));
#460 = VECTOR('',#461,1.);
#461 = DIRECTION('',(0.,0.5,-0.866025403784));
#462 = PCURVE('',#32,#463);
#463 = DEFINITIONAL_REPRESENTATION('',(#464),#468);
#464 = LINE('',#465,#466);
#465 = CARTESIAN_POINT('',(-12.06717597601,-8.699038105677));
#466 = VECTOR('',#467,1.);
#467 = DIRECTION('',(0.5,-0.866025403784));
#468 = ( GEOMETRIC_REPRESENTATION_CONTEXT(2) 
PARAMETRIC_REPRESENTATION_CONTEXT() REPRESENTATION_CONTEXT('2D SPACE',''
  ) );
#469 = PCURVE('',#312,#470);
#470 = DEFINITIONAL_REPRESENTATION('',(#471),#475);
#471 = LINE('',#472,#473);
#472 = CARTESIAN_POINT('',(1.5,0.));
#473 = VECTOR('',#474,1.);
#474 = DIRECTION('',(-1.,0.));
#475 = ( GEOMETRIC_REPRESENTATION_CONTEXT(2) 
PARAMETRIC_REPRESENTATION_CONTEXT() REPRESENTATION_CONTEXT('2D SPACE',''
  ) );
#476 = ORIENTED_EDGE('',*,*,#477,.T.);
#477 = EDGE_CURVE('',#455,#295,#478,.T.);
#478 = SURFACE_CURVE('',#479,(#483,#490),.PCURVE_S1.);
#479 = LINE('',#480,#481);
#480 = CARTESIAN_POINT('',(30.,-11.31717597601,-9.998076211353));
#481 = VECTOR('',#482,1.);
#482 = DIRECTION('',(0.,-0.5,0.866025403784));
#483 = PCURVE('',#32,#484);
#484 = DEFINITIONAL_REPRESENTATION('',(#485),#489);
#485 = LINE('',#486,#487);
#486 = CARTESIAN_POINT('',(-11.31717597601,-9.998076211353));
#487 = VECTOR('',#488,1.);
#488 = DIRECTION('',(-0.5,0.866025403784));
#489 = ( GEOMETRIC_REPRESENTATION_CONTEXT(2) 
PARAMETRIC_REPRESENTATION_CONTEXT() REPRESENTATION_CONTEXT('2D SPACE',''
  ) );
#490 = PCURVE('',#312,#491);
#491 = DEFINITIONAL_REPRESENTATION('',(#492),#496);
#492 = LINE('',#493,#494);
#493 = CARTESIAN_POINT('',(0.,0.));
#494 = VECTOR('',#495,1.);
#495 = DIRECTION('',(1.,0.));
#496 = ( GEOMETRIC_REPRESENTATION_CONTEXT(2) 
PARAMETRIC_REPRESENTATION_CONTEXT() REPRESENTATION_CONTEXT('2D SPACE',''
  ) );
#497 = FACE_BOUND('',#498,.F.);
#498 = EDGE_LOOP('',(#499,#529,#557,#585,#608,#631,#659,#682));
#499 = ORIENTED_EDGE('',*,*,#500,.T.);
#500 = EDGE_CURVE('',#501,#503,#505,.T.);
#501 = VERTEX_POINT('',#502);
#502 = CARTESIAN_POINT('',(30.,11.31717597601,-9.998076211353));
#503 = VERTEX_POINT('',#504);
#504 = CARTESIAN_POINT('',(30.,10.81717597601,-10.86410161513));
#505 = SURFACE_CURVE('',#506,(#510,#517),.PCURVE_S1.);
#506 = LINE('',#507,#508);
#507 = CARTESIAN_POINT('',(30.,13.56717597601,-6.100961894323));
#508 = VECTOR('',#509,1.);
#509 = DIRECTION('',(0.,-0.5,-0.866025403784));
#510 = PCURVE('',#32,#511);
#511 = DEFINITIONAL_REPRESENTATION('',(#512),#516);
#512 = LINE('',#513,#514);
#513 = CARTESIAN_POINT('',(13.56717597601,-6.100961894323));
#514 = VECTOR('',#515,1.);
#515 = DIRECTION('',(-0.5,-0.866025403784));
#516 = ( GEOMETRIC_REPRESENTATION_CONTEXT(2) 
PARAMETRIC_REPRESENTATION_CONTEXT() REPRESENTATION_CONTEXT('2D SPACE',''
  ) );
#517 = PCURVE('',#518,#523);
#518 = PLANE('',#519);
#519 = AXIS2_PLACEMENT_3D('',#520,#521,#522);
#520 = CARTESIAN_POINT('',(30.,14.31717597601,-4.801923788647));
#521 = DIRECTION('',(0.,0.866025403784,-0.5));
#522 = DIRECTION('',(0.,-0.5,-0.866025403784));
#523 = DEFINITIONAL_REPRESENTATION('',(#524),#528);
#524 = LINE('',#525,#526);
#525 = CARTESIAN_POINT('',(1.5,0.));
#526 = VECTOR('',#527,1.);
#527 = DIRECTION('',(1.,0.));
#528 = ( GEOMETRIC_REPRESENTATION_CONTEXT(2) 
PARAMETRIC_REPRESENTATION_CONTEXT() REPRESENTATION_CONTEXT('2D SPACE',''
  ) );
#529 = ORIENTED_EDGE('',*,*,#530,.T.);
#530 = EDGE_CURVE('',#503,#531,#533,.T.);
#531 = VERTEX_POINT('',#532);
#532 = CARTESIAN_POINT('',(30.,8.392304845413,-9.464101615138));
#533 = SURFACE_CURVE('',#534,(#538,#545),.PCURVE_S1.);
#534 = LINE('',#535,#536);
#535 = CARTESIAN_POINT('',(30.,10.81717597601,-10.86410161513));
#536 = VECTOR('',#537,1.);
#537 = DIRECTION('',(0.,-0.866025403784,0.5));
#538 = PCURVE('',#32,#539);
#539 = DEFINITIONAL_REPRESENTATION('',(#540),#544);
#540 = LINE('',#541,#542);
#541 = CARTESIAN_POINT('',(10.81717597601,-10.86410161513));
#542 = VECTOR('',#543,1.);
#543 = DIRECTION('',(-0.866025403784,0.5));
#544 = ( GEOMETRIC_REPRESENTATION_CONTEXT(2) 
PARAMETRIC_REPRESENTATION_CONTEXT() REPRESENTATION_CONTEXT('2D SPACE',''
  ) );
#545 = PCURVE('',#546,#551);
#546 = PLANE('',#547);
#547 = AXIS2_PLACEMENT_3D('',#548,#549,#550);
#548 = CARTESIAN_POINT('',(30.5,11.06717597601,-10.43108891324));
#549 = DIRECTION('',(-0.707106781187,0.353553390593,0.612372435696));
#550 = DIRECTION('',(0.,-0.866025403784,0.5));
#551 = DEFINITIONAL_REPRESENTATION('',(#552),#556);
#552 = LINE('',#553,#554);
#553 = CARTESIAN_POINT('',(2.775557561563E-17,-0.707106781187));
#554 = VECTOR('',#555,1.);
#555 = DIRECTION('',(1.,0.));
#556 = ( GEOMETRIC_REPRESENTATION_CONTEXT(2) 
PARAMETRIC_REPRESENTATION_CONTEXT() REPRESENTATION_CONTEXT('2D SPACE',''
  ) );
#557 = ORIENTED_EDGE('',*,*,#558,.F.);
#558 = EDGE_CURVE('',#559,#531,#561,.T.);
#559 = VERTEX_POINT('',#560);
#560 = CARTESIAN_POINT('',(30.,8.892304845413,-8.598076211353));
#561 = SURFACE_CURVE('',#562,(#566,#573),.PCURVE_S1.);
#562 = LINE('',#563,#564);
#563 = CARTESIAN_POINT('',(30.,9.642304845413,-7.299038105677));
#564 = VECTOR('',#565,1.);
#565 = DIRECTION('',(0.,-0.5,-0.866025403784));
#566 = PCURVE('',#32,#567);
#567 = DEFINITIONAL_REPRESENTATION('',(#568),#572);
#568 = LINE('',#569,#570);
#569 = CARTESIAN_POINT('',(9.642304845413,-7.299038105677));
#570 = VECTOR('',#571,1.);
#571 = DIRECTION('',(-0.5,-0.866025403784));
#572 = ( GEOMETRIC_REPRESENTATION_CONTEXT(2) 
PARAMETRIC_REPRESENTATION_CONTEXT() REPRESENTATION_CONTEXT('2D SPACE',''
  ) );
#573 = PCURVE('',#574,#579);
#574 = PLANE('',#575);
#575 = AXIS2_PLACEMENT_3D('',#576,#577,#578);
#576 = CARTESIAN_POINT('',(30.,8.892304845413,-8.598076211353));
#577 = DIRECTION('',(0.,-0.866025403784,0.5));
#578 = DIRECTION('',(0.,0.5,0.866025403784));
#579 = DEFINITIONAL_REPRESENTATION('',(#580),#584);
#580 = LINE('',#581,#582);
#581 = CARTESIAN_POINT('',(1.5,0.));
#582 = VECTOR('',#583,1.);
#583 = DIRECTION('',(-1.,-0.));
#584 = ( GEOMETRIC_REPRESENTATION_CONTEXT(2) 
PARAMETRIC_REPRESENTATION_CONTEXT() REPRESENTATION_CONTEXT('2D SPACE',''
  ) );
#585 = ORIENTED_EDGE('',*,*,#586,.T.);
#586 = EDGE_CURVE('',#559,#587,#589,.T.);
#587 = VERTEX_POINT('',#588);
#588 = CARTESIAN_POINT('',(30.,11.892304845413,-3.401923788647));
#589 = SURFACE_CURVE('',#590,(#594,#601),.PCURVE_S1.);
#590 = LINE('',#591,#592);
#591 = CARTESIAN_POINT('',(30.,8.892304845413,-8.598076211353));
#592 = VECTOR('',#593,1.);
#593 = DIRECTION('',(0.,0.5,0.866025403784));
#594 = PCURVE('',#32,#595);
#595 = DEFINITIONAL_REPRESENTATION('',(#596),#600);
#596 = LINE('',#597,#598);
#597 = CARTESIAN_POINT('',(8.892304845413,-8.598076211353));
#598 = VECTOR('',#599,1.);
#599 = DIRECTION('',(0.5,0.866025403784));
#600 = ( GEOMETRIC_REPRESENTATION_CONTEXT(2) 
PARAMETRIC_REPRESENTATION_CONTEXT() REPRESENTATION_CONTEXT('2D SPACE',''
  ) );
#601 = PCURVE('',#574,#602);
#602 = DEFINITIONAL_REPRESENTATION('',(#603),#607);
#603 = LINE('',#604,#605);
#604 = CARTESIAN_POINT('',(0.,-0.));
#605 = VECTOR('',#606,1.);
#606 = DIRECTION('',(1.,0.));
#607 = ( GEOMETRIC_REPRESENTATION_CONTEXT(2) 
PARAMETRIC_REPRESENTATION_CONTEXT() REPRESENTATION_CONTEXT('2D SPACE',''
  ) );
#608 = ORIENTED_EDGE('',*,*,#609,.T.);
#609 = EDGE_CURVE('',#587,#610,#612,.T.);
#610 = VERTEX_POINT('',#611);
#611 = CARTESIAN_POINT('',(30.,12.392304845413,-2.535898384862));
#612 = SURFACE_CURVE('',#613,(#617,#624),.PCURVE_S1.);
#613 = LINE('',#614,#615);
#614 = CARTESIAN_POINT('',(30.,9.642304845413,-7.299038105677));
#615 = VECTOR('',#616,1.);
#616 = DIRECTION('',(0.,0.5,0.866025403784));
#617 = PCURVE('',#32,#618);
#618 = DEFINITIONAL_REPRESENTATION('',(#619),#623);
#619 = LINE('',#620,#621);
#620 = CARTESIAN_POINT('',(9.642304845413,-7.299038105677));
#621 = VECTOR('',#622,1.);
#622 = DIRECTION('',(0.5,0.866025403784));
#623 = ( GEOMETRIC_REPRESENTATION_CONTEXT(2) 
PARAMETRIC_REPRESENTATION_CONTEXT() REPRESENTATION_CONTEXT('2D SPACE',''
  ) );
#624 = PCURVE('',#574,#625);
#625 = DEFINITIONAL_REPRESENTATION('',(#626),#630);
#626 = LINE('',#627,#628);
#627 = CARTESIAN_POINT('',(1.5,0.));
#628 = VECTOR('',#629,1.);
#629 = DIRECTION('',(1.,0.));
#630 = ( GEOMETRIC_REPRESENTATION_CONTEXT(2) 
PARAMETRIC_REPRESENTATION_CONTEXT() REPRESENTATION_CONTEXT('2D SPACE',''
  ) );
#631 = ORIENTED_EDGE('',*,*,#632,.T.);
#632 = EDGE_CURVE('',#610,#633,#635,.T.);
#633 = VERTEX_POINT('',#634);
#634 = CARTESIAN_POINT('',(30.,14.81717597601,-3.935898384862));
#635 = SURFACE_CURVE('',#636,(#640,#647),.PCURVE_S1.);
#636 = LINE('',#637,#638);
#637 = CARTESIAN_POINT('',(30.,12.392304845413,-2.535898384862));
#638 = VECTOR('',#639,1.);
#639 = DIRECTION('',(0.,0.866025403784,-0.5));
#640 = PCURVE('',#32,#641);
#641 = DEFINITIONAL_REPRESENTATION('',(#642),#646);
#642 = LINE('',#643,#644);
#643 = CARTESIAN_POINT('',(12.392304845413,-2.535898384862));
#644 = VECTOR('',#645,1.);
#645 = DIRECTION('',(0.866025403784,-0.5));
#646 = ( GEOMETRIC_REPRESENTATION_CONTEXT(2) 
PARAMETRIC_REPRESENTATION_CONTEXT() REPRESENTATION_CONTEXT('2D SPACE',''
  ) );
#647 = PCURVE('',#648,#653);
#648 = PLANE('',#649);
#649 = AXIS2_PLACEMENT_3D('',#650,#651,#652);
#650 = CARTESIAN_POINT('',(30.5,12.142304845413,-2.968911086754));
#651 = DIRECTION('',(-0.707106781187,-0.353553390593,-0.612372435696));
#652 = DIRECTION('',(0.,0.866025403784,-0.5));
#653 = DEFINITIONAL_REPRESENTATION('',(#654),#658);
#654 = LINE('',#655,#656);
#655 = CARTESIAN_POINT('',(-1.942890293094E-16,-0.707106781187));
#656 = VECTOR('',#657,1.);
#657 = DIRECTION('',(1.,0.));
#658 = ( GEOMETRIC_REPRESENTATION_CONTEXT(2) 
PARAMETRIC_REPRESENTATION_CONTEXT() REPRESENTATION_CONTEXT('2D SPACE',''
  ) );
#659 = ORIENTED_EDGE('',*,*,#660,.F.);
#660 = EDGE_CURVE('',#661,#633,#663,.T.);
#661 = VERTEX_POINT('',#662);
#662 = CARTESIAN_POINT('',(30.,14.31717597601,-4.801923788647));
#663 = SURFACE_CURVE('',#664,(#668,#675),.PCURVE_S1.);
#664 = LINE('',#665,#666);
#665 = CARTESIAN_POINT('',(30.,13.56717597601,-6.100961894323));
#666 = VECTOR('',#667,1.);
#667 = DIRECTION('',(0.,0.5,0.866025403784));
#668 = PCURVE('',#32,#669);
#669 = DEFINITIONAL_REPRESENTATION('',(#670),#674);
#670 = LINE('',#671,#672);
#671 = CARTESIAN_POINT('',(13.56717597601,-6.100961894323));
#672 = VECTOR('',#673,1.);
#673 = DIRECTION('',(0.5,0.866025403784));
#674 = ( GEOMETRIC_REPRESENTATION_CONTEXT(2) 
PARAMETRIC_REPRESENTATION_CONTEXT() REPRESENTATION_CONTEXT('2D SPACE',''
  ) );
#675 = PCURVE('',#518,#676);
#676 = DEFINITIONAL_REPRESENTATION('',(#677),#681);
#677 = LINE('',#678,#679);
#678 = CARTESIAN_POINT('',(1.5,0.));
#679 = VECTOR('',#680,1.);
#680 = DIRECTION('',(-1.,0.));
#681 = ( GEOMETRIC_REPRESENTATION_CONTEXT(2) 
PARAMETRIC_REPRESENTATION_CONTEXT() REPRESENTATION_CONTEXT('2D SPACE',''
  ) );
#682 = ORIENTED_EDGE('',*,*,#683,.T.);
#683 = EDGE_CURVE('',#661,#501,#684,.T.);
#684 = SURFACE_CURVE('',#685,(#689,#696),.PCURVE_S1.);
#685 = LINE('',#686,#687);
#686 = CARTESIAN_POINT('',(30.,14.31717597601,-4.801923788647));
#687 = VECTOR('',#688,1.);
#688 = DIRECTION('',(0.,-0.5,-0.866025403784));
#689 = PCURVE('',#32,#690);
#690 = DEFINITIONAL_REPRESENTATION('',(#691),#695);
#691 = LINE('',#692,#693);
#692 = CARTESIAN_POINT('',(14.31717597601,-4.801923788647));
#693 = VECTOR('',#694,1.);
#694 = DIRECTION('',(-0.5,-0.866025403784));
#695 = ( GEOMETRIC_REPRESENTATION_CONTEXT(2) 
PARAMETRIC_REPRESENTATION_CONTEXT() REPRESENTATION_CONTEXT('2D SPACE',''
  ) );
#696 = PCURVE('',#518,#697);
#697 = DEFINITIONAL_REPRESENTATION('',(#698),#702);
#698 = LINE('',#699,#700);
#699 = CARTESIAN_POINT('',(0.,0.));
#700 = VECTOR('',#701,1.);
#701 = DIRECTION('',(1.,0.));
#702 = ( GEOMETRIC_REPRESENTATION_CONTEXT(2) 
PARAMETRIC_REPRESENTATION_CONTEXT() REPRESENTATION_CONTEXT('2D SPACE',''
  ) );
#703 = ADVANCED_FACE('',(#704),#44,.F.);
#704 = FACE_BOUND('',#705,.F.);
#705 = EDGE_LOOP('',(#706,#736,#757,#758,#759,#760,#783,#811,#839,#867,
    #895,#923,#951));
#706 = ORIENTED_EDGE('',*,*,#707,.F.);
#707 = EDGE_CURVE('',#708,#710,#712,.T.);
#708 = VERTEX_POINT('',#709);
#709 = CARTESIAN_POINT('',(31.,3.,14.8));
#710 = VERTEX_POINT('',#711);
#711 = CARTESIAN_POINT('',(34.,3.,14.8));
#712 = SURFACE_CURVE('',#713,(#717,#724),.PCURVE_S1.);
#713 = LINE('',#714,#715);
#714 = CARTESIAN_POINT('',(30.,3.,14.8));
#715 = VECTOR('',#716,1.);
#716 = DIRECTION('',(1.,0.,0.));
#717 = PCURVE('',#44,#718);
#718 = DEFINITIONAL_REPRESENTATION('',(#719),#723);
#719 = LINE('',#720,#721);
#720 = CARTESIAN_POINT('',(6.,0.));
#721 = VECTOR('',#722,1.);
#722 = DIRECTION('',(0.,-1.));
#723 = ( GEOMETRIC_REPRESENTATION_CONTEXT(2) 
PARAMETRIC_REPRESENTATION_CONTEXT() REPRESENTATION_CONTEXT('2D SPACE',''
  ) );
#724 = PCURVE('',#725,#730);
#725 = PLANE('',#726);
#726 = AXIS2_PLACEMENT_3D('',#727,#728,#729);
#727 = CARTESIAN_POINT('',(30.,3.,14.8));
#728 = DIRECTION('',(0.,1.,0.));
#729 = DIRECTION('',(0.,0.,-1.));
#730 = DEFINITIONAL_REPRESENTATION('',(#731),#735);
#731 = LINE('',#732,#733);
#732 = CARTESIAN_POINT('',(0.,0.));
#733 = VECTOR('',#734,1.);
#734 = DIRECTION('',(0.,-1.));
#735 = ( GEOMETRIC_REPRESENTATION_CONTEXT(2) 
PARAMETRIC_REPRESENTATION_CONTEXT() REPRESENTATION_CONTEXT('2D SPACE',''
  ) );
#736 = ORIENTED_EDGE('',*,*,#737,.F.);
#737 = EDGE_CURVE('',#24,#708,#738,.T.);
#738 = SURFACE_CURVE('',#739,(#743,#750),.PCURVE_S1.);
#739 = LINE('',#740,#741);
#740 = CARTESIAN_POINT('',(32.,2.,14.8));
#741 = VECTOR('',#742,1.);
#742 = DIRECTION('',(0.707106781187,-0.707106781187,0.));
#743 = PCURVE('',#44,#744);
#744 = DEFINITIONAL_REPRESENTATION('',(#745),#749);
#745 = LINE('',#746,#747);
#746 = CARTESIAN_POINT('',(5.,-2.));
#747 = VECTOR('',#748,1.);
#748 = DIRECTION('',(-0.707106781187,-0.707106781187));
#749 = ( GEOMETRIC_REPRESENTATION_CONTEXT(2) 
PARAMETRIC_REPRESENTATION_CONTEXT() REPRESENTATION_CONTEXT('2D SPACE',''
  ) );
#750 = PCURVE('',#72,#751);
#751 = DEFINITIONAL_REPRESENTATION('',(#752),#756);
#752 = LINE('',#753,#754);
#753 = CARTESIAN_POINT('',(0.,2.12132034356));
#754 = VECTOR('',#755,1.);
#755 = DIRECTION('',(0.,1.));
#756 = ( GEOMETRIC_REPRESENTATION_CONTEXT(2) 
PARAMETRIC_REPRESENTATION_CONTEXT() REPRESENTATION_CONTEXT('2D SPACE',''
  ) );
#757 = ORIENTED_EDGE('',*,*,#21,.F.);
#758 = ORIENTED_EDGE('',*,*,#209,.F.);
#759 = ORIENTED_EDGE('',*,*,#186,.T.);
#760 = ORIENTED_EDGE('',*,*,#761,.T.);
#761 = EDGE_CURVE('',#159,#762,#764,.T.);
#762 = VERTEX_POINT('',#763);
#763 = CARTESIAN_POINT('',(31.,-3.,14.8));
#764 = SURFACE_CURVE('',#765,(#769,#776),.PCURVE_S1.);
#765 = LINE('',#766,#767);
#766 = CARTESIAN_POINT('',(30.5,-3.5,14.8));
#767 = VECTOR('',#768,1.);
#768 = DIRECTION('',(0.707106781187,0.707106781187,0.));
#769 = PCURVE('',#44,#770);
#770 = DEFINITIONAL_REPRESENTATION('',(#771),#775);
#771 = LINE('',#772,#773);
#772 = CARTESIAN_POINT('',(-0.5,-0.5));
#773 = VECTOR('',#774,1.);
#774 = DIRECTION('',(0.707106781187,-0.707106781187));
#775 = ( GEOMETRIC_REPRESENTATION_CONTEXT(2) 
PARAMETRIC_REPRESENTATION_CONTEXT() REPRESENTATION_CONTEXT('2D SPACE',''
  ) );
#776 = PCURVE('',#174,#777);
#777 = DEFINITIONAL_REPRESENTATION('',(#778),#782);
#778 = LINE('',#779,#780);
#779 = CARTESIAN_POINT('',(2.8,3.140184917368E-16));
#780 = VECTOR('',#781,1.);
#781 = DIRECTION('',(0.,1.));
#782 = ( GEOMETRIC_REPRESENTATION_CONTEXT(2) 
PARAMETRIC_REPRESENTATION_CONTEXT() REPRESENTATION_CONTEXT('2D SPACE',''
  ) );
#783 = ORIENTED_EDGE('',*,*,#784,.T.);
#784 = EDGE_CURVE('',#762,#785,#787,.T.);
#785 = VERTEX_POINT('',#786);
#786 = CARTESIAN_POINT('',(34.,-3.,14.8));
#787 = SURFACE_CURVE('',#788,(#792,#799),.PCURVE_S1.);
#788 = LINE('',#789,#790);
#789 = CARTESIAN_POINT('',(30.,-3.,14.8));
#790 = VECTOR('',#791,1.);
#791 = DIRECTION('',(1.,0.,0.));
#792 = PCURVE('',#44,#793);
#793 = DEFINITIONAL_REPRESENTATION('',(#794),#798);
#794 = LINE('',#795,#796);
#795 = CARTESIAN_POINT('',(0.,0.));
#796 = VECTOR('',#797,1.);
#797 = DIRECTION('',(0.,-1.));
#798 = ( GEOMETRIC_REPRESENTATION_CONTEXT(2) 
PARAMETRIC_REPRESENTATION_CONTEXT() REPRESENTATION_CONTEXT('2D SPACE',''
  ) );
#799 = PCURVE('',#800,#805);
#800 = PLANE('',#801);
#801 = AXIS2_PLACEMENT_3D('',#802,#803,#804);
#802 = CARTESIAN_POINT('',(30.,-3.,12.));
#803 = DIRECTION('',(0.,-1.,0.));
#804 = DIRECTION('',(0.,0.,1.));
#805 = DEFINITIONAL_REPRESENTATION('',(#806),#810);
#806 = LINE('',#807,#808);
#807 = CARTESIAN_POINT('',(2.8,0.));
#808 = VECTOR('',#809,1.);
#809 = DIRECTION('',(0.,-1.));
#810 = ( GEOMETRIC_REPRESENTATION_CONTEXT(2) 
PARAMETRIC_REPRESENTATION_CONTEXT() REPRESENTATION_CONTEXT('2D SPACE',''
  ) );
#811 = ORIENTED_EDGE('',*,*,#812,.T.);
#812 = EDGE_CURVE('',#785,#813,#815,.T.);
#813 = VERTEX_POINT('',#814);
#814 = CARTESIAN_POINT('',(34.,-2.814582562299,14.8));
#815 = SURFACE_CURVE('',#816,(#820,#827),.PCURVE_S1.);
#816 = LINE('',#817,#818);
#817 = CARTESIAN_POINT('',(34.,-3.,14.8));
#818 = VECTOR('',#819,1.);
#819 = DIRECTION('',(0.,1.,0.));
#820 = PCURVE('',#44,#821);
#821 = DEFINITIONAL_REPRESENTATION('',(#822),#826);
#822 = LINE('',#823,#824);
#823 = CARTESIAN_POINT('',(0.,-4.));
#824 = VECTOR('',#825,1.);
#825 = DIRECTION('',(1.,0.));
#826 = ( GEOMETRIC_REPRESENTATION_CONTEXT(2) 
PARAMETRIC_REPRESENTATION_CONTEXT() REPRESENTATION_CONTEXT('2D SPACE',''
  ) );
#827 = PCURVE('',#828,#833);
#828 = PLANE('',#829);
#829 = AXIS2_PLACEMENT_3D('',#830,#831,#832);
#830 = CARTESIAN_POINT('',(34.,3.02788097625E-16,13.4));
#831 = DIRECTION('',(1.,0.,0.));
#832 = DIRECTION('',(0.,0.,1.));
#833 = DEFINITIONAL_REPRESENTATION('',(#834),#838);
#834 = LINE('',#835,#836);
#835 = CARTESIAN_POINT('',(1.4,3.));
#836 = VECTOR('',#837,1.);
#837 = DIRECTION('',(0.,-1.));
#838 = ( GEOMETRIC_REPRESENTATION_CONTEXT(2) 
PARAMETRIC_REPRESENTATION_CONTEXT() REPRESENTATION_CONTEXT('2D SPACE',''
  ) );
#839 = ORIENTED_EDGE('',*,*,#840,.F.);
#840 = EDGE_CURVE('',#841,#813,#843,.T.);
#841 = VERTEX_POINT('',#842);
#842 = CARTESIAN_POINT('',(33.374999999998,-2.814582562299,14.8));
#843 = SURFACE_CURVE('',#844,(#848,#855),.PCURVE_S1.);
#844 = LINE('',#845,#846);
#845 = CARTESIAN_POINT('',(31.687499999999,-2.814582562298,14.8));
#846 = VECTOR('',#847,1.);
#847 = DIRECTION('',(1.,-4.0733E-13,0.));
#848 = PCURVE('',#44,#849);
#849 = DEFINITIONAL_REPRESENTATION('',(#850),#854);
#850 = LINE('',#851,#852);
#851 = CARTESIAN_POINT('',(0.185417437702,-1.687499999999));
#852 = VECTOR('',#853,1.);
#853 = DIRECTION('',(-4.0733E-13,-1.));
#854 = ( GEOMETRIC_REPRESENTATION_CONTEXT(2) 
PARAMETRIC_REPRESENTATION_CONTEXT() REPRESENTATION_CONTEXT('2D SPACE',''
  ) );
#855 = PCURVE('',#856,#861);
#856 = PLANE('',#857);
#857 = AXIS2_PLACEMENT_3D('',#858,#859,#860);
#858 = CARTESIAN_POINT('',(33.374999999998,-2.814582562299,12.));
#859 = DIRECTION('',(4.0733E-13,1.,0.));
#860 = DIRECTION('',(1.,-4.0733E-13,0.));
#861 = DEFINITIONAL_REPRESENTATION('',(#862),#866);
#862 = LINE('',#863,#864);
#863 = CARTESIAN_POINT('',(-1.687499999999,-2.8));
#864 = VECTOR('',#865,1.);
#865 = DIRECTION('',(1.,0.));
#866 = ( GEOMETRIC_REPRESENTATION_CONTEXT(2) 
PARAMETRIC_REPRESENTATION_CONTEXT() REPRESENTATION_CONTEXT('2D SPACE',''
  ) );
#867 = ORIENTED_EDGE('',*,*,#868,.F.);
#868 = EDGE_CURVE('',#869,#841,#871,.T.);
#869 = VERTEX_POINT('',#870);
#870 = CARTESIAN_POINT('',(31.749999999999,2.708E-12,14.8));
#871 = SURFACE_CURVE('',#872,(#876,#883),.PCURVE_S1.);
#872 = LINE('',#873,#874);
#873 = CARTESIAN_POINT('',(32.180769052838,-0.746113885844,14.8));
#874 = VECTOR('',#875,1.);
#875 = DIRECTION('',(0.499999999999,-0.866025403785,0.));
#876 = PCURVE('',#44,#877);
#877 = DEFINITIONAL_REPRESENTATION('',(#878),#882);
#878 = LINE('',#879,#880);
#879 = CARTESIAN_POINT('',(2.253886114156,-2.180769052838));
#880 = VECTOR('',#881,1.);
#881 = DIRECTION('',(-0.866025403785,-0.499999999999));
#882 = ( GEOMETRIC_REPRESENTATION_CONTEXT(2) 
PARAMETRIC_REPRESENTATION_CONTEXT() REPRESENTATION_CONTEXT('2D SPACE',''
  ) );
#883 = PCURVE('',#884,#889);
#884 = PLANE('',#885);
#885 = AXIS2_PLACEMENT_3D('',#886,#887,#888);
#886 = CARTESIAN_POINT('',(31.749999999999,2.70761E-12,12.));
#887 = DIRECTION('',(0.866025403785,0.499999999999,0.));
#888 = DIRECTION('',(0.499999999999,-0.866025403785,0.));
#889 = DEFINITIONAL_REPRESENTATION('',(#890),#894);
#890 = LINE('',#891,#892);
#891 = CARTESIAN_POINT('',(0.861538105679,-2.8));
#892 = VECTOR('',#893,1.);
#893 = DIRECTION('',(1.,0.));
#894 = ( GEOMETRIC_REPRESENTATION_CONTEXT(2) 
PARAMETRIC_REPRESENTATION_CONTEXT() REPRESENTATION_CONTEXT('2D SPACE',''
  ) );
#895 = ORIENTED_EDGE('',*,*,#896,.F.);
#896 = EDGE_CURVE('',#897,#869,#899,.T.);
#897 = VERTEX_POINT('',#898);
#898 = CARTESIAN_POINT('',(33.375000000003,2.814582562302,14.8));
#899 = SURFACE_CURVE('',#900,(#904,#911),.PCURVE_S1.);
#900 = LINE('',#901,#902);
#901 = CARTESIAN_POINT('',(31.694230947161,-9.659483300339E-02,14.8));
#902 = VECTOR('',#903,1.);
#903 = DIRECTION('',(-0.500000000001,-0.866025403784,0.));
#904 = PCURVE('',#44,#905);
#905 = DEFINITIONAL_REPRESENTATION('',(#906),#910);
#906 = LINE('',#907,#908);
#907 = CARTESIAN_POINT('',(2.903405166997,-1.694230947161));
#908 = VECTOR('',#909,1.);
#909 = DIRECTION('',(-0.866025403784,0.500000000001));
#910 = ( GEOMETRIC_REPRESENTATION_CONTEXT(2) 
PARAMETRIC_REPRESENTATION_CONTEXT() REPRESENTATION_CONTEXT('2D SPACE',''
  ) );
#911 = PCURVE('',#912,#917);
#912 = PLANE('',#913);
#913 = AXIS2_PLACEMENT_3D('',#914,#915,#916);
#914 = CARTESIAN_POINT('',(33.375000000003,2.814582562302,12.));
#915 = DIRECTION('',(0.866025403784,-0.500000000001,0.));
#916 = DIRECTION('',(-0.500000000001,-0.866025403784,0.));
#917 = DEFINITIONAL_REPRESENTATION('',(#918),#922);
#918 = LINE('',#919,#920);
#919 = CARTESIAN_POINT('',(3.361538105678,-2.8));
#920 = VECTOR('',#921,1.);
#921 = DIRECTION('',(1.,-0.));
#922 = ( GEOMETRIC_REPRESENTATION_CONTEXT(2) 
PARAMETRIC_REPRESENTATION_CONTEXT() REPRESENTATION_CONTEXT('2D SPACE',''
  ) );
#923 = ORIENTED_EDGE('',*,*,#924,.F.);
#924 = EDGE_CURVE('',#925,#897,#927,.T.);
#925 = VERTEX_POINT('',#926);
#926 = CARTESIAN_POINT('',(34.,2.814582562302,14.8));
#927 = SURFACE_CURVE('',#928,(#932,#939),.PCURVE_S1.);
#928 = LINE('',#929,#930);
#929 = CARTESIAN_POINT('',(33.3125,2.814582562302,14.8));
#930 = VECTOR('',#931,1.);
#931 = DIRECTION('',(-1.,-8.1617E-13,0.));
#932 = PCURVE('',#44,#933);
#933 = DEFINITIONAL_REPRESENTATION('',(#934),#938);
#934 = LINE('',#935,#936);
#935 = CARTESIAN_POINT('',(5.814582562302,-3.3125));
#936 = VECTOR('',#937,1.);
#937 = DIRECTION('',(-8.1617E-13,1.));
#938 = ( GEOMETRIC_REPRESENTATION_CONTEXT(2) 
PARAMETRIC_REPRESENTATION_CONTEXT() REPRESENTATION_CONTEXT('2D SPACE',''
  ) );
#939 = PCURVE('',#940,#945);
#940 = PLANE('',#941);
#941 = AXIS2_PLACEMENT_3D('',#942,#943,#944);
#942 = CARTESIAN_POINT('',(36.625000000004,2.814582562305,12.));
#943 = DIRECTION('',(8.1617E-13,-1.,0.));
#944 = DIRECTION('',(-1.,-8.1617E-13,0.));
#945 = DEFINITIONAL_REPRESENTATION('',(#946),#950);
#946 = LINE('',#947,#948);
#947 = CARTESIAN_POINT('',(3.312500000004,-2.8));
#948 = VECTOR('',#949,1.);
#949 = DIRECTION('',(1.,-0.));
#950 = ( GEOMETRIC_REPRESENTATION_CONTEXT(2) 
PARAMETRIC_REPRESENTATION_CONTEXT() REPRESENTATION_CONTEXT('2D SPACE',''
  ) );
#951 = ORIENTED_EDGE('',*,*,#952,.T.);
#952 = EDGE_CURVE('',#925,#710,#953,.T.);
#953 = SURFACE_CURVE('',#954,(#958,#965),.PCURVE_S1.);
#954 = LINE('',#955,#956);
#955 = CARTESIAN_POINT('',(34.,-3.,14.8));
#956 = VECTOR('',#957,1.);
#957 = DIRECTION('',(0.,1.,0.));
#958 = PCURVE('',#44,#959);
#959 = DEFINITIONAL_REPRESENTATION('',(#960),#964);
#960 = LINE('',#961,#962);
#961 = CARTESIAN_POINT('',(0.,-4.));
#962 = VECTOR('',#963,1.);
#963 = DIRECTION('',(1.,0.));
#964 = ( GEOMETRIC_REPRESENTATION_CONTEXT(2) 
PARAMETRIC_REPRESENTATION_CONTEXT() REPRESENTATION_CONTEXT('2D SPACE',''
  ) );
#965 = PCURVE('',#966,#971);
#966 = PLANE('',#967);
#967 = AXIS2_PLACEMENT_3D('',#968,#969,#970);
#968 = CARTESIAN_POINT('',(34.,3.02788097625E-16,13.4));
#969 = DIRECTION('',(1.,0.,0.));
#970 = DIRECTION('',(0.,0.,1.));
#971 = DEFINITIONAL_REPRESENTATION('',(#972),#976);
#972 = LINE('',#973,#974);
#973 = CARTESIAN_POINT('',(1.4,3.));
#974 = VECTOR('',#975,1.);
#975 = DIRECTION('',(0.,-1.));
#976 = ( GEOMETRIC_REPRESENTATION_CONTEXT(2) 
PARAMETRIC_REPRESENTATION_CONTEXT() REPRESENTATION_CONTEXT('2D SPACE',''
  ) );
#977 = ADVANCED_FACE('',(#978),#72,.T.);
#978 = FACE_BOUND('',#979,.T.);
#979 = EDGE_LOOP('',(#980,#981,#982,#1005));
#980 = ORIENTED_EDGE('',*,*,#737,.F.);
#981 = ORIENTED_EDGE('',*,*,#56,.T.);
#982 = ORIENTED_EDGE('',*,*,#983,.T.);
#983 = EDGE_CURVE('',#57,#984,#986,.T.);
#984 = VERTEX_POINT('',#985);
#985 = CARTESIAN_POINT('',(31.,3.,12.));
#986 = SURFACE_CURVE('',#987,(#991,#998),.PCURVE_S1.);
#987 = LINE('',#988,#989);
#988 = CARTESIAN_POINT('',(30.5,3.5,12.));
#989 = VECTOR('',#990,1.);
#990 = DIRECTION('',(0.707106781187,-0.707106781187,0.));
#991 = PCURVE('',#72,#992);
#992 = DEFINITIONAL_REPRESENTATION('',(#993),#997);
#993 = LINE('',#994,#995);
#994 = CARTESIAN_POINT('',(2.8,0.));
#995 = VECTOR('',#996,1.);
#996 = DIRECTION('',(0.,1.));
#997 = ( GEOMETRIC_REPRESENTATION_CONTEXT(2) 
PARAMETRIC_REPRESENTATION_CONTEXT() REPRESENTATION_CONTEXT('2D SPACE',''
  ) );
#998 = PCURVE('',#100,#999);
#999 = DEFINITIONAL_REPRESENTATION('',(#1000),#1004);
#1000 = LINE('',#1001,#1002);
#1001 = CARTESIAN_POINT('',(-0.5,-0.5));
#1002 = VECTOR('',#1003,1.);
#1003 = DIRECTION('',(0.707106781187,-0.707106781187));
#1004 = ( GEOMETRIC_REPRESENTATION_CONTEXT(2) 
PARAMETRIC_REPRESENTATION_CONTEXT() REPRESENTATION_CONTEXT('2D SPACE',''
  ) );
#1005 = ORIENTED_EDGE('',*,*,#1006,.F.);
#1006 = EDGE_CURVE('',#708,#984,#1007,.T.);
#1007 = SURFACE_CURVE('',#1008,(#1012,#1019),.PCURVE_S1.);
#1008 = LINE('',#1009,#1010);
#1009 = CARTESIAN_POINT('',(31.,3.,14.8));
#1010 = VECTOR('',#1011,1.);
#1011 = DIRECTION('',(0.,0.,-1.));
#1012 = PCURVE('',#72,#1013);
#1013 = DEFINITIONAL_REPRESENTATION('',(#1014),#1018);
#1014 = LINE('',#1015,#1016);
#1015 = CARTESIAN_POINT('',(0.,0.707106781187));
#1016 = VECTOR('',#1017,1.);
#1017 = DIRECTION('',(1.,0.));
#1018 = ( GEOMETRIC_REPRESENTATION_CONTEXT(2) 
PARAMETRIC_REPRESENTATION_CONTEXT() REPRESENTATION_CONTEXT('2D SPACE',''
  ) );
#1019 = PCURVE('',#725,#1020);
#1020 = DEFINITIONAL_REPRESENTATION('',(#1021),#1025);
#1021 = LINE('',#1022,#1023);
#1022 = CARTESIAN_POINT('',(0.,-1.));
#1023 = VECTOR('',#1024,1.);
#1024 = DIRECTION('',(1.,0.));
#1025 = ( GEOMETRIC_REPRESENTATION_CONTEXT(2) 
PARAMETRIC_REPRESENTATION_CONTEXT() REPRESENTATION_CONTEXT('2D SPACE',''
  ) );
#1026 = ADVANCED_FACE('',(#1027),#100,.F.);
#1027 = FACE_BOUND('',#1028,.F.);
#1028 = EDGE_LOOP('',(#1029,#1054,#1075,#1076,#1077,#1078,#1079,#1102,
    #1125,#1153,#1176,#1199,#1222));
#1029 = ORIENTED_EDGE('',*,*,#1030,.F.);
#1030 = EDGE_CURVE('',#1031,#1033,#1035,.T.);
#1031 = VERTEX_POINT('',#1032);
#1032 = CARTESIAN_POINT('',(31.,-3.,12.));
#1033 = VERTEX_POINT('',#1034);
#1034 = CARTESIAN_POINT('',(34.,-3.,12.));
#1035 = SURFACE_CURVE('',#1036,(#1040,#1047),.PCURVE_S1.);
#1036 = LINE('',#1037,#1038);
#1037 = CARTESIAN_POINT('',(30.,-3.,12.));
#1038 = VECTOR('',#1039,1.);
#1039 = DIRECTION('',(1.,0.,0.));
#1040 = PCURVE('',#100,#1041);
#1041 = DEFINITIONAL_REPRESENTATION('',(#1042),#1046);
#1042 = LINE('',#1043,#1044);
#1043 = CARTESIAN_POINT('',(6.,0.));
#1044 = VECTOR('',#1045,1.);
#1045 = DIRECTION('',(0.,-1.));
#1046 = ( GEOMETRIC_REPRESENTATION_CONTEXT(2) 
PARAMETRIC_REPRESENTATION_CONTEXT() REPRESENTATION_CONTEXT('2D SPACE',''
  ) );
#1047 = PCURVE('',#800,#1048);
#1048 = DEFINITIONAL_REPRESENTATION('',(#1049),#1053);
#1049 = LINE('',#1050,#1051);
#1050 = CARTESIAN_POINT('',(0.,0.));
#1051 = VECTOR('',#1052,1.);
#1052 = DIRECTION('',(0.,-1.));
#1053 = ( GEOMETRIC_REPRESENTATION_CONTEXT(2) 
PARAMETRIC_REPRESENTATION_CONTEXT() REPRESENTATION_CONTEXT('2D SPACE',''
  ) );
#1054 = ORIENTED_EDGE('',*,*,#1055,.F.);
#1055 = EDGE_CURVE('',#136,#1031,#1056,.T.);
#1056 = SURFACE_CURVE('',#1057,(#1061,#1068),.PCURVE_S1.);
#1057 = LINE('',#1058,#1059);
#1058 = CARTESIAN_POINT('',(32.,-2.,12.));
#1059 = VECTOR('',#1060,1.);
#1060 = DIRECTION('',(0.707106781187,0.707106781187,0.));
#1061 = PCURVE('',#100,#1062);
#1062 = DEFINITIONAL_REPRESENTATION('',(#1063),#1067);
#1063 = LINE('',#1064,#1065);
#1064 = CARTESIAN_POINT('',(5.,-2.));
#1065 = VECTOR('',#1066,1.);
#1066 = DIRECTION('',(-0.707106781187,-0.707106781187));
#1067 = ( GEOMETRIC_REPRESENTATION_CONTEXT(2) 
PARAMETRIC_REPRESENTATION_CONTEXT() REPRESENTATION_CONTEXT('2D SPACE',''
  ) );
#1068 = PCURVE('',#174,#1069);
#1069 = DEFINITIONAL_REPRESENTATION('',(#1070),#1074);
#1070 = LINE('',#1071,#1072);
#1071 = CARTESIAN_POINT('',(0.,2.12132034356));
#1072 = VECTOR('',#1073,1.);
#1073 = DIRECTION('',(0.,1.));
#1074 = ( GEOMETRIC_REPRESENTATION_CONTEXT(2) 
PARAMETRIC_REPRESENTATION_CONTEXT() REPRESENTATION_CONTEXT('2D SPACE',''
  ) );
#1075 = ORIENTED_EDGE('',*,*,#135,.F.);
#1076 = ORIENTED_EDGE('',*,*,#112,.F.);
#1077 = ORIENTED_EDGE('',*,*,#84,.T.);
#1078 = ORIENTED_EDGE('',*,*,#983,.T.);
#1079 = ORIENTED_EDGE('',*,*,#1080,.T.);
#1080 = EDGE_CURVE('',#984,#1081,#1083,.T.);
#1081 = VERTEX_POINT('',#1082);
#1082 = CARTESIAN_POINT('',(34.,3.,12.));
#1083 = SURFACE_CURVE('',#1084,(#1088,#1095),.PCURVE_S1.);
#1084 = LINE('',#1085,#1086);
#1085 = CARTESIAN_POINT('',(30.,3.,12.));
#1086 = VECTOR('',#1087,1.);
#1087 = DIRECTION('',(1.,0.,0.));
#1088 = PCURVE('',#100,#1089);
#1089 = DEFINITIONAL_REPRESENTATION('',(#1090),#1094);
#1090 = LINE('',#1091,#1092);
#1091 = CARTESIAN_POINT('',(0.,-0.));
#1092 = VECTOR('',#1093,1.);
#1093 = DIRECTION('',(0.,-1.));
#1094 = ( GEOMETRIC_REPRESENTATION_CONTEXT(2) 
PARAMETRIC_REPRESENTATION_CONTEXT() REPRESENTATION_CONTEXT('2D SPACE',''
  ) );
#1095 = PCURVE('',#725,#1096);
#1096 = DEFINITIONAL_REPRESENTATION('',(#1097),#1101);
#1097 = LINE('',#1098,#1099);
#1098 = CARTESIAN_POINT('',(2.8,0.));
#1099 = VECTOR('',#1100,1.);
#1100 = DIRECTION('',(0.,-1.));
#1101 = ( GEOMETRIC_REPRESENTATION_CONTEXT(2) 
PARAMETRIC_REPRESENTATION_CONTEXT() REPRESENTATION_CONTEXT('2D SPACE',''
  ) );
#1102 = ORIENTED_EDGE('',*,*,#1103,.T.);
#1103 = EDGE_CURVE('',#1081,#1104,#1106,.T.);
#1104 = VERTEX_POINT('',#1105);
#1105 = CARTESIAN_POINT('',(34.,2.814582562302,12.));
#1106 = SURFACE_CURVE('',#1107,(#1111,#1118),.PCURVE_S1.);
#1107 = LINE('',#1108,#1109);
#1108 = CARTESIAN_POINT('',(34.,3.,12.));
#1109 = VECTOR('',#1110,1.);
#1110 = DIRECTION('',(0.,-1.,0.));
#1111 = PCURVE('',#100,#1112);
#1112 = DEFINITIONAL_REPRESENTATION('',(#1113),#1117);
#1113 = LINE('',#1114,#1115);
#1114 = CARTESIAN_POINT('',(0.,-4.));
#1115 = VECTOR('',#1116,1.);
#1116 = DIRECTION('',(1.,0.));
#1117 = ( GEOMETRIC_REPRESENTATION_CONTEXT(2) 
PARAMETRIC_REPRESENTATION_CONTEXT() REPRESENTATION_CONTEXT('2D SPACE',''
  ) );
#1118 = PCURVE('',#966,#1119);
#1119 = DEFINITIONAL_REPRESENTATION('',(#1120),#1124);
#1120 = LINE('',#1121,#1122);
#1121 = CARTESIAN_POINT('',(-1.4,-3.));
#1122 = VECTOR('',#1123,1.);
#1123 = DIRECTION('',(0.,1.));
#1124 = ( GEOMETRIC_REPRESENTATION_CONTEXT(2) 
PARAMETRIC_REPRESENTATION_CONTEXT() REPRESENTATION_CONTEXT('2D SPACE',''
  ) );
#1125 = ORIENTED_EDGE('',*,*,#1126,.T.);
#1126 = EDGE_CURVE('',#1104,#1127,#1129,.T.);
#1127 = VERTEX_POINT('',#1128);
#1128 = CARTESIAN_POINT('',(33.375000000003,2.814582562302,12.));
#1129 = SURFACE_CURVE('',#1130,(#1134,#1141),.PCURVE_S1.);
#1130 = LINE('',#1131,#1132);
#1131 = CARTESIAN_POINT('',(36.625000000004,2.814582562305,12.));
#1132 = VECTOR('',#1133,1.);
#1133 = DIRECTION('',(-1.,-8.1617E-13,0.));
#1134 = PCURVE('',#100,#1135);
#1135 = DEFINITIONAL_REPRESENTATION('',(#1136),#1140);
#1136 = LINE('',#1137,#1138);
#1137 = CARTESIAN_POINT('',(0.185417437695,-6.625000000004));
#1138 = VECTOR('',#1139,1.);
#1139 = DIRECTION('',(8.1617E-13,1.));
#1140 = ( GEOMETRIC_REPRESENTATION_CONTEXT(2) 
PARAMETRIC_REPRESENTATION_CONTEXT() REPRESENTATION_CONTEXT('2D SPACE',''
  ) );
#1141 = PCURVE('',#1142,#1147);
#1142 = PLANE('',#1143);
#1143 = AXIS2_PLACEMENT_3D('',#1144,#1145,#1146);
#1144 = CARTESIAN_POINT('',(35.000000000001,1.706341620705E-12,12.));
#1145 = DIRECTION('',(0.,0.,1.));
#1146 = DIRECTION('',(1.,0.,0.));
#1147 = DEFINITIONAL_REPRESENTATION('',(#1148),#1152);
#1148 = LINE('',#1149,#1150);
#1149 = CARTESIAN_POINT('',(1.625000000004,2.814582562303));
#1150 = VECTOR('',#1151,1.);
#1151 = DIRECTION('',(-1.,-8.1617E-13));
#1152 = ( GEOMETRIC_REPRESENTATION_CONTEXT(2) 
PARAMETRIC_REPRESENTATION_CONTEXT() REPRESENTATION_CONTEXT('2D SPACE',''
  ) );
#1153 = ORIENTED_EDGE('',*,*,#1154,.T.);
#1154 = EDGE_CURVE('',#1127,#1155,#1157,.T.);
#1155 = VERTEX_POINT('',#1156);
#1156 = CARTESIAN_POINT('',(31.749999999999,2.708E-12,12.));
#1157 = SURFACE_CURVE('',#1158,(#1162,#1169),.PCURVE_S1.);
#1158 = LINE('',#1159,#1160);
#1159 = CARTESIAN_POINT('',(33.375000000003,2.814582562302,12.));
#1160 = VECTOR('',#1161,1.);
#1161 = DIRECTION('',(-0.500000000001,-0.866025403784,0.));
#1162 = PCURVE('',#100,#1163);
#1163 = DEFINITIONAL_REPRESENTATION('',(#1164),#1168);
#1164 = LINE('',#1165,#1166);
#1165 = CARTESIAN_POINT('',(0.185417437698,-3.375000000003));
#1166 = VECTOR('',#1167,1.);
#1167 = DIRECTION('',(0.866025403784,0.500000000001));
#1168 = ( GEOMETRIC_REPRESENTATION_CONTEXT(2) 
PARAMETRIC_REPRESENTATION_CONTEXT() REPRESENTATION_CONTEXT('2D SPACE',''
  ) );
#1169 = PCURVE('',#1142,#1170);
#1170 = DEFINITIONAL_REPRESENTATION('',(#1171),#1175);
#1171 = LINE('',#1172,#1173);
#1172 = CARTESIAN_POINT('',(-1.624999999998,2.8145825623));
#1173 = VECTOR('',#1174,1.);
#1174 = DIRECTION('',(-0.500000000001,-0.866025403784));
#1175 = ( GEOMETRIC_REPRESENTATION_CONTEXT(2) 
PARAMETRIC_REPRESENTATION_CONTEXT() REPRESENTATION_CONTEXT('2D SPACE',''
  ) );
#1176 = ORIENTED_EDGE('',*,*,#1177,.T.);
#1177 = EDGE_CURVE('',#1155,#1178,#1180,.T.);
#1178 = VERTEX_POINT('',#1179);
#1179 = CARTESIAN_POINT('',(33.374999999998,-2.814582562299,12.));
#1180 = SURFACE_CURVE('',#1181,(#1185,#1192),.PCURVE_S1.);
#1181 = LINE('',#1182,#1183);
#1182 = CARTESIAN_POINT('',(31.749999999999,2.70761E-12,12.));
#1183 = VECTOR('',#1184,1.);
#1184 = DIRECTION('',(0.499999999999,-0.866025403785,0.));
#1185 = PCURVE('',#100,#1186);
#1186 = DEFINITIONAL_REPRESENTATION('',(#1187),#1191);
#1187 = LINE('',#1188,#1189);
#1188 = CARTESIAN_POINT('',(2.999999999997,-1.749999999999));
#1189 = VECTOR('',#1190,1.);
#1190 = DIRECTION('',(0.866025403785,-0.499999999999));
#1191 = ( GEOMETRIC_REPRESENTATION_CONTEXT(2) 
PARAMETRIC_REPRESENTATION_CONTEXT() REPRESENTATION_CONTEXT('2D SPACE',''
  ) );
#1192 = PCURVE('',#1142,#1193);
#1193 = DEFINITIONAL_REPRESENTATION('',(#1194),#1198);
#1194 = LINE('',#1195,#1196);
#1195 = CARTESIAN_POINT('',(-3.250000000001,1.001268379295E-12));
#1196 = VECTOR('',#1197,1.);
#1197 = DIRECTION('',(0.499999999999,-0.866025403785));
#1198 = ( GEOMETRIC_REPRESENTATION_CONTEXT(2) 
PARAMETRIC_REPRESENTATION_CONTEXT() REPRESENTATION_CONTEXT('2D SPACE',''
  ) );
#1199 = ORIENTED_EDGE('',*,*,#1200,.T.);
#1200 = EDGE_CURVE('',#1178,#1201,#1203,.T.);
#1201 = VERTEX_POINT('',#1202);
#1202 = CARTESIAN_POINT('',(34.,-2.814582562299,12.));
#1203 = SURFACE_CURVE('',#1204,(#1208,#1215),.PCURVE_S1.);
#1204 = LINE('',#1205,#1206);
#1205 = CARTESIAN_POINT('',(33.374999999998,-2.814582562299,12.));
#1206 = VECTOR('',#1207,1.);
#1207 = DIRECTION('',(1.,-4.0733E-13,0.));
#1208 = PCURVE('',#100,#1209);
#1209 = DEFINITIONAL_REPRESENTATION('',(#1210),#1214);
#1210 = LINE('',#1211,#1212);
#1211 = CARTESIAN_POINT('',(5.814582562299,-3.374999999998));
#1212 = VECTOR('',#1213,1.);
#1213 = DIRECTION('',(4.0733E-13,-1.));
#1214 = ( GEOMETRIC_REPRESENTATION_CONTEXT(2) 
PARAMETRIC_REPRESENTATION_CONTEXT() REPRESENTATION_CONTEXT('2D SPACE',''
  ) );
#1215 = PCURVE('',#1142,#1216);
#1216 = DEFINITIONAL_REPRESENTATION('',(#1217),#1221);
#1217 = LINE('',#1218,#1219);
#1218 = CARTESIAN_POINT('',(-1.625000000003,-2.814582562301));
#1219 = VECTOR('',#1220,1.);
#1220 = DIRECTION('',(1.,-4.0733E-13));
#1221 = ( GEOMETRIC_REPRESENTATION_CONTEXT(2) 
PARAMETRIC_REPRESENTATION_CONTEXT() REPRESENTATION_CONTEXT('2D SPACE',''
  ) );
#1222 = ORIENTED_EDGE('',*,*,#1223,.T.);
#1223 = EDGE_CURVE('',#1201,#1033,#1224,.T.);
#1224 = SURFACE_CURVE('',#1225,(#1229,#1236),.PCURVE_S1.);
#1225 = LINE('',#1226,#1227);
#1226 = CARTESIAN_POINT('',(34.,3.,12.));
#1227 = VECTOR('',#1228,1.);
#1228 = DIRECTION('',(0.,-1.,0.));
#1229 = PCURVE('',#100,#1230);
#1230 = DEFINITIONAL_REPRESENTATION('',(#1231),#1235);
#1231 = LINE('',#1232,#1233);
#1232 = CARTESIAN_POINT('',(0.,-4.));
#1233 = VECTOR('',#1234,1.);
#1234 = DIRECTION('',(1.,0.));
#1235 = ( GEOMETRIC_REPRESENTATION_CONTEXT(2) 
PARAMETRIC_REPRESENTATION_CONTEXT() REPRESENTATION_CONTEXT('2D SPACE',''
  ) );
#1236 = PCURVE('',#828,#1237);
#1237 = DEFINITIONAL_REPRESENTATION('',(#1238),#1242);
#1238 = LINE('',#1239,#1240);
#1239 = CARTESIAN_POINT('',(-1.4,-3.));
#1240 = VECTOR('',#1241,1.);
#1241 = DIRECTION('',(0.,1.));
#1242 = ( GEOMETRIC_REPRESENTATION_CONTEXT(2) 
PARAMETRIC_REPRESENTATION_CONTEXT() REPRESENTATION_CONTEXT('2D SPACE',''
  ) );
#1243 = ADVANCED_FACE('',(#1244),#174,.T.);
#1244 = FACE_BOUND('',#1245,.T.);
#1245 = EDGE_LOOP('',(#1246,#1247,#1248,#1249));
#1246 = ORIENTED_EDGE('',*,*,#1055,.F.);
#1247 = ORIENTED_EDGE('',*,*,#158,.T.);
#1248 = ORIENTED_EDGE('',*,*,#761,.T.);
#1249 = ORIENTED_EDGE('',*,*,#1250,.F.);
#1250 = EDGE_CURVE('',#1031,#762,#1251,.T.);
#1251 = SURFACE_CURVE('',#1252,(#1256,#1263),.PCURVE_S1.);
#1252 = LINE('',#1253,#1254);
#1253 = CARTESIAN_POINT('',(31.,-3.,12.));
#1254 = VECTOR('',#1255,1.);
#1255 = DIRECTION('',(0.,0.,1.));
#1256 = PCURVE('',#174,#1257);
#1257 = DEFINITIONAL_REPRESENTATION('',(#1258),#1262);
#1258 = LINE('',#1259,#1260);
#1259 = CARTESIAN_POINT('',(0.,0.707106781187));
#1260 = VECTOR('',#1261,1.);
#1261 = DIRECTION('',(1.,0.));
#1262 = ( GEOMETRIC_REPRESENTATION_CONTEXT(2) 
PARAMETRIC_REPRESENTATION_CONTEXT() REPRESENTATION_CONTEXT('2D SPACE',''
  ) );
#1263 = PCURVE('',#800,#1264);
#1264 = DEFINITIONAL_REPRESENTATION('',(#1265),#1269);
#1265 = LINE('',#1266,#1267);
#1266 = CARTESIAN_POINT('',(0.,-1.));
#1267 = VECTOR('',#1268,1.);
#1268 = DIRECTION('',(1.,0.));
#1269 = ( GEOMETRIC_REPRESENTATION_CONTEXT(2) 
PARAMETRIC_REPRESENTATION_CONTEXT() REPRESENTATION_CONTEXT('2D SPACE',''
  ) );
#1270 = ADVANCED_FACE('',(#1271),#249,.F.);
#1271 = FACE_BOUND('',#1272,.F.);
#1272 = EDGE_LOOP('',(#1273,#1296,#1297,#1298));
#1273 = ORIENTED_EDGE('',*,*,#1274,.F.);
#1274 = EDGE_CURVE('',#233,#1275,#1277,.T.);
#1275 = VERTEX_POINT('',#1276);
#1276 = CARTESIAN_POINT('',(31.,9.2,0.));
#1277 = SEAM_CURVE('',#1278,(#1282,#1289),.PCURVE_S1.);
#1278 = LINE('',#1279,#1280);
#1279 = CARTESIAN_POINT('',(31.,9.2,0.));
#1280 = VECTOR('',#1281,1.);
#1281 = DIRECTION('',(0.707106781187,-0.707106781187,0.));
#1282 = PCURVE('',#249,#1283);
#1283 = DEFINITIONAL_REPRESENTATION('',(#1284),#1288);
#1284 = LINE('',#1285,#1286);
#1285 = CARTESIAN_POINT('',(-0.,-0.));
#1286 = VECTOR('',#1287,1.);
#1287 = DIRECTION('',(-0.,-1.));
#1288 = ( GEOMETRIC_REPRESENTATION_CONTEXT(2) 
PARAMETRIC_REPRESENTATION_CONTEXT() REPRESENTATION_CONTEXT('2D SPACE',''
  ) );
#1289 = PCURVE('',#249,#1290);
#1290 = DEFINITIONAL_REPRESENTATION('',(#1291),#1295);
#1291 = LINE('',#1292,#1293);
#1292 = CARTESIAN_POINT('',(-6.28318530718,-0.));
#1293 = VECTOR('',#1294,1.);
#1294 = DIRECTION('',(-0.,-1.));
#1295 = ( GEOMETRIC_REPRESENTATION_CONTEXT(2) 
PARAMETRIC_REPRESENTATION_CONTEXT() REPRESENTATION_CONTEXT('2D SPACE',''
  ) );
#1296 = ORIENTED_EDGE('',*,*,#232,.T.);
#1297 = ORIENTED_EDGE('',*,*,#1274,.T.);
#1298 = ORIENTED_EDGE('',*,*,#1299,.F.);
#1299 = EDGE_CURVE('',#1275,#1275,#1300,.T.);
#1300 = SURFACE_CURVE('',#1301,(#1306,#1313),.PCURVE_S1.);
#1301 = CIRCLE('',#1302,9.2);
#1302 = AXIS2_PLACEMENT_3D('',#1303,#1304,#1305);
#1303 = CARTESIAN_POINT('',(31.,0.,0.));
#1304 = DIRECTION('',(1.,0.,0.));
#1305 = DIRECTION('',(0.,1.,0.));
#1306 = PCURVE('',#249,#1307);
#1307 = DEFINITIONAL_REPRESENTATION('',(#1308),#1312);
#1308 = LINE('',#1309,#1310);
#1309 = CARTESIAN_POINT('',(-0.,-0.));
#1310 = VECTOR('',#1311,1.);
#1311 = DIRECTION('',(-1.,-0.));
#1312 = ( GEOMETRIC_REPRESENTATION_CONTEXT(2) 
PARAMETRIC_REPRESENTATION_CONTEXT() REPRESENTATION_CONTEXT('2D SPACE',''
  ) );
#1313 = PCURVE('',#1314,#1319);
#1314 = CYLINDRICAL_SURFACE('',#1315,9.2);
#1315 = AXIS2_PLACEMENT_3D('',#1316,#1317,#1318);
#1316 = CARTESIAN_POINT('',(50.,0.,0.));
#1317 = DIRECTION('',(1.,0.,0.));
#1318 = DIRECTION('',(0.,1.,0.));
#1319 = DEFINITIONAL_REPRESENTATION('',(#1320),#1324);
#1320 = LINE('',#1321,#1322);
#1321 = CARTESIAN_POINT('',(0.,-19.));
#1322 = VECTOR('',#1323,1.);
#1323 = DIRECTION('',(1.,0.));
#1324 = ( GEOMETRIC_REPRESENTATION_CONTEXT(2) 
PARAMETRIC_REPRESENTATION_CONTEXT() REPRESENTATION_CONTEXT('2D SPACE',''
  ) );
#1325 = ADVANCED_FACE('',(#1326),#280,.T.);
#1326 = FACE_BOUND('',#1327,.F.);
#1327 = EDGE_LOOP('',(#1328,#1351,#1378,#1379));
#1328 = ORIENTED_EDGE('',*,*,#1329,.F.);
#1329 = EDGE_CURVE('',#1330,#264,#1332,.T.);
#1330 = VERTEX_POINT('',#1331);
#1331 = CARTESIAN_POINT('',(30.974555186615,26.824147692921,0.));
#1332 = SEAM_CURVE('',#1333,(#1337,#1344),.PCURVE_S1.);
#1333 = LINE('',#1334,#1335);
#1334 = CARTESIAN_POINT('',(30.,25.6,0.));
#1335 = VECTOR('',#1336,1.);
#1336 = DIRECTION('',(-0.622837180601,-0.782351485242,-0.));
#1337 = PCURVE('',#280,#1338);
#1338 = DEFINITIONAL_REPRESENTATION('',(#1339),#1343);
#1339 = LINE('',#1340,#1341);
#1340 = CARTESIAN_POINT('',(0.,-0.));
#1341 = VECTOR('',#1342,1.);
#1342 = DIRECTION('',(0.,-1.));
#1343 = ( GEOMETRIC_REPRESENTATION_CONTEXT(2) 
PARAMETRIC_REPRESENTATION_CONTEXT() REPRESENTATION_CONTEXT('2D SPACE',''
  ) );
#1344 = PCURVE('',#280,#1345);
#1345 = DEFINITIONAL_REPRESENTATION('',(#1346),#1350);
#1346 = LINE('',#1347,#1348);
#1347 = CARTESIAN_POINT('',(6.28318530718,-0.));
#1348 = VECTOR('',#1349,1.);
#1349 = DIRECTION('',(0.,-1.));
#1350 = ( GEOMETRIC_REPRESENTATION_CONTEXT(2) 
PARAMETRIC_REPRESENTATION_CONTEXT() REPRESENTATION_CONTEXT('2D SPACE',''
  ) );
#1351 = ORIENTED_EDGE('',*,*,#1352,.T.);
#1352 = EDGE_CURVE('',#1330,#1330,#1353,.T.);
#1353 = SURFACE_CURVE('',#1354,(#1359,#1366),.PCURVE_S1.);
#1354 = CIRCLE('',#1355,26.824147692921);
#1355 = AXIS2_PLACEMENT_3D('',#1356,#1357,#1358);
#1356 = CARTESIAN_POINT('',(30.974555186615,0.,0.));
#1357 = DIRECTION('',(1.,0.,0.));
#1358 = DIRECTION('',(0.,1.,0.));
#1359 = PCURVE('',#280,#1360);
#1360 = DEFINITIONAL_REPRESENTATION('',(#1361),#1365);
#1361 = LINE('',#1362,#1363);
#1362 = CARTESIAN_POINT('',(-0.,0.974555186615));
#1363 = VECTOR('',#1364,1.);
#1364 = DIRECTION('',(1.,-0.));
#1365 = ( GEOMETRIC_REPRESENTATION_CONTEXT(2) 
PARAMETRIC_REPRESENTATION_CONTEXT() REPRESENTATION_CONTEXT('2D SPACE',''
  ) );
#1366 = PCURVE('',#1367,#1372);
#1367 = CONICAL_SURFACE('',#1368,26.6,0.226068387994);
#1368 = AXIS2_PLACEMENT_3D('',#1369,#1370,#1371);
#1369 = CARTESIAN_POINT('',(30.,0.,0.));
#1370 = DIRECTION('',(1.,0.,0.));
#1371 = DIRECTION('',(0.,1.,0.));
#1372 = DEFINITIONAL_REPRESENTATION('',(#1373),#1377);
#1373 = LINE('',#1374,#1375);
#1374 = CARTESIAN_POINT('',(0.,0.974555186615));
#1375 = VECTOR('',#1376,1.);
#1376 = DIRECTION('',(1.,0.));
#1377 = ( GEOMETRIC_REPRESENTATION_CONTEXT(2) 
PARAMETRIC_REPRESENTATION_CONTEXT() REPRESENTATION_CONTEXT('2D SPACE',''
  ) );
#1378 = ORIENTED_EDGE('',*,*,#1329,.T.);
#1379 = ORIENTED_EDGE('',*,*,#263,.F.);
#1380 = ADVANCED_FACE('',(#1381),#312,.F.);
#1381 = FACE_BOUND('',#1382,.F.);
#1382 = EDGE_LOOP('',(#1383,#1413,#1434,#1435,#1436,#1437,#1460,#1488,
    #1516,#1544,#1572,#1600,#1628));
#1383 = ORIENTED_EDGE('',*,*,#1384,.F.);
#1384 = EDGE_CURVE('',#1385,#1387,#1389,.T.);
#1385 = VERTEX_POINT('',#1386);
#1386 = CARTESIAN_POINT('',(31.,-14.31717597601,-4.801923788647));
#1387 = VERTEX_POINT('',#1388);
#1388 = CARTESIAN_POINT('',(34.,-14.31717597601,-4.801923788647));
#1389 = SURFACE_CURVE('',#1390,(#1394,#1401),.PCURVE_S1.);
#1390 = LINE('',#1391,#1392);
#1391 = CARTESIAN_POINT('',(30.,-14.31717597601,-4.801923788647));
#1392 = VECTOR('',#1393,1.);
#1393 = DIRECTION('',(1.,0.,0.));
#1394 = PCURVE('',#312,#1395);
#1395 = DEFINITIONAL_REPRESENTATION('',(#1396),#1400);
#1396 = LINE('',#1397,#1398);
#1397 = CARTESIAN_POINT('',(6.,0.));
#1398 = VECTOR('',#1399,1.);
#1399 = DIRECTION('',(0.,-1.));
#1400 = ( GEOMETRIC_REPRESENTATION_CONTEXT(2) 
PARAMETRIC_REPRESENTATION_CONTEXT() REPRESENTATION_CONTEXT('2D SPACE',''
  ) );
#1401 = PCURVE('',#1402,#1407);
#1402 = PLANE('',#1403);
#1403 = AXIS2_PLACEMENT_3D('',#1404,#1405,#1406);
#1404 = CARTESIAN_POINT('',(30.,-14.31717597601,-4.801923788647));
#1405 = DIRECTION('',(0.,-0.5,0.866025403784));
#1406 = DIRECTION('',(0.,0.866025403784,0.5));
#1407 = DEFINITIONAL_REPRESENTATION('',(#1408),#1412);
#1408 = LINE('',#1409,#1410);
#1409 = CARTESIAN_POINT('',(0.,0.));
#1410 = VECTOR('',#1411,1.);
#1411 = DIRECTION('',(0.,-1.));
#1412 = ( GEOMETRIC_REPRESENTATION_CONTEXT(2) 
PARAMETRIC_REPRESENTATION_CONTEXT() REPRESENTATION_CONTEXT('2D SPACE',''
  ) );
#1413 = ORIENTED_EDGE('',*,*,#1414,.F.);
#1414 = EDGE_CURVE('',#297,#1385,#1415,.T.);
#1415 = SURFACE_CURVE('',#1416,(#1420,#1427),.PCURVE_S1.);
#1416 = LINE('',#1417,#1418);
#1417 = CARTESIAN_POINT('',(32.,-13.81717597601,-5.667949192431));
#1418 = VECTOR('',#1419,1.);
#1419 = DIRECTION('',(0.707106781187,0.353553390593,-0.612372435696));
#1420 = PCURVE('',#312,#1421);
#1421 = DEFINITIONAL_REPRESENTATION('',(#1422),#1426);
#1422 = LINE('',#1423,#1424);
#1423 = CARTESIAN_POINT('',(5.,-2.));
#1424 = VECTOR('',#1425,1.);
#1425 = DIRECTION('',(-0.707106781187,-0.707106781187));
#1426 = ( GEOMETRIC_REPRESENTATION_CONTEXT(2) 
PARAMETRIC_REPRESENTATION_CONTEXT() REPRESENTATION_CONTEXT('2D SPACE',''
  ) );
#1427 = PCURVE('',#340,#1428);
#1428 = DEFINITIONAL_REPRESENTATION('',(#1429),#1433);
#1429 = LINE('',#1430,#1431);
#1430 = CARTESIAN_POINT('',(7.771561172376E-16,2.12132034356));
#1431 = VECTOR('',#1432,1.);
#1432 = DIRECTION('',(0.,1.));
#1433 = ( GEOMETRIC_REPRESENTATION_CONTEXT(2) 
PARAMETRIC_REPRESENTATION_CONTEXT() REPRESENTATION_CONTEXT('2D SPACE',''
  ) );
#1434 = ORIENTED_EDGE('',*,*,#294,.F.);
#1435 = ORIENTED_EDGE('',*,*,#477,.F.);
#1436 = ORIENTED_EDGE('',*,*,#454,.T.);
#1437 = ORIENTED_EDGE('',*,*,#1438,.T.);
#1438 = EDGE_CURVE('',#427,#1439,#1441,.T.);
#1439 = VERTEX_POINT('',#1440);
#1440 = CARTESIAN_POINT('',(31.,-11.31717597601,-9.998076211353));
#1441 = SURFACE_CURVE('',#1442,(#1446,#1453),.PCURVE_S1.);
#1442 = LINE('',#1443,#1444);
#1443 = CARTESIAN_POINT('',(30.5,-11.06717597601,-10.43108891324));
#1444 = VECTOR('',#1445,1.);
#1445 = DIRECTION('',(0.707106781187,-0.353553390593,0.612372435696));
#1446 = PCURVE('',#312,#1447);
#1447 = DEFINITIONAL_REPRESENTATION('',(#1448),#1452);
#1448 = LINE('',#1449,#1450);
#1449 = CARTESIAN_POINT('',(-0.5,-0.5));
#1450 = VECTOR('',#1451,1.);
#1451 = DIRECTION('',(0.707106781187,-0.707106781187));
#1452 = ( GEOMETRIC_REPRESENTATION_CONTEXT(2) 
PARAMETRIC_REPRESENTATION_CONTEXT() REPRESENTATION_CONTEXT('2D SPACE',''
  ) );
#1453 = PCURVE('',#442,#1454);
#1454 = DEFINITIONAL_REPRESENTATION('',(#1455),#1459);
#1455 = LINE('',#1456,#1457);
#1456 = CARTESIAN_POINT('',(2.8,-3.330669073875E-16));
#1457 = VECTOR('',#1458,1.);
#1458 = DIRECTION('',(-5.551115123126E-17,1.));
#1459 = ( GEOMETRIC_REPRESENTATION_CONTEXT(2) 
PARAMETRIC_REPRESENTATION_CONTEXT() REPRESENTATION_CONTEXT('2D SPACE',''
  ) );
#1460 = ORIENTED_EDGE('',*,*,#1461,.T.);
#1461 = EDGE_CURVE('',#1439,#1462,#1464,.T.);
#1462 = VERTEX_POINT('',#1463);
#1463 = CARTESIAN_POINT('',(34.,-11.31717597601,-9.998076211353));
#1464 = SURFACE_CURVE('',#1465,(#1469,#1476),.PCURVE_S1.);
#1465 = LINE('',#1466,#1467);
#1466 = CARTESIAN_POINT('',(30.,-11.31717597601,-9.998076211353));
#1467 = VECTOR('',#1468,1.);
#1468 = DIRECTION('',(1.,0.,0.));
#1469 = PCURVE('',#312,#1470);
#1470 = DEFINITIONAL_REPRESENTATION('',(#1471),#1475);
#1471 = LINE('',#1472,#1473);
#1472 = CARTESIAN_POINT('',(0.,0.));
#1473 = VECTOR('',#1474,1.);
#1474 = DIRECTION('',(0.,-1.));
#1475 = ( GEOMETRIC_REPRESENTATION_CONTEXT(2) 
PARAMETRIC_REPRESENTATION_CONTEXT() REPRESENTATION_CONTEXT('2D SPACE',''
  ) );
#1476 = PCURVE('',#1477,#1482);
#1477 = PLANE('',#1478);
#1478 = AXIS2_PLACEMENT_3D('',#1479,#1480,#1481);
#1479 = CARTESIAN_POINT('',(30.,-8.892304845413,-8.598076211353));
#1480 = DIRECTION('',(0.,0.5,-0.866025403784));
#1481 = DIRECTION('',(0.,-0.866025403784,-0.5));
#1482 = DEFINITIONAL_REPRESENTATION('',(#1483),#1487);
#1483 = LINE('',#1484,#1485);
#1484 = CARTESIAN_POINT('',(2.8,0.));
#1485 = VECTOR('',#1486,1.);
#1486 = DIRECTION('',(0.,-1.));
#1487 = ( GEOMETRIC_REPRESENTATION_CONTEXT(2) 
PARAMETRIC_REPRESENTATION_CONTEXT() REPRESENTATION_CONTEXT('2D SPACE',''
  ) );
#1488 = ORIENTED_EDGE('',*,*,#1489,.T.);
#1489 = EDGE_CURVE('',#1462,#1490,#1492,.T.);
#1490 = VERTEX_POINT('',#1491);
#1491 = CARTESIAN_POINT('',(34.,-11.40988469486,-9.8375));
#1492 = SURFACE_CURVE('',#1493,(#1497,#1504),.PCURVE_S1.);
#1493 = LINE('',#1494,#1495);
#1494 = CARTESIAN_POINT('',(34.,-11.31717597601,-9.998076211353));
#1495 = VECTOR('',#1496,1.);
#1496 = DIRECTION('',(0.,-0.5,0.866025403784));
#1497 = PCURVE('',#312,#1498);
#1498 = DEFINITIONAL_REPRESENTATION('',(#1499),#1503);
#1499 = LINE('',#1500,#1501);
#1500 = CARTESIAN_POINT('',(0.,-4.));
#1501 = VECTOR('',#1502,1.);
#1502 = DIRECTION('',(1.,0.));
#1503 = ( GEOMETRIC_REPRESENTATION_CONTEXT(2) 
PARAMETRIC_REPRESENTATION_CONTEXT() REPRESENTATION_CONTEXT('2D SPACE',''
  ) );
#1504 = PCURVE('',#1505,#1510);
#1505 = PLANE('',#1506);
#1506 = AXIS2_PLACEMENT_3D('',#1507,#1508,#1509);
#1507 = CARTESIAN_POINT('',(34.,-11.60474041071,-6.7));
#1508 = DIRECTION('',(1.,0.,0.));
#1509 = DIRECTION('',(0.,-0.866025403784,-0.5));
#1510 = DEFINITIONAL_REPRESENTATION('',(#1511),#1515);
#1511 = LINE('',#1512,#1513);
#1512 = CARTESIAN_POINT('',(1.4,3.));
#1513 = VECTOR('',#1514,1.);
#1514 = DIRECTION('',(0.,-1.));
#1515 = ( GEOMETRIC_REPRESENTATION_CONTEXT(2) 
PARAMETRIC_REPRESENTATION_CONTEXT() REPRESENTATION_CONTEXT('2D SPACE',''
  ) );
#1516 = ORIENTED_EDGE('',*,*,#1517,.F.);
#1517 = EDGE_CURVE('',#1518,#1490,#1520,.T.);
#1518 = VERTEX_POINT('',#1519);
#1519 = CARTESIAN_POINT('',(33.374999999998,-11.40988469486,-9.8375));
#1520 = SURFACE_CURVE('',#1521,(#1525,#1532),.PCURVE_S1.);
#1521 = LINE('',#1522,#1523);
#1522 = CARTESIAN_POINT('',(31.687499999999,-11.40988469486,
    -9.837499999999));
#1523 = VECTOR('',#1524,1.);
#1524 = DIRECTION('',(1.,2.03665E-13,-3.527581277235E-13));
#1525 = PCURVE('',#312,#1526);
#1526 = DEFINITIONAL_REPRESENTATION('',(#1527),#1531);
#1527 = LINE('',#1528,#1529);
#1528 = CARTESIAN_POINT('',(0.185417437702,-1.687499999999));
#1529 = VECTOR('',#1530,1.);
#1530 = DIRECTION('',(-4.0733E-13,-1.));
#1531 = ( GEOMETRIC_REPRESENTATION_CONTEXT(2) 
PARAMETRIC_REPRESENTATION_CONTEXT() REPRESENTATION_CONTEXT('2D SPACE',''
  ) );
#1532 = PCURVE('',#1533,#1538);
#1533 = PLANE('',#1534);
#1534 = AXIS2_PLACEMENT_3D('',#1535,#1536,#1537);
#1535 = CARTESIAN_POINT('',(33.374999999998,-8.985013564264,-8.4375));
#1536 = DIRECTION('',(4.0733E-13,-0.5,0.866025403784));
#1537 = DIRECTION('',(1.,2.03665E-13,-3.527581277235E-13));
#1538 = DEFINITIONAL_REPRESENTATION('',(#1539),#1543);
#1539 = LINE('',#1540,#1541);
#1540 = CARTESIAN_POINT('',(-1.687499999999,-2.8));
#1541 = VECTOR('',#1542,1.);
#1542 = DIRECTION('',(1.,-2.524354896707E-29));
#1543 = ( GEOMETRIC_REPRESENTATION_CONTEXT(2) 
PARAMETRIC_REPRESENTATION_CONTEXT() REPRESENTATION_CONTEXT('2D SPACE',''
  ) );
#1544 = ORIENTED_EDGE('',*,*,#1545,.F.);
#1545 = EDGE_CURVE('',#1546,#1518,#1548,.T.);
#1546 = VERTEX_POINT('',#1547);
#1547 = CARTESIAN_POINT('',(31.749999999999,-12.81717597601,
    -7.399999999998));
#1548 = SURFACE_CURVE('',#1549,(#1553,#1560),.PCURVE_S1.);
#1549 = LINE('',#1550,#1551);
#1550 = CARTESIAN_POINT('',(32.180769052838,-12.44411903308,
    -8.046153579257));
#1551 = VECTOR('',#1552,1.);
#1552 = DIRECTION('',(0.499999999999,0.433012701892,-0.75));
#1553 = PCURVE('',#312,#1554);
#1554 = DEFINITIONAL_REPRESENTATION('',(#1555),#1559);
#1555 = LINE('',#1556,#1557);
#1556 = CARTESIAN_POINT('',(2.253886114156,-2.180769052838));
#1557 = VECTOR('',#1558,1.);
#1558 = DIRECTION('',(-0.866025403785,-0.499999999999));
#1559 = ( GEOMETRIC_REPRESENTATION_CONTEXT(2) 
PARAMETRIC_REPRESENTATION_CONTEXT() REPRESENTATION_CONTEXT('2D SPACE',''
  ) );
#1560 = PCURVE('',#1561,#1566);
#1561 = PLANE('',#1562);
#1562 = AXIS2_PLACEMENT_3D('',#1563,#1564,#1565);
#1563 = CARTESIAN_POINT('',(31.749999999999,-10.39230484541,
    -5.999999999998));
#1564 = DIRECTION('',(0.866025403785,-0.25,0.433012701892));
#1565 = DIRECTION('',(0.499999999999,0.433012701892,-0.75));
#1566 = DEFINITIONAL_REPRESENTATION('',(#1567),#1571);
#1567 = LINE('',#1568,#1569);
#1568 = CARTESIAN_POINT('',(0.861538105679,-2.8));
#1569 = VECTOR('',#1570,1.);
#1570 = DIRECTION('',(1.,0.));
#1571 = ( GEOMETRIC_REPRESENTATION_CONTEXT(2) 
PARAMETRIC_REPRESENTATION_CONTEXT() REPRESENTATION_CONTEXT('2D SPACE',''
  ) );
#1572 = ORIENTED_EDGE('',*,*,#1573,.F.);
#1573 = EDGE_CURVE('',#1574,#1546,#1576,.T.);
#1574 = VERTEX_POINT('',#1575);
#1575 = CARTESIAN_POINT('',(33.375000000003,-14.22446725716,
    -4.962499999998));
#1576 = SURFACE_CURVE('',#1577,(#1581,#1588),.PCURVE_S1.);
#1577 = LINE('',#1578,#1579);
#1578 = CARTESIAN_POINT('',(31.694230947161,-12.7688785595,
    -7.483653579255));
#1579 = VECTOR('',#1580,1.);
#1580 = DIRECTION('',(-0.500000000001,0.433012701892,-0.75));
#1581 = PCURVE('',#312,#1582);
#1582 = DEFINITIONAL_REPRESENTATION('',(#1583),#1587);
#1583 = LINE('',#1584,#1585);
#1584 = CARTESIAN_POINT('',(2.903405166997,-1.694230947161));
#1585 = VECTOR('',#1586,1.);
#1586 = DIRECTION('',(-0.866025403784,0.500000000001));
#1587 = ( GEOMETRIC_REPRESENTATION_CONTEXT(2) 
PARAMETRIC_REPRESENTATION_CONTEXT() REPRESENTATION_CONTEXT('2D SPACE',''
  ) );
#1588 = PCURVE('',#1589,#1594);
#1589 = PLANE('',#1590);
#1590 = AXIS2_PLACEMENT_3D('',#1591,#1592,#1593);
#1591 = CARTESIAN_POINT('',(33.375000000003,-11.79959612656,
    -3.562499999998));
#1592 = DIRECTION('',(0.866025403784,0.25,-0.433012701893));
#1593 = DIRECTION('',(-0.500000000001,0.433012701892,-0.75));
#1594 = DEFINITIONAL_REPRESENTATION('',(#1595),#1599);
#1595 = LINE('',#1596,#1597);
#1596 = CARTESIAN_POINT('',(3.361538105678,-2.8));
#1597 = VECTOR('',#1598,1.);
#1598 = DIRECTION('',(1.,-5.551115123126E-17));
#1599 = ( GEOMETRIC_REPRESENTATION_CONTEXT(2) 
PARAMETRIC_REPRESENTATION_CONTEXT() REPRESENTATION_CONTEXT('2D SPACE',''
  ) );
#1600 = ORIENTED_EDGE('',*,*,#1601,.F.);
#1601 = EDGE_CURVE('',#1602,#1574,#1604,.T.);
#1602 = VERTEX_POINT('',#1603);
#1603 = CARTESIAN_POINT('',(34.,-14.22446725716,-4.962499999997));
#1604 = SURFACE_CURVE('',#1605,(#1609,#1616),.PCURVE_S1.);
#1605 = LINE('',#1606,#1607);
#1606 = CARTESIAN_POINT('',(33.3125,-14.22446725716,-4.962499999998));
#1607 = VECTOR('',#1608,1.);
#1608 = DIRECTION('',(-1.,4.08085E-13,-7.068239538067E-13));
#1609 = PCURVE('',#312,#1610);
#1610 = DEFINITIONAL_REPRESENTATION('',(#1611),#1615);
#1611 = LINE('',#1612,#1613);
#1612 = CARTESIAN_POINT('',(5.814582562302,-3.3125));
#1613 = VECTOR('',#1614,1.);
#1614 = DIRECTION('',(-8.1617E-13,1.));
#1615 = ( GEOMETRIC_REPRESENTATION_CONTEXT(2) 
PARAMETRIC_REPRESENTATION_CONTEXT() REPRESENTATION_CONTEXT('2D SPACE',''
  ) );
#1616 = PCURVE('',#1617,#1622);
#1617 = PLANE('',#1618);
#1618 = AXIS2_PLACEMENT_3D('',#1619,#1620,#1621);
#1619 = CARTESIAN_POINT('',(36.625000000004,-11.79959612656,
    -3.562499999996));
#1620 = DIRECTION('',(8.1617E-13,0.5,-0.866025403784));
#1621 = DIRECTION('',(-1.,4.08085E-13,-7.068239538067E-13));
#1622 = DEFINITIONAL_REPRESENTATION('',(#1623),#1627);
#1623 = LINE('',#1624,#1625);
#1624 = CARTESIAN_POINT('',(3.312500000004,-2.8));
#1625 = VECTOR('',#1626,1.);
#1626 = DIRECTION('',(1.,-0.));
#1627 = ( GEOMETRIC_REPRESENTATION_CONTEXT(2) 
PARAMETRIC_REPRESENTATION_CONTEXT() REPRESENTATION_CONTEXT('2D SPACE',''
  ) );
#1628 = ORIENTED_EDGE('',*,*,#1629,.T.);
#1629 = EDGE_CURVE('',#1602,#1387,#1630,.T.);
#1630 = SURFACE_CURVE('',#1631,(#1635,#1642),.PCURVE_S1.);
#1631 = LINE('',#1632,#1633);
#1632 = CARTESIAN_POINT('',(34.,-11.31717597601,-9.998076211353));
#1633 = VECTOR('',#1634,1.);
#1634 = DIRECTION('',(0.,-0.5,0.866025403784));
#1635 = PCURVE('',#312,#1636);
#1636 = DEFINITIONAL_REPRESENTATION('',(#1637),#1641);
#1637 = LINE('',#1638,#1639);
#1638 = CARTESIAN_POINT('',(0.,-4.));
#1639 = VECTOR('',#1640,1.);
#1640 = DIRECTION('',(1.,0.));
#1641 = ( GEOMETRIC_REPRESENTATION_CONTEXT(2) 
PARAMETRIC_REPRESENTATION_CONTEXT() REPRESENTATION_CONTEXT('2D SPACE',''
  ) );
#1642 = PCURVE('',#1643,#1648);
#1643 = PLANE('',#1644);
#1644 = AXIS2_PLACEMENT_3D('',#1645,#1646,#1647);
#1645 = CARTESIAN_POINT('',(34.,-11.60474041071,-6.7));
#1646 = DIRECTION('',(1.,0.,0.));
#1647 = DIRECTION('',(0.,-0.866025403784,-0.5));
#1648 = DEFINITIONAL_REPRESENTATION('',(#1649),#1653);
#1649 = LINE('',#1650,#1651);
#1650 = CARTESIAN_POINT('',(1.4,3.));
#1651 = VECTOR('',#1652,1.);
#1652 = DIRECTION('',(0.,-1.));
#1653 = ( GEOMETRIC_REPRESENTATION_CONTEXT(2) 
PARAMETRIC_REPRESENTATION_CONTEXT() REPRESENTATION_CONTEXT('2D SPACE',''
  ) );
#1654 = ADVANCED_FACE('',(#1655),#340,.T.);
#1655 = FACE_BOUND('',#1656,.T.);
#1656 = EDGE_LOOP('',(#1657,#1658,#1659,#1682));
#1657 = ORIENTED_EDGE('',*,*,#1414,.F.);
#1658 = ORIENTED_EDGE('',*,*,#324,.T.);
#1659 = ORIENTED_EDGE('',*,*,#1660,.T.);
#1660 = EDGE_CURVE('',#325,#1661,#1663,.T.);
#1661 = VERTEX_POINT('',#1662);
#1662 = CARTESIAN_POINT('',(31.,-11.89230484541,-3.401923788647));
#1663 = SURFACE_CURVE('',#1664,(#1668,#1675),.PCURVE_S1.);
#1664 = LINE('',#1665,#1666);
#1665 = CARTESIAN_POINT('',(30.5,-12.14230484541,-2.968911086754));
#1666 = VECTOR('',#1667,1.);
#1667 = DIRECTION('',(0.707106781187,0.353553390593,-0.612372435696));
#1668 = PCURVE('',#340,#1669);
#1669 = DEFINITIONAL_REPRESENTATION('',(#1670),#1674);
#1670 = LINE('',#1671,#1672);
#1671 = CARTESIAN_POINT('',(2.8,1.110223024625E-16));
#1672 = VECTOR('',#1673,1.);
#1673 = DIRECTION('',(0.,1.));
#1674 = ( GEOMETRIC_REPRESENTATION_CONTEXT(2) 
PARAMETRIC_REPRESENTATION_CONTEXT() REPRESENTATION_CONTEXT('2D SPACE',''
  ) );
#1675 = PCURVE('',#368,#1676);
#1676 = DEFINITIONAL_REPRESENTATION('',(#1677),#1681);
#1677 = LINE('',#1678,#1679);
#1678 = CARTESIAN_POINT('',(-0.5,-0.5));
#1679 = VECTOR('',#1680,1.);
#1680 = DIRECTION('',(0.707106781187,-0.707106781187));
#1681 = ( GEOMETRIC_REPRESENTATION_CONTEXT(2) 
PARAMETRIC_REPRESENTATION_CONTEXT() REPRESENTATION_CONTEXT('2D SPACE',''
  ) );
#1682 = ORIENTED_EDGE('',*,*,#1683,.F.);
#1683 = EDGE_CURVE('',#1385,#1661,#1684,.T.);
#1684 = SURFACE_CURVE('',#1685,(#1689,#1696),.PCURVE_S1.);
#1685 = LINE('',#1686,#1687);
#1686 = CARTESIAN_POINT('',(31.,-14.31717597601,-4.801923788647));
#1687 = VECTOR('',#1688,1.);
#1688 = DIRECTION('',(0.,0.866025403784,0.5));
#1689 = PCURVE('',#340,#1690);
#1690 = DEFINITIONAL_REPRESENTATION('',(#1691),#1695);
#1691 = LINE('',#1692,#1693);
#1692 = CARTESIAN_POINT('',(-5.551115123126E-17,0.707106781187));
#1693 = VECTOR('',#1694,1.);
#1694 = DIRECTION('',(1.,-1.110223024625E-16));
#1695 = ( GEOMETRIC_REPRESENTATION_CONTEXT(2) 
PARAMETRIC_REPRESENTATION_CONTEXT() REPRESENTATION_CONTEXT('2D SPACE',''
  ) );
#1696 = PCURVE('',#1402,#1697);
#1697 = DEFINITIONAL_REPRESENTATION('',(#1698),#1702);
#1698 = LINE('',#1699,#1700);
#1699 = CARTESIAN_POINT('',(0.,-1.));
#1700 = VECTOR('',#1701,1.);
#1701 = DIRECTION('',(1.,0.));
#1702 = ( GEOMETRIC_REPRESENTATION_CONTEXT(2) 
PARAMETRIC_REPRESENTATION_CONTEXT() REPRESENTATION_CONTEXT('2D SPACE',''
  ) );
#1703 = ADVANCED_FACE('',(#1704),#368,.F.);
#1704 = FACE_BOUND('',#1705,.F.);
#1705 = EDGE_LOOP('',(#1706,#1731,#1752,#1753,#1754,#1755,#1756,#1779,
    #1802,#1830,#1853,#1876,#1899));
#1706 = ORIENTED_EDGE('',*,*,#1707,.F.);
#1707 = EDGE_CURVE('',#1708,#1710,#1712,.T.);
#1708 = VERTEX_POINT('',#1709);
#1709 = CARTESIAN_POINT('',(31.,-8.892304845413,-8.598076211353));
#1710 = VERTEX_POINT('',#1711);
#1711 = CARTESIAN_POINT('',(34.,-8.892304845413,-8.598076211353));
#1712 = SURFACE_CURVE('',#1713,(#1717,#1724),.PCURVE_S1.);
#1713 = LINE('',#1714,#1715);
#1714 = CARTESIAN_POINT('',(30.,-8.892304845413,-8.598076211353));
#1715 = VECTOR('',#1716,1.);
#1716 = DIRECTION('',(1.,0.,0.));
#1717 = PCURVE('',#368,#1718);
#1718 = DEFINITIONAL_REPRESENTATION('',(#1719),#1723);
#1719 = LINE('',#1720,#1721);
#1720 = CARTESIAN_POINT('',(6.,0.));
#1721 = VECTOR('',#1722,1.);
#1722 = DIRECTION('',(0.,-1.));
#1723 = ( GEOMETRIC_REPRESENTATION_CONTEXT(2) 
PARAMETRIC_REPRESENTATION_CONTEXT() REPRESENTATION_CONTEXT('2D SPACE',''
  ) );
#1724 = PCURVE('',#1477,#1725);
#1725 = DEFINITIONAL_REPRESENTATION('',(#1726),#1730);
#1726 = LINE('',#1727,#1728);
#1727 = CARTESIAN_POINT('',(0.,0.));
#1728 = VECTOR('',#1729,1.);
#1729 = DIRECTION('',(0.,-1.));
#1730 = ( GEOMETRIC_REPRESENTATION_CONTEXT(2) 
PARAMETRIC_REPRESENTATION_CONTEXT() REPRESENTATION_CONTEXT('2D SPACE',''
  ) );
#1731 = ORIENTED_EDGE('',*,*,#1732,.F.);
#1732 = EDGE_CURVE('',#404,#1708,#1733,.T.);
#1733 = SURFACE_CURVE('',#1734,(#1738,#1745),.PCURVE_S1.);
#1734 = LINE('',#1735,#1736);
#1735 = CARTESIAN_POINT('',(32.,-9.392304845413,-7.732050807569));
#1736 = VECTOR('',#1737,1.);
#1737 = DIRECTION('',(0.707106781187,-0.353553390593,0.612372435696));
#1738 = PCURVE('',#368,#1739);
#1739 = DEFINITIONAL_REPRESENTATION('',(#1740),#1744);
#1740 = LINE('',#1741,#1742);
#1741 = CARTESIAN_POINT('',(5.,-2.));
#1742 = VECTOR('',#1743,1.);
#1743 = DIRECTION('',(-0.707106781187,-0.707106781187));
#1744 = ( GEOMETRIC_REPRESENTATION_CONTEXT(2) 
PARAMETRIC_REPRESENTATION_CONTEXT() REPRESENTATION_CONTEXT('2D SPACE',''
  ) );
#1745 = PCURVE('',#442,#1746);
#1746 = DEFINITIONAL_REPRESENTATION('',(#1747),#1751);
#1747 = LINE('',#1748,#1749);
#1748 = CARTESIAN_POINT('',(-1.110223024625E-16,2.12132034356));
#1749 = VECTOR('',#1750,1.);
#1750 = DIRECTION('',(-5.551115123126E-17,1.));
#1751 = ( GEOMETRIC_REPRESENTATION_CONTEXT(2) 
PARAMETRIC_REPRESENTATION_CONTEXT() REPRESENTATION_CONTEXT('2D SPACE',''
  ) );
#1752 = ORIENTED_EDGE('',*,*,#403,.F.);
#1753 = ORIENTED_EDGE('',*,*,#380,.F.);
#1754 = ORIENTED_EDGE('',*,*,#352,.T.);
#1755 = ORIENTED_EDGE('',*,*,#1660,.T.);
#1756 = ORIENTED_EDGE('',*,*,#1757,.T.);
#1757 = EDGE_CURVE('',#1661,#1758,#1760,.T.);
#1758 = VERTEX_POINT('',#1759);
#1759 = CARTESIAN_POINT('',(34.,-11.89230484541,-3.401923788647));
#1760 = SURFACE_CURVE('',#1761,(#1765,#1772),.PCURVE_S1.);
#1761 = LINE('',#1762,#1763);
#1762 = CARTESIAN_POINT('',(30.,-11.89230484541,-3.401923788647));
#1763 = VECTOR('',#1764,1.);
#1764 = DIRECTION('',(1.,0.,0.));
#1765 = PCURVE('',#368,#1766);
#1766 = DEFINITIONAL_REPRESENTATION('',(#1767),#1771);
#1767 = LINE('',#1768,#1769);
#1768 = CARTESIAN_POINT('',(0.,-0.));
#1769 = VECTOR('',#1770,1.);
#1770 = DIRECTION('',(0.,-1.));
#1771 = ( GEOMETRIC_REPRESENTATION_CONTEXT(2) 
PARAMETRIC_REPRESENTATION_CONTEXT() REPRESENTATION_CONTEXT('2D SPACE',''
  ) );
#1772 = PCURVE('',#1402,#1773);
#1773 = DEFINITIONAL_REPRESENTATION('',(#1774),#1778);
#1774 = LINE('',#1775,#1776);
#1775 = CARTESIAN_POINT('',(2.8,0.));
#1776 = VECTOR('',#1777,1.);
#1777 = DIRECTION('',(0.,-1.));
#1778 = ( GEOMETRIC_REPRESENTATION_CONTEXT(2) 
PARAMETRIC_REPRESENTATION_CONTEXT() REPRESENTATION_CONTEXT('2D SPACE',''
  ) );
#1779 = ORIENTED_EDGE('',*,*,#1780,.T.);
#1780 = EDGE_CURVE('',#1758,#1781,#1783,.T.);
#1781 = VERTEX_POINT('',#1782);
#1782 = CARTESIAN_POINT('',(34.,-11.79959612656,-3.562499999997));
#1783 = SURFACE_CURVE('',#1784,(#1788,#1795),.PCURVE_S1.);
#1784 = LINE('',#1785,#1786);
#1785 = CARTESIAN_POINT('',(34.,-11.89230484541,-3.401923788647));
#1786 = VECTOR('',#1787,1.);
#1787 = DIRECTION('',(0.,0.5,-0.866025403784));
#1788 = PCURVE('',#368,#1789);
#1789 = DEFINITIONAL_REPRESENTATION('',(#1790),#1794);
#1790 = LINE('',#1791,#1792);
#1791 = CARTESIAN_POINT('',(0.,-4.));
#1792 = VECTOR('',#1793,1.);
#1793 = DIRECTION('',(1.,0.));
#1794 = ( GEOMETRIC_REPRESENTATION_CONTEXT(2) 
PARAMETRIC_REPRESENTATION_CONTEXT() REPRESENTATION_CONTEXT('2D SPACE',''
  ) );
#1795 = PCURVE('',#1643,#1796);
#1796 = DEFINITIONAL_REPRESENTATION('',(#1797),#1801);
#1797 = LINE('',#1798,#1799);
#1798 = CARTESIAN_POINT('',(-1.4,-3.));
#1799 = VECTOR('',#1800,1.);
#1800 = DIRECTION('',(0.,1.));
#1801 = ( GEOMETRIC_REPRESENTATION_CONTEXT(2) 
PARAMETRIC_REPRESENTATION_CONTEXT() REPRESENTATION_CONTEXT('2D SPACE',''
  ) );
#1802 = ORIENTED_EDGE('',*,*,#1803,.T.);
#1803 = EDGE_CURVE('',#1781,#1804,#1806,.T.);
#1804 = VERTEX_POINT('',#1805);
#1805 = CARTESIAN_POINT('',(33.375000000003,-11.79959612656,
    -3.562499999998));
#1806 = SURFACE_CURVE('',#1807,(#1811,#1818),.PCURVE_S1.);
#1807 = LINE('',#1808,#1809);
#1808 = CARTESIAN_POINT('',(36.625000000004,-11.79959612656,
    -3.562499999996));
#1809 = VECTOR('',#1810,1.);
#1810 = DIRECTION('',(-1.,4.08085E-13,-7.068239538067E-13));
#1811 = PCURVE('',#368,#1812);
#1812 = DEFINITIONAL_REPRESENTATION('',(#1813),#1817);
#1813 = LINE('',#1814,#1815);
#1814 = CARTESIAN_POINT('',(0.185417437695,-6.625000000004));
#1815 = VECTOR('',#1816,1.);
#1816 = DIRECTION('',(8.1617E-13,1.));
#1817 = ( GEOMETRIC_REPRESENTATION_CONTEXT(2) 
PARAMETRIC_REPRESENTATION_CONTEXT() REPRESENTATION_CONTEXT('2D SPACE',''
  ) );
#1818 = PCURVE('',#1819,#1824);
#1819 = PLANE('',#1820);
#1820 = AXIS2_PLACEMENT_3D('',#1821,#1822,#1823);
#1821 = CARTESIAN_POINT('',(35.000000000001,-10.39230484541,
    -5.999999999999));
#1822 = DIRECTION('',(0.,-0.866025403784,-0.5));
#1823 = DIRECTION('',(1.,0.,0.));
#1824 = DEFINITIONAL_REPRESENTATION('',(#1825),#1829);
#1825 = LINE('',#1826,#1827);
#1826 = CARTESIAN_POINT('',(1.625000000004,2.814582562303));
#1827 = VECTOR('',#1828,1.);
#1828 = DIRECTION('',(-1.,-8.1617E-13));
#1829 = ( GEOMETRIC_REPRESENTATION_CONTEXT(2) 
PARAMETRIC_REPRESENTATION_CONTEXT() REPRESENTATION_CONTEXT('2D SPACE',''
  ) );
#1830 = ORIENTED_EDGE('',*,*,#1831,.T.);
#1831 = EDGE_CURVE('',#1804,#1832,#1834,.T.);
#1832 = VERTEX_POINT('',#1833);
#1833 = CARTESIAN_POINT('',(31.749999999999,-10.39230484541,
    -5.999999999998));
#1834 = SURFACE_CURVE('',#1835,(#1839,#1846),.PCURVE_S1.);
#1835 = LINE('',#1836,#1837);
#1836 = CARTESIAN_POINT('',(33.375000000003,-11.79959612656,
    -3.562499999998));
#1837 = VECTOR('',#1838,1.);
#1838 = DIRECTION('',(-0.500000000001,0.433012701892,-0.75));
#1839 = PCURVE('',#368,#1840);
#1840 = DEFINITIONAL_REPRESENTATION('',(#1841),#1845);
#1841 = LINE('',#1842,#1843);
#1842 = CARTESIAN_POINT('',(0.185417437698,-3.375000000003));
#1843 = VECTOR('',#1844,1.);
#1844 = DIRECTION('',(0.866025403784,0.500000000001));
#1845 = ( GEOMETRIC_REPRESENTATION_CONTEXT(2) 
PARAMETRIC_REPRESENTATION_CONTEXT() REPRESENTATION_CONTEXT('2D SPACE',''
  ) );
#1846 = PCURVE('',#1819,#1847);
#1847 = DEFINITIONAL_REPRESENTATION('',(#1848),#1852);
#1848 = LINE('',#1849,#1850);
#1849 = CARTESIAN_POINT('',(-1.624999999998,2.8145825623));
#1850 = VECTOR('',#1851,1.);
#1851 = DIRECTION('',(-0.500000000001,-0.866025403784));
#1852 = ( GEOMETRIC_REPRESENTATION_CONTEXT(2) 
PARAMETRIC_REPRESENTATION_CONTEXT() REPRESENTATION_CONTEXT('2D SPACE',''
  ) );
#1853 = ORIENTED_EDGE('',*,*,#1854,.T.);
#1854 = EDGE_CURVE('',#1832,#1855,#1857,.T.);
#1855 = VERTEX_POINT('',#1856);
#1856 = CARTESIAN_POINT('',(33.374999999998,-8.985013564264,-8.4375));
#1857 = SURFACE_CURVE('',#1858,(#1862,#1869),.PCURVE_S1.);
#1858 = LINE('',#1859,#1860);
#1859 = CARTESIAN_POINT('',(31.749999999999,-10.39230484541,
    -5.999999999998));
#1860 = VECTOR('',#1861,1.);
#1861 = DIRECTION('',(0.499999999999,0.433012701892,-0.75));
#1862 = PCURVE('',#368,#1863);
#1863 = DEFINITIONAL_REPRESENTATION('',(#1864),#1868);
#1864 = LINE('',#1865,#1866);
#1865 = CARTESIAN_POINT('',(2.999999999997,-1.749999999999));
#1866 = VECTOR('',#1867,1.);
#1867 = DIRECTION('',(0.866025403785,-0.499999999999));
#1868 = ( GEOMETRIC_REPRESENTATION_CONTEXT(2) 
PARAMETRIC_REPRESENTATION_CONTEXT() REPRESENTATION_CONTEXT('2D SPACE',''
  ) );
#1869 = PCURVE('',#1819,#1870);
#1870 = DEFINITIONAL_REPRESENTATION('',(#1871),#1875);
#1871 = LINE('',#1872,#1873);
#1872 = CARTESIAN_POINT('',(-3.250000000001,1.001268379295E-12));
#1873 = VECTOR('',#1874,1.);
#1874 = DIRECTION('',(0.499999999999,-0.866025403785));
#1875 = ( GEOMETRIC_REPRESENTATION_CONTEXT(2) 
PARAMETRIC_REPRESENTATION_CONTEXT() REPRESENTATION_CONTEXT('2D SPACE',''
  ) );
#1876 = ORIENTED_EDGE('',*,*,#1877,.T.);
#1877 = EDGE_CURVE('',#1855,#1878,#1880,.T.);
#1878 = VERTEX_POINT('',#1879);
#1879 = CARTESIAN_POINT('',(34.,-8.985013564264,-8.4375));
#1880 = SURFACE_CURVE('',#1881,(#1885,#1892),.PCURVE_S1.);
#1881 = LINE('',#1882,#1883);
#1882 = CARTESIAN_POINT('',(33.374999999998,-8.985013564264,-8.4375));
#1883 = VECTOR('',#1884,1.);
#1884 = DIRECTION('',(1.,2.03665E-13,-3.527581277235E-13));
#1885 = PCURVE('',#368,#1886);
#1886 = DEFINITIONAL_REPRESENTATION('',(#1887),#1891);
#1887 = LINE('',#1888,#1889);
#1888 = CARTESIAN_POINT('',(5.814582562299,-3.374999999998));
#1889 = VECTOR('',#1890,1.);
#1890 = DIRECTION('',(4.0733E-13,-1.));
#1891 = ( GEOMETRIC_REPRESENTATION_CONTEXT(2) 
PARAMETRIC_REPRESENTATION_CONTEXT() REPRESENTATION_CONTEXT('2D SPACE',''
  ) );
#1892 = PCURVE('',#1819,#1893);
#1893 = DEFINITIONAL_REPRESENTATION('',(#1894),#1898);
#1894 = LINE('',#1895,#1896);
#1895 = CARTESIAN_POINT('',(-1.625000000003,-2.814582562301));
#1896 = VECTOR('',#1897,1.);
#1897 = DIRECTION('',(1.,-4.0733E-13));
#1898 = ( GEOMETRIC_REPRESENTATION_CONTEXT(2) 
PARAMETRIC_REPRESENTATION_CONTEXT() REPRESENTATION_CONTEXT('2D SPACE',''
  ) );
#1899 = ORIENTED_EDGE('',*,*,#1900,.T.);
#1900 = EDGE_CURVE('',#1878,#1710,#1901,.T.);
#1901 = SURFACE_CURVE('',#1902,(#1906,#1913),.PCURVE_S1.);
#1902 = LINE('',#1903,#1904);
#1903 = CARTESIAN_POINT('',(34.,-11.89230484541,-3.401923788647));
#1904 = VECTOR('',#1905,1.);
#1905 = DIRECTION('',(0.,0.5,-0.866025403784));
#1906 = PCURVE('',#368,#1907);
#1907 = DEFINITIONAL_REPRESENTATION('',(#1908),#1912);
#1908 = LINE('',#1909,#1910);
#1909 = CARTESIAN_POINT('',(0.,-4.));
#1910 = VECTOR('',#1911,1.);
#1911 = DIRECTION('',(1.,0.));
#1912 = ( GEOMETRIC_REPRESENTATION_CONTEXT(2) 
PARAMETRIC_REPRESENTATION_CONTEXT() REPRESENTATION_CONTEXT('2D SPACE',''
  ) );
#1913 = PCURVE('',#1505,#1914);
#1914 = DEFINITIONAL_REPRESENTATION('',(#1915),#1919);
#1915 = LINE('',#1916,#1917);
#1916 = CARTESIAN_POINT('',(-1.4,-3.));
#1917 = VECTOR('',#1918,1.);
#1918 = DIRECTION('',(0.,1.));
#1919 = ( GEOMETRIC_REPRESENTATION_CONTEXT(2) 
PARAMETRIC_REPRESENTATION_CONTEXT() REPRESENTATION_CONTEXT('2D SPACE',''
  ) );
#1920 = ADVANCED_FACE('',(#1921),#442,.T.);
#1921 = FACE_BOUND('',#1922,.T.);
#1922 = EDGE_LOOP('',(#1923,#1924,#1925,#1926));
#1923 = ORIENTED_EDGE('',*,*,#1732,.F.);
#1924 = ORIENTED_EDGE('',*,*,#426,.T.);
#1925 = ORIENTED_EDGE('',*,*,#1438,.T.);
#1926 = ORIENTED_EDGE('',*,*,#1927,.F.);
#1927 = EDGE_CURVE('',#1708,#1439,#1928,.T.);
#1928 = SURFACE_CURVE('',#1929,(#1933,#1940),.PCURVE_S1.);
#1929 = LINE('',#1930,#1931);
#1930 = CARTESIAN_POINT('',(31.,-8.892304845413,-8.598076211353));
#1931 = VECTOR('',#1932,1.);
#1932 = DIRECTION('',(0.,-0.866025403784,-0.5));
#1933 = PCURVE('',#442,#1934);
#1934 = DEFINITIONAL_REPRESENTATION('',(#1935),#1939);
#1935 = LINE('',#1936,#1937);
#1936 = CARTESIAN_POINT('',(-5.273559366969E-16,0.707106781187));
#1937 = VECTOR('',#1938,1.);
#1938 = DIRECTION('',(1.,-5.551115123126E-17));
#1939 = ( GEOMETRIC_REPRESENTATION_CONTEXT(2) 
PARAMETRIC_REPRESENTATION_CONTEXT() REPRESENTATION_CONTEXT('2D SPACE',''
  ) );
#1940 = PCURVE('',#1477,#1941);
#1941 = DEFINITIONAL_REPRESENTATION('',(#1942),#1946);
#1942 = LINE('',#1943,#1944);
#1943 = CARTESIAN_POINT('',(-1.7763568394E-15,-1.));
#1944 = VECTOR('',#1945,1.);
#1945 = DIRECTION('',(1.,0.));
#1946 = ( GEOMETRIC_REPRESENTATION_CONTEXT(2) 
PARAMETRIC_REPRESENTATION_CONTEXT() REPRESENTATION_CONTEXT('2D SPACE',''
  ) );
#1947 = ADVANCED_FACE('',(#1948),#518,.F.);
#1948 = FACE_BOUND('',#1949,.F.);
#1949 = EDGE_LOOP('',(#1950,#1980,#2001,#2002,#2003,#2004,#2027,#2055,
    #2083,#2111,#2139,#2167,#2195));
#1950 = ORIENTED_EDGE('',*,*,#1951,.F.);
#1951 = EDGE_CURVE('',#1952,#1954,#1956,.T.);
#1952 = VERTEX_POINT('',#1953);
#1953 = CARTESIAN_POINT('',(31.,11.31717597601,-9.998076211353));
#1954 = VERTEX_POINT('',#1955);
#1955 = CARTESIAN_POINT('',(34.,11.31717597601,-9.998076211353));
#1956 = SURFACE_CURVE('',#1957,(#1961,#1968),.PCURVE_S1.);
#1957 = LINE('',#1958,#1959);
#1958 = CARTESIAN_POINT('',(30.,11.31717597601,-9.998076211353));
#1959 = VECTOR('',#1960,1.);
#1960 = DIRECTION('',(1.,0.,0.));
#1961 = PCURVE('',#518,#1962);
#1962 = DEFINITIONAL_REPRESENTATION('',(#1963),#1967);
#1963 = LINE('',#1964,#1965);
#1964 = CARTESIAN_POINT('',(6.,0.));
#1965 = VECTOR('',#1966,1.);
#1966 = DIRECTION('',(0.,-1.));
#1967 = ( GEOMETRIC_REPRESENTATION_CONTEXT(2) 
PARAMETRIC_REPRESENTATION_CONTEXT() REPRESENTATION_CONTEXT('2D SPACE',''
  ) );
#1968 = PCURVE('',#1969,#1974);
#1969 = PLANE('',#1970);
#1970 = AXIS2_PLACEMENT_3D('',#1971,#1972,#1973);
#1971 = CARTESIAN_POINT('',(30.,11.31717597601,-9.998076211353));
#1972 = DIRECTION('',(0.,-0.5,-0.866025403784));
#1973 = DIRECTION('',(0.,-0.866025403784,0.5));
#1974 = DEFINITIONAL_REPRESENTATION('',(#1975),#1979);
#1975 = LINE('',#1976,#1977);
#1976 = CARTESIAN_POINT('',(0.,0.));
#1977 = VECTOR('',#1978,1.);
#1978 = DIRECTION('',(0.,-1.));
#1979 = ( GEOMETRIC_REPRESENTATION_CONTEXT(2) 
PARAMETRIC_REPRESENTATION_CONTEXT() REPRESENTATION_CONTEXT('2D SPACE',''
  ) );
#1980 = ORIENTED_EDGE('',*,*,#1981,.F.);
#1981 = EDGE_CURVE('',#503,#1952,#1982,.T.);
#1982 = SURFACE_CURVE('',#1983,(#1987,#1994),.PCURVE_S1.);
#1983 = LINE('',#1984,#1985);
#1984 = CARTESIAN_POINT('',(32.,11.81717597601,-9.132050807569));
#1985 = VECTOR('',#1986,1.);
#1986 = DIRECTION('',(0.707106781187,0.353553390593,0.612372435696));
#1987 = PCURVE('',#518,#1988);
#1988 = DEFINITIONAL_REPRESENTATION('',(#1989),#1993);
#1989 = LINE('',#1990,#1991);
#1990 = CARTESIAN_POINT('',(5.,-2.));
#1991 = VECTOR('',#1992,1.);
#1992 = DIRECTION('',(-0.707106781187,-0.707106781187));
#1993 = ( GEOMETRIC_REPRESENTATION_CONTEXT(2) 
PARAMETRIC_REPRESENTATION_CONTEXT() REPRESENTATION_CONTEXT('2D SPACE',''
  ) );
#1994 = PCURVE('',#546,#1995);
#1995 = DEFINITIONAL_REPRESENTATION('',(#1996),#2000);
#1996 = LINE('',#1997,#1998);
#1997 = CARTESIAN_POINT('',(-9.992007221626E-16,2.12132034356));
#1998 = VECTOR('',#1999,1.);
#1999 = DIRECTION('',(0.,1.));
#2000 = ( GEOMETRIC_REPRESENTATION_CONTEXT(2) 
PARAMETRIC_REPRESENTATION_CONTEXT() REPRESENTATION_CONTEXT('2D SPACE',''
  ) );
#2001 = ORIENTED_EDGE('',*,*,#500,.F.);
#2002 = ORIENTED_EDGE('',*,*,#683,.F.);
#2003 = ORIENTED_EDGE('',*,*,#660,.T.);
#2004 = ORIENTED_EDGE('',*,*,#2005,.T.);
#2005 = EDGE_CURVE('',#633,#2006,#2008,.T.);
#2006 = VERTEX_POINT('',#2007);
#2007 = CARTESIAN_POINT('',(31.,14.31717597601,-4.801923788647));
#2008 = SURFACE_CURVE('',#2009,(#2013,#2020),.PCURVE_S1.);
#2009 = LINE('',#2010,#2011);
#2010 = CARTESIAN_POINT('',(30.5,14.56717597601,-4.368911086754));
#2011 = VECTOR('',#2012,1.);
#2012 = DIRECTION('',(0.707106781187,-0.353553390593,-0.612372435696));
#2013 = PCURVE('',#518,#2014);
#2014 = DEFINITIONAL_REPRESENTATION('',(#2015),#2019);
#2015 = LINE('',#2016,#2017);
#2016 = CARTESIAN_POINT('',(-0.5,-0.5));
#2017 = VECTOR('',#2018,1.);
#2018 = DIRECTION('',(0.707106781187,-0.707106781187));
#2019 = ( GEOMETRIC_REPRESENTATION_CONTEXT(2) 
PARAMETRIC_REPRESENTATION_CONTEXT() REPRESENTATION_CONTEXT('2D SPACE',''
  ) );
#2020 = PCURVE('',#648,#2021);
#2021 = DEFINITIONAL_REPRESENTATION('',(#2022),#2026);
#2022 = LINE('',#2023,#2024);
#2023 = CARTESIAN_POINT('',(2.8,7.771561172376E-16));
#2024 = VECTOR('',#2025,1.);
#2025 = DIRECTION('',(0.,1.));
#2026 = ( GEOMETRIC_REPRESENTATION_CONTEXT(2) 
PARAMETRIC_REPRESENTATION_CONTEXT() REPRESENTATION_CONTEXT('2D SPACE',''
  ) );
#2027 = ORIENTED_EDGE('',*,*,#2028,.T.);
#2028 = EDGE_CURVE('',#2006,#2029,#2031,.T.);
#2029 = VERTEX_POINT('',#2030);
#2030 = CARTESIAN_POINT('',(34.,14.31717597601,-4.801923788647));
#2031 = SURFACE_CURVE('',#2032,(#2036,#2043),.PCURVE_S1.);
#2032 = LINE('',#2033,#2034);
#2033 = CARTESIAN_POINT('',(30.,14.31717597601,-4.801923788647));
#2034 = VECTOR('',#2035,1.);
#2035 = DIRECTION('',(1.,0.,0.));
#2036 = PCURVE('',#518,#2037);
#2037 = DEFINITIONAL_REPRESENTATION('',(#2038),#2042);
#2038 = LINE('',#2039,#2040);
#2039 = CARTESIAN_POINT('',(0.,0.));
#2040 = VECTOR('',#2041,1.);
#2041 = DIRECTION('',(0.,-1.));
#2042 = ( GEOMETRIC_REPRESENTATION_CONTEXT(2) 
PARAMETRIC_REPRESENTATION_CONTEXT() REPRESENTATION_CONTEXT('2D SPACE',''
  ) );
#2043 = PCURVE('',#2044,#2049);
#2044 = PLANE('',#2045);
#2045 = AXIS2_PLACEMENT_3D('',#2046,#2047,#2048);
#2046 = CARTESIAN_POINT('',(30.,11.892304845413,-3.401923788647));
#2047 = DIRECTION('',(0.,0.5,0.866025403784));
#2048 = DIRECTION('',(0.,0.866025403784,-0.5));
#2049 = DEFINITIONAL_REPRESENTATION('',(#2050),#2054);
#2050 = LINE('',#2051,#2052);
#2051 = CARTESIAN_POINT('',(2.8,0.));
#2052 = VECTOR('',#2053,1.);
#2053 = DIRECTION('',(0.,-1.));
#2054 = ( GEOMETRIC_REPRESENTATION_CONTEXT(2) 
PARAMETRIC_REPRESENTATION_CONTEXT() REPRESENTATION_CONTEXT('2D SPACE',''
  ) );
#2055 = ORIENTED_EDGE('',*,*,#2056,.T.);
#2056 = EDGE_CURVE('',#2029,#2057,#2059,.T.);
#2057 = VERTEX_POINT('',#2058);
#2058 = CARTESIAN_POINT('',(34.,14.224467257159,-4.9625));
#2059 = SURFACE_CURVE('',#2060,(#2064,#2071),.PCURVE_S1.);
#2060 = LINE('',#2061,#2062);
#2061 = CARTESIAN_POINT('',(34.,14.31717597601,-4.801923788647));
#2062 = VECTOR('',#2063,1.);
#2063 = DIRECTION('',(0.,-0.5,-0.866025403784));
#2064 = PCURVE('',#518,#2065);
#2065 = DEFINITIONAL_REPRESENTATION('',(#2066),#2070);
#2066 = LINE('',#2067,#2068);
#2067 = CARTESIAN_POINT('',(0.,-4.));
#2068 = VECTOR('',#2069,1.);
#2069 = DIRECTION('',(1.,0.));
#2070 = ( GEOMETRIC_REPRESENTATION_CONTEXT(2) 
PARAMETRIC_REPRESENTATION_CONTEXT() REPRESENTATION_CONTEXT('2D SPACE',''
  ) );
#2071 = PCURVE('',#2072,#2077);
#2072 = PLANE('',#2073);
#2073 = AXIS2_PLACEMENT_3D('',#2074,#2075,#2076);
#2074 = CARTESIAN_POINT('',(34.,11.604740410711,-6.7));
#2075 = DIRECTION('',(1.,0.,0.));
#2076 = DIRECTION('',(0.,0.866025403784,-0.5));
#2077 = DEFINITIONAL_REPRESENTATION('',(#2078),#2082);
#2078 = LINE('',#2079,#2080);
#2079 = CARTESIAN_POINT('',(1.4,3.));
#2080 = VECTOR('',#2081,1.);
#2081 = DIRECTION('',(0.,-1.));
#2082 = ( GEOMETRIC_REPRESENTATION_CONTEXT(2) 
PARAMETRIC_REPRESENTATION_CONTEXT() REPRESENTATION_CONTEXT('2D SPACE',''
  ) );
#2083 = ORIENTED_EDGE('',*,*,#2084,.F.);
#2084 = EDGE_CURVE('',#2085,#2057,#2087,.T.);
#2085 = VERTEX_POINT('',#2086);
#2086 = CARTESIAN_POINT('',(33.374999999998,14.224467257159,-4.9625));
#2087 = SURFACE_CURVE('',#2088,(#2092,#2099),.PCURVE_S1.);
#2088 = LINE('',#2089,#2090);
#2089 = CARTESIAN_POINT('',(31.687499999999,14.224467257159,
    -4.962500000001));
#2090 = VECTOR('',#2091,1.);
#2091 = DIRECTION('',(1.,2.03665E-13,3.527581277235E-13));
#2092 = PCURVE('',#518,#2093);
#2093 = DEFINITIONAL_REPRESENTATION('',(#2094),#2098);
#2094 = LINE('',#2095,#2096);
#2095 = CARTESIAN_POINT('',(0.185417437702,-1.687499999999));
#2096 = VECTOR('',#2097,1.);
#2097 = DIRECTION('',(-4.0733E-13,-1.));
#2098 = ( GEOMETRIC_REPRESENTATION_CONTEXT(2) 
PARAMETRIC_REPRESENTATION_CONTEXT() REPRESENTATION_CONTEXT('2D SPACE',''
  ) );
#2099 = PCURVE('',#2100,#2105);
#2100 = PLANE('',#2101);
#2101 = AXIS2_PLACEMENT_3D('',#2102,#2103,#2104);
#2102 = CARTESIAN_POINT('',(33.374999999998,11.799596126563,-3.5625));
#2103 = DIRECTION('',(4.0733E-13,-0.5,-0.866025403784));
#2104 = DIRECTION('',(1.,2.03665E-13,3.527581277235E-13));
#2105 = DEFINITIONAL_REPRESENTATION('',(#2106),#2110);
#2106 = LINE('',#2107,#2108);
#2107 = CARTESIAN_POINT('',(-1.687499999999,-2.8));
#2108 = VECTOR('',#2109,1.);
#2109 = DIRECTION('',(1.,0.));
#2110 = ( GEOMETRIC_REPRESENTATION_CONTEXT(2) 
PARAMETRIC_REPRESENTATION_CONTEXT() REPRESENTATION_CONTEXT('2D SPACE',''
  ) );
#2111 = ORIENTED_EDGE('',*,*,#2112,.F.);
#2112 = EDGE_CURVE('',#2113,#2085,#2115,.T.);
#2113 = VERTEX_POINT('',#2114);
#2114 = CARTESIAN_POINT('',(31.749999999999,12.817175976008,
    -7.400000000002));
#2115 = SURFACE_CURVE('',#2116,(#2120,#2127),.PCURVE_S1.);
#2116 = LINE('',#2117,#2118);
#2117 = CARTESIAN_POINT('',(32.180769052838,13.190232918932,
    -6.753846420743));
#2118 = VECTOR('',#2119,1.);
#2119 = DIRECTION('',(0.499999999999,0.433012701892,0.75));
#2120 = PCURVE('',#518,#2121);
#2121 = DEFINITIONAL_REPRESENTATION('',(#2122),#2126);
#2122 = LINE('',#2123,#2124);
#2123 = CARTESIAN_POINT('',(2.253886114156,-2.180769052838));
#2124 = VECTOR('',#2125,1.);
#2125 = DIRECTION('',(-0.866025403785,-0.499999999999));
#2126 = ( GEOMETRIC_REPRESENTATION_CONTEXT(2) 
PARAMETRIC_REPRESENTATION_CONTEXT() REPRESENTATION_CONTEXT('2D SPACE',''
  ) );
#2127 = PCURVE('',#2128,#2133);
#2128 = PLANE('',#2129);
#2129 = AXIS2_PLACEMENT_3D('',#2130,#2131,#2132);
#2130 = CARTESIAN_POINT('',(31.749999999999,10.392304845412,
    -6.000000000002));
#2131 = DIRECTION('',(0.866025403785,-0.25,-0.433012701892));
#2132 = DIRECTION('',(0.499999999999,0.433012701892,0.75));
#2133 = DEFINITIONAL_REPRESENTATION('',(#2134),#2138);
#2134 = LINE('',#2135,#2136);
#2135 = CARTESIAN_POINT('',(0.861538105679,-2.8));
#2136 = VECTOR('',#2137,1.);
#2137 = DIRECTION('',(1.,0.));
#2138 = ( GEOMETRIC_REPRESENTATION_CONTEXT(2) 
PARAMETRIC_REPRESENTATION_CONTEXT() REPRESENTATION_CONTEXT('2D SPACE',''
  ) );
#2139 = ORIENTED_EDGE('',*,*,#2140,.F.);
#2140 = EDGE_CURVE('',#2141,#2113,#2143,.T.);
#2141 = VERTEX_POINT('',#2142);
#2142 = CARTESIAN_POINT('',(33.375000000003,11.409884694859,
    -9.837500000002));
#2143 = SURFACE_CURVE('',#2144,(#2148,#2155),.PCURVE_S1.);
#2144 = LINE('',#2145,#2146);
#2145 = CARTESIAN_POINT('',(31.694230947161,12.865473392511,
    -7.316346420745));
#2146 = VECTOR('',#2147,1.);
#2147 = DIRECTION('',(-0.500000000001,0.433012701892,0.75));
#2148 = PCURVE('',#518,#2149);
#2149 = DEFINITIONAL_REPRESENTATION('',(#2150),#2154);
#2150 = LINE('',#2151,#2152);
#2151 = CARTESIAN_POINT('',(2.903405166997,-1.694230947161));
#2152 = VECTOR('',#2153,1.);
#2153 = DIRECTION('',(-0.866025403784,0.500000000001));
#2154 = ( GEOMETRIC_REPRESENTATION_CONTEXT(2) 
PARAMETRIC_REPRESENTATION_CONTEXT() REPRESENTATION_CONTEXT('2D SPACE',''
  ) );
#2155 = PCURVE('',#2156,#2161);
#2156 = PLANE('',#2157);
#2157 = AXIS2_PLACEMENT_3D('',#2158,#2159,#2160);
#2158 = CARTESIAN_POINT('',(33.375000000003,8.985013564262,
    -8.437500000002));
#2159 = DIRECTION('',(0.866025403784,0.25,0.433012701893));
#2160 = DIRECTION('',(-0.500000000001,0.433012701892,0.75));
#2161 = DEFINITIONAL_REPRESENTATION('',(#2162),#2166);
#2162 = LINE('',#2163,#2164);
#2163 = CARTESIAN_POINT('',(3.361538105678,-2.8));
#2164 = VECTOR('',#2165,1.);
#2165 = DIRECTION('',(1.,-0.));
#2166 = ( GEOMETRIC_REPRESENTATION_CONTEXT(2) 
PARAMETRIC_REPRESENTATION_CONTEXT() REPRESENTATION_CONTEXT('2D SPACE',''
  ) );
#2167 = ORIENTED_EDGE('',*,*,#2168,.F.);
#2168 = EDGE_CURVE('',#2169,#2141,#2171,.T.);
#2169 = VERTEX_POINT('',#2170);
#2170 = CARTESIAN_POINT('',(34.,11.409884694858,-9.837500000003));
#2171 = SURFACE_CURVE('',#2172,(#2176,#2183),.PCURVE_S1.);
#2172 = LINE('',#2173,#2174);
#2173 = CARTESIAN_POINT('',(33.3125,11.409884694859,-9.837500000002));
#2174 = VECTOR('',#2175,1.);
#2175 = DIRECTION('',(-1.,4.08085E-13,7.068239538067E-13));
#2176 = PCURVE('',#518,#2177);
#2177 = DEFINITIONAL_REPRESENTATION('',(#2178),#2182);
#2178 = LINE('',#2179,#2180);
#2179 = CARTESIAN_POINT('',(5.814582562302,-3.3125));
#2180 = VECTOR('',#2181,1.);
#2181 = DIRECTION('',(-8.1617E-13,1.));
#2182 = ( GEOMETRIC_REPRESENTATION_CONTEXT(2) 
PARAMETRIC_REPRESENTATION_CONTEXT() REPRESENTATION_CONTEXT('2D SPACE',''
  ) );
#2183 = PCURVE('',#2184,#2189);
#2184 = PLANE('',#2185);
#2185 = AXIS2_PLACEMENT_3D('',#2186,#2187,#2188);
#2186 = CARTESIAN_POINT('',(36.625000000004,8.985013564261,
    -8.437500000004));
#2187 = DIRECTION('',(8.1617E-13,0.5,0.866025403784));
#2188 = DIRECTION('',(-1.,4.08085E-13,7.068239538067E-13));
#2189 = DEFINITIONAL_REPRESENTATION('',(#2190),#2194);
#2190 = LINE('',#2191,#2192);
#2191 = CARTESIAN_POINT('',(3.312500000004,-2.8));
#2192 = VECTOR('',#2193,1.);
#2193 = DIRECTION('',(1.,-0.));
#2194 = ( GEOMETRIC_REPRESENTATION_CONTEXT(2) 
PARAMETRIC_REPRESENTATION_CONTEXT() REPRESENTATION_CONTEXT('2D SPACE',''
  ) );
#2195 = ORIENTED_EDGE('',*,*,#2196,.T.);
#2196 = EDGE_CURVE('',#2169,#1954,#2197,.T.);
#2197 = SURFACE_CURVE('',#2198,(#2202,#2209),.PCURVE_S1.);
#2198 = LINE('',#2199,#2200);
#2199 = CARTESIAN_POINT('',(34.,14.31717597601,-4.801923788647));
#2200 = VECTOR('',#2201,1.);
#2201 = DIRECTION('',(0.,-0.5,-0.866025403784));
#2202 = PCURVE('',#518,#2203);
#2203 = DEFINITIONAL_REPRESENTATION('',(#2204),#2208);
#2204 = LINE('',#2205,#2206);
#2205 = CARTESIAN_POINT('',(0.,-4.));
#2206 = VECTOR('',#2207,1.);
#2207 = DIRECTION('',(1.,0.));
#2208 = ( GEOMETRIC_REPRESENTATION_CONTEXT(2) 
PARAMETRIC_REPRESENTATION_CONTEXT() REPRESENTATION_CONTEXT('2D SPACE',''
  ) );
#2209 = PCURVE('',#2210,#2215);
#2210 = PLANE('',#2211);
#2211 = AXIS2_PLACEMENT_3D('',#2212,#2213,#2214);
#2212 = CARTESIAN_POINT('',(34.,11.604740410711,-6.7));
#2213 = DIRECTION('',(1.,0.,0.));
#2214 = DIRECTION('',(0.,0.866025403784,-0.5));
#2215 = DEFINITIONAL_REPRESENTATION('',(#2216),#2220);
#2216 = LINE('',#2217,#2218);
#2217 = CARTESIAN_POINT('',(1.4,3.));
#2218 = VECTOR('',#2219,1.);
#2219 = DIRECTION('',(0.,-1.));
#2220 = ( GEOMETRIC_REPRESENTATION_CONTEXT(2) 
PARAMETRIC_REPRESENTATION_CONTEXT() REPRESENTATION_CONTEXT('2D SPACE',''
  ) );
#2221 = ADVANCED_FACE('',(#2222),#546,.T.);
#2222 = FACE_BOUND('',#2223,.T.);
#2223 = EDGE_LOOP('',(#2224,#2225,#2226,#2249));
#2224 = ORIENTED_EDGE('',*,*,#1981,.F.);
#2225 = ORIENTED_EDGE('',*,*,#530,.T.);
#2226 = ORIENTED_EDGE('',*,*,#2227,.T.);
#2227 = EDGE_CURVE('',#531,#2228,#2230,.T.);
#2228 = VERTEX_POINT('',#2229);
#2229 = CARTESIAN_POINT('',(31.,8.892304845413,-8.598076211353));
#2230 = SURFACE_CURVE('',#2231,(#2235,#2242),.PCURVE_S1.);
#2231 = LINE('',#2232,#2233);
#2232 = CARTESIAN_POINT('',(30.5,8.642304845413,-9.031088913246));
#2233 = VECTOR('',#2234,1.);
#2234 = DIRECTION('',(0.707106781187,0.353553390593,0.612372435696));
#2235 = PCURVE('',#546,#2236);
#2236 = DEFINITIONAL_REPRESENTATION('',(#2237),#2241);
#2237 = LINE('',#2238,#2239);
#2238 = CARTESIAN_POINT('',(2.8,-1.110223024625E-15));
#2239 = VECTOR('',#2240,1.);
#2240 = DIRECTION('',(0.,1.));
#2241 = ( GEOMETRIC_REPRESENTATION_CONTEXT(2) 
PARAMETRIC_REPRESENTATION_CONTEXT() REPRESENTATION_CONTEXT('2D SPACE',''
  ) );
#2242 = PCURVE('',#574,#2243);
#2243 = DEFINITIONAL_REPRESENTATION('',(#2244),#2248);
#2244 = LINE('',#2245,#2246);
#2245 = CARTESIAN_POINT('',(-0.5,-0.5));
#2246 = VECTOR('',#2247,1.);
#2247 = DIRECTION('',(0.707106781187,-0.707106781187));
#2248 = ( GEOMETRIC_REPRESENTATION_CONTEXT(2) 
PARAMETRIC_REPRESENTATION_CONTEXT() REPRESENTATION_CONTEXT('2D SPACE',''
  ) );
#2249 = ORIENTED_EDGE('',*,*,#2250,.F.);
#2250 = EDGE_CURVE('',#1952,#2228,#2251,.T.);
#2251 = SURFACE_CURVE('',#2252,(#2256,#2263),.PCURVE_S1.);
#2252 = LINE('',#2253,#2254);
#2253 = CARTESIAN_POINT('',(31.,11.31717597601,-9.998076211353));
#2254 = VECTOR('',#2255,1.);
#2255 = DIRECTION('',(0.,-0.866025403784,0.5));
#2256 = PCURVE('',#546,#2257);
#2257 = DEFINITIONAL_REPRESENTATION('',(#2258),#2262);
#2258 = LINE('',#2259,#2260);
#2259 = CARTESIAN_POINT('',(-2.775557561563E-17,0.707106781187));
#2260 = VECTOR('',#2261,1.);
#2261 = DIRECTION('',(1.,0.));
#2262 = ( GEOMETRIC_REPRESENTATION_CONTEXT(2) 
PARAMETRIC_REPRESENTATION_CONTEXT() REPRESENTATION_CONTEXT('2D SPACE',''
  ) );
#2263 = PCURVE('',#1969,#2264);
#2264 = DEFINITIONAL_REPRESENTATION('',(#2265),#2269);
#2265 = LINE('',#2266,#2267);
#2266 = CARTESIAN_POINT('',(0.,-1.));
#2267 = VECTOR('',#2268,1.);
#2268 = DIRECTION('',(1.,0.));
#2269 = ( GEOMETRIC_REPRESENTATION_CONTEXT(2) 
PARAMETRIC_REPRESENTATION_CONTEXT() REPRESENTATION_CONTEXT('2D SPACE',''
  ) );
#2270 = ADVANCED_FACE('',(#2271),#574,.F.);
#2271 = FACE_BOUND('',#2272,.F.);
#2272 = EDGE_LOOP('',(#2273,#2298,#2319,#2320,#2321,#2322,#2323,#2346,
    #2369,#2397,#2420,#2443,#2466));
#2273 = ORIENTED_EDGE('',*,*,#2274,.F.);
#2274 = EDGE_CURVE('',#2275,#2277,#2279,.T.);
#2275 = VERTEX_POINT('',#2276);
#2276 = CARTESIAN_POINT('',(31.,11.892304845413,-3.401923788647));
#2277 = VERTEX_POINT('',#2278);
#2278 = CARTESIAN_POINT('',(34.,11.892304845413,-3.401923788647));
#2279 = SURFACE_CURVE('',#2280,(#2284,#2291),.PCURVE_S1.);
#2280 = LINE('',#2281,#2282);
#2281 = CARTESIAN_POINT('',(30.,11.892304845413,-3.401923788647));
#2282 = VECTOR('',#2283,1.);
#2283 = DIRECTION('',(1.,0.,0.));
#2284 = PCURVE('',#574,#2285);
#2285 = DEFINITIONAL_REPRESENTATION('',(#2286),#2290);
#2286 = LINE('',#2287,#2288);
#2287 = CARTESIAN_POINT('',(6.,0.));
#2288 = VECTOR('',#2289,1.);
#2289 = DIRECTION('',(0.,-1.));
#2290 = ( GEOMETRIC_REPRESENTATION_CONTEXT(2) 
PARAMETRIC_REPRESENTATION_CONTEXT() REPRESENTATION_CONTEXT('2D SPACE',''
  ) );
#2291 = PCURVE('',#2044,#2292);
#2292 = DEFINITIONAL_REPRESENTATION('',(#2293),#2297);
#2293 = LINE('',#2294,#2295);
#2294 = CARTESIAN_POINT('',(0.,0.));
#2295 = VECTOR('',#2296,1.);
#2296 = DIRECTION('',(0.,-1.));
#2297 = ( GEOMETRIC_REPRESENTATION_CONTEXT(2) 
PARAMETRIC_REPRESENTATION_CONTEXT() REPRESENTATION_CONTEXT('2D SPACE',''
  ) );
#2298 = ORIENTED_EDGE('',*,*,#2299,.F.);
#2299 = EDGE_CURVE('',#610,#2275,#2300,.T.);
#2300 = SURFACE_CURVE('',#2301,(#2305,#2312),.PCURVE_S1.);
#2301 = LINE('',#2302,#2303);
#2302 = CARTESIAN_POINT('',(32.,11.392304845413,-4.267949192431));
#2303 = VECTOR('',#2304,1.);
#2304 = DIRECTION('',(0.707106781187,-0.353553390593,-0.612372435696));
#2305 = PCURVE('',#574,#2306);
#2306 = DEFINITIONAL_REPRESENTATION('',(#2307),#2311);
#2307 = LINE('',#2308,#2309);
#2308 = CARTESIAN_POINT('',(5.,-2.));
#2309 = VECTOR('',#2310,1.);
#2310 = DIRECTION('',(-0.707106781187,-0.707106781187));
#2311 = ( GEOMETRIC_REPRESENTATION_CONTEXT(2) 
PARAMETRIC_REPRESENTATION_CONTEXT() REPRESENTATION_CONTEXT('2D SPACE',''
  ) );
#2312 = PCURVE('',#648,#2313);
#2313 = DEFINITIONAL_REPRESENTATION('',(#2314),#2318);
#2314 = LINE('',#2315,#2316);
#2315 = CARTESIAN_POINT('',(-9.992007221626E-16,2.12132034356));
#2316 = VECTOR('',#2317,1.);
#2317 = DIRECTION('',(0.,1.));
#2318 = ( GEOMETRIC_REPRESENTATION_CONTEXT(2) 
PARAMETRIC_REPRESENTATION_CONTEXT() REPRESENTATION_CONTEXT('2D SPACE',''
  ) );
#2319 = ORIENTED_EDGE('',*,*,#609,.F.);
#2320 = ORIENTED_EDGE('',*,*,#586,.F.);
#2321 = ORIENTED_EDGE('',*,*,#558,.T.);
#2322 = ORIENTED_EDGE('',*,*,#2227,.T.);
#2323 = ORIENTED_EDGE('',*,*,#2324,.T.);
#2324 = EDGE_CURVE('',#2228,#2325,#2327,.T.);
#2325 = VERTEX_POINT('',#2326);
#2326 = CARTESIAN_POINT('',(34.,8.892304845413,-8.598076211353));
#2327 = SURFACE_CURVE('',#2328,(#2332,#2339),.PCURVE_S1.);
#2328 = LINE('',#2329,#2330);
#2329 = CARTESIAN_POINT('',(30.,8.892304845413,-8.598076211353));
#2330 = VECTOR('',#2331,1.);
#2331 = DIRECTION('',(1.,0.,0.));
#2332 = PCURVE('',#574,#2333);
#2333 = DEFINITIONAL_REPRESENTATION('',(#2334),#2338);
#2334 = LINE('',#2335,#2336);
#2335 = CARTESIAN_POINT('',(0.,-0.));
#2336 = VECTOR('',#2337,1.);
#2337 = DIRECTION('',(0.,-1.));
#2338 = ( GEOMETRIC_REPRESENTATION_CONTEXT(2) 
PARAMETRIC_REPRESENTATION_CONTEXT() REPRESENTATION_CONTEXT('2D SPACE',''
  ) );
#2339 = PCURVE('',#1969,#2340);
#2340 = DEFINITIONAL_REPRESENTATION('',(#2341),#2345);
#2341 = LINE('',#2342,#2343);
#2342 = CARTESIAN_POINT('',(2.8,0.));
#2343 = VECTOR('',#2344,1.);
#2344 = DIRECTION('',(0.,-1.));
#2345 = ( GEOMETRIC_REPRESENTATION_CONTEXT(2) 
PARAMETRIC_REPRESENTATION_CONTEXT() REPRESENTATION_CONTEXT('2D SPACE',''
  ) );
#2346 = ORIENTED_EDGE('',*,*,#2347,.T.);
#2347 = EDGE_CURVE('',#2325,#2348,#2350,.T.);
#2348 = VERTEX_POINT('',#2349);
#2349 = CARTESIAN_POINT('',(34.,8.985013564262,-8.437500000003));
#2350 = SURFACE_CURVE('',#2351,(#2355,#2362),.PCURVE_S1.);
#2351 = LINE('',#2352,#2353);
#2352 = CARTESIAN_POINT('',(34.,8.892304845413,-8.598076211353));
#2353 = VECTOR('',#2354,1.);
#2354 = DIRECTION('',(0.,0.5,0.866025403784));
#2355 = PCURVE('',#574,#2356);
#2356 = DEFINITIONAL_REPRESENTATION('',(#2357),#2361);
#2357 = LINE('',#2358,#2359);
#2358 = CARTESIAN_POINT('',(0.,-4.));
#2359 = VECTOR('',#2360,1.);
#2360 = DIRECTION('',(1.,0.));
#2361 = ( GEOMETRIC_REPRESENTATION_CONTEXT(2) 
PARAMETRIC_REPRESENTATION_CONTEXT() REPRESENTATION_CONTEXT('2D SPACE',''
  ) );
#2362 = PCURVE('',#2210,#2363);
#2363 = DEFINITIONAL_REPRESENTATION('',(#2364),#2368);
#2364 = LINE('',#2365,#2366);
#2365 = CARTESIAN_POINT('',(-1.4,-3.));
#2366 = VECTOR('',#2367,1.);
#2367 = DIRECTION('',(0.,1.));
#2368 = ( GEOMETRIC_REPRESENTATION_CONTEXT(2) 
PARAMETRIC_REPRESENTATION_CONTEXT() REPRESENTATION_CONTEXT('2D SPACE',''
  ) );
#2369 = ORIENTED_EDGE('',*,*,#2370,.T.);
#2370 = EDGE_CURVE('',#2348,#2371,#2373,.T.);
#2371 = VERTEX_POINT('',#2372);
#2372 = CARTESIAN_POINT('',(33.375000000003,8.985013564262,
    -8.437500000002));
#2373 = SURFACE_CURVE('',#2374,(#2378,#2385),.PCURVE_S1.);
#2374 = LINE('',#2375,#2376);
#2375 = CARTESIAN_POINT('',(36.625000000004,8.985013564261,
    -8.437500000004));
#2376 = VECTOR('',#2377,1.);
#2377 = DIRECTION('',(-1.,4.08085E-13,7.068239538067E-13));
#2378 = PCURVE('',#574,#2379);
#2379 = DEFINITIONAL_REPRESENTATION('',(#2380),#2384);
#2380 = LINE('',#2381,#2382);
#2381 = CARTESIAN_POINT('',(0.185417437695,-6.625000000004));
#2382 = VECTOR('',#2383,1.);
#2383 = DIRECTION('',(8.1617E-13,1.));
#2384 = ( GEOMETRIC_REPRESENTATION_CONTEXT(2) 
PARAMETRIC_REPRESENTATION_CONTEXT() REPRESENTATION_CONTEXT('2D SPACE',''
  ) );
#2385 = PCURVE('',#2386,#2391);
#2386 = PLANE('',#2387);
#2387 = AXIS2_PLACEMENT_3D('',#2388,#2389,#2390);
#2388 = CARTESIAN_POINT('',(35.000000000001,10.392304845412,
    -6.000000000001));
#2389 = DIRECTION('',(0.,0.866025403784,-0.5));
#2390 = DIRECTION('',(1.,0.,0.));
#2391 = DEFINITIONAL_REPRESENTATION('',(#2392),#2396);
#2392 = LINE('',#2393,#2394);
#2393 = CARTESIAN_POINT('',(1.625000000004,2.814582562303));
#2394 = VECTOR('',#2395,1.);
#2395 = DIRECTION('',(-1.,-8.1617E-13));
#2396 = ( GEOMETRIC_REPRESENTATION_CONTEXT(2) 
PARAMETRIC_REPRESENTATION_CONTEXT() REPRESENTATION_CONTEXT('2D SPACE',''
  ) );
#2397 = ORIENTED_EDGE('',*,*,#2398,.T.);
#2398 = EDGE_CURVE('',#2371,#2399,#2401,.T.);
#2399 = VERTEX_POINT('',#2400);
#2400 = CARTESIAN_POINT('',(31.749999999999,10.392304845412,
    -6.000000000002));
#2401 = SURFACE_CURVE('',#2402,(#2406,#2413),.PCURVE_S1.);
#2402 = LINE('',#2403,#2404);
#2403 = CARTESIAN_POINT('',(33.375000000003,8.985013564262,
    -8.437500000002));
#2404 = VECTOR('',#2405,1.);
#2405 = DIRECTION('',(-0.500000000001,0.433012701892,0.75));
#2406 = PCURVE('',#574,#2407);
#2407 = DEFINITIONAL_REPRESENTATION('',(#2408),#2412);
#2408 = LINE('',#2409,#2410);
#2409 = CARTESIAN_POINT('',(0.185417437698,-3.375000000003));
#2410 = VECTOR('',#2411,1.);
#2411 = DIRECTION('',(0.866025403784,0.500000000001));
#2412 = ( GEOMETRIC_REPRESENTATION_CONTEXT(2) 
PARAMETRIC_REPRESENTATION_CONTEXT() REPRESENTATION_CONTEXT('2D SPACE',''
  ) );
#2413 = PCURVE('',#2386,#2414);
#2414 = DEFINITIONAL_REPRESENTATION('',(#2415),#2419);
#2415 = LINE('',#2416,#2417);
#2416 = CARTESIAN_POINT('',(-1.624999999998,2.8145825623));
#2417 = VECTOR('',#2418,1.);
#2418 = DIRECTION('',(-0.500000000001,-0.866025403784));
#2419 = ( GEOMETRIC_REPRESENTATION_CONTEXT(2) 
PARAMETRIC_REPRESENTATION_CONTEXT() REPRESENTATION_CONTEXT('2D SPACE',''
  ) );
#2420 = ORIENTED_EDGE('',*,*,#2421,.T.);
#2421 = EDGE_CURVE('',#2399,#2422,#2424,.T.);
#2422 = VERTEX_POINT('',#2423);
#2423 = CARTESIAN_POINT('',(33.374999999998,11.799596126563,-3.5625));
#2424 = SURFACE_CURVE('',#2425,(#2429,#2436),.PCURVE_S1.);
#2425 = LINE('',#2426,#2427);
#2426 = CARTESIAN_POINT('',(31.749999999999,10.392304845412,
    -6.000000000002));
#2427 = VECTOR('',#2428,1.);
#2428 = DIRECTION('',(0.499999999999,0.433012701892,0.75));
#2429 = PCURVE('',#574,#2430);
#2430 = DEFINITIONAL_REPRESENTATION('',(#2431),#2435);
#2431 = LINE('',#2432,#2433);
#2432 = CARTESIAN_POINT('',(2.999999999997,-1.749999999999));
#2433 = VECTOR('',#2434,1.);
#2434 = DIRECTION('',(0.866025403785,-0.499999999999));
#2435 = ( GEOMETRIC_REPRESENTATION_CONTEXT(2) 
PARAMETRIC_REPRESENTATION_CONTEXT() REPRESENTATION_CONTEXT('2D SPACE',''
  ) );
#2436 = PCURVE('',#2386,#2437);
#2437 = DEFINITIONAL_REPRESENTATION('',(#2438),#2442);
#2438 = LINE('',#2439,#2440);
#2439 = CARTESIAN_POINT('',(-3.250000000001,1.001268379295E-12));
#2440 = VECTOR('',#2441,1.);
#2441 = DIRECTION('',(0.499999999999,-0.866025403785));
#2442 = ( GEOMETRIC_REPRESENTATION_CONTEXT(2) 
PARAMETRIC_REPRESENTATION_CONTEXT() REPRESENTATION_CONTEXT('2D SPACE',''
  ) );
#2443 = ORIENTED_EDGE('',*,*,#2444,.T.);
#2444 = EDGE_CURVE('',#2422,#2445,#2447,.T.);
#2445 = VERTEX_POINT('',#2446);
#2446 = CARTESIAN_POINT('',(34.,11.799596126563,-3.5625));
#2447 = SURFACE_CURVE('',#2448,(#2452,#2459),.PCURVE_S1.);
#2448 = LINE('',#2449,#2450);
#2449 = CARTESIAN_POINT('',(33.374999999998,11.799596126563,-3.5625));
#2450 = VECTOR('',#2451,1.);
#2451 = DIRECTION('',(1.,2.03665E-13,3.527581277235E-13));
#2452 = PCURVE('',#574,#2453);
#2453 = DEFINITIONAL_REPRESENTATION('',(#2454),#2458);
#2454 = LINE('',#2455,#2456);
#2455 = CARTESIAN_POINT('',(5.814582562299,-3.374999999998));
#2456 = VECTOR('',#2457,1.);
#2457 = DIRECTION('',(4.0733E-13,-1.));
#2458 = ( GEOMETRIC_REPRESENTATION_CONTEXT(2) 
PARAMETRIC_REPRESENTATION_CONTEXT() REPRESENTATION_CONTEXT('2D SPACE',''
  ) );
#2459 = PCURVE('',#2386,#2460);
#2460 = DEFINITIONAL_REPRESENTATION('',(#2461),#2465);
#2461 = LINE('',#2462,#2463);
#2462 = CARTESIAN_POINT('',(-1.625000000003,-2.814582562301));
#2463 = VECTOR('',#2464,1.);
#2464 = DIRECTION('',(1.,-4.0733E-13));
#2465 = ( GEOMETRIC_REPRESENTATION_CONTEXT(2) 
PARAMETRIC_REPRESENTATION_CONTEXT() REPRESENTATION_CONTEXT('2D SPACE',''
  ) );
#2466 = ORIENTED_EDGE('',*,*,#2467,.T.);
#2467 = EDGE_CURVE('',#2445,#2277,#2468,.T.);
#2468 = SURFACE_CURVE('',#2469,(#2473,#2480),.PCURVE_S1.);
#2469 = LINE('',#2470,#2471);
#2470 = CARTESIAN_POINT('',(34.,8.892304845413,-8.598076211353));
#2471 = VECTOR('',#2472,1.);
#2472 = DIRECTION('',(0.,0.5,0.866025403784));
#2473 = PCURVE('',#574,#2474);
#2474 = DEFINITIONAL_REPRESENTATION('',(#2475),#2479);
#2475 = LINE('',#2476,#2477);
#2476 = CARTESIAN_POINT('',(0.,-4.));
#2477 = VECTOR('',#2478,1.);
#2478 = DIRECTION('',(1.,0.));
#2479 = ( GEOMETRIC_REPRESENTATION_CONTEXT(2) 
PARAMETRIC_REPRESENTATION_CONTEXT() REPRESENTATION_CONTEXT('2D SPACE',''
  ) );
#2480 = PCURVE('',#2072,#2481);
#2481 = DEFINITIONAL_REPRESENTATION('',(#2482),#2486);
#2482 = LINE('',#2483,#2484);
#2483 = CARTESIAN_POINT('',(-1.4,-3.));
#2484 = VECTOR('',#2485,1.);
#2485 = DIRECTION('',(0.,1.));
#2486 = ( GEOMETRIC_REPRESENTATION_CONTEXT(2) 
PARAMETRIC_REPRESENTATION_CONTEXT() REPRESENTATION_CONTEXT('2D SPACE',''
  ) );
#2487 = ADVANCED_FACE('',(#2488),#648,.T.);
#2488 = FACE_BOUND('',#2489,.T.);
#2489 = EDGE_LOOP('',(#2490,#2491,#2492,#2493));
#2490 = ORIENTED_EDGE('',*,*,#2299,.F.);
#2491 = ORIENTED_EDGE('',*,*,#632,.T.);
#2492 = ORIENTED_EDGE('',*,*,#2005,.T.);
#2493 = ORIENTED_EDGE('',*,*,#2494,.F.);
#2494 = EDGE_CURVE('',#2275,#2006,#2495,.T.);
#2495 = SURFACE_CURVE('',#2496,(#2500,#2507),.PCURVE_S1.);
#2496 = LINE('',#2497,#2498);
#2497 = CARTESIAN_POINT('',(31.,11.892304845413,-3.401923788647));
#2498 = VECTOR('',#2499,1.);
#2499 = DIRECTION('',(0.,0.866025403784,-0.5));
#2500 = PCURVE('',#648,#2501);
#2501 = DEFINITIONAL_REPRESENTATION('',(#2502),#2506);
#2502 = LINE('',#2503,#2504);
#2503 = CARTESIAN_POINT('',(1.942890293094E-16,0.707106781187));
#2504 = VECTOR('',#2505,1.);
#2505 = DIRECTION('',(1.,0.));
#2506 = ( GEOMETRIC_REPRESENTATION_CONTEXT(2) 
PARAMETRIC_REPRESENTATION_CONTEXT() REPRESENTATION_CONTEXT('2D SPACE',''
  ) );
#2507 = PCURVE('',#2044,#2508);
#2508 = DEFINITIONAL_REPRESENTATION('',(#2509),#2513);
#2509 = LINE('',#2510,#2511);
#2510 = CARTESIAN_POINT('',(0.,-1.));
#2511 = VECTOR('',#2512,1.);
#2512 = DIRECTION('',(1.,0.));
#2513 = ( GEOMETRIC_REPRESENTATION_CONTEXT(2) 
PARAMETRIC_REPRESENTATION_CONTEXT() REPRESENTATION_CONTEXT('2D SPACE',''
  ) );
#2514 = ADVANCED_FACE('',(#2515),#725,.F.);
#2515 = FACE_BOUND('',#2516,.F.);
#2516 = EDGE_LOOP('',(#2517,#2518,#2539,#2540));
#2517 = ORIENTED_EDGE('',*,*,#707,.T.);
#2518 = ORIENTED_EDGE('',*,*,#2519,.T.);
#2519 = EDGE_CURVE('',#710,#1081,#2520,.T.);
#2520 = SURFACE_CURVE('',#2521,(#2525,#2532),.PCURVE_S1.);
#2521 = LINE('',#2522,#2523);
#2522 = CARTESIAN_POINT('',(34.,3.,14.8));
#2523 = VECTOR('',#2524,1.);
#2524 = DIRECTION('',(0.,0.,-1.));
#2525 = PCURVE('',#725,#2526);
#2526 = DEFINITIONAL_REPRESENTATION('',(#2527),#2531);
#2527 = LINE('',#2528,#2529);
#2528 = CARTESIAN_POINT('',(0.,-4.));
#2529 = VECTOR('',#2530,1.);
#2530 = DIRECTION('',(1.,0.));
#2531 = ( GEOMETRIC_REPRESENTATION_CONTEXT(2) 
PARAMETRIC_REPRESENTATION_CONTEXT() REPRESENTATION_CONTEXT('2D SPACE',''
  ) );
#2532 = PCURVE('',#966,#2533);
#2533 = DEFINITIONAL_REPRESENTATION('',(#2534),#2538);
#2534 = LINE('',#2535,#2536);
#2535 = CARTESIAN_POINT('',(1.4,-3.));
#2536 = VECTOR('',#2537,1.);
#2537 = DIRECTION('',(-1.,0.));
#2538 = ( GEOMETRIC_REPRESENTATION_CONTEXT(2) 
PARAMETRIC_REPRESENTATION_CONTEXT() REPRESENTATION_CONTEXT('2D SPACE',''
  ) );
#2539 = ORIENTED_EDGE('',*,*,#1080,.F.);
#2540 = ORIENTED_EDGE('',*,*,#1006,.F.);
#2541 = ADVANCED_FACE('',(#2542),#966,.F.);
#2542 = FACE_BOUND('',#2543,.F.);
#2543 = EDGE_LOOP('',(#2544,#2545,#2546,#2567));
#2544 = ORIENTED_EDGE('',*,*,#2519,.F.);
#2545 = ORIENTED_EDGE('',*,*,#952,.F.);
#2546 = ORIENTED_EDGE('',*,*,#2547,.F.);
#2547 = EDGE_CURVE('',#1104,#925,#2548,.T.);
#2548 = SURFACE_CURVE('',#2549,(#2553,#2560),.PCURVE_S1.);
#2549 = LINE('',#2550,#2551);
#2550 = CARTESIAN_POINT('',(34.,2.814582562302,12.7));
#2551 = VECTOR('',#2552,1.);
#2552 = DIRECTION('',(0.,0.,1.));
#2553 = PCURVE('',#966,#2554);
#2554 = DEFINITIONAL_REPRESENTATION('',(#2555),#2559);
#2555 = LINE('',#2556,#2557);
#2556 = CARTESIAN_POINT('',(-0.7,-2.814582562302));
#2557 = VECTOR('',#2558,1.);
#2558 = DIRECTION('',(1.,0.));
#2559 = ( GEOMETRIC_REPRESENTATION_CONTEXT(2) 
PARAMETRIC_REPRESENTATION_CONTEXT() REPRESENTATION_CONTEXT('2D SPACE',''
  ) );
#2560 = PCURVE('',#940,#2561);
#2561 = DEFINITIONAL_REPRESENTATION('',(#2562),#2566);
#2562 = LINE('',#2563,#2564);
#2563 = CARTESIAN_POINT('',(2.625000000004,-0.7));
#2564 = VECTOR('',#2565,1.);
#2565 = DIRECTION('',(0.,-1.));
#2566 = ( GEOMETRIC_REPRESENTATION_CONTEXT(2) 
PARAMETRIC_REPRESENTATION_CONTEXT() REPRESENTATION_CONTEXT('2D SPACE',''
  ) );
#2567 = ORIENTED_EDGE('',*,*,#1103,.F.);
#2568 = ADVANCED_FACE('',(#2569),#940,.T.);
#2569 = FACE_BOUND('',#2570,.T.);
#2570 = EDGE_LOOP('',(#2571,#2599,#2627,#2655,#2676,#2677));
#2571 = ORIENTED_EDGE('',*,*,#2572,.F.);
#2572 = EDGE_CURVE('',#2573,#1104,#2575,.T.);
#2573 = VERTEX_POINT('',#2574);
#2574 = CARTESIAN_POINT('',(36.625000000004,2.814582562305,12.));
#2575 = SURFACE_CURVE('',#2576,(#2580,#2587),.PCURVE_S1.);
#2576 = LINE('',#2577,#2578);
#2577 = CARTESIAN_POINT('',(36.625000000004,2.814582562305,12.));
#2578 = VECTOR('',#2579,1.);
#2579 = DIRECTION('',(-1.,-8.1617E-13,0.));
#2580 = PCURVE('',#940,#2581);
#2581 = DEFINITIONAL_REPRESENTATION('',(#2582),#2586);
#2582 = LINE('',#2583,#2584);
#2583 = CARTESIAN_POINT('',(0.,0.));
#2584 = VECTOR('',#2585,1.);
#2585 = DIRECTION('',(1.,-0.));
#2586 = ( GEOMETRIC_REPRESENTATION_CONTEXT(2) 
PARAMETRIC_REPRESENTATION_CONTEXT() REPRESENTATION_CONTEXT('2D SPACE',''
  ) );
#2587 = PCURVE('',#2588,#2593);
#2588 = PLANE('',#2589);
#2589 = AXIS2_PLACEMENT_3D('',#2590,#2591,#2592);
#2590 = CARTESIAN_POINT('',(35.000000000001,1.706341620705E-12,12.));
#2591 = DIRECTION('',(0.,0.,1.));
#2592 = DIRECTION('',(1.,0.,0.));
#2593 = DEFINITIONAL_REPRESENTATION('',(#2594),#2598);
#2594 = LINE('',#2595,#2596);
#2595 = CARTESIAN_POINT('',(1.625000000004,2.814582562303));
#2596 = VECTOR('',#2597,1.);
#2597 = DIRECTION('',(-1.,-8.1617E-13));
#2598 = ( GEOMETRIC_REPRESENTATION_CONTEXT(2) 
PARAMETRIC_REPRESENTATION_CONTEXT() REPRESENTATION_CONTEXT('2D SPACE',''
  ) );
#2599 = ORIENTED_EDGE('',*,*,#2600,.T.);
#2600 = EDGE_CURVE('',#2573,#2601,#2603,.T.);
#2601 = VERTEX_POINT('',#2602);
#2602 = CARTESIAN_POINT('',(36.625000000004,2.814582562305,16.));
#2603 = SURFACE_CURVE('',#2604,(#2608,#2615),.PCURVE_S1.);
#2604 = LINE('',#2605,#2606);
#2605 = CARTESIAN_POINT('',(36.625000000004,2.814582562305,12.));
#2606 = VECTOR('',#2607,1.);
#2607 = DIRECTION('',(0.,0.,1.));
#2608 = PCURVE('',#940,#2609);
#2609 = DEFINITIONAL_REPRESENTATION('',(#2610),#2614);
#2610 = LINE('',#2611,#2612);
#2611 = CARTESIAN_POINT('',(0.,0.));
#2612 = VECTOR('',#2613,1.);
#2613 = DIRECTION('',(0.,-1.));
#2614 = ( GEOMETRIC_REPRESENTATION_CONTEXT(2) 
PARAMETRIC_REPRESENTATION_CONTEXT() REPRESENTATION_CONTEXT('2D SPACE',''
  ) );
#2615 = PCURVE('',#2616,#2621);
#2616 = PLANE('',#2617);
#2617 = AXIS2_PLACEMENT_3D('',#2618,#2619,#2620);
#2618 = CARTESIAN_POINT('',(38.25,0.,12.));
#2619 = DIRECTION('',(-0.866025403785,-0.499999999998,0.));
#2620 = DIRECTION('',(-0.499999999998,0.866025403785,0.));
#2621 = DEFINITIONAL_REPRESENTATION('',(#2622),#2626);
#2622 = LINE('',#2623,#2624);
#2623 = CARTESIAN_POINT('',(3.250000000002,0.));
#2624 = VECTOR('',#2625,1.);
#2625 = DIRECTION('',(0.,-1.));
#2626 = ( GEOMETRIC_REPRESENTATION_CONTEXT(2) 
PARAMETRIC_REPRESENTATION_CONTEXT() REPRESENTATION_CONTEXT('2D SPACE',''
  ) );
#2627 = ORIENTED_EDGE('',*,*,#2628,.T.);
#2628 = EDGE_CURVE('',#2601,#2629,#2631,.T.);
#2629 = VERTEX_POINT('',#2630);
#2630 = CARTESIAN_POINT('',(33.375000000003,2.814582562302,16.));
#2631 = SURFACE_CURVE('',#2632,(#2636,#2643),.PCURVE_S1.);
#2632 = LINE('',#2633,#2634);
#2633 = CARTESIAN_POINT('',(36.625000000004,2.814582562305,16.));
#2634 = VECTOR('',#2635,1.);
#2635 = DIRECTION('',(-1.,-8.1617E-13,0.));
#2636 = PCURVE('',#940,#2637);
#2637 = DEFINITIONAL_REPRESENTATION('',(#2638),#2642);
#2638 = LINE('',#2639,#2640);
#2639 = CARTESIAN_POINT('',(0.,-4.));
#2640 = VECTOR('',#2641,1.);
#2641 = DIRECTION('',(1.,-0.));
#2642 = ( GEOMETRIC_REPRESENTATION_CONTEXT(2) 
PARAMETRIC_REPRESENTATION_CONTEXT() REPRESENTATION_CONTEXT('2D SPACE',''
  ) );
#2643 = PCURVE('',#2644,#2649);
#2644 = PLANE('',#2645);
#2645 = AXIS2_PLACEMENT_3D('',#2646,#2647,#2648);
#2646 = CARTESIAN_POINT('',(35.000000000001,1.706341620705E-12,16.));
#2647 = DIRECTION('',(0.,0.,1.));
#2648 = DIRECTION('',(1.,0.,0.));
#2649 = DEFINITIONAL_REPRESENTATION('',(#2650),#2654);
#2650 = LINE('',#2651,#2652);
#2651 = CARTESIAN_POINT('',(1.625000000004,2.814582562303));
#2652 = VECTOR('',#2653,1.);
#2653 = DIRECTION('',(-1.,-8.1617E-13));
#2654 = ( GEOMETRIC_REPRESENTATION_CONTEXT(2) 
PARAMETRIC_REPRESENTATION_CONTEXT() REPRESENTATION_CONTEXT('2D SPACE',''
  ) );
#2655 = ORIENTED_EDGE('',*,*,#2656,.F.);
#2656 = EDGE_CURVE('',#897,#2629,#2657,.T.);
#2657 = SURFACE_CURVE('',#2658,(#2662,#2669),.PCURVE_S1.);
#2658 = LINE('',#2659,#2660);
#2659 = CARTESIAN_POINT('',(33.375000000003,2.814582562302,12.));
#2660 = VECTOR('',#2661,1.);
#2661 = DIRECTION('',(0.,0.,1.));
#2662 = PCURVE('',#940,#2663);
#2663 = DEFINITIONAL_REPRESENTATION('',(#2664),#2668);
#2664 = LINE('',#2665,#2666);
#2665 = CARTESIAN_POINT('',(3.250000000001,-0.));
#2666 = VECTOR('',#2667,1.);
#2667 = DIRECTION('',(0.,-1.));
#2668 = ( GEOMETRIC_REPRESENTATION_CONTEXT(2) 
PARAMETRIC_REPRESENTATION_CONTEXT() REPRESENTATION_CONTEXT('2D SPACE',''
  ) );
#2669 = PCURVE('',#912,#2670);
#2670 = DEFINITIONAL_REPRESENTATION('',(#2671),#2675);
#2671 = LINE('',#2672,#2673);
#2672 = CARTESIAN_POINT('',(3.845925372765E-16,0.));
#2673 = VECTOR('',#2674,1.);
#2674 = DIRECTION('',(0.,-1.));
#2675 = ( GEOMETRIC_REPRESENTATION_CONTEXT(2) 
PARAMETRIC_REPRESENTATION_CONTEXT() REPRESENTATION_CONTEXT('2D SPACE',''
  ) );
#2676 = ORIENTED_EDGE('',*,*,#924,.F.);
#2677 = ORIENTED_EDGE('',*,*,#2547,.F.);
#2678 = ADVANCED_FACE('',(#2679),#912,.T.);
#2679 = FACE_BOUND('',#2680,.T.);
#2680 = EDGE_LOOP('',(#2681,#2682,#2683,#2706));
#2681 = ORIENTED_EDGE('',*,*,#896,.F.);
#2682 = ORIENTED_EDGE('',*,*,#2656,.T.);
#2683 = ORIENTED_EDGE('',*,*,#2684,.T.);
#2684 = EDGE_CURVE('',#2629,#2685,#2687,.T.);
#2685 = VERTEX_POINT('',#2686);
#2686 = CARTESIAN_POINT('',(31.749999999999,2.708E-12,16.));
#2687 = SURFACE_CURVE('',#2688,(#2692,#2699),.PCURVE_S1.);
#2688 = LINE('',#2689,#2690);
#2689 = CARTESIAN_POINT('',(33.375000000003,2.814582562302,16.));
#2690 = VECTOR('',#2691,1.);
#2691 = DIRECTION('',(-0.500000000001,-0.866025403784,0.));
#2692 = PCURVE('',#912,#2693);
#2693 = DEFINITIONAL_REPRESENTATION('',(#2694),#2698);
#2694 = LINE('',#2695,#2696);
#2695 = CARTESIAN_POINT('',(0.,-4.));
#2696 = VECTOR('',#2697,1.);
#2697 = DIRECTION('',(1.,-0.));
#2698 = ( GEOMETRIC_REPRESENTATION_CONTEXT(2) 
PARAMETRIC_REPRESENTATION_CONTEXT() REPRESENTATION_CONTEXT('2D SPACE',''
  ) );
#2699 = PCURVE('',#2644,#2700);
#2700 = DEFINITIONAL_REPRESENTATION('',(#2701),#2705);
#2701 = LINE('',#2702,#2703);
#2702 = CARTESIAN_POINT('',(-1.624999999998,2.8145825623));
#2703 = VECTOR('',#2704,1.);
#2704 = DIRECTION('',(-0.500000000001,-0.866025403784));
#2705 = ( GEOMETRIC_REPRESENTATION_CONTEXT(2) 
PARAMETRIC_REPRESENTATION_CONTEXT() REPRESENTATION_CONTEXT('2D SPACE',''
  ) );
#2706 = ORIENTED_EDGE('',*,*,#2707,.F.);
#2707 = EDGE_CURVE('',#869,#2685,#2708,.T.);
#2708 = SURFACE_CURVE('',#2709,(#2713,#2720),.PCURVE_S1.);
#2709 = LINE('',#2710,#2711);
#2710 = CARTESIAN_POINT('',(31.749999999999,2.708E-12,12.));
#2711 = VECTOR('',#2712,1.);
#2712 = DIRECTION('',(0.,0.,1.));
#2713 = PCURVE('',#912,#2714);
#2714 = DEFINITIONAL_REPRESENTATION('',(#2715),#2719);
#2715 = LINE('',#2716,#2717);
#2716 = CARTESIAN_POINT('',(3.250000000002,-0.));
#2717 = VECTOR('',#2718,1.);
#2718 = DIRECTION('',(0.,-1.));
#2719 = ( GEOMETRIC_REPRESENTATION_CONTEXT(2) 
PARAMETRIC_REPRESENTATION_CONTEXT() REPRESENTATION_CONTEXT('2D SPACE',''
  ) );
#2720 = PCURVE('',#884,#2721);
#2721 = DEFINITIONAL_REPRESENTATION('',(#2722),#2726);
#2722 = LINE('',#2723,#2724);
#2723 = CARTESIAN_POINT('',(-2.533124306074E-16,0.));
#2724 = VECTOR('',#2725,1.);
#2725 = DIRECTION('',(0.,-1.));
#2726 = ( GEOMETRIC_REPRESENTATION_CONTEXT(2) 
PARAMETRIC_REPRESENTATION_CONTEXT() REPRESENTATION_CONTEXT('2D SPACE',''
  ) );
#2727 = ADVANCED_FACE('',(#2728),#884,.T.);
#2728 = FACE_BOUND('',#2729,.T.);
#2729 = EDGE_LOOP('',(#2730,#2731,#2732,#2755));
#2730 = ORIENTED_EDGE('',*,*,#868,.F.);
#2731 = ORIENTED_EDGE('',*,*,#2707,.T.);
#2732 = ORIENTED_EDGE('',*,*,#2733,.T.);
#2733 = EDGE_CURVE('',#2685,#2734,#2736,.T.);
#2734 = VERTEX_POINT('',#2735);
#2735 = CARTESIAN_POINT('',(33.374999999998,-2.814582562299,16.));
#2736 = SURFACE_CURVE('',#2737,(#2741,#2748),.PCURVE_S1.);
#2737 = LINE('',#2738,#2739);
#2738 = CARTESIAN_POINT('',(31.749999999999,2.70761E-12,16.));
#2739 = VECTOR('',#2740,1.);
#2740 = DIRECTION('',(0.499999999999,-0.866025403785,0.));
#2741 = PCURVE('',#884,#2742);
#2742 = DEFINITIONAL_REPRESENTATION('',(#2743),#2747);
#2743 = LINE('',#2744,#2745);
#2744 = CARTESIAN_POINT('',(0.,-4.));
#2745 = VECTOR('',#2746,1.);
#2746 = DIRECTION('',(1.,0.));
#2747 = ( GEOMETRIC_REPRESENTATION_CONTEXT(2) 
PARAMETRIC_REPRESENTATION_CONTEXT() REPRESENTATION_CONTEXT('2D SPACE',''
  ) );
#2748 = PCURVE('',#2644,#2749);
#2749 = DEFINITIONAL_REPRESENTATION('',(#2750),#2754);
#2750 = LINE('',#2751,#2752);
#2751 = CARTESIAN_POINT('',(-3.250000000001,1.001268379295E-12));
#2752 = VECTOR('',#2753,1.);
#2753 = DIRECTION('',(0.499999999999,-0.866025403785));
#2754 = ( GEOMETRIC_REPRESENTATION_CONTEXT(2) 
PARAMETRIC_REPRESENTATION_CONTEXT() REPRESENTATION_CONTEXT('2D SPACE',''
  ) );
#2755 = ORIENTED_EDGE('',*,*,#2756,.F.);
#2756 = EDGE_CURVE('',#841,#2734,#2757,.T.);
#2757 = SURFACE_CURVE('',#2758,(#2762,#2769),.PCURVE_S1.);
#2758 = LINE('',#2759,#2760);
#2759 = CARTESIAN_POINT('',(33.374999999998,-2.814582562299,12.));
#2760 = VECTOR('',#2761,1.);
#2761 = DIRECTION('',(0.,0.,1.));
#2762 = PCURVE('',#884,#2763);
#2763 = DEFINITIONAL_REPRESENTATION('',(#2764),#2768);
#2764 = LINE('',#2765,#2766);
#2765 = CARTESIAN_POINT('',(3.250000000001,0.));
#2766 = VECTOR('',#2767,1.);
#2767 = DIRECTION('',(0.,-1.));
#2768 = ( GEOMETRIC_REPRESENTATION_CONTEXT(2) 
PARAMETRIC_REPRESENTATION_CONTEXT() REPRESENTATION_CONTEXT('2D SPACE',''
  ) );
#2769 = PCURVE('',#856,#2770);
#2770 = DEFINITIONAL_REPRESENTATION('',(#2771),#2775);
#2771 = LINE('',#2772,#2773);
#2772 = CARTESIAN_POINT('',(0.,0.));
#2773 = VECTOR('',#2774,1.);
#2774 = DIRECTION('',(0.,-1.));
#2775 = ( GEOMETRIC_REPRESENTATION_CONTEXT(2) 
PARAMETRIC_REPRESENTATION_CONTEXT() REPRESENTATION_CONTEXT('2D SPACE',''
  ) );
#2776 = ADVANCED_FACE('',(#2777),#856,.T.);
#2777 = FACE_BOUND('',#2778,.T.);
#2778 = EDGE_LOOP('',(#2779,#2780,#2781,#2804,#2832,#2853));
#2779 = ORIENTED_EDGE('',*,*,#840,.F.);
#2780 = ORIENTED_EDGE('',*,*,#2756,.T.);
#2781 = ORIENTED_EDGE('',*,*,#2782,.T.);
#2782 = EDGE_CURVE('',#2734,#2783,#2785,.T.);
#2783 = VERTEX_POINT('',#2784);
#2784 = CARTESIAN_POINT('',(36.625,-2.8145825623,16.));
#2785 = SURFACE_CURVE('',#2786,(#2790,#2797),.PCURVE_S1.);
#2786 = LINE('',#2787,#2788);
#2787 = CARTESIAN_POINT('',(33.374999999998,-2.814582562299,16.));
#2788 = VECTOR('',#2789,1.);
#2789 = DIRECTION('',(1.,-4.0733E-13,0.));
#2790 = PCURVE('',#856,#2791);
#2791 = DEFINITIONAL_REPRESENTATION('',(#2792),#2796);
#2792 = LINE('',#2793,#2794);
#2793 = CARTESIAN_POINT('',(0.,-4.));
#2794 = VECTOR('',#2795,1.);
#2795 = DIRECTION('',(1.,0.));
#2796 = ( GEOMETRIC_REPRESENTATION_CONTEXT(2) 
PARAMETRIC_REPRESENTATION_CONTEXT() REPRESENTATION_CONTEXT('2D SPACE',''
  ) );
#2797 = PCURVE('',#2644,#2798);
#2798 = DEFINITIONAL_REPRESENTATION('',(#2799),#2803);
#2799 = LINE('',#2800,#2801);
#2800 = CARTESIAN_POINT('',(-1.625000000003,-2.814582562301));
#2801 = VECTOR('',#2802,1.);
#2802 = DIRECTION('',(1.,-4.0733E-13));
#2803 = ( GEOMETRIC_REPRESENTATION_CONTEXT(2) 
PARAMETRIC_REPRESENTATION_CONTEXT() REPRESENTATION_CONTEXT('2D SPACE',''
  ) );
#2804 = ORIENTED_EDGE('',*,*,#2805,.F.);
#2805 = EDGE_CURVE('',#2806,#2783,#2808,.T.);
#2806 = VERTEX_POINT('',#2807);
#2807 = CARTESIAN_POINT('',(36.625,-2.8145825623,12.));
#2808 = SURFACE_CURVE('',#2809,(#2813,#2820),.PCURVE_S1.);
#2809 = LINE('',#2810,#2811);
#2810 = CARTESIAN_POINT('',(36.625,-2.8145825623,12.));
#2811 = VECTOR('',#2812,1.);
#2812 = DIRECTION('',(0.,0.,1.));
#2813 = PCURVE('',#856,#2814);
#2814 = DEFINITIONAL_REPRESENTATION('',(#2815),#2819);
#2815 = LINE('',#2816,#2817);
#2816 = CARTESIAN_POINT('',(3.250000000002,0.));
#2817 = VECTOR('',#2818,1.);
#2818 = DIRECTION('',(0.,-1.));
#2819 = ( GEOMETRIC_REPRESENTATION_CONTEXT(2) 
PARAMETRIC_REPRESENTATION_CONTEXT() REPRESENTATION_CONTEXT('2D SPACE',''
  ) );
#2820 = PCURVE('',#2821,#2826);
#2821 = PLANE('',#2822);
#2822 = AXIS2_PLACEMENT_3D('',#2823,#2824,#2825);
#2823 = CARTESIAN_POINT('',(36.625,-2.8145825623,12.));
#2824 = DIRECTION('',(-0.866025403784,0.5,0.));
#2825 = DIRECTION('',(0.5,0.866025403784,0.));
#2826 = DEFINITIONAL_REPRESENTATION('',(#2827),#2831);
#2827 = LINE('',#2828,#2829);
#2828 = CARTESIAN_POINT('',(-3.845925372767E-16,0.));
#2829 = VECTOR('',#2830,1.);
#2830 = DIRECTION('',(0.,-1.));
#2831 = ( GEOMETRIC_REPRESENTATION_CONTEXT(2) 
PARAMETRIC_REPRESENTATION_CONTEXT() REPRESENTATION_CONTEXT('2D SPACE',''
  ) );
#2832 = ORIENTED_EDGE('',*,*,#2833,.F.);
#2833 = EDGE_CURVE('',#1201,#2806,#2834,.T.);
#2834 = SURFACE_CURVE('',#2835,(#2839,#2846),.PCURVE_S1.);
#2835 = LINE('',#2836,#2837);
#2836 = CARTESIAN_POINT('',(33.374999999998,-2.814582562299,12.));
#2837 = VECTOR('',#2838,1.);
#2838 = DIRECTION('',(1.,-4.0733E-13,0.));
#2839 = PCURVE('',#856,#2840);
#2840 = DEFINITIONAL_REPRESENTATION('',(#2841),#2845);
#2841 = LINE('',#2842,#2843);
#2842 = CARTESIAN_POINT('',(0.,0.));
#2843 = VECTOR('',#2844,1.);
#2844 = DIRECTION('',(1.,0.));
#2845 = ( GEOMETRIC_REPRESENTATION_CONTEXT(2) 
PARAMETRIC_REPRESENTATION_CONTEXT() REPRESENTATION_CONTEXT('2D SPACE',''
  ) );
#2846 = PCURVE('',#2588,#2847);
#2847 = DEFINITIONAL_REPRESENTATION('',(#2848),#2852);
#2848 = LINE('',#2849,#2850);
#2849 = CARTESIAN_POINT('',(-1.625000000003,-2.814582562301));
#2850 = VECTOR('',#2851,1.);
#2851 = DIRECTION('',(1.,-4.0733E-13));
#2852 = ( GEOMETRIC_REPRESENTATION_CONTEXT(2) 
PARAMETRIC_REPRESENTATION_CONTEXT() REPRESENTATION_CONTEXT('2D SPACE',''
  ) );
#2853 = ORIENTED_EDGE('',*,*,#2854,.F.);
#2854 = EDGE_CURVE('',#813,#1201,#2855,.T.);
#2855 = SURFACE_CURVE('',#2856,(#2860,#2867),.PCURVE_S1.);
#2856 = LINE('',#2857,#2858);
#2857 = CARTESIAN_POINT('',(34.,-2.814582562299,12.7));
#2858 = VECTOR('',#2859,1.);
#2859 = DIRECTION('',(0.,0.,-1.));
#2860 = PCURVE('',#856,#2861);
#2861 = DEFINITIONAL_REPRESENTATION('',(#2862),#2866);
#2862 = LINE('',#2863,#2864);
#2863 = CARTESIAN_POINT('',(0.625000000002,-0.7));
#2864 = VECTOR('',#2865,1.);
#2865 = DIRECTION('',(0.,1.));
#2866 = ( GEOMETRIC_REPRESENTATION_CONTEXT(2) 
PARAMETRIC_REPRESENTATION_CONTEXT() REPRESENTATION_CONTEXT('2D SPACE',''
  ) );
#2867 = PCURVE('',#828,#2868);
#2868 = DEFINITIONAL_REPRESENTATION('',(#2869),#2873);
#2869 = LINE('',#2870,#2871);
#2870 = CARTESIAN_POINT('',(-0.7,2.814582562299));
#2871 = VECTOR('',#2872,1.);
#2872 = DIRECTION('',(-1.,0.));
#2873 = ( GEOMETRIC_REPRESENTATION_CONTEXT(2) 
PARAMETRIC_REPRESENTATION_CONTEXT() REPRESENTATION_CONTEXT('2D SPACE',''
  ) );
#2874 = ADVANCED_FACE('',(#2875),#800,.F.);
#2875 = FACE_BOUND('',#2876,.F.);
#2876 = EDGE_LOOP('',(#2877,#2878,#2899,#2900));
#2877 = ORIENTED_EDGE('',*,*,#1030,.T.);
#2878 = ORIENTED_EDGE('',*,*,#2879,.T.);
#2879 = EDGE_CURVE('',#1033,#785,#2880,.T.);
#2880 = SURFACE_CURVE('',#2881,(#2885,#2892),.PCURVE_S1.);
#2881 = LINE('',#2882,#2883);
#2882 = CARTESIAN_POINT('',(34.,-3.,12.));
#2883 = VECTOR('',#2884,1.);
#2884 = DIRECTION('',(0.,0.,1.));
#2885 = PCURVE('',#800,#2886);
#2886 = DEFINITIONAL_REPRESENTATION('',(#2887),#2891);
#2887 = LINE('',#2888,#2889);
#2888 = CARTESIAN_POINT('',(0.,-4.));
#2889 = VECTOR('',#2890,1.);
#2890 = DIRECTION('',(1.,0.));
#2891 = ( GEOMETRIC_REPRESENTATION_CONTEXT(2) 
PARAMETRIC_REPRESENTATION_CONTEXT() REPRESENTATION_CONTEXT('2D SPACE',''
  ) );
#2892 = PCURVE('',#828,#2893);
#2893 = DEFINITIONAL_REPRESENTATION('',(#2894),#2898);
#2894 = LINE('',#2895,#2896);
#2895 = CARTESIAN_POINT('',(-1.4,3.));
#2896 = VECTOR('',#2897,1.);
#2897 = DIRECTION('',(1.,0.));
#2898 = ( GEOMETRIC_REPRESENTATION_CONTEXT(2) 
PARAMETRIC_REPRESENTATION_CONTEXT() REPRESENTATION_CONTEXT('2D SPACE',''
  ) );
#2899 = ORIENTED_EDGE('',*,*,#784,.F.);
#2900 = ORIENTED_EDGE('',*,*,#1250,.F.);
#2901 = ADVANCED_FACE('',(#2902),#828,.F.);
#2902 = FACE_BOUND('',#2903,.F.);
#2903 = EDGE_LOOP('',(#2904,#2905,#2906,#2907));
#2904 = ORIENTED_EDGE('',*,*,#2854,.F.);
#2905 = ORIENTED_EDGE('',*,*,#812,.F.);
#2906 = ORIENTED_EDGE('',*,*,#2879,.F.);
#2907 = ORIENTED_EDGE('',*,*,#1223,.F.);
#2908 = ADVANCED_FACE('',(#2909),#1142,.T.);
#2909 = FACE_BOUND('',#2910,.T.);
#2910 = EDGE_LOOP('',(#2911,#2934,#2935,#2936,#2937,#2938,#2961));
#2911 = ORIENTED_EDGE('',*,*,#2912,.F.);
#2912 = EDGE_CURVE('',#1104,#2913,#2915,.T.);
#2913 = VERTEX_POINT('',#2914);
#2914 = CARTESIAN_POINT('',(34.,1.732050807569,12.));
#2915 = SURFACE_CURVE('',#2916,(#2920,#2927),.PCURVE_S1.);
#2916 = LINE('',#2917,#2918);
#2917 = CARTESIAN_POINT('',(34.,3.,12.));
#2918 = VECTOR('',#2919,1.);
#2919 = DIRECTION('',(0.,-1.,0.));
#2920 = PCURVE('',#1142,#2921);
#2921 = DEFINITIONAL_REPRESENTATION('',(#2922),#2926);
#2922 = LINE('',#2923,#2924);
#2923 = CARTESIAN_POINT('',(-1.000000000001,2.999999999998));
#2924 = VECTOR('',#2925,1.);
#2925 = DIRECTION('',(0.,-1.));
#2926 = ( GEOMETRIC_REPRESENTATION_CONTEXT(2) 
PARAMETRIC_REPRESENTATION_CONTEXT() REPRESENTATION_CONTEXT('2D SPACE',''
  ) );
#2927 = PCURVE('',#2588,#2928);
#2928 = DEFINITIONAL_REPRESENTATION('',(#2929),#2933);
#2929 = LINE('',#2930,#2931);
#2930 = CARTESIAN_POINT('',(-1.000000000001,2.999999999998));
#2931 = VECTOR('',#2932,1.);
#2932 = DIRECTION('',(0.,-1.));
#2933 = ( GEOMETRIC_REPRESENTATION_CONTEXT(2) 
PARAMETRIC_REPRESENTATION_CONTEXT() REPRESENTATION_CONTEXT('2D SPACE',''
  ) );
#2934 = ORIENTED_EDGE('',*,*,#1126,.T.);
#2935 = ORIENTED_EDGE('',*,*,#1154,.T.);
#2936 = ORIENTED_EDGE('',*,*,#1177,.T.);
#2937 = ORIENTED_EDGE('',*,*,#1200,.T.);
#2938 = ORIENTED_EDGE('',*,*,#2939,.F.);
#2939 = EDGE_CURVE('',#2940,#1201,#2942,.T.);
#2940 = VERTEX_POINT('',#2941);
#2941 = CARTESIAN_POINT('',(34.,-1.732050807569,12.));
#2942 = SURFACE_CURVE('',#2943,(#2947,#2954),.PCURVE_S1.);
#2943 = LINE('',#2944,#2945);
#2944 = CARTESIAN_POINT('',(34.,3.,12.));
#2945 = VECTOR('',#2946,1.);
#2946 = DIRECTION('',(0.,-1.,0.));
#2947 = PCURVE('',#1142,#2948);
#2948 = DEFINITIONAL_REPRESENTATION('',(#2949),#2953);
#2949 = LINE('',#2950,#2951);
#2950 = CARTESIAN_POINT('',(-1.000000000001,2.999999999998));
#2951 = VECTOR('',#2952,1.);
#2952 = DIRECTION('',(0.,-1.));
#2953 = ( GEOMETRIC_REPRESENTATION_CONTEXT(2) 
PARAMETRIC_REPRESENTATION_CONTEXT() REPRESENTATION_CONTEXT('2D SPACE',''
  ) );
#2954 = PCURVE('',#2588,#2955);
#2955 = DEFINITIONAL_REPRESENTATION('',(#2956),#2960);
#2956 = LINE('',#2957,#2958);
#2957 = CARTESIAN_POINT('',(-1.000000000001,2.999999999998));
#2958 = VECTOR('',#2959,1.);
#2959 = DIRECTION('',(0.,-1.));
#2960 = ( GEOMETRIC_REPRESENTATION_CONTEXT(2) 
PARAMETRIC_REPRESENTATION_CONTEXT() REPRESENTATION_CONTEXT('2D SPACE',''
  ) );
#2961 = ORIENTED_EDGE('',*,*,#2962,.T.);
#2962 = EDGE_CURVE('',#2940,#2913,#2963,.T.);
#2963 = SURFACE_CURVE('',#2964,(#2969,#2980),.PCURVE_S1.);
#2964 = CIRCLE('',#2965,2.);
#2965 = AXIS2_PLACEMENT_3D('',#2966,#2967,#2968);
#2966 = CARTESIAN_POINT('',(35.,0.,12.));
#2967 = DIRECTION('',(0.,0.,-1.));
#2968 = DIRECTION('',(1.,0.,0.));
#2969 = PCURVE('',#1142,#2970);
#2970 = DEFINITIONAL_REPRESENTATION('',(#2971),#2979);
#2971 = ( BOUNDED_CURVE() B_SPLINE_CURVE(2,(#2972,#2973,#2974,#2975,
#2976,#2977,#2978),.UNSPECIFIED.,.T.,.F.) B_SPLINE_CURVE_WITH_KNOTS((1,2
    ,2,2,2,1),(-2.094395102393,0.,2.094395102393,4.188790204786,
6.28318530718,8.377580409573),.UNSPECIFIED.) CURVE() 
GEOMETRIC_REPRESENTATION_ITEM() RATIONAL_B_SPLINE_CURVE((1.,0.5,1.,0.5,
1.,0.5,1.)) REPRESENTATION_ITEM('') );
#2972 = CARTESIAN_POINT('',(1.999999999999,-1.706341620705E-12));
#2973 = CARTESIAN_POINT('',(1.999999999999,-3.464101615139));
#2974 = CARTESIAN_POINT('',(-1.000000000001,-1.732050807571));
#2975 = CARTESIAN_POINT('',(-4.000000000001,-1.706831479425E-12));
#2976 = CARTESIAN_POINT('',(-1.000000000001,1.732050807567));
#2977 = CARTESIAN_POINT('',(1.999999999999,3.464101615136));
#2978 = CARTESIAN_POINT('',(1.999999999999,-1.706341620705E-12));
#2979 = ( GEOMETRIC_REPRESENTATION_CONTEXT(2) 
PARAMETRIC_REPRESENTATION_CONTEXT() REPRESENTATION_CONTEXT('2D SPACE',''
  ) );
#2980 = PCURVE('',#2981,#2986);
#2981 = CYLINDRICAL_SURFACE('',#2982,2.);
#2982 = AXIS2_PLACEMENT_3D('',#2983,#2984,#2985);
#2983 = CARTESIAN_POINT('',(35.,0.,25.4));
#2984 = DIRECTION('',(-0.,-0.,-1.));
#2985 = DIRECTION('',(1.,0.,0.));
#2986 = DEFINITIONAL_REPRESENTATION('',(#2987),#2991);
#2987 = LINE('',#2988,#2989);
#2988 = CARTESIAN_POINT('',(-6.28318530718,13.4));
#2989 = VECTOR('',#2990,1.);
#2990 = DIRECTION('',(1.,-0.));
#2991 = ( GEOMETRIC_REPRESENTATION_CONTEXT(2) 
PARAMETRIC_REPRESENTATION_CONTEXT() REPRESENTATION_CONTEXT('2D SPACE',''
  ) );
#2992 = ADVANCED_FACE('',(#2993,#3047,#3308,#3623),#1314,.F.);
#2993 = FACE_BOUND('',#2994,.F.);
#2994 = EDGE_LOOP('',(#2995,#3018,#3045,#3046));
#2995 = ORIENTED_EDGE('',*,*,#2996,.F.);
#2996 = EDGE_CURVE('',#2997,#1275,#2999,.T.);
#2997 = VERTEX_POINT('',#2998);
#2998 = CARTESIAN_POINT('',(49.,9.2,0.));
#2999 = SEAM_CURVE('',#3000,(#3004,#3011),.PCURVE_S1.);
#3000 = LINE('',#3001,#3002);
#3001 = CARTESIAN_POINT('',(50.,9.2,0.));
#3002 = VECTOR('',#3003,1.);
#3003 = DIRECTION('',(-1.,-0.,-0.));
#3004 = PCURVE('',#1314,#3005);
#3005 = DEFINITIONAL_REPRESENTATION('',(#3006),#3010);
#3006 = LINE('',#3007,#3008);
#3007 = CARTESIAN_POINT('',(6.28318530718,0.));
#3008 = VECTOR('',#3009,1.);
#3009 = DIRECTION('',(0.,-1.));
#3010 = ( GEOMETRIC_REPRESENTATION_CONTEXT(2) 
PARAMETRIC_REPRESENTATION_CONTEXT() REPRESENTATION_CONTEXT('2D SPACE',''
  ) );
#3011 = PCURVE('',#1314,#3012);
#3012 = DEFINITIONAL_REPRESENTATION('',(#3013),#3017);
#3013 = LINE('',#3014,#3015);
#3014 = CARTESIAN_POINT('',(0.,0.));
#3015 = VECTOR('',#3016,1.);
#3016 = DIRECTION('',(0.,-1.));
#3017 = ( GEOMETRIC_REPRESENTATION_CONTEXT(2) 
PARAMETRIC_REPRESENTATION_CONTEXT() REPRESENTATION_CONTEXT('2D SPACE',''
  ) );
#3018 = ORIENTED_EDGE('',*,*,#3019,.F.);
#3019 = EDGE_CURVE('',#2997,#2997,#3020,.T.);
#3020 = SURFACE_CURVE('',#3021,(#3026,#3033),.PCURVE_S1.);
#3021 = CIRCLE('',#3022,9.2);
#3022 = AXIS2_PLACEMENT_3D('',#3023,#3024,#3025);
#3023 = CARTESIAN_POINT('',(49.,0.,0.));
#3024 = DIRECTION('',(1.,0.,0.));
#3025 = DIRECTION('',(0.,1.,0.));
#3026 = PCURVE('',#1314,#3027);
#3027 = DEFINITIONAL_REPRESENTATION('',(#3028),#3032);
#3028 = LINE('',#3029,#3030);
#3029 = CARTESIAN_POINT('',(0.,-1.));
#3030 = VECTOR('',#3031,1.);
#3031 = DIRECTION('',(1.,0.));
#3032 = ( GEOMETRIC_REPRESENTATION_CONTEXT(2) 
PARAMETRIC_REPRESENTATION_CONTEXT() REPRESENTATION_CONTEXT('2D SPACE',''
  ) );
#3033 = PCURVE('',#3034,#3039);
#3034 = CONICAL_SURFACE('',#3035,9.2,0.785398163397);
#3035 = AXIS2_PLACEMENT_3D('',#3036,#3037,#3038);
#3036 = CARTESIAN_POINT('',(49.,0.,0.));
#3037 = DIRECTION('',(1.,0.,0.));
#3038 = DIRECTION('',(0.,1.,0.));
#3039 = DEFINITIONAL_REPRESENTATION('',(#3040),#3044);
#3040 = LINE('',#3041,#3042);
#3041 = CARTESIAN_POINT('',(0.,-0.));
#3042 = VECTOR('',#3043,1.);
#3043 = DIRECTION('',(1.,-0.));
#3044 = ( GEOMETRIC_REPRESENTATION_CONTEXT(2) 
PARAMETRIC_REPRESENTATION_CONTEXT() REPRESENTATION_CONTEXT('2D SPACE',''
  ) );
#3045 = ORIENTED_EDGE('',*,*,#2996,.T.);
#3046 = ORIENTED_EDGE('',*,*,#1299,.T.);
#3047 = FACE_BOUND('',#3048,.F.);
#3048 = EDGE_LOOP('',(#3049));
#3049 = ORIENTED_EDGE('',*,*,#3050,.F.);
#3050 = EDGE_CURVE('',#3051,#3051,#3053,.T.);
#3051 = VERTEX_POINT('',#3052);
#3052 = CARTESIAN_POINT('',(35.66857641412,0.,9.2));
#3053 = SURFACE_CURVE('',#3054,(#3135,#3219),.PCURVE_S1.);
#3054 = B_SPLINE_CURVE_WITH_KNOTS('',7,(#3055,#3056,#3057,#3058,#3059,
    #3060,#3061,#3062,#3063,#3064,#3065,#3066,#3067,#3068,#3069,#3070,
    #3071,#3072,#3073,#3074,#3075,#3076,#3077,#3078,#3079,#3080,#3081,
    #3082,#3083,#3084,#3085,#3086,#3087,#3088,#3089,#3090,#3091,#3092,
    #3093,#3094,#3095,#3096,#3097,#3098,#3099,#3100,#3101,#3102,#3103,
    #3104,#3105,#3106,#3107,#3108,#3109,#3110,#3111,#3112,#3113,#3114,
    #3115,#3116,#3117,#3118,#3119,#3120,#3121,#3122,#3123,#3124,#3125,
    #3126,#3127,#3128,#3129,#3130,#3131,#3132,#3133,#3134),
  .UNSPECIFIED.,.T.,.F.,(8,6,6,6,6,6,6,6,6,6,6,6,6,8),(0.,
    4.344338262591E-02,9.200393023679E-02,0.133922680174,0.245729294865,
    0.36609483117,0.408076004119,0.49977665474,0.59176198158,
    0.633743610321,0.749958931038,0.866174881388,0.908156510473,1.),
  .UNSPECIFIED.);
#3055 = CARTESIAN_POINT('',(35.66857641412,-1.110223024625E-16,9.2));
#3056 = CARTESIAN_POINT('',(35.66857641412,2.77375574759E-02,9.2));
#3057 = CARTESIAN_POINT('',(35.667071513337,5.547755816396E-02,
    9.199902454327));
#3058 = CARTESIAN_POINT('',(35.664061128176,8.308080959627E-02,
    9.199707254844));
#3059 = CARTESIAN_POINT('',(35.659569071977,0.110415144751,
    9.199417401774));
#3060 = CARTESIAN_POINT('',(35.653639593837,0.137357880158,
    9.199038466327));
#3061 = CARTESIAN_POINT('',(35.646333417439,0.163798273998,
    9.198578053334));
#3062 = CARTESIAN_POINT('',(35.628100019257,0.218525570996,
    9.197449717537));
#3063 = CARTESIAN_POINT('',(35.616846463859,0.24666587148,9.196763630161
    ));
#3064 = CARTESIAN_POINT('',(35.604063673659,0.273931048611,
    9.195999601778));
#3065 = CARTESIAN_POINT('',(35.589865011993,0.300220053375,
    9.195171855048));
#3066 = CARTESIAN_POINT('',(35.574369419145,0.325457041609,
    9.194295275769));
#3067 = CARTESIAN_POINT('',(35.557694185942,0.349587790821,
    9.193384453387));
#3068 = CARTESIAN_POINT('',(35.524628514589,0.392420248586,
    9.191648425878));
#3069 = CARTESIAN_POINT('',(35.50851128425,0.411412906502,9.190828571792
    ));
#3070 = CARTESIAN_POINT('',(35.491665852651,0.429531546946,
    9.190001822883));
#3071 = CARTESIAN_POINT('',(35.474158550039,0.446761696724,9.18917628352
    ));
#3072 = CARTESIAN_POINT('',(35.456051488127,0.463095347973,
    9.188359418639));
#3073 = CARTESIAN_POINT('',(35.437401827648,0.478529352875,
    9.187557973567));
#3074 = CARTESIAN_POINT('',(35.367208330504,0.531830465459,
    9.184697248033));
#3075 = CARTESIAN_POINT('',(35.312690319879,0.564176208564,
    9.182769760958));
#3076 = CARTESIAN_POINT('',(35.255655098133,0.590146625436,
    9.181107246447));
#3077 = CARTESIAN_POINT('',(35.196866643893,0.60984443116,9.179787883192
    ));
#3078 = CARTESIAN_POINT('',(35.136950810331,0.623379978749,
    9.178860079155));
#3079 = CARTESIAN_POINT('',(35.076437455162,0.630827486199,
    9.178347266239));
#3080 = CARTESIAN_POINT('',(34.950518022933,0.633650565406,
    9.178152815963));
#3081 = CARTESIAN_POINT('',(34.885209231706,0.628056285614,
    9.178538076328));
#3082 = CARTESIAN_POINT('',(34.820424558535,0.615444529839,
    9.179410449736));
#3083 = CARTESIAN_POINT('',(34.756787245306,0.595733762354,
    9.180747625902));
#3084 = CARTESIAN_POINT('',(34.695047661125,0.56878161932,9.182494956995
    ));
#3085 = CARTESIAN_POINT('',(34.636142530683,0.534453366286,
    9.184558135677));
#3086 = CARTESIAN_POINT('',(34.562114384098,0.478134166136,
    9.187578594304));
#3087 = CARTESIAN_POINT('',(34.543464191574,0.462669875057,
    9.188380939124));
#3088 = CARTESIAN_POINT('',(34.525358359872,0.446304787529,
    9.189198602157));
#3089 = CARTESIAN_POINT('',(34.507854238295,0.429042118663,
    9.190024813427));
#3090 = CARTESIAN_POINT('',(34.491014140436,0.410889978795,
    9.190852081683));
#3091 = CARTESIAN_POINT('',(34.474904602633,0.391862987973,
    9.191672275722));
#3092 = CARTESIAN_POINT('',(34.426155852327,0.328561421554,
    9.194233844677));
#3093 = CARTESIAN_POINT('',(34.396491463205,0.281016144433,
    9.195918158719));
#3094 = CARTESIAN_POINT('',(34.371403253676,0.229636171849,
    9.197436008232));
#3095 = CARTESIAN_POINT('',(34.35172907764,0.174937669816,9.198683663629
    ));
#3096 = CARTESIAN_POINT('',(34.338252787041,0.117732657443,
    9.199557282416));
#3097 = CARTESIAN_POINT('',(34.331486356026,5.917972511492E-02,
    9.199995930588));
#3098 = CARTESIAN_POINT('',(34.3313613002,-5.80893820157E-02,
    9.200004038004));
#3099 = CARTESIAN_POINT('',(34.338044320635,-0.11684431923,
    9.199570797722));
#3100 = CARTESIAN_POINT('',(34.351484941638,-0.174257669834,
    9.198699152616));
#3101 = CARTESIAN_POINT('',(34.371169484265,-0.229157205332,
    9.197450153794));
#3102 = CARTESIAN_POINT('',(34.396307316574,-0.2807211009,9.195928613355
    ));
#3103 = CARTESIAN_POINT('',(34.426052405761,-0.328427093398,
    9.194239280417));
#3104 = CARTESIAN_POINT('',(34.474904602632,-0.391862987972,
    9.191672275722));
#3105 = CARTESIAN_POINT('',(34.491014140435,-0.410889978794,
    9.190852081683));
#3106 = CARTESIAN_POINT('',(34.507854238294,-0.429042118661,
    9.190024813428));
#3107 = CARTESIAN_POINT('',(34.525358359871,-0.446304787528,
    9.189198602157));
#3108 = CARTESIAN_POINT('',(34.543464191573,-0.462669875056,
    9.188380939124));
#3109 = CARTESIAN_POINT('',(34.562114384096,-0.478134166135,
    9.187578594304));
#3110 = CARTESIAN_POINT('',(34.634249506956,-0.533013189988,
    9.184635373865));
#3111 = CARTESIAN_POINT('',(34.690985961381,-0.566402413749,
    9.182637609182));
#3112 = CARTESIAN_POINT('',(34.750404391323,-0.592917008312,
    9.180929673564));
#3113 = CARTESIAN_POINT('',(34.811656185928,-0.612673742133,
    9.179597849587));
#3114 = CARTESIAN_POINT('',(34.874050965914,-0.62579644882,
    9.178694023011));
#3115 = CARTESIAN_POINT('',(34.937005763808,-0.632363960472,
    9.178241434038));
#3116 = CARTESIAN_POINT('',(35.06299219329,-0.632364173542,
    9.178241419358));
#3117 = CARTESIAN_POINT('',(35.125947346858,-0.62579680368,
    9.178693998565));
#3118 = CARTESIAN_POINT('',(35.188342489211,-0.612674169519,
    9.179597820778));
#3119 = CARTESIAN_POINT('',(35.249594644873,-0.592917438407,
    9.180929645862));
#3120 = CARTESIAN_POINT('',(35.30901342503,-0.566402774798,
    9.182637587577));
#3121 = CARTESIAN_POINT('',(35.365750206372,-0.533013408081,
    9.184635362168));
#3122 = CARTESIAN_POINT('',(35.437885615901,-0.478134166137,
    9.187578594304));
#3123 = CARTESIAN_POINT('',(35.456535808425,-0.462669875058,
    9.188380939124));
#3124 = CARTESIAN_POINT('',(35.474641640127,-0.44630478753,
    9.189198602157));
#3125 = CARTESIAN_POINT('',(35.492145761704,-0.429042118664,
    9.190024813427));
#3126 = CARTESIAN_POINT('',(35.508985859563,-0.410889978796,
    9.190852081683));
#3127 = CARTESIAN_POINT('',(35.525095397366,-0.391862987974,
    9.191672275722));
#3128 = CARTESIAN_POINT('',(35.573895871774,-0.328494256414,
    9.19423656259));
#3129 = CARTESIAN_POINT('',(35.603600618847,-0.280868632471,
    9.195923386201));
#3130 = CARTESIAN_POINT('',(35.628713663363,-0.229396717593,
    9.197443082168));
#3131 = CARTESIAN_POINT('',(35.648393068731,-0.174597719178,
    9.198691412027));
#3132 = CARTESIAN_POINT('',(35.661851596441,-0.117288547819,
    9.199564049159));
#3133 = CARTESIAN_POINT('',(35.66857641412,-5.863459938936E-02,9.2));
#3134 = CARTESIAN_POINT('',(35.66857641412,-1.110223024625E-16,9.2));
#3135 = PCURVE('',#1314,#3136);
#3136 = DEFINITIONAL_REPRESENTATION('',(#3137),#3218);
#3137 = B_SPLINE_CURVE_WITH_KNOTS('',7,(#3138,#3139,#3140,#3141,#3142,
    #3143,#3144,#3145,#3146,#3147,#3148,#3149,#3150,#3151,#3152,#3153,
    #3154,#3155,#3156,#3157,#3158,#3159,#3160,#3161,#3162,#3163,#3164,
    #3165,#3166,#3167,#3168,#3169,#3170,#3171,#3172,#3173,#3174,#3175,
    #3176,#3177,#3178,#3179,#3180,#3181,#3182,#3183,#3184,#3185,#3186,
    #3187,#3188,#3189,#3190,#3191,#3192,#3193,#3194,#3195,#3196,#3197,
    #3198,#3199,#3200,#3201,#3202,#3203,#3204,#3205,#3206,#3207,#3208,
    #3209,#3210,#3211,#3212,#3213,#3214,#3215,#3216,#3217),
  .UNSPECIFIED.,.T.,.F.,(8,6,6,6,6,6,6,6,6,6,6,6,6,8),(0.,
    4.344338262591E-02,9.200393023679E-02,0.133922680174,0.245729294865,
    0.36609483117,0.408076004119,0.49977665474,0.59176198158,
    0.633743610321,0.749958931038,0.866174881388,0.908156510473,1.),
  .UNSPECIFIED.);
#3138 = CARTESIAN_POINT('',(1.570796326795,-14.33142358588));
#3139 = CARTESIAN_POINT('',(1.567781374895,-14.33142358588));
#3140 = CARTESIAN_POINT('',(1.564766157605,-14.33292848666));
#3141 = CARTESIAN_POINT('',(1.561765759123,-14.33593887182));
#3142 = CARTESIAN_POINT('',(1.558794501345,-14.34043092802));
#3143 = CARTESIAN_POINT('',(1.555865680448,-14.34636040616));
#3144 = CARTESIAN_POINT('',(1.552991303494,-14.35366658256));
#3145 = CARTESIAN_POINT('',(1.547041420075,-14.37189998074));
#3146 = CARTESIAN_POINT('',(1.543981804742,-14.38315353614));
#3147 = CARTESIAN_POINT('',(1.541017065185,-14.39593632634));
#3148 = CARTESIAN_POINT('',(1.538158177281,-14.410134988));
#3149 = CARTESIAN_POINT('',(1.535413393151,-14.42563058085));
#3150 = CARTESIAN_POINT('',(1.532788627676,-14.44230581405));
#3151 = CARTESIAN_POINT('',(1.528129103275,-14.47537148541));
#3152 = CARTESIAN_POINT('',(1.5260627686,-14.49148871575));
#3153 = CARTESIAN_POINT('',(1.524091311062,-14.50833414734));
#3154 = CARTESIAN_POINT('',(1.522216328218,-14.52584144996));
#3155 = CARTESIAN_POINT('',(1.520438717892,-14.54394851187));
#3156 = CARTESIAN_POINT('',(1.518758850924,-14.56259817235));
#3157 = CARTESIAN_POINT('',(1.51295691327,-14.63279166949));
#3158 = CARTESIAN_POINT('',(1.509434895993,-14.68730968012));
#3159 = CARTESIAN_POINT('',(1.506606274379,-14.74434490186));
#3160 = CARTESIAN_POINT('',(1.504460414063,-14.8031333561));
#3161 = CARTESIAN_POINT('',(1.502985707101,-14.86304918966));
#3162 = CARTESIAN_POINT('',(1.5021742785,-14.92356254483));
#3163 = CARTESIAN_POINT('',(1.501866695019,-15.04948197706));
#3164 = CARTESIAN_POINT('',(1.502476209475,-15.11479076829));
#3165 = CARTESIAN_POINT('',(1.503850327136,-15.17957544146));
#3166 = CARTESIAN_POINT('',(1.505997726459,-15.24321275469));
#3167 = CARTESIAN_POINT('',(1.508933427405,-15.30495233887));
#3168 = CARTESIAN_POINT('',(1.512671414701,-15.36385746931));
#3169 = CARTESIAN_POINT('',(1.518801864396,-15.4378856159));
#3170 = CARTESIAN_POINT('',(1.520485023968,-15.45653580842));
#3171 = CARTESIAN_POINT('',(1.52226605132,-15.47464164012));
#3172 = CARTESIAN_POINT('',(1.524144568248,-15.4921457617));
#3173 = CARTESIAN_POINT('',(1.52611966577,-15.50898585956));
#3174 = CARTESIAN_POINT('',(1.52818973037,-15.52509539736));
#3175 = CARTESIAN_POINT('',(1.535075966631,-15.57384414767));
#3176 = CARTESIAN_POINT('',(1.540247107396,-15.60350853679));
#3177 = CARTESIAN_POINT('',(1.545834165166,-15.62859674632));
#3178 = CARTESIAN_POINT('',(1.55178093369,-15.64827092236));
#3179 = CARTESIAN_POINT('',(1.557999295155,-15.66174721295));
#3180 = CARTESIAN_POINT('',(1.564363747963,-15.66851364397));
#3181 = CARTESIAN_POINT('',(1.577110390073,-15.6686386998));
#3182 = CARTESIAN_POINT('',(1.583496793392,-15.66195567936));
#3183 = CARTESIAN_POINT('',(1.589737791073,-15.64851505836));
#3184 = CARTESIAN_POINT('',(1.595706405599,-15.62883051573));
#3185 = CARTESIAN_POINT('',(1.601313456534,-15.60369268342));
#3186 = CARTESIAN_POINT('',(1.606502074122,-15.57394759423));
#3187 = CARTESIAN_POINT('',(1.61340292322,-15.52509539736));
#3188 = CARTESIAN_POINT('',(1.61547298782,-15.50898585956));
#3189 = CARTESIAN_POINT('',(1.617448085341,-15.4921457617));
#3190 = CARTESIAN_POINT('',(1.61932660227,-15.47464164012));
#3191 = CARTESIAN_POINT('',(1.621107629622,-15.45653580842));
#3192 = CARTESIAN_POINT('',(1.622790789194,-15.4378856159));
#3193 = CARTESIAN_POINT('',(1.62876447302,-15.36575049304));
#3194 = CARTESIAN_POINT('',(1.632400157635,-15.30901403861));
#3195 = CARTESIAN_POINT('',(1.635288122528,-15.24959560867));
#3196 = CARTESIAN_POINT('',(1.637440465904,-15.18834381407));
#3197 = CARTESIAN_POINT('',(1.638870225658,-15.12594903408));
#3198 = CARTESIAN_POINT('',(1.639585778874,-15.06299423619));
#3199 = CARTESIAN_POINT('',(1.639585802088,-14.93700780671));
#3200 = CARTESIAN_POINT('',(1.638870264321,-14.87405265314));
#3201 = CARTESIAN_POINT('',(1.637440512465,-14.81165751078));
#3202 = CARTESIAN_POINT('',(1.635288169374,-14.75040535512));
#3203 = CARTESIAN_POINT('',(1.632400196949,-14.69098657497));
#3204 = CARTESIAN_POINT('',(1.62876449676,-14.63424979362));
#3205 = CARTESIAN_POINT('',(1.622790789194,-14.56211438409));
#3206 = CARTESIAN_POINT('',(1.621107629622,-14.54346419157));
#3207 = CARTESIAN_POINT('',(1.61932660227,-14.52535835987));
#3208 = CARTESIAN_POINT('',(1.617448085341,-14.50785423829));
#3209 = CARTESIAN_POINT('',(1.61547298782,-14.49101414043));
#3210 = CARTESIAN_POINT('',(1.61340292322,-14.47490460263));
#3211 = CARTESIAN_POINT('',(1.606509380425,-14.42610412822));
#3212 = CARTESIAN_POINT('',(1.601329502428,-14.39639938115));
#3213 = CARTESIAN_POINT('',(1.595732450157,-14.37128633663));
#3214 = CARTESIAN_POINT('',(1.589774760836,-14.35160693126));
#3215 = CARTESIAN_POINT('',(1.583545082359,-14.33814840355));
#3216 = CARTESIAN_POINT('',(1.577169652815,-14.33142358588));
#3217 = CARTESIAN_POINT('',(1.570796326795,-14.33142358588));
#3218 = ( GEOMETRIC_REPRESENTATION_CONTEXT(2) 
PARAMETRIC_REPRESENTATION_CONTEXT() REPRESENTATION_CONTEXT('2D SPACE',''
  ) );
#3219 = PCURVE('',#3220,#3225);
#3220 = CONICAL_SURFACE('',#3221,2.,1.029744258677);
#3221 = AXIS2_PLACEMENT_3D('',#3222,#3223,#3224);
#3222 = CARTESIAN_POINT('',(35.,0.,10.));
#3223 = DIRECTION('',(0.,0.,1.));
#3224 = DIRECTION('',(1.,0.,0.));
#3225 = DEFINITIONAL_REPRESENTATION('',(#3226),#3307);
#3226 = B_SPLINE_CURVE_WITH_KNOTS('',7,(#3227,#3228,#3229,#3230,#3231,
    #3232,#3233,#3234,#3235,#3236,#3237,#3238,#3239,#3240,#3241,#3242,
    #3243,#3244,#3245,#3246,#3247,#3248,#3249,#3250,#3251,#3252,#3253,
    #3254,#3255,#3256,#3257,#3258,#3259,#3260,#3261,#3262,#3263,#3264,
    #3265,#3266,#3267,#3268,#3269,#3270,#3271,#3272,#3273,#3274,#3275,
    #3276,#3277,#3278,#3279,#3280,#3281,#3282,#3283,#3284,#3285,#3286,
    #3287,#3288,#3289,#3290,#3291,#3292,#3293,#3294,#3295,#3296,#3297,
    #3298,#3299,#3300,#3301,#3302,#3303,#3304,#3305,#3306),
  .UNSPECIFIED.,.F.,.F.,(8,6,6,6,6,6,6,6,6,6,6,6,6,8),(0.,
    4.344338262591E-02,9.200393023679E-02,0.133922680174,0.245729294865,
    0.36609483117,0.408076004119,0.49977665474,0.59176198158,
    0.633743610321,0.749958931038,0.866174881388,0.908156510473,1.),
  .UNSPECIFIED.);
#3227 = CARTESIAN_POINT('',(0.,-0.8));
#3228 = CARTESIAN_POINT('',(4.148749027054E-02,-0.8));
#3229 = CARTESIAN_POINT('',(8.297840791918E-02,-0.800097545673));
#3230 = CARTESIAN_POINT('',(0.124424383931,-0.800292745156));
#3231 = CARTESIAN_POINT('',(0.165785760406,-0.800582598226));
#3232 = CARTESIAN_POINT('',(0.207029015268,-0.800961533673));
#3233 = CARTESIAN_POINT('',(0.248124186974,-0.801421946666));
#3234 = CARTESIAN_POINT('',(0.334780126665,-0.802550282463));
#3235 = CARTESIAN_POINT('',(0.380301005306,-0.803236369839));
#3236 = CARTESIAN_POINT('',(0.42557498615,-0.804000398222));
#3237 = CARTESIAN_POINT('',(0.470584745264,-0.804828144952));
#3238 = CARTESIAN_POINT('',(0.515323366525,-0.805704724231));
#3239 = CARTESIAN_POINT('',(0.559792124366,-0.806615546613));
#3240 = CARTESIAN_POINT('',(0.642158178419,-0.808351574122));
#3241 = CARTESIAN_POINT('',(0.680122296257,-0.809171428208));
#3242 = CARTESIAN_POINT('',(0.717897487618,-0.809998177117));
#3243 = CARTESIAN_POINT('',(0.755491978168,-0.81082371648));
#3244 = CARTESIAN_POINT('',(0.79291544891,-0.811640581361));
#3245 = CARTESIAN_POINT('',(0.830179133443,-0.812442026433));
#3246 = CARTESIAN_POINT('',(0.966294614485,-0.815302751967));
#3247 = CARTESIAN_POINT('',(1.064193962663,-0.817230239042));
#3248 = CARTESIAN_POINT('',(1.161314310927,-0.818892753553));
#3249 = CARTESIAN_POINT('',(1.257861905302,-0.820212116808));
#3250 = CARTESIAN_POINT('',(1.353997548607,-0.821139920845));
#3251 = CARTESIAN_POINT('',(1.449898119077,-0.821652733761));
#3252 = CARTESIAN_POINT('',(1.649066006579,-0.821847184037));
#3253 = CARTESIAN_POINT('',(1.752152071174,-0.821461923672));
#3254 = CARTESIAN_POINT('',(1.855434072009,-0.820589550264));
#3255 = CARTESIAN_POINT('',(1.959151678143,-0.819252374098));
#3256 = CARTESIAN_POINT('',(2.063502597284,-0.817505043005));
#3257 = CARTESIAN_POINT('',(2.168732425799,-0.815441864323));
#3258 = CARTESIAN_POINT('',(2.31237570741,-0.812421405696));
#3259 = CARTESIAN_POINT('',(2.349667677546,-0.811619060876));
#3260 = CARTESIAN_POINT('',(2.387119861752,-0.810801397843));
#3261 = CARTESIAN_POINT('',(2.424743503358,-0.809975186572));
#3262 = CARTESIAN_POINT('',(2.462548279231,-0.809147918317));
#3263 = CARTESIAN_POINT('',(2.50054239473,-0.808327724278));
#3264 = CARTESIAN_POINT('',(2.622152784338,-0.805766155323));
#3265 = CARTESIAN_POINT('',(2.706618659652,-0.80408184128));
#3266 = CARTESIAN_POINT('',(2.792070582676,-0.802563991768));
#3267 = CARTESIAN_POINT('',(2.878406515384,-0.801316336371));
#3268 = CARTESIAN_POINT('',(2.965486348021,-0.800442717584));
#3269 = CARTESIAN_POINT('',(3.053076576593,-0.800004069412));
#3270 = CARTESIAN_POINT('',(3.228477887461,-0.799995961996));
#3271 = CARTESIAN_POINT('',(3.316346992883,-0.800429202278));
#3272 = CARTESIAN_POINT('',(3.403705819971,-0.801300847384));
#3273 = CARTESIAN_POINT('',(3.490318242851,-0.802549846206));
#3274 = CARTESIAN_POINT('',(3.57604243289,-0.804071386645));
#3275 = CARTESIAN_POINT('',(3.660774461307,-0.805760719583));
#3276 = CARTESIAN_POINT('',(3.782642912448,-0.808327724278));
#3277 = CARTESIAN_POINT('',(3.820637027947,-0.809147918317));
#3278 = CARTESIAN_POINT('',(3.858441803819,-0.809975186572));
#3279 = CARTESIAN_POINT('',(3.896065445425,-0.810801397843));
#3280 = CARTESIAN_POINT('',(3.933517629632,-0.811619060876));
#3281 = CARTESIAN_POINT('',(3.970809599767,-0.812421405696));
#3282 = CARTESIAN_POINT('',(4.110779682026,-0.815364626135));
#3283 = CARTESIAN_POINT('',(4.212416369355,-0.817362390818));
#3284 = CARTESIAN_POINT('',(4.31322545772,-0.819070326436));
#3285 = CARTESIAN_POINT('',(4.413433693851,-0.820402150413));
#3286 = CARTESIAN_POINT('',(4.51321642852,-0.821305976989));
#3287 = CARTESIAN_POINT('',(4.612771940963,-0.821758565962));
#3288 = CARTESIAN_POINT('',(4.812002789228,-0.821758580642));
#3289 = CARTESIAN_POINT('',(4.911558833985,-0.821306001435));
#3290 = CARTESIAN_POINT('',(5.011342099416,-0.820402179222));
#3291 = CARTESIAN_POINT('',(5.111550867873,-0.819070354138));
#3292 = CARTESIAN_POINT('',(5.212360492264,-0.817362412423));
#3293 = CARTESIAN_POINT('',(5.31399772249,-0.815364637832));
#3294 = CARTESIAN_POINT('',(5.453968360998,-0.812421405696));
#3295 = CARTESIAN_POINT('',(5.491260331133,-0.811619060876));
#3296 = CARTESIAN_POINT('',(5.52871251534,-0.810801397843));
#3297 = CARTESIAN_POINT('',(5.566336156946,-0.809975186573));
#3298 = CARTESIAN_POINT('',(5.604140932819,-0.809147918317));
#3299 = CARTESIAN_POINT('',(5.642135048318,-0.808327724278));
#3300 = CARTESIAN_POINT('',(5.763874470736,-0.80576343741));
#3301 = CARTESIAN_POINT('',(5.848473417848,-0.804076613799));
#3302 = CARTESIAN_POINT('',(5.934061467811,-0.802556917832));
#3303 = CARTESIAN_POINT('',(6.020535640437,-0.801308587973));
#3304 = CARTESIAN_POINT('',(6.107754967922,-0.800435950841));
#3305 = CARTESIAN_POINT('',(6.195484637292,-0.8));
#3306 = CARTESIAN_POINT('',(6.28318530718,-0.8));
#3307 = ( GEOMETRIC_REPRESENTATION_CONTEXT(2) 
PARAMETRIC_REPRESENTATION_CONTEXT() REPRESENTATION_CONTEXT('2D SPACE',''
  ) );
#3308 = FACE_BOUND('',#3309,.F.);
#3309 = EDGE_LOOP('',(#3310));
#3310 = ORIENTED_EDGE('',*,*,#3311,.F.);
#3311 = EDGE_CURVE('',#3312,#3312,#3314,.T.);
#3312 = VERTEX_POINT('',#3313);
#3313 = CARTESIAN_POINT('',(35.66857641412,-7.967433714817,-4.6));
#3314 = SURFACE_CURVE('',#3315,(#3414,#3516),.PCURVE_S1.);
#3315 = B_SPLINE_CURVE_WITH_KNOTS('',7,(#3316,#3317,#3318,#3319,#3320,
    #3321,#3322,#3323,#3324,#3325,#3326,#3327,#3328,#3329,#3330,#3331,
    #3332,#3333,#3334,#3335,#3336,#3337,#3338,#3339,#3340,#3341,#3342,
    #3343,#3344,#3345,#3346,#3347,#3348,#3349,#3350,#3351,#3352,#3353,
    #3354,#3355,#3356,#3357,#3358,#3359,#3360,#3361,#3362,#3363,#3364,
    #3365,#3366,#3367,#3368,#3369,#3370,#3371,#3372,#3373,#3374,#3375,
    #3376,#3377,#3378,#3379,#3380,#3381,#3382,#3383,#3384,#3385,#3386,
    #3387,#3388,#3389,#3390,#3391,#3392,#3393,#3394,#3395,#3396,#3397,
    #3398,#3399,#3400,#3401,#3402,#3403,#3404,#3405,#3406,#3407,#3408,
    #3409,#3410,#3411,#3412,#3413),.UNSPECIFIED.,.T.,.F.,(8,6,6,6,6,6,6,
    6,6,6,6,6,6,6,6,6,8),(0.,4.344012659857E-02,9.19970346461E-02,
    0.133912642819,0.24571087828,0.366067392717,0.408045419219,
    0.442235940193,0.499793554039,0.538680428627,0.557637889126,
    0.591825983373,0.633801030418,0.749998134564,0.866195861916,
    0.908170909301,1.),.UNSPECIFIED.);
#3316 = CARTESIAN_POINT('',(35.66857641412,-7.967433714817,-4.6));
#3317 = CARTESIAN_POINT('',(35.66857641412,-7.981302493559,
    -4.57597857058));
#3318 = CARTESIAN_POINT('',(35.667071513336,-7.995088016875,
    -4.55190625244));
#3319 = CARTESIAN_POINT('',(35.664061128174,-8.008720594885,
    -4.527903535724));
#3320 = CARTESIAN_POINT('',(35.659569071972,-8.022136742344,
    -4.504086380543));
#3321 = CARTESIAN_POINT('',(35.653639593829,-8.035279942327,
    -4.480563819504));
#3322 = CARTESIAN_POINT('',(35.646333417426,-8.048101409902,
    -4.45743556025));
#3323 = CARTESIAN_POINT('',(35.628100019237,-8.07448789094,
    -4.409476162864));
#3324 = CARTESIAN_POINT('',(35.616846463836,-8.087963872085,
    -4.384762904086));
#3325 = CARTESIAN_POINT('',(35.604063673633,-8.100934792662,
    -4.360768553861));
#3326 = CARTESIAN_POINT('',(35.589865011964,-8.113362445347,
    -4.33758773453));
#3327 = CARTESIAN_POINT('',(35.574369419113,-8.12522179954,
    -4.315293571965));
#3328 = CARTESIAN_POINT('',(35.557694185906,-8.136498378824,
    -4.293940318945));
#3329 = CARTESIAN_POINT('',(35.524628514546,-8.156411163782,
    -4.255978308659));
#3330 = CARTESIAN_POINT('',(35.508511284204,-8.165197478274,
    -4.239120257375));
#3331 = CARTESIAN_POINT('',(35.491665852601,-8.173540812938,
    -4.223015680014));
#3332 = CARTESIAN_POINT('',(35.474158549985,-8.181440949768,
    -4.207681162913));
#3333 = CARTESIAN_POINT('',(35.456051488069,-8.188900349653,
    -4.193127373555));
#3334 = CARTESIAN_POINT('',(35.437401827586,-8.195923280312,
    -4.179360410691));
#3335 = CARTESIAN_POINT('',(35.367208330175,-8.220096375703,
    -4.131769930208));
#3336 = CARTESIAN_POINT('',(35.312690319253,-8.234599994539,
    -4.102793951326));
#3337 = CARTESIAN_POINT('',(35.25565509719,-8.246145423199,
    -4.079471653258));
#3338 = CARTESIAN_POINT('',(35.196866642624,-8.254851723963,
    -4.061753171476));
#3339 = CARTESIAN_POINT('',(35.136950808734,-8.260815995863,
    -4.049567141447));
#3340 = CARTESIAN_POINT('',(35.076437453242,-8.264095640521,
    -4.042861004454));
#3341 = CARTESIAN_POINT('',(34.950518021017,-8.265338781071,
    -4.040318921365));
#3342 = CARTESIAN_POINT('',(34.885209230122,-8.262875286374,
    -4.045356340094));
#3343 = CARTESIAN_POINT('',(34.820424557292,-8.257324905985,
    -4.056714627754));
#3344 = CARTESIAN_POINT('',(34.756787244401,-8.248627550766,
    -4.074453241215));
#3345 = CARTESIAN_POINT('',(34.69504766055,-8.23666471239,
    -4.098668147261));
#3346 = CARTESIAN_POINT('',(34.636142530415,-8.221287351082,
    -4.129428875679));
#3347 = CARTESIAN_POINT('',(34.562114384098,-8.195743545001,
    -4.179712962861));
#3348 = CARTESIAN_POINT('',(34.543464191574,-8.188706250458,
    -4.193506604197));
#3349 = CARTESIAN_POINT('',(34.525358359872,-8.181231823653,
    -4.208088017248));
#3350 = CARTESIAN_POINT('',(34.507854238295,-8.173316009169,
    -4.223451032659));
#3351 = CARTESIAN_POINT('',(34.491014140436,-8.16495637456,
    -4.239584881045));
#3352 = CARTESIAN_POINT('',(34.474904602633,-8.156153188023,
    -4.256472835473));
#3353 = CARTESIAN_POINT('',(34.447126706443,-8.139382088649,
    -4.288440485867));
#3354 = CARTESIAN_POINT('',(34.435189117106,-8.131562347132,
    -4.303274130135));
#3355 = CARTESIAN_POINT('',(34.423820741357,-8.123453367355,
    -4.318578463949));
#3356 = CARTESIAN_POINT('',(34.4130613924,-8.11505935974,-4.334336308813
    ));
#3357 = CARTESIAN_POINT('',(34.402951745551,-8.106386931335,
    -4.350526078238));
#3358 = CARTESIAN_POINT('',(34.393532254091,-8.097445567838,
    -4.367121225459));
#3359 = CARTESIAN_POINT('',(34.37021267288,-8.072764777327,
    -4.412655046939));
#3360 = CARTESIAN_POINT('',(34.357645856925,-8.056551232019,
    -4.442286598765));
#3361 = CARTESIAN_POINT('',(34.347336090629,-8.039674806306,
    -4.472820289507));
#3362 = CARTESIAN_POINT('',(34.339456323078,-8.022226362323,
    -4.504054846098));
#3363 = CARTESIAN_POINT('',(34.33414010315,-8.004323829049,
    -4.535752245242));
#3364 = CARTESIAN_POINT('',(34.331463086438,-7.986111017155,
    -4.56764484173));
#3365 = CARTESIAN_POINT('',(34.331397466917,-7.955347871276,
    -4.62093668167));
#3366 = CARTESIAN_POINT('',(34.332575070485,-7.942874805388,
    -4.642387996245));
#3367 = CARTESIAN_POINT('',(34.334957288639,-7.930381929807,
    -4.663717347959));
#3368 = CARTESIAN_POINT('',(34.338529209837,-7.917918379741,
    -4.684843385142));
#3369 = CARTESIAN_POINT('',(34.343262557916,-7.905531990916,
    -4.705690366381));
#3370 = CARTESIAN_POINT('',(34.349117791931,-7.893268274928,
    -4.726189367328));
#3371 = CARTESIAN_POINT('',(34.359423827305,-7.8752711565,
    -4.756073477466));
#3372 = CARTESIAN_POINT('',(34.363056665497,-7.869411888313,
    -4.765770616911));
#3373 = CARTESIAN_POINT('',(34.366939092649,-7.863596349872,
    -4.77536407256));
#3374 = CARTESIAN_POINT('',(34.3710651932,-7.857829027081,
    -4.784847556939));
#3375 = CARTESIAN_POINT('',(34.375428763952,-7.852114131921,
    -4.794215328369));
#3376 = CARTESIAN_POINT('',(34.380023314076,-7.846455602455,
    -4.803462190971));
#3377 = CARTESIAN_POINT('',(34.39353225409,-7.830760706574,
    -4.829032954779));
#3378 = CARTESIAN_POINT('',(34.402951745551,-7.820859569248,
    -4.845073976322));
#3379 = CARTESIAN_POINT('',(34.413061392399,-7.811175031847,
    -4.860679404346));
#3380 = CARTESIAN_POINT('',(34.423820741356,-7.801725341694,
    -4.875827750612));
#3381 = CARTESIAN_POINT('',(34.435189117106,-7.792525889712,
    -4.890502500005));
#3382 = CARTESIAN_POINT('',(34.447126706442,-7.783589447704,
    -4.904691416944));
#3383 = CARTESIAN_POINT('',(34.474904602633,-7.76429020005,
    -4.935199440248));
#3384 = CARTESIAN_POINT('',(34.491014140435,-7.754066395766,
    -4.951267200637));
#3385 = CARTESIAN_POINT('',(34.507854238294,-7.744273890507,
    -4.966573780768));
#3386 = CARTESIAN_POINT('',(34.525358359871,-7.734927036125,
    -4.981110584908));
#3387 = CARTESIAN_POINT('',(34.543464191573,-7.726036375402,
    -4.994874334926));
#3388 = CARTESIAN_POINT('',(34.562114384096,-7.717609378866,
    -5.007865631442));
#3389 = CARTESIAN_POINT('',(34.634249508397,-7.687620962671,
    -5.053920650933));
#3390 = CARTESIAN_POINT('',(34.690985964465,-7.669196235422,
    -5.081837685179));
#3391 = CARTESIAN_POINT('',(34.750404396167,-7.654459822307,
    -5.103946030118));
#3392 = CARTESIAN_POINT('',(34.811656192586,-7.643428062002,
    -5.1203899515));
#3393 = CARTESIAN_POINT('',(34.874050974393,-7.636083972084,
    -5.131302635265));
#3394 = CARTESIAN_POINT('',(34.937005774074,-7.632408263109,
    -5.136763972116));
#3395 = CARTESIAN_POINT('',(35.062992203556,-7.632408145059,
    -5.136764147519));
#3396 = CARTESIAN_POINT('',(35.125947355338,-7.63608377548,
    -5.131302927393));
#3397 = CARTESIAN_POINT('',(35.188342495869,-7.643427825758,
    -5.120390303647));
#3398 = CARTESIAN_POINT('',(35.249594649716,-7.654459585672,
    -5.103946385136));
#3399 = CARTESIAN_POINT('',(35.309013428114,-7.66919603819,
    -5.08183798402));
#3400 = CARTESIAN_POINT('',(35.365750207813,-7.687620844693,
    -5.05392083212));
#3401 = CARTESIAN_POINT('',(35.437885615901,-7.717609378865,
    -5.007865631444));
#3402 = CARTESIAN_POINT('',(35.456535808425,-7.726036375401,
    -4.994874334928));
#3403 = CARTESIAN_POINT('',(35.474641640127,-7.734927036124,
    -4.98111058491));
#3404 = CARTESIAN_POINT('',(35.492145761704,-7.744273890506,
    -4.96657378077));
#3405 = CARTESIAN_POINT('',(35.508985859564,-7.754066395765,
    -4.951267200639));
#3406 = CARTESIAN_POINT('',(35.525095397366,-7.764290200049,
    -4.93519944025));
#3407 = CARTESIAN_POINT('',(35.573895871774,-7.7981953034,
    -4.881602652346));
#3408 = CARTESIAN_POINT('',(35.603600618846,-7.823468947469,
    -4.841201063948));
#3409 = CARTESIAN_POINT('',(35.628713663365,-7.850521000225,
    -4.797384926061));
#3410 = CARTESIAN_POINT('',(35.648393068729,-7.879001584798,
    -4.750551766268));
#3411 = CARTESIAN_POINT('',(35.661851596442,-7.908411896405,
    -4.701356886562));
#3412 = CARTESIAN_POINT('',(35.66857641412,-7.938116415122,
    -4.650779052612));
#3413 = CARTESIAN_POINT('',(35.66857641412,-7.967433714817,-4.6));
#3414 = PCURVE('',#1314,#3415);
#3415 = DEFINITIONAL_REPRESENTATION('',(#3416),#3515);
#3416 = B_SPLINE_CURVE_WITH_KNOTS('',7,(#3417,#3418,#3419,#3420,#3421,
    #3422,#3423,#3424,#3425,#3426,#3427,#3428,#3429,#3430,#3431,#3432,
    #3433,#3434,#3435,#3436,#3437,#3438,#3439,#3440,#3441,#3442,#3443,
    #3444,#3445,#3446,#3447,#3448,#3449,#3450,#3451,#3452,#3453,#3454,
    #3455,#3456,#3457,#3458,#3459,#3460,#3461,#3462,#3463,#3464,#3465,
    #3466,#3467,#3468,#3469,#3470,#3471,#3472,#3473,#3474,#3475,#3476,
    #3477,#3478,#3479,#3480,#3481,#3482,#3483,#3484,#3485,#3486,#3487,
    #3488,#3489,#3490,#3491,#3492,#3493,#3494,#3495,#3496,#3497,#3498,
    #3499,#3500,#3501,#3502,#3503,#3504,#3505,#3506,#3507,#3508,#3509,
    #3510,#3511,#3512,#3513,#3514),.UNSPECIFIED.,.F.,.F.,(8,6,6,6,6,6,6,
    6,6,6,6,6,6,6,6,6,8),(0.,4.344012659857E-02,9.19970346461E-02,
    0.133912642819,0.24571087828,0.366067392717,0.408045419219,
    0.442235940193,0.499793554039,0.538680428627,0.557637889126,
    0.591825983373,0.633801030418,0.749998134564,0.866195861916,
    0.908170909301,1.),.UNSPECIFIED.);
#3417 = CARTESIAN_POINT('',(3.665191429188,-14.33142358588));
#3418 = CARTESIAN_POINT('',(3.662176477288,-14.33142358588));
#3419 = CARTESIAN_POINT('',(3.659161259996,-14.33292848666));
#3420 = CARTESIAN_POINT('',(3.656160861514,-14.33593887182));
#3421 = CARTESIAN_POINT('',(3.653189603735,-14.34043092802));
#3422 = CARTESIAN_POINT('',(3.650260782837,-14.34636040617));
#3423 = CARTESIAN_POINT('',(3.647386405882,-14.35366658257));
#3424 = CARTESIAN_POINT('',(3.641436522463,-14.37189998076));
#3425 = CARTESIAN_POINT('',(3.63837690713,-14.38315353616));
#3426 = CARTESIAN_POINT('',(3.635412167572,-14.39593632636));
#3427 = CARTESIAN_POINT('',(3.632553279669,-14.41013498803));
#3428 = CARTESIAN_POINT('',(3.629808495538,-14.42563058088));
#3429 = CARTESIAN_POINT('',(3.627183730064,-14.44230581409));
#3430 = CARTESIAN_POINT('',(3.622524205663,-14.47537148545));
#3431 = CARTESIAN_POINT('',(3.620457870987,-14.49148871579));
#3432 = CARTESIAN_POINT('',(3.618486413449,-14.50833414739));
#3433 = CARTESIAN_POINT('',(3.616611430606,-14.52584145001));
#3434 = CARTESIAN_POINT('',(3.614833820279,-14.54394851193));
#3435 = CARTESIAN_POINT('',(3.613153953312,-14.56259817241));
#3436 = CARTESIAN_POINT('',(3.607352015637,-14.63279166982));
#3437 = CARTESIAN_POINT('',(3.603829998347,-14.68730968074));
#3438 = CARTESIAN_POINT('',(3.601001376726,-14.74434490281));
#3439 = CARTESIAN_POINT('',(3.59885551641,-14.80313335737));
#3440 = CARTESIAN_POINT('',(3.597380809455,-14.86304919126));
#3441 = CARTESIAN_POINT('',(3.596569380868,-14.92356254675));
#3442 = CARTESIAN_POINT('',(3.59626179743,-15.04948197898));
#3443 = CARTESIAN_POINT('',(3.596871311902,-15.11479076987));
#3444 = CARTESIAN_POINT('',(3.598245429571,-15.1795754427));
#3445 = CARTESIAN_POINT('',(3.600392828895,-15.24321275559));
#3446 = CARTESIAN_POINT('',(3.603328529835,-15.30495233945));
#3447 = CARTESIAN_POINT('',(3.607066517116,-15.36385746958));
#3448 = CARTESIAN_POINT('',(3.613196966789,-15.4378856159));
#3449 = CARTESIAN_POINT('',(3.614880126361,-15.45653580842));
#3450 = CARTESIAN_POINT('',(3.616661153713,-15.47464164012));
#3451 = CARTESIAN_POINT('',(3.618539670642,-15.4921457617));
#3452 = CARTESIAN_POINT('',(3.620514768163,-15.50898585956));
#3453 = CARTESIAN_POINT('',(3.622584832763,-15.52509539736));
#3454 = CARTESIAN_POINT('',(3.626508731423,-15.55287329355));
#3455 = CARTESIAN_POINT('',(3.628331399875,-15.56481088289));
#3456 = CARTESIAN_POINT('',(3.630213988505,-15.57617925864));
#3457 = CARTESIAN_POINT('',(3.632154643062,-15.5869386076));
#3458 = CARTESIAN_POINT('',(3.634150966994,-15.59704825444));
#3459 = CARTESIAN_POINT('',(3.636199943899,-15.6064677459));
#3460 = CARTESIAN_POINT('',(3.641829571085,-15.62978732712));
#3461 = CARTESIAN_POINT('',(3.645500991038,-15.64235414307));
#3462 = CARTESIAN_POINT('',(3.649293026787,-15.65266390937));
#3463 = CARTESIAN_POINT('',(3.653181836295,-15.66054367692));
#3464 = CARTESIAN_POINT('',(3.657138683834,-15.66585989685));
#3465 = CARTESIAN_POINT('',(3.661130663942,-15.66853691356));
#3466 = CARTESIAN_POINT('',(3.667819105278,-15.66860253308));
#3467 = CARTESIAN_POINT('',(3.670516269431,-15.66742492951));
#3468 = CARTESIAN_POINT('',(3.673203061118,-15.66504271136));
#3469 = CARTESIAN_POINT('',(3.675869183807,-15.66147079016));
#3470 = CARTESIAN_POINT('',(3.678504936775,-15.65673744208));
#3471 = CARTESIAN_POINT('',(3.681101382059,-15.65088220806));
#3472 = CARTESIAN_POINT('',(3.684893219113,-15.64057617269));
#3473 = CARTESIAN_POINT('',(3.686124723388,-15.6369433345));
#3474 = CARTESIAN_POINT('',(3.687344124213,-15.63306090735));
#3475 = CARTESIAN_POINT('',(3.68855058745,-15.6289348068));
#3476 = CARTESIAN_POINT('',(3.689743344837,-15.62457123604));
#3477 = CARTESIAN_POINT('',(3.690921693992,-15.61997668592));
#3478 = CARTESIAN_POINT('',(3.694182914477,-15.60646774591));
#3479 = CARTESIAN_POINT('',(3.696231891382,-15.59704825444));
#3480 = CARTESIAN_POINT('',(3.698228215314,-15.5869386076));
#3481 = CARTESIAN_POINT('',(3.700168869871,-15.57617925864));
#3482 = CARTESIAN_POINT('',(3.702051458501,-15.56481088289));
#3483 = CARTESIAN_POINT('',(3.703874126953,-15.55287329355));
#3484 = CARTESIAN_POINT('',(3.707798025613,-15.52509539736));
#3485 = CARTESIAN_POINT('',(3.709868090213,-15.50898585956));
#3486 = CARTESIAN_POINT('',(3.711843187734,-15.4921457617));
#3487 = CARTESIAN_POINT('',(3.713721704663,-15.47464164012));
#3488 = CARTESIAN_POINT('',(3.715502732015,-15.45653580842));
#3489 = CARTESIAN_POINT('',(3.717185891587,-15.4378856159));
#3490 = CARTESIAN_POINT('',(3.723159575533,-15.3657504916));
#3491 = CARTESIAN_POINT('',(3.726795260226,-15.30901403553));
#3492 = CARTESIAN_POINT('',(3.729683225156,-15.24959560383));
#3493 = CARTESIAN_POINT('',(3.731835568532,-15.18834380741));
#3494 = CARTESIAN_POINT('',(3.733265328246,-15.1259490256));
#3495 = CARTESIAN_POINT('',(3.733980881384,-15.06299422592));
#3496 = CARTESIAN_POINT('',(3.733980904365,-14.93700779644));
#3497 = CARTESIAN_POINT('',(3.73326536652,-14.87405264466));
#3498 = CARTESIAN_POINT('',(3.731835614624,-14.81165750413));
#3499 = CARTESIAN_POINT('',(3.729683271531,-14.75040535028));
#3500 = CARTESIAN_POINT('',(3.726795299144,-14.69098657188));
#3501 = CARTESIAN_POINT('',(3.723159599034,-14.63424979218));
#3502 = CARTESIAN_POINT('',(3.717185891587,-14.56211438409));
#3503 = CARTESIAN_POINT('',(3.715502732015,-14.54346419157));
#3504 = CARTESIAN_POINT('',(3.713721704663,-14.52535835987));
#3505 = CARTESIAN_POINT('',(3.711843187735,-14.50785423829));
#3506 = CARTESIAN_POINT('',(3.709868090213,-14.49101414043));
#3507 = CARTESIAN_POINT('',(3.707798025613,-14.47490460263));
#3508 = CARTESIAN_POINT('',(3.700904482818,-14.42610412822));
#3509 = CARTESIAN_POINT('',(3.695724604821,-14.39639938115));
#3510 = CARTESIAN_POINT('',(3.69012755255,-14.37128633663));
#3511 = CARTESIAN_POINT('',(3.68416986323,-14.35160693127));
#3512 = CARTESIAN_POINT('',(3.677940184752,-14.33814840355));
#3513 = CARTESIAN_POINT('',(3.671564755209,-14.33142358588));
#3514 = CARTESIAN_POINT('',(3.665191429188,-14.33142358588));
#3515 = ( GEOMETRIC_REPRESENTATION_CONTEXT(2) 
PARAMETRIC_REPRESENTATION_CONTEXT() REPRESENTATION_CONTEXT('2D SPACE',''
  ) );
#3516 = PCURVE('',#3517,#3522);
#3517 = CONICAL_SURFACE('',#3518,2.,1.029744258677);
#3518 = AXIS2_PLACEMENT_3D('',#3519,#3520,#3521);
#3519 = CARTESIAN_POINT('',(35.,-8.660254037844,-5.));
#3520 = DIRECTION('',(0.,-0.866025403784,-0.5));
#3521 = DIRECTION('',(1.,0.,0.));
#3522 = DEFINITIONAL_REPRESENTATION('',(#3523),#3622);
#3523 = B_SPLINE_CURVE_WITH_KNOTS('',7,(#3524,#3525,#3526,#3527,#3528,
    #3529,#3530,#3531,#3532,#3533,#3534,#3535,#3536,#3537,#3538,#3539,
    #3540,#3541,#3542,#3543,#3544,#3545,#3546,#3547,#3548,#3549,#3550,
    #3551,#3552,#3553,#3554,#3555,#3556,#3557,#3558,#3559,#3560,#3561,
    #3562,#3563,#3564,#3565,#3566,#3567,#3568,#3569,#3570,#3571,#3572,
    #3573,#3574,#3575,#3576,#3577,#3578,#3579,#3580,#3581,#3582,#3583,
    #3584,#3585,#3586,#3587,#3588,#3589,#3590,#3591,#3592,#3593,#3594,
    #3595,#3596,#3597,#3598,#3599,#3600,#3601,#3602,#3603,#3604,#3605,
    #3606,#3607,#3608,#3609,#3610,#3611,#3612,#3613,#3614,#3615,#3616,
    #3617,#3618,#3619,#3620,#3621),.UNSPECIFIED.,.F.,.F.,(8,6,6,6,6,6,6,
    6,6,6,6,6,6,6,6,6,8),(0.,4.344012659857E-02,9.19970346461E-02,
    0.133912642819,0.24571087828,0.366067392717,0.408045419219,
    0.442235940193,0.499793554039,0.538680428627,0.557637889126,
    0.591825983373,0.633801030418,0.749998134564,0.866195861916,
    0.908170909301,1.),.UNSPECIFIED.);
#3524 = CARTESIAN_POINT('',(0.,-0.8));
#3525 = CARTESIAN_POINT('',(4.148749028223E-02,-0.8));
#3526 = CARTESIAN_POINT('',(8.297840794259E-02,-0.800097545673));
#3527 = CARTESIAN_POINT('',(0.124424383966,-0.800292745156));
#3528 = CARTESIAN_POINT('',(0.165785760453,-0.800582598226));
#3529 = CARTESIAN_POINT('',(0.207029015326,-0.800961533673));
#3530 = CARTESIAN_POINT('',(0.248124187043,-0.801421946666));
#3531 = CARTESIAN_POINT('',(0.334780126748,-0.802550282464));
#3532 = CARTESIAN_POINT('',(0.380301005391,-0.803236369841));
#3533 = CARTESIAN_POINT('',(0.425574986237,-0.804000398223));
#3534 = CARTESIAN_POINT('',(0.470584745353,-0.804828144953));
#3535 = CARTESIAN_POINT('',(0.515323366617,-0.805704724233));
#3536 = CARTESIAN_POINT('',(0.55979212446,-0.806615546615));
#3537 = CARTESIAN_POINT('',(0.64215817852,-0.808351574124));
#3538 = CARTESIAN_POINT('',(0.680122296362,-0.80917142821));
#3539 = CARTESIAN_POINT('',(0.717897487728,-0.80999817712));
#3540 = CARTESIAN_POINT('',(0.755491978283,-0.810823716482));
#3541 = CARTESIAN_POINT('',(0.792915449029,-0.811640581364));
#3542 = CARTESIAN_POINT('',(0.830179133567,-0.812442026436));
#3543 = CARTESIAN_POINT('',(0.966294615115,-0.81530275198));
#3544 = CARTESIAN_POINT('',(1.064193963782,-0.817230239063));
#3545 = CARTESIAN_POINT('',(1.16131431253,-0.81889275358));
#3546 = CARTESIAN_POINT('',(1.257861907386,-0.820212116836));
#3547 = CARTESIAN_POINT('',(1.35399755117,-0.82113992087));
#3548 = CARTESIAN_POINT('',(1.44989812212,-0.821652733777));
#3549 = CARTESIAN_POINT('',(1.649066009603,-0.821847184025));
#3550 = CARTESIAN_POINT('',(1.752152073699,-0.82146192365));
#3551 = CARTESIAN_POINT('',(1.855434074036,-0.820589550238));
#3552 = CARTESIAN_POINT('',(1.959151679672,-0.819252374073));
#3553 = CARTESIAN_POINT('',(2.063502598311,-0.817505042985));
#3554 = CARTESIAN_POINT('',(2.16873242632,-0.815441864312));
#3555 = CARTESIAN_POINT('',(2.31237570741,-0.812421405696));
#3556 = CARTESIAN_POINT('',(2.349667677546,-0.811619060876));
#3557 = CARTESIAN_POINT('',(2.387119861752,-0.810801397843));
#3558 = CARTESIAN_POINT('',(2.424743503358,-0.809975186572));
#3559 = CARTESIAN_POINT('',(2.462548279231,-0.809147918317));
#3560 = CARTESIAN_POINT('',(2.50054239473,-0.808327724278));
#3561 = CARTESIAN_POINT('',(2.56983813579,-0.806868097188));
#3562 = CARTESIAN_POINT('',(2.601073099768,-0.806223369859));
#3563 = CARTESIAN_POINT('',(2.632440440913,-0.805593785438));
#3564 = CARTESIAN_POINT('',(2.663941386143,-0.80498428684));
#3565 = CARTESIAN_POINT('',(2.695575204385,-0.804399945439));
#3566 = CARTESIAN_POINT('',(2.727338891985,-0.803845819761));
#3567 = CARTESIAN_POINT('',(2.81290826421,-0.80245310059));
#3568 = CARTESIAN_POINT('',(2.866957202471,-0.801678666798));
#3569 = CARTESIAN_POINT('',(2.921323825382,-0.80102723482));
#3570 = CARTESIAN_POINT('',(2.975952448848,-0.80052075227));
#3571 = CARTESIAN_POINT('',(3.030777603708,-0.800176101305));
#3572 = CARTESIAN_POINT('',(3.085714129962,-0.800002560836));
#3573 = CARTESIAN_POINT('',(3.177751026257,-0.799998306698));
#3574 = CARTESIAN_POINT('',(3.214863413451,-0.800074641333));
#3575 = CARTESIAN_POINT('',(3.251944612505,-0.800229113095));
#3576 = CARTESIAN_POINT('',(3.288965877728,-0.800459845482));
#3577 = CARTESIAN_POINT('',(3.325902090647,-0.800763282246));
#3578 = CARTESIAN_POINT('',(3.362730270133,-0.801134471362));
#3579 = CARTESIAN_POINT('',(3.417318369072,-0.801778378047));
#3580 = CARTESIAN_POINT('',(3.435178290438,-0.802004083423));
#3581 = CARTESIAN_POINT('',(3.453005749095,-0.802243759624));
#3582 = CARTESIAN_POINT('',(3.470798917312,-0.802496665484));
#3583 = CARTESIAN_POINT('',(3.488556237161,-0.802762024157));
#3584 = CARTESIAN_POINT('',(3.506276420518,-0.803039023122));
#3585 = CARTESIAN_POINT('',(3.555846415193,-0.803845819761));
#3586 = CARTESIAN_POINT('',(3.587610102793,-0.804399945439));
#3587 = CARTESIAN_POINT('',(3.619243921035,-0.80498428684));
#3588 = CARTESIAN_POINT('',(3.650744866265,-0.805593785438));
#3589 = CARTESIAN_POINT('',(3.68211220741,-0.806223369859));
#3590 = CARTESIAN_POINT('',(3.713347171387,-0.806868097188));
#3591 = CARTESIAN_POINT('',(3.782642912448,-0.808327724278));
#3592 = CARTESIAN_POINT('',(3.820637027947,-0.809147918317));
#3593 = CARTESIAN_POINT('',(3.858441803819,-0.809975186572));
#3594 = CARTESIAN_POINT('',(3.896065445425,-0.810801397843));
#3595 = CARTESIAN_POINT('',(3.933517629632,-0.811619060876));
#3596 = CARTESIAN_POINT('',(3.970809599767,-0.812421405696));
#3597 = CARTESIAN_POINT('',(4.110779684822,-0.815364626194));
#3598 = CARTESIAN_POINT('',(4.212416374878,-0.817362390927));
#3599 = CARTESIAN_POINT('',(4.313225465937,-0.819070326576));
#3600 = CARTESIAN_POINT('',(4.413433704743,-0.820402150558));
#3601 = CARTESIAN_POINT('',(4.513216442079,-0.821305977112));
#3602 = CARTESIAN_POINT('',(4.612771957198,-0.821758566036));
#3603 = CARTESIAN_POINT('',(4.812002805462,-0.821758580568));
#3604 = CARTESIAN_POINT('',(4.911558847545,-0.821306001312));
#3605 = CARTESIAN_POINT('',(5.011342110308,-0.820402179078));
#3606 = CARTESIAN_POINT('',(5.111550876089,-0.819070353999));
#3607 = CARTESIAN_POINT('',(5.212360497789,-0.817362412315));
#3608 = CARTESIAN_POINT('',(5.313997725285,-0.815364637773));
#3609 = CARTESIAN_POINT('',(5.453968360998,-0.812421405696));
#3610 = CARTESIAN_POINT('',(5.491260331133,-0.811619060876));
#3611 = CARTESIAN_POINT('',(5.52871251534,-0.810801397843));
#3612 = CARTESIAN_POINT('',(5.566336156946,-0.809975186573));
#3613 = CARTESIAN_POINT('',(5.604140932819,-0.809147918317));
#3614 = CARTESIAN_POINT('',(5.642135048318,-0.808327724278));
#3615 = CARTESIAN_POINT('',(5.763874470737,-0.80576343741));
#3616 = CARTESIAN_POINT('',(5.848473417844,-0.804076613799));
#3617 = CARTESIAN_POINT('',(5.934061467817,-0.802556917832));
#3618 = CARTESIAN_POINT('',(6.020535640431,-0.801308587973));
#3619 = CARTESIAN_POINT('',(6.107754967925,-0.800435950841));
#3620 = CARTESIAN_POINT('',(6.195484637291,-0.8));
#3621 = CARTESIAN_POINT('',(6.28318530718,-0.8));
#3622 = ( GEOMETRIC_REPRESENTATION_CONTEXT(2) 
PARAMETRIC_REPRESENTATION_CONTEXT() REPRESENTATION_CONTEXT('2D SPACE',''
  ) );
#3623 = FACE_BOUND('',#3624,.F.);
#3624 = EDGE_LOOP('',(#3625));
#3625 = ORIENTED_EDGE('',*,*,#3626,.F.);
#3626 = EDGE_CURVE('',#3627,#3627,#3629,.T.);
#3627 = VERTEX_POINT('',#3628);
#3628 = CARTESIAN_POINT('',(35.66857641412,7.967433714817,-4.6));
#3629 = SURFACE_CURVE('',#3630,(#3729,#3831),.PCURVE_S1.);
#3630 = B_SPLINE_CURVE_WITH_KNOTS('',7,(#3631,#3632,#3633,#3634,#3635,
    #3636,#3637,#3638,#3639,#3640,#3641,#3642,#3643,#3644,#3645,#3646,
    #3647,#3648,#3649,#3650,#3651,#3652,#3653,#3654,#3655,#3656,#3657,
    #3658,#3659,#3660,#3661,#3662,#3663,#3664,#3665,#3666,#3667,#3668,
    #3669,#3670,#3671,#3672,#3673,#3674,#3675,#3676,#3677,#3678,#3679,
    #3680,#3681,#3682,#3683,#3684,#3685,#3686,#3687,#3688,#3689,#3690,
    #3691,#3692,#3693,#3694,#3695,#3696,#3697,#3698,#3699,#3700,#3701,
    #3702,#3703,#3704,#3705,#3706,#3707,#3708,#3709,#3710,#3711,#3712,
    #3713,#3714,#3715,#3716,#3717,#3718,#3719,#3720,#3721,#3722,#3723,
    #3724,#3725,#3726,#3727,#3728),.UNSPECIFIED.,.T.,.F.,(8,6,6,6,6,6,6,
    6,6,6,6,6,6,6,6,6,8),(0.,4.344012652356E-02,9.199703453007E-02,
    0.133912642661,0.245710873553,0.366067392734,0.408045419233,
    0.442235940205,0.499793554048,0.538680428633,0.557637889132,
    0.591825983377,0.633801030419,0.7499981314,0.866195861914,
    0.9081709093,1.),.UNSPECIFIED.);
#3631 = CARTESIAN_POINT('',(35.66857641412,7.967433714817,-4.6));
#3632 = CARTESIAN_POINT('',(35.66857641412,7.9535649361,-4.624021429377)
  );
#3633 = CARTESIAN_POINT('',(35.667071513341,7.939610458746,
    -4.647996201801));
#3634 = CARTESIAN_POINT('',(35.66406112819,7.92563978534,-4.671803718991
    ));
#3635 = CARTESIAN_POINT('',(35.659569072004,7.911721597662,
    -4.695331021062));
#3636 = CARTESIAN_POINT('',(35.653639593882,7.897922062255,
    -4.718474646615));
#3637 = CARTESIAN_POINT('',(35.646333417505,7.884303136006,
    -4.74114249284));
#3638 = CARTESIAN_POINT('',(35.62810001937,7.855962320071,
    -4.787973554378));
#3639 = CARTESIAN_POINT('',(35.616846463995,7.841298000741,
    -4.812000725766));
#3640 = CARTESIAN_POINT('',(35.60406367382,7.827003744196,
    -4.835231047597));
#3641 = CARTESIAN_POINT('',(35.589865012181,7.813142392125,
    -4.857584120188));
#3642 = CARTESIAN_POINT('',(35.574369419361,7.799764758089,
    -4.879001703467));
#3643 = CARTESIAN_POINT('',(35.557694186187,7.786910588166,-4.8994441341
    ));
#3644 = CARTESIAN_POINT('',(35.524628514889,7.763990915366,
    -4.935670116869));
#3645 = CARTESIAN_POINT('',(35.508511284578,7.753784571945,
    -4.951708314064));
#3646 = CARTESIAN_POINT('',(35.491665853007,7.744009266166,
    -4.966986142515));
#3647 = CARTESIAN_POINT('',(35.474158550422,7.734679253218,
    -4.981495120254));
#3648 = CARTESIAN_POINT('',(35.456051488538,7.725805001855,
    -4.995232044733));
#3649 = CARTESIAN_POINT('',(35.437401828087,7.71739392761,
    -5.008197562528));
#3650 = CARTESIAN_POINT('',(35.367208332829,7.688265911063,
    -5.052927316189));
#3651 = CARTESIAN_POINT('',(35.312690324302,7.670423787231,
    -5.079975807156));
#3652 = CARTESIAN_POINT('',(35.255655104796,7.65599879924,
    -5.101635590309));
#3653 = CARTESIAN_POINT('',(35.196866652863,7.64500729428,
    -5.118034708856));
#3654 = CARTESIAN_POINT('',(35.13695082162,7.637436018374,
    -5.129292935277));
#3655 = CARTESIAN_POINT('',(35.076437468731,7.633268155149,
    -5.135486260191));
#3656 = CARTESIAN_POINT('',(34.950518036473,7.631688215089,
    -5.137833895709));
#3657 = CARTESIAN_POINT('',(34.885209242899,7.634818999676,
    -5.133181738324));
#3658 = CARTESIAN_POINT('',(34.820424567326,7.641880374794,
    -5.122695824595));
#3659 = CARTESIAN_POINT('',(34.756787251699,7.652893787035,
    -5.106294387368));
#3660 = CARTESIAN_POINT('',(34.695047665193,7.667883091912,
    -5.083826812015));
#3661 = CARTESIAN_POINT('',(34.636142532581,7.6868339841,-5.055129261392
    ));
#3662 = CARTESIAN_POINT('',(34.562114384098,7.717609378866,
    -5.007865631443));
#3663 = CARTESIAN_POINT('',(34.543464191574,7.726036375402,
    -4.994874334927));
#3664 = CARTESIAN_POINT('',(34.525358359872,7.734927036124,
    -4.981110584909));
#3665 = CARTESIAN_POINT('',(34.507854238295,7.744273890506,
    -4.966573780769));
#3666 = CARTESIAN_POINT('',(34.491014140436,7.754066395765,
    -4.951267200638));
#3667 = CARTESIAN_POINT('',(34.474904602633,7.76429020005,
    -4.935199440249));
#3668 = CARTESIAN_POINT('',(34.447126706443,7.783589447703,
    -4.904691416944));
#3669 = CARTESIAN_POINT('',(34.435189117106,7.792525889712,
    -4.890502500006));
#3670 = CARTESIAN_POINT('',(34.423820741357,7.801725341694,
    -4.875827750613));
#3671 = CARTESIAN_POINT('',(34.4130613924,7.811175031847,-4.860679404347
    ));
#3672 = CARTESIAN_POINT('',(34.402951745551,7.820859569248,
    -4.845073976323));
#3673 = CARTESIAN_POINT('',(34.393532254091,7.830760706573,
    -4.82903295478));
#3674 = CARTESIAN_POINT('',(34.37021267288,7.85785375745,-4.784891852472
    ));
#3675 = CARTESIAN_POINT('',(34.357645856925,7.875408661431,
    -4.756034734437));
#3676 = CARTESIAN_POINT('',(34.347336090629,7.893413400428,
    -4.726152475673));
#3677 = CARTESIAN_POINT('',(34.339456323078,7.911739097921,
    -4.695424401632));
#3678 = CARTESIAN_POINT('',(34.33414010315,7.930238584177,
    -4.664071653452));
#3679 = CARTESIAN_POINT('',(34.331463086438,7.94875197698,
    -4.632352597434));
#3680 = CARTESIAN_POINT('',(34.331397466917,7.979522491244,
    -4.579065011632));
#3681 = CARTESIAN_POINT('',(34.332575070485,7.991863341666,
    -4.557537362423));
#3682 = CARTESIAN_POINT('',(34.334957288639,8.004088664306,
    -4.536053538946));
#3683 = CARTESIAN_POINT('',(34.338529209837,8.016152574155,
    -4.514696769377));
#3684 = CARTESIAN_POINT('',(34.343262557916,8.028013395087,
    -4.493546351373));
#3685 = CARTESIAN_POINT('',(34.349117791931,8.039634192666,
    -4.47267616131));
#3686 = CARTESIAN_POINT('',(34.359423827304,8.056516032001,
    -4.442148144487));
#3687 = CARTESIAN_POINT('',(34.363056665497,8.061984367011,
    -4.432225299667));
#3688 = CARTESIAN_POINT('',(34.366939092649,8.067384774093,
    -4.422392167816));
#3689 = CARTESIAN_POINT('',(34.3710651932,8.072714051085,-4.412655777577
    ));
#3690 = CARTESIAN_POINT('',(34.375428763952,8.077969331541,
    -4.403022647474));
#3691 = CARTESIAN_POINT('',(34.380023314076,8.083148084726,
    -4.393498785907));
#3692 = CARTESIAN_POINT('',(34.39353225409,8.097445567837,-4.36712122546
    ));
#3693 = CARTESIAN_POINT('',(34.402951745551,8.106386931334,
    -4.350526078238));
#3694 = CARTESIAN_POINT('',(34.413061392399,8.115059359739,
    -4.334336308814));
#3695 = CARTESIAN_POINT('',(34.423820741356,8.123453367354,
    -4.31857846395));
#3696 = CARTESIAN_POINT('',(34.435189117105,8.131562347132,
    -4.303274130136));
#3697 = CARTESIAN_POINT('',(34.447126706442,8.139382088648,
    -4.288440485868));
#3698 = CARTESIAN_POINT('',(34.474904602632,8.156153188023,
    -4.256472835474));
#3699 = CARTESIAN_POINT('',(34.491014140435,8.164956374559,
    -4.239584881046));
#3700 = CARTESIAN_POINT('',(34.507854238294,8.173316009168,
    -4.223451032659));
#3701 = CARTESIAN_POINT('',(34.525358359871,8.181231823652,
    -4.208088017249));
#3702 = CARTESIAN_POINT('',(34.543464191573,8.188706250458,
    -4.193506604198));
#3703 = CARTESIAN_POINT('',(34.562114384096,8.195743545001,
    -4.179712962862));
#3704 = CARTESIAN_POINT('',(34.634249506956,8.220634153258,
    -4.130714723851));
#3705 = CARTESIAN_POINT('',(34.690985961381,8.235598650172,
    -4.10079992552));
#3706 = CARTESIAN_POINT('',(34.750404391323,8.24737683182,
    -4.076983645248));
#3707 = CARTESIAN_POINT('',(34.811656185928,8.256101805334,
    -4.059207899875));
#3708 = CARTESIAN_POINT('',(34.874050965914,8.261880421902,
    -4.04739138923));
#3709 = CARTESIAN_POINT('',(34.937005763808,8.26477222418,
    -4.041477462812));
#3710 = CARTESIAN_POINT('',(35.06299219329,8.264772318002,
    -4.041477270948));
#3711 = CARTESIAN_POINT('',(35.125947346859,8.261880578161,
    -4.047391069689));
#3712 = CARTESIAN_POINT('',(35.188342489211,8.256101994077,
    -4.059207515343));
#3713 = CARTESIAN_POINT('',(35.249594644872,8.247377022877,
    -4.076983258924));
#3714 = CARTESIAN_POINT('',(35.30901342503,8.235598811986,-4.10079960204
    ));
#3715 = CARTESIAN_POINT('',(35.365750206372,8.220634252175,
    -4.130714529128));
#3716 = CARTESIAN_POINT('',(35.437885615901,8.195743545002,
    -4.17971296286));
#3717 = CARTESIAN_POINT('',(35.456535808425,8.188706250459,
    -4.193506604196));
#3718 = CARTESIAN_POINT('',(35.474641640126,8.181231823653,
    -4.208088017247));
#3719 = CARTESIAN_POINT('',(35.492145761704,8.173316009169,
    -4.223451032658));
#3720 = CARTESIAN_POINT('',(35.508985859563,8.16495637456,
    -4.239584881044));
#3721 = CARTESIAN_POINT('',(35.525095397366,8.156153188024,
    -4.256472835472));
#3722 = CARTESIAN_POINT('',(35.573895871774,8.126689559814,
    -4.312633910243));
#3723 = CARTESIAN_POINT('',(35.603600618847,8.104337579941,
    -4.354722322255));
#3724 = CARTESIAN_POINT('',(35.628713663363,8.079917717816,
    -4.400058156104));
#3725 = CARTESIAN_POINT('',(35.64839306873,8.053599303978,
    -4.448139645762));
#3726 = CARTESIAN_POINT('',(35.661851596441,8.025700444223,
    -4.498207162595));
#3727 = CARTESIAN_POINT('',(35.66857641412,7.996751014512,
    -4.549220947388));
#3728 = CARTESIAN_POINT('',(35.66857641412,7.967433714817,-4.6));
#3729 = PCURVE('',#1314,#3730);
#3730 = DEFINITIONAL_REPRESENTATION('',(#3731),#3830);
#3731 = B_SPLINE_CURVE_WITH_KNOTS('',7,(#3732,#3733,#3734,#3735,#3736,
    #3737,#3738,#3739,#3740,#3741,#3742,#3743,#3744,#3745,#3746,#3747,
    #3748,#3749,#3750,#3751,#3752,#3753,#3754,#3755,#3756,#3757,#3758,
    #3759,#3760,#3761,#3762,#3763,#3764,#3765,#3766,#3767,#3768,#3769,
    #3770,#3771,#3772,#3773,#3774,#3775,#3776,#3777,#3778,#3779,#3780,
    #3781,#3782,#3783,#3784,#3785,#3786,#3787,#3788,#3789,#3790,#3791,
    #3792,#3793,#3794,#3795,#3796,#3797,#3798,#3799,#3800,#3801,#3802,
    #3803,#3804,#3805,#3806,#3807,#3808,#3809,#3810,#3811,#3812,#3813,
    #3814,#3815,#3816,#3817,#3818,#3819,#3820,#3821,#3822,#3823,#3824,
    #3825,#3826,#3827,#3828,#3829),.UNSPECIFIED.,.F.,.F.,(8,6,6,6,6,6,6,
    6,6,6,6,6,6,6,6,6,8),(0.,4.344012652356E-02,9.199703453007E-02,
    0.133912642661,0.245710873553,0.366067392734,0.408045419233,
    0.442235940205,0.499793554048,0.538680428633,0.557637889132,
    0.591825983377,0.633801030419,0.7499981314,0.866195861914,
    0.9081709093,1.),.UNSPECIFIED.);
#3732 = CARTESIAN_POINT('',(5.759586531581,-14.33142358588));
#3733 = CARTESIAN_POINT('',(5.756571579686,-14.33142358588));
#3734 = CARTESIAN_POINT('',(5.7535563624,-14.33292848665));
#3735 = CARTESIAN_POINT('',(5.750555963923,-14.33593887181));
#3736 = CARTESIAN_POINT('',(5.747584706149,-14.34043092799));
#3737 = CARTESIAN_POINT('',(5.744655885257,-14.34636040611));
#3738 = CARTESIAN_POINT('',(5.741781508306,-14.35366658249));
#3739 = CARTESIAN_POINT('',(5.735831624893,-14.37189998063));
#3740 = CARTESIAN_POINT('',(5.732772009562,-14.383153536));
#3741 = CARTESIAN_POINT('',(5.729807270006,-14.39593632618));
#3742 = CARTESIAN_POINT('',(5.726948382104,-14.41013498781));
#3743 = CARTESIAN_POINT('',(5.724203597975,-14.42563058063));
#3744 = CARTESIAN_POINT('',(5.721578832501,-14.44230581381));
#3745 = CARTESIAN_POINT('',(5.716919308101,-14.47537148511));
#3746 = CARTESIAN_POINT('',(5.714852973426,-14.49148871542));
#3747 = CARTESIAN_POINT('',(5.712881515888,-14.50833414699));
#3748 = CARTESIAN_POINT('',(5.711006533045,-14.52584144957));
#3749 = CARTESIAN_POINT('',(5.709228922718,-14.54394851146));
#3750 = CARTESIAN_POINT('',(5.70754905575,-14.56259817191));
#3751 = CARTESIAN_POINT('',(5.701747118241,-14.63279166717));
#3752 = CARTESIAN_POINT('',(5.69822510106,-14.68730967569));
#3753 = CARTESIAN_POINT('',(5.695396479492,-14.7443448952));
#3754 = CARTESIAN_POINT('',(5.693250619174,-14.80313334713));
#3755 = CARTESIAN_POINT('',(5.691775912163,-14.86304917838));
#3756 = CARTESIAN_POINT('',(5.690964483468,-14.92356253126));
#3757 = CARTESIAN_POINT('',(5.690656899679,-15.04948196352));
#3758 = CARTESIAN_POINT('',(5.691266414024,-15.1147907571));
#3759 = CARTESIAN_POINT('',(5.692640531625,-15.17957543267));
#3760 = CARTESIAN_POINT('',(5.694787930941,-15.2432127483));
#3761 = CARTESIAN_POINT('',(5.697723631933,-15.3049523348));
#3762 = CARTESIAN_POINT('',(5.70146161933,-15.36385746741));
#3763 = CARTESIAN_POINT('',(5.707592069182,-15.4378856159));
#3764 = CARTESIAN_POINT('',(5.709275228754,-15.45653580842));
#3765 = CARTESIAN_POINT('',(5.711056256106,-15.47464164012));
#3766 = CARTESIAN_POINT('',(5.712934773035,-15.4921457617));
#3767 = CARTESIAN_POINT('',(5.714909870557,-15.50898585956));
#3768 = CARTESIAN_POINT('',(5.716979935157,-15.52509539736));
#3769 = CARTESIAN_POINT('',(5.720903833817,-15.55287329355));
#3770 = CARTESIAN_POINT('',(5.722726502268,-15.56481088289));
#3771 = CARTESIAN_POINT('',(5.724609090898,-15.57617925864));
#3772 = CARTESIAN_POINT('',(5.726549745455,-15.5869386076));
#3773 = CARTESIAN_POINT('',(5.728546069388,-15.59704825444));
#3774 = CARTESIAN_POINT('',(5.730595046292,-15.6064677459));
#3775 = CARTESIAN_POINT('',(5.736224673478,-15.62978732712));
#3776 = CARTESIAN_POINT('',(5.739896093432,-15.64235414307));
#3777 = CARTESIAN_POINT('',(5.74368812918,-15.65266390937));
#3778 = CARTESIAN_POINT('',(5.747576938689,-15.66054367692));
#3779 = CARTESIAN_POINT('',(5.751533786228,-15.66585989685));
#3780 = CARTESIAN_POINT('',(5.755525766335,-15.66853691356));
#3781 = CARTESIAN_POINT('',(5.762214207671,-15.66860253308));
#3782 = CARTESIAN_POINT('',(5.764911371824,-15.66742492951));
#3783 = CARTESIAN_POINT('',(5.767598163511,-15.66504271136));
#3784 = CARTESIAN_POINT('',(5.7702642862,-15.66147079016));
#3785 = CARTESIAN_POINT('',(5.772900039168,-15.65673744208));
#3786 = CARTESIAN_POINT('',(5.775496484452,-15.65088220806));
#3787 = CARTESIAN_POINT('',(5.779288321506,-15.64057617269));
#3788 = CARTESIAN_POINT('',(5.780519825781,-15.6369433345));
#3789 = CARTESIAN_POINT('',(5.781739226606,-15.63306090735));
#3790 = CARTESIAN_POINT('',(5.782945689843,-15.6289348068));
#3791 = CARTESIAN_POINT('',(5.78413844723,-15.62457123604));
#3792 = CARTESIAN_POINT('',(5.785316796385,-15.61997668592));
#3793 = CARTESIAN_POINT('',(5.788578016871,-15.60646774591));
#3794 = CARTESIAN_POINT('',(5.790626993775,-15.59704825444));
#3795 = CARTESIAN_POINT('',(5.792623317708,-15.5869386076));
#3796 = CARTESIAN_POINT('',(5.794563972265,-15.57617925864));
#3797 = CARTESIAN_POINT('',(5.796446560894,-15.56481088289));
#3798 = CARTESIAN_POINT('',(5.798269229346,-15.55287329355));
#3799 = CARTESIAN_POINT('',(5.802193128006,-15.52509539736));
#3800 = CARTESIAN_POINT('',(5.804263192606,-15.50898585956));
#3801 = CARTESIAN_POINT('',(5.806238290128,-15.4921457617));
#3802 = CARTESIAN_POINT('',(5.808116807056,-15.47464164012));
#3803 = CARTESIAN_POINT('',(5.809897834408,-15.45653580842));
#3804 = CARTESIAN_POINT('',(5.81158099398,-15.4378856159));
#3805 = CARTESIAN_POINT('',(5.817554677807,-15.36575049304));
#3806 = CARTESIAN_POINT('',(5.821190362421,-15.30901403861));
#3807 = CARTESIAN_POINT('',(5.824078327314,-15.24959560867));
#3808 = CARTESIAN_POINT('',(5.826230670691,-15.18834381407));
#3809 = CARTESIAN_POINT('',(5.827660430445,-15.12594903408));
#3810 = CARTESIAN_POINT('',(5.82837598366,-15.06299423619));
#3811 = CARTESIAN_POINT('',(5.828376006875,-14.93700780671));
#3812 = CARTESIAN_POINT('',(5.827660469108,-14.87405265314));
#3813 = CARTESIAN_POINT('',(5.826230717251,-14.81165751078));
#3814 = CARTESIAN_POINT('',(5.82407837416,-14.75040535512));
#3815 = CARTESIAN_POINT('',(5.821190401735,-14.69098657497));
#3816 = CARTESIAN_POINT('',(5.817554701547,-14.63424979362));
#3817 = CARTESIAN_POINT('',(5.81158099398,-14.56211438409));
#3818 = CARTESIAN_POINT('',(5.809897834408,-14.54346419157));
#3819 = CARTESIAN_POINT('',(5.808116807057,-14.52535835987));
#3820 = CARTESIAN_POINT('',(5.806238290128,-14.50785423829));
#3821 = CARTESIAN_POINT('',(5.804263192606,-14.49101414043));
#3822 = CARTESIAN_POINT('',(5.802193128006,-14.47490460263));
#3823 = CARTESIAN_POINT('',(5.795299585211,-14.42610412822));
#3824 = CARTESIAN_POINT('',(5.790119707214,-14.39639938115));
#3825 = CARTESIAN_POINT('',(5.784522654944,-14.37128633663));
#3826 = CARTESIAN_POINT('',(5.778564965622,-14.35160693127));
#3827 = CARTESIAN_POINT('',(5.772335287145,-14.33814840355));
#3828 = CARTESIAN_POINT('',(5.765959857602,-14.33142358588));
#3829 = CARTESIAN_POINT('',(5.759586531581,-14.33142358588));
#3830 = ( GEOMETRIC_REPRESENTATION_CONTEXT(2) 
PARAMETRIC_REPRESENTATION_CONTEXT() REPRESENTATION_CONTEXT('2D SPACE',''
  ) );
#3831 = PCURVE('',#3832,#3837);
#3832 = CONICAL_SURFACE('',#3833,2.,1.029744258677);
#3833 = AXIS2_PLACEMENT_3D('',#3834,#3835,#3836);
#3834 = CARTESIAN_POINT('',(35.,8.660254037844,-5.));
#3835 = DIRECTION('',(0.,0.866025403784,-0.5));
#3836 = DIRECTION('',(1.,0.,0.));
#3837 = DEFINITIONAL_REPRESENTATION('',(#3838),#3937);
#3838 = B_SPLINE_CURVE_WITH_KNOTS('',7,(#3839,#3840,#3841,#3842,#3843,
    #3844,#3845,#3846,#3847,#3848,#3849,#3850,#3851,#3852,#3853,#3854,
    #3855,#3856,#3857,#3858,#3859,#3860,#3861,#3862,#3863,#3864,#3865,
    #3866,#3867,#3868,#3869,#3870,#3871,#3872,#3873,#3874,#3875,#3876,
    #3877,#3878,#3879,#3880,#3881,#3882,#3883,#3884,#3885,#3886,#3887,
    #3888,#3889,#3890,#3891,#3892,#3893,#3894,#3895,#3896,#3897,#3898,
    #3899,#3900,#3901,#3902,#3903,#3904,#3905,#3906,#3907,#3908,#3909,
    #3910,#3911,#3912,#3913,#3914,#3915,#3916,#3917,#3918,#3919,#3920,
    #3921,#3922,#3923,#3924,#3925,#3926,#3927,#3928,#3929,#3930,#3931,
    #3932,#3933,#3934,#3935,#3936),.UNSPECIFIED.,.F.,.F.,(8,6,6,6,6,6,6,
    6,6,6,6,6,6,6,6,6,8),(0.,4.344012652356E-02,9.199703453007E-02,
    0.133912642661,0.245710873553,0.366067392734,0.408045419233,
    0.442235940205,0.499793554048,0.538680428633,0.557637889132,
    0.591825983377,0.633801030419,0.7499981314,0.866195861914,
    0.9081709093,1.),.UNSPECIFIED.);
#3839 = CARTESIAN_POINT('',(0.,-0.8));
#3840 = CARTESIAN_POINT('',(4.14874902078E-02,-0.8));
#3841 = CARTESIAN_POINT('',(8.297840779368E-02,-0.800097545673));
#3842 = CARTESIAN_POINT('',(0.124424383743,-0.800292745155));
#3843 = CARTESIAN_POINT('',(0.165785760156,-0.800582598224));
#3844 = CARTESIAN_POINT('',(0.207029014956,-0.80096153367));
#3845 = CARTESIAN_POINT('',(0.248124186601,-0.801421946661));
#3846 = CARTESIAN_POINT('',(0.334780126195,-0.802550282456));
#3847 = CARTESIAN_POINT('',(0.380301004799,-0.803236369831));
#3848 = CARTESIAN_POINT('',(0.425574985606,-0.804000398212));
#3849 = CARTESIAN_POINT('',(0.470584744685,-0.804828144941));
#3850 = CARTESIAN_POINT('',(0.515323365911,-0.805704724219));
#3851 = CARTESIAN_POINT('',(0.559792123717,-0.8066155466));
#3852 = CARTESIAN_POINT('',(0.642158177704,-0.808351574106));
#3853 = CARTESIAN_POINT('',(0.680122295509,-0.809171428191));
#3854 = CARTESIAN_POINT('',(0.717897486839,-0.8099981771));
#3855 = CARTESIAN_POINT('',(0.755491977357,-0.810823716462));
#3856 = CARTESIAN_POINT('',(0.792915448067,-0.811640581343));
#3857 = CARTESIAN_POINT('',(0.830179132569,-0.812442026415));
#3858 = CARTESIAN_POINT('',(0.966294610038,-0.815302751875));
#3859 = CARTESIAN_POINT('',(1.064193954755,-0.817230238887));
#3860 = CARTESIAN_POINT('',(1.161314299601,-0.818892753361));
#3861 = CARTESIAN_POINT('',(1.257861890579,-0.820212116608));
#3862 = CARTESIAN_POINT('',(1.353997530498,-0.821139920672));
#3863 = CARTESIAN_POINT('',(1.449898097573,-0.821652733647));
#3864 = CARTESIAN_POINT('',(1.649065985207,-0.821847184116));
#3865 = CARTESIAN_POINT('',(1.75215205333,-0.821461923822));
#3866 = CARTESIAN_POINT('',(1.855434057682,-0.820589550449));
#3867 = CARTESIAN_POINT('',(1.959151667337,-0.819252374279));
#3868 = CARTESIAN_POINT('',(2.063502590018,-0.817505043147));
#3869 = CARTESIAN_POINT('',(2.168732422117,-0.8154418644));
#3870 = CARTESIAN_POINT('',(2.31237570741,-0.812421405696));
#3871 = CARTESIAN_POINT('',(2.349667677546,-0.811619060876));
#3872 = CARTESIAN_POINT('',(2.387119861752,-0.810801397843));
#3873 = CARTESIAN_POINT('',(2.424743503358,-0.809975186573));
#3874 = CARTESIAN_POINT('',(2.462548279231,-0.809147918317));
#3875 = CARTESIAN_POINT('',(2.50054239473,-0.808327724278));
#3876 = CARTESIAN_POINT('',(2.569838135791,-0.806868097188));
#3877 = CARTESIAN_POINT('',(2.601073099768,-0.806223369859));
#3878 = CARTESIAN_POINT('',(2.632440440913,-0.805593785438));
#3879 = CARTESIAN_POINT('',(2.663941386143,-0.80498428684));
#3880 = CARTESIAN_POINT('',(2.695575204385,-0.804399945439));
#3881 = CARTESIAN_POINT('',(2.727338891985,-0.803845819761));
#3882 = CARTESIAN_POINT('',(2.81290826421,-0.80245310059));
#3883 = CARTESIAN_POINT('',(2.866957202471,-0.801678666798));
#3884 = CARTESIAN_POINT('',(2.921323825382,-0.80102723482));
#3885 = CARTESIAN_POINT('',(2.975952448848,-0.80052075227));
#3886 = CARTESIAN_POINT('',(3.030777603708,-0.800176101305));
#3887 = CARTESIAN_POINT('',(3.085714129962,-0.800002560836));
#3888 = CARTESIAN_POINT('',(3.177751026257,-0.799998306698));
#3889 = CARTESIAN_POINT('',(3.214863413451,-0.800074641333));
#3890 = CARTESIAN_POINT('',(3.251944612505,-0.800229113095));
#3891 = CARTESIAN_POINT('',(3.288965877728,-0.800459845482));
#3892 = CARTESIAN_POINT('',(3.325902090647,-0.800763282246));
#3893 = CARTESIAN_POINT('',(3.362730270133,-0.801134471362));
#3894 = CARTESIAN_POINT('',(3.417318369072,-0.801778378047));
#3895 = CARTESIAN_POINT('',(3.435178290438,-0.802004083423));
#3896 = CARTESIAN_POINT('',(3.453005749095,-0.802243759624));
#3897 = CARTESIAN_POINT('',(3.470798917312,-0.802496665484));
#3898 = CARTESIAN_POINT('',(3.488556237161,-0.802762024157));
#3899 = CARTESIAN_POINT('',(3.506276420518,-0.803039023122));
#3900 = CARTESIAN_POINT('',(3.555846415193,-0.803845819761));
#3901 = CARTESIAN_POINT('',(3.587610102793,-0.804399945439));
#3902 = CARTESIAN_POINT('',(3.619243921035,-0.80498428684));
#3903 = CARTESIAN_POINT('',(3.650744866265,-0.805593785438));
#3904 = CARTESIAN_POINT('',(3.68211220741,-0.806223369859));
#3905 = CARTESIAN_POINT('',(3.713347171387,-0.806868097188));
#3906 = CARTESIAN_POINT('',(3.782642912448,-0.808327724278));
#3907 = CARTESIAN_POINT('',(3.820637027947,-0.809147918317));
#3908 = CARTESIAN_POINT('',(3.858441803819,-0.809975186572));
#3909 = CARTESIAN_POINT('',(3.896065445425,-0.810801397843));
#3910 = CARTESIAN_POINT('',(3.933517629632,-0.811619060876));
#3911 = CARTESIAN_POINT('',(3.970809599767,-0.812421405696));
#3912 = CARTESIAN_POINT('',(4.110779682026,-0.815364626135));
#3913 = CARTESIAN_POINT('',(4.212416369355,-0.817362390818));
#3914 = CARTESIAN_POINT('',(4.31322545772,-0.819070326436));
#3915 = CARTESIAN_POINT('',(4.413433693851,-0.820402150413));
#3916 = CARTESIAN_POINT('',(4.51321642852,-0.821305976989));
#3917 = CARTESIAN_POINT('',(4.612771940963,-0.821758565962));
#3918 = CARTESIAN_POINT('',(4.812002789227,-0.821758580642));
#3919 = CARTESIAN_POINT('',(4.911558833985,-0.821306001435));
#3920 = CARTESIAN_POINT('',(5.011342099416,-0.820402179222));
#3921 = CARTESIAN_POINT('',(5.111550867872,-0.819070354138));
#3922 = CARTESIAN_POINT('',(5.212360492265,-0.817362412423));
#3923 = CARTESIAN_POINT('',(5.31399772249,-0.815364637832));
#3924 = CARTESIAN_POINT('',(5.453968360998,-0.812421405696));
#3925 = CARTESIAN_POINT('',(5.491260331133,-0.811619060876));
#3926 = CARTESIAN_POINT('',(5.52871251534,-0.810801397843));
#3927 = CARTESIAN_POINT('',(5.566336156946,-0.809975186573));
#3928 = CARTESIAN_POINT('',(5.604140932819,-0.809147918317));
#3929 = CARTESIAN_POINT('',(5.642135048317,-0.808327724278));
#3930 = CARTESIAN_POINT('',(5.763874470735,-0.80576343741));
#3931 = CARTESIAN_POINT('',(5.848473417849,-0.804076613799));
#3932 = CARTESIAN_POINT('',(5.934061467809,-0.802556917832));
#3933 = CARTESIAN_POINT('',(6.020535640439,-0.801308587973));
#3934 = CARTESIAN_POINT('',(6.107754967921,-0.800435950841));
#3935 = CARTESIAN_POINT('',(6.195484637292,-0.8));
#3936 = CARTESIAN_POINT('',(6.28318530718,-0.8));
#3937 = ( GEOMETRIC_REPRESENTATION_CONTEXT(2) 
PARAMETRIC_REPRESENTATION_CONTEXT() REPRESENTATION_CONTEXT('2D SPACE',''
  ) );
#3938 = ADVANCED_FACE('',(#3939,#3993,#4425,#4857),#1367,.T.);
#3939 = FACE_BOUND('',#3940,.T.);
#3940 = EDGE_LOOP('',(#3941,#3964,#3991,#3992));
#3941 = ORIENTED_EDGE('',*,*,#3942,.T.);
#3942 = EDGE_CURVE('',#1330,#3943,#3945,.T.);
#3943 = VERTEX_POINT('',#3944);
#3944 = CARTESIAN_POINT('',(49.025444813385,30.975852307079,0.));
#3945 = SEAM_CURVE('',#3946,(#3950,#3957),.PCURVE_S1.);
#3946 = LINE('',#3947,#3948);
#3947 = CARTESIAN_POINT('',(30.,26.6,0.));
#3948 = VECTOR('',#3949,1.);
#3949 = DIRECTION('',(0.974555186615,0.224147692921,0.));
#3950 = PCURVE('',#1367,#3951);
#3951 = DEFINITIONAL_REPRESENTATION('',(#3952),#3956);
#3952 = LINE('',#3953,#3954);
#3953 = CARTESIAN_POINT('',(6.28318530718,0.));
#3954 = VECTOR('',#3955,1.);
#3955 = DIRECTION('',(0.,1.));
#3956 = ( GEOMETRIC_REPRESENTATION_CONTEXT(2) 
PARAMETRIC_REPRESENTATION_CONTEXT() REPRESENTATION_CONTEXT('2D SPACE',''
  ) );
#3957 = PCURVE('',#1367,#3958);
#3958 = DEFINITIONAL_REPRESENTATION('',(#3959),#3963);
#3959 = LINE('',#3960,#3961);
#3960 = CARTESIAN_POINT('',(0.,0.));
#3961 = VECTOR('',#3962,1.);
#3962 = DIRECTION('',(0.,1.));
#3963 = ( GEOMETRIC_REPRESENTATION_CONTEXT(2) 
PARAMETRIC_REPRESENTATION_CONTEXT() REPRESENTATION_CONTEXT('2D SPACE',''
  ) );
#3964 = ORIENTED_EDGE('',*,*,#3965,.F.);
#3965 = EDGE_CURVE('',#3943,#3943,#3966,.T.);
#3966 = SURFACE_CURVE('',#3967,(#3972,#3979),.PCURVE_S1.);
#3967 = CIRCLE('',#3968,30.975852307079);
#3968 = AXIS2_PLACEMENT_3D('',#3969,#3970,#3971);
#3969 = CARTESIAN_POINT('',(49.025444813385,0.,0.));
#3970 = DIRECTION('',(1.,0.,0.));
#3971 = DIRECTION('',(0.,1.,0.));
#3972 = PCURVE('',#1367,#3973);
#3973 = DEFINITIONAL_REPRESENTATION('',(#3974),#3978);
#3974 = LINE('',#3975,#3976);
#3975 = CARTESIAN_POINT('',(0.,19.025444813385));
#3976 = VECTOR('',#3977,1.);
#3977 = DIRECTION('',(1.,0.));
#3978 = ( GEOMETRIC_REPRESENTATION_CONTEXT(2) 
PARAMETRIC_REPRESENTATION_CONTEXT() REPRESENTATION_CONTEXT('2D SPACE',''
  ) );
#3979 = PCURVE('',#3980,#3985);
#3980 = CONICAL_SURFACE('',#3981,30.2,0.672363969401);
#3981 = AXIS2_PLACEMENT_3D('',#3982,#3983,#3984);
#3982 = CARTESIAN_POINT('',(50.,0.,0.));
#3983 = DIRECTION('',(-1.,-0.,-0.));
#3984 = DIRECTION('',(0.,1.,0.));
#3985 = DEFINITIONAL_REPRESENTATION('',(#3986),#3990);
#3986 = LINE('',#3987,#3988);
#3987 = CARTESIAN_POINT('',(0.,0.974555186615));
#3988 = VECTOR('',#3989,1.);
#3989 = DIRECTION('',(-1.,-0.));
#3990 = ( GEOMETRIC_REPRESENTATION_CONTEXT(2) 
PARAMETRIC_REPRESENTATION_CONTEXT() REPRESENTATION_CONTEXT('2D SPACE',''
  ) );
#3991 = ORIENTED_EDGE('',*,*,#3942,.F.);
#3992 = ORIENTED_EDGE('',*,*,#1352,.T.);
#3993 = FACE_BOUND('',#3994,.T.);
#3994 = EDGE_LOOP('',(#3995));
#3995 = ORIENTED_EDGE('',*,*,#3996,.F.);
#3996 = EDGE_CURVE('',#3997,#3997,#3999,.T.);
#3997 = VERTEX_POINT('',#3998);
#3998 = CARTESIAN_POINT('',(38.5,0.,28.555));
#3999 = SURFACE_CURVE('',#4000,(#4138,#4279),.PCURVE_S1.);
#4000 = B_SPLINE_CURVE_WITH_KNOTS('',6,(#4001,#4002,#4003,#4004,#4005,
    #4006,#4007,#4008,#4009,#4010,#4011,#4012,#4013,#4014,#4015,#4016,
    #4017,#4018,#4019,#4020,#4021,#4022,#4023,#4024,#4025,#4026,#4027,
    #4028,#4029,#4030,#4031,#4032,#4033,#4034,#4035,#4036,#4037,#4038,
    #4039,#4040,#4041,#4042,#4043,#4044,#4045,#4046,#4047,#4048,#4049,
    #4050,#4051,#4052,#4053,#4054,#4055,#4056,#4057,#4058,#4059,#4060,
    #4061,#4062,#4063,#4064,#4065,#4066,#4067,#4068,#4069,#4070,#4071,
    #4072,#4073,#4074,#4075,#4076,#4077,#4078,#4079,#4080,#4081,#4082,
    #4083,#4084,#4085,#4086,#4087,#4088,#4089,#4090,#4091,#4092,#4093,
    #4094,#4095,#4096,#4097,#4098,#4099,#4100,#4101,#4102,#4103,#4104,
    #4105,#4106,#4107,#4108,#4109,#4110,#4111,#4112,#4113,#4114,#4115,
    #4116,#4117,#4118,#4119,#4120,#4121,#4122,#4123,#4124,#4125,#4126,
    #4127,#4128,#4129,#4130,#4131,#4132,#4133,#4134,#4135,#4136,#4137),
  .UNSPECIFIED.,.T.,.F.,(7,5,5,5,5,5,5,5,5,5,5,5,5,5,5,5,5,5,5,5,5,5,5,5
    ,5,5,5,7),(0.,4.37631967648E-02,7.205074791493E-02,0.110691028062,
    0.14240471285,0.168462481287,0.241527759495,0.314677682305,
    0.342497072653,0.37750330968,0.420156266511,0.451620475547,
    0.467829301342,0.477837573013,0.499993469729,0.532156613067,
    0.548365896907,0.57983099509,0.62248515725,0.657492383518,
    0.685312560014,0.758464549968,0.831531892927,0.85759039773,
    0.889304978715,0.927946350798,0.956234701326,1.),.UNSPECIFIED.);
#4001 = CARTESIAN_POINT('',(38.5,-8.881784197001E-16,28.555));
#4002 = CARTESIAN_POINT('',(38.5,0.197458320477,28.555));
#4003 = CARTESIAN_POINT('',(38.486631607439,0.394998771816,
    28.550286789384));
#4004 = CARTESIAN_POINT('',(38.459877186771,0.589830940537,
    28.540853518964));
#4005 = CARTESIAN_POINT('',(38.420581066008,0.77981936916,
    28.527043749082));
#4006 = CARTESIAN_POINT('',(38.369951767522,0.963336478015,
    28.509364305171));
#4007 = CARTESIAN_POINT('',(38.270285290402,1.252871434796,
    28.474844727832));
#4008 = CARTESIAN_POINT('',(38.226993912808,1.363409604934,
    28.459910853195));
#4009 = CARTESIAN_POINT('',(38.179889133268,1.470569570779,
    28.443740633312));
#4010 = CARTESIAN_POINT('',(38.129319178224,1.57420642152,
    28.426479304514));
#4011 = CARTESIAN_POINT('',(38.07561054139,1.674252200073,
    28.408263659192));
#4012 = CARTESIAN_POINT('',(37.941780693663,1.902433010069,
    28.36319086552));
#4013 = CARTESIAN_POINT('',(37.859199517424,2.02742711751,
    28.335615172739));
#4014 = CARTESIAN_POINT('',(37.772015274659,2.14567641546,
    28.306788823111));
#4015 = CARTESIAN_POINT('',(37.680849246605,2.257272134732,
    28.276975278277));
#4016 = CARTESIAN_POINT('',(37.5862164572,2.362369711887,28.246394664732
    ));
#4017 = CARTESIAN_POINT('',(37.408319317976,2.542243704929,
    28.189632881469));
#4018 = CARTESIAN_POINT('',(37.326067129858,2.619069143818,
    28.163648721906));
#4019 = CARTESIAN_POINT('',(37.241979393413,2.691737992993,
    28.137365177904));
#4020 = CARTESIAN_POINT('',(37.156252452982,2.760346197317,
    28.110867403956));
#4021 = CARTESIAN_POINT('',(37.069054100927,2.824985732981,
    28.084228425773));
#4022 = CARTESIAN_POINT('',(36.907782723376,2.935668359706,
    28.035556509783));
#4023 = CARTESIAN_POINT('',(36.834144491796,2.982970692842,
    28.013550090929));
#4024 = CARTESIAN_POINT('',(36.759688299305,3.027699551523,
    27.991525240605));
#4025 = CARTESIAN_POINT('',(36.684485758605,3.069898079211,
    27.96951317812));
#4026 = CARTESIAN_POINT('',(36.608601152139,3.109605058883,
    27.94754178405));
#4027 = CARTESIAN_POINT('',(36.317560245598,3.251302497,27.864211253053)
  );
#4028 = CARTESIAN_POINT('',(36.098161438694,3.336410103664,
    27.803313409077));
#4029 = CARTESIAN_POINT('',(35.875079707552,3.402992130492,
    27.74346358843));
#4030 = CARTESIAN_POINT('',(35.649331259968,3.451447404086,
    27.685074508134));
#4031 = CARTESIAN_POINT('',(35.421813389064,3.482018905544,
    27.628468669284));
#4032 = CARTESIAN_POINT('',(34.964504090367,3.507312884791,
    27.51924045117));
#4033 = CARTESIAN_POINT('',(34.734794055487,3.501989342342,
    27.466642773093));
#4034 = CARTESIAN_POINT('',(34.504942747421,3.478666563759,
    27.416334401427));
#4035 = CARTESIAN_POINT('',(34.275859036151,3.437028156315,
    27.368535297292));
#4036 = CARTESIAN_POINT('',(34.048579845161,3.376610560367,
    27.323424632258));
#4037 = CARTESIAN_POINT('',(33.739005242507,3.266204647082,
    27.265045846704));
#4038 = CARTESIAN_POINT('',(33.654150432596,3.23295710409,
    27.249369637894));
#4039 = CARTESIAN_POINT('',(33.569805102165,3.196840058148,
    27.234109763932));
#4040 = CARTESIAN_POINT('',(33.486046950889,3.157807766831,
    27.219273520335));
#4041 = CARTESIAN_POINT('',(33.402962080286,3.115810098058,
    27.20486766548));
#4042 = CARTESIAN_POINT('',(33.217062154268,3.014145147279,
    27.173320368372));
#4043 = CARTESIAN_POINT('',(33.114698924968,2.952718075387,
    27.156434198916));
#4044 = CARTESIAN_POINT('',(33.01374029474,2.886400215375,
    27.140251363763));
#4045 = CARTESIAN_POINT('',(32.914407220425,2.815076016076,
    27.124783672667));
#4046 = CARTESIAN_POINT('',(32.816957111148,2.738626470755,
    27.110041998755));
#4047 = CARTESIAN_POINT('',(32.605600240094,2.557388103789,
    27.078968293245));
#4048 = CARTESIAN_POINT('',(32.492765183258,2.450070755365,
    27.062994552197));
#4049 = CARTESIAN_POINT('',(32.383695035781,2.334748076818,
    27.048127608437));
#4050 = CARTESIAN_POINT('',(32.279058364892,2.211233060949,
    27.034385489843));
#4051 = CARTESIAN_POINT('',(32.17965714201,2.079420243343,27.02178596953
    ));
#4052 = CARTESIAN_POINT('',(32.01761911054,1.835978335728,
    27.001900246915));
#4053 = CARTESIAN_POINT('',(31.952186806871,1.728137230656,
    26.994088330244));
#4054 = CARTESIAN_POINT('',(31.890483362091,1.615821463037,
    26.986912882385));
#4055 = CARTESIAN_POINT('',(31.832937098777,1.499120273898,
    26.980381342132));
#4056 = CARTESIAN_POINT('',(31.780003791911,1.378219266262,
    26.974501404787));
#4057 = CARTESIAN_POINT('',(31.707480785492,1.189141692472,
    26.966590703803));
#4058 = CARTESIAN_POINT('',(31.684168410043,1.12382438476,
    26.964075986442));
#4059 = CARTESIAN_POINT('',(31.662264008611,1.057520482944,
    26.961737265147));
#4060 = CARTESIAN_POINT('',(31.641829653945,0.990283537482,
    26.959575591859));
#4061 = CARTESIAN_POINT('',(31.622924953192,0.922177466746,
    26.957591983434));
#4062 = CARTESIAN_POINT('',(31.594910728103,0.810735036971,
    26.95467316255));
#4063 = CARTESIAN_POINT('',(31.584820548279,0.767889648663,
    26.953627169328));
#4064 = CARTESIAN_POINT('',(31.575347595098,0.724759315377,
    26.952649659906));
#4065 = CARTESIAN_POINT('',(31.5665040199,0.681363224009,26.951740847662
    ));
#4066 = CARTESIAN_POINT('',(31.558301036825,0.637722005038,
    26.950900930481));
#4067 = CARTESIAN_POINT('',(31.534030366032,0.496752825399,
    26.948423637736));
#4068 = CARTESIAN_POINT('',(31.520500475807,0.398549442576,
    26.947055639058));
#4069 = CARTESIAN_POINT('',(31.510271487724,0.299496760967,
    26.946028205456));
#4070 = CARTESIAN_POINT('',(31.50342372605,0.199861556859,
    26.945342750594));
#4071 = CARTESIAN_POINT('',(31.5,9.99284253861E-02,26.945));
#4072 = CARTESIAN_POINT('',(31.5,-0.145063515617,26.945));
#4073 = CARTESIAN_POINT('',(31.507214919891,-0.290152053068,
    26.9457222644));
#4074 = CARTESIAN_POINT('',(31.521649205491,-0.43430991961,
    26.947167173586));
#4075 = CARTESIAN_POINT('',(31.543102968169,-0.576694042452,
    26.949330057909));
#4076 = CARTESIAN_POINT('',(31.571238157135,-0.716563992824,
    26.952206701518));
#4077 = CARTESIAN_POINT('',(31.622924953192,-0.922177466746,
    26.957591983434));
#4078 = CARTESIAN_POINT('',(31.641829653945,-0.990283537482,
    26.959575591859));
#4079 = CARTESIAN_POINT('',(31.662264008611,-1.057520482944,
    26.961737265147));
#4080 = CARTESIAN_POINT('',(31.684168410043,-1.12382438476,
    26.964075986442));
#4081 = CARTESIAN_POINT('',(31.707480785492,-1.189141692472,
    26.966590703803));
#4082 = CARTESIAN_POINT('',(31.780003791911,-1.378219266262,
    26.974501404787));
#4083 = CARTESIAN_POINT('',(31.832937098777,-1.499120273898,
    26.980381342132));
#4084 = CARTESIAN_POINT('',(31.890483362091,-1.615821463037,
    26.986912882385));
#4085 = CARTESIAN_POINT('',(31.952186806871,-1.728137230657,
    26.994088330244));
#4086 = CARTESIAN_POINT('',(32.01761911054,-1.835978335728,
    27.001900246915));
#4087 = CARTESIAN_POINT('',(32.179657142011,-2.079420243343,
    27.02178596953));
#4088 = CARTESIAN_POINT('',(32.279058364893,-2.211233060949,
    27.034385489843));
#4089 = CARTESIAN_POINT('',(32.383695035781,-2.334748076818,
    27.048127608437));
#4090 = CARTESIAN_POINT('',(32.492765183258,-2.450070755365,
    27.062994552197));
#4091 = CARTESIAN_POINT('',(32.605600240094,-2.557388103789,
    27.078968293245));
#4092 = CARTESIAN_POINT('',(32.816957111148,-2.738626470755,
    27.110041998755));
#4093 = CARTESIAN_POINT('',(32.914407220425,-2.815076016076,
    27.124783672668));
#4094 = CARTESIAN_POINT('',(33.01374029474,-2.886400215375,
    27.140251363763));
#4095 = CARTESIAN_POINT('',(33.114698924968,-2.952718075387,
    27.156434198916));
#4096 = CARTESIAN_POINT('',(33.217062154268,-3.014145147279,
    27.173320368372));
#4097 = CARTESIAN_POINT('',(33.402962080286,-3.115810098058,
    27.20486766548));
#4098 = CARTESIAN_POINT('',(33.486046950889,-3.157807766831,
    27.219273520335));
#4099 = CARTESIAN_POINT('',(33.569805102165,-3.196840058148,
    27.234109763933));
#4100 = CARTESIAN_POINT('',(33.654150432596,-3.23295710409,
    27.249369637894));
#4101 = CARTESIAN_POINT('',(33.739005242507,-3.266204647082,
    27.265045846704));
#4102 = CARTESIAN_POINT('',(34.048579845161,-3.376610560367,
    27.323424632258));
#4103 = CARTESIAN_POINT('',(34.275859036151,-3.437028156315,
    27.368535297293));
#4104 = CARTESIAN_POINT('',(34.504942747421,-3.478666563759,
    27.416334401427));
#4105 = CARTESIAN_POINT('',(34.734794055487,-3.501989342342,
    27.466642773093));
#4106 = CARTESIAN_POINT('',(34.964504090368,-3.507312884791,
    27.51924045117));
#4107 = CARTESIAN_POINT('',(35.421813389064,-3.482018905544,
    27.628468669284));
#4108 = CARTESIAN_POINT('',(35.649331259969,-3.451447404086,
    27.685074508135));
#4109 = CARTESIAN_POINT('',(35.875079707552,-3.402992130491,
    27.74346358843));
#4110 = CARTESIAN_POINT('',(36.098161438695,-3.336410103663,
    27.803313409077));
#4111 = CARTESIAN_POINT('',(36.317560245598,-3.251302497,27.864211253054
    ));
#4112 = CARTESIAN_POINT('',(36.608601152139,-3.109605058883,
    27.94754178405));
#4113 = CARTESIAN_POINT('',(36.684485758605,-3.069898079211,
    27.96951317812));
#4114 = CARTESIAN_POINT('',(36.759688299306,-3.027699551523,
    27.991525240605));
#4115 = CARTESIAN_POINT('',(36.834144491796,-2.982970692842,
    28.013550090929));
#4116 = CARTESIAN_POINT('',(36.907782723376,-2.935668359706,
    28.035556509783));
#4117 = CARTESIAN_POINT('',(37.069054100927,-2.82498573298,
    28.084228425774));
#4118 = CARTESIAN_POINT('',(37.156252452982,-2.760346197317,
    28.110867403957));
#4119 = CARTESIAN_POINT('',(37.241979393413,-2.691737992993,
    28.137365177904));
#4120 = CARTESIAN_POINT('',(37.326067129858,-2.619069143818,
    28.163648721906));
#4121 = CARTESIAN_POINT('',(37.408319317976,-2.542243704929,
    28.189632881469));
#4122 = CARTESIAN_POINT('',(37.5862164572,-2.362369711887,
    28.246394664732));
#4123 = CARTESIAN_POINT('',(37.680849246605,-2.257272134731,
    28.276975278277));
#4124 = CARTESIAN_POINT('',(37.772015274659,-2.14567641546,
    28.306788823111));
#4125 = CARTESIAN_POINT('',(37.859199517424,-2.02742711751,
    28.335615172739));
#4126 = CARTESIAN_POINT('',(37.941780693663,-1.902433010068,
    28.36319086552));
#4127 = CARTESIAN_POINT('',(38.07561054139,-1.674252200073,
    28.408263659192));
#4128 = CARTESIAN_POINT('',(38.129319178225,-1.57420642152,
    28.426479304514));
#4129 = CARTESIAN_POINT('',(38.179889133269,-1.470569570778,
    28.443740633312));
#4130 = CARTESIAN_POINT('',(38.226993912808,-1.363409604934,
    28.459910853195));
#4131 = CARTESIAN_POINT('',(38.270285290402,-1.252871434796,
    28.474844727832));
#4132 = CARTESIAN_POINT('',(38.369952964311,-0.963333001296,
    28.50936471968));
#4133 = CARTESIAN_POINT('',(38.420580660684,-0.779819050964,
    28.527043611098));
#4134 = CARTESIAN_POINT('',(38.459878376845,-0.589828615584,
    28.540853932789));
#4135 = CARTESIAN_POINT('',(38.486633327281,-0.39498865801,
    28.550287396409));
#4136 = CARTESIAN_POINT('',(38.5,-0.197445866276,28.555));
#4137 = CARTESIAN_POINT('',(38.5,-8.881784197001E-16,28.555));
#4138 = PCURVE('',#1367,#4139);
#4139 = DEFINITIONAL_REPRESENTATION('',(#4140),#4278);
#4140 = B_SPLINE_CURVE_WITH_KNOTS('',6,(#4141,#4142,#4143,#4144,#4145,
    #4146,#4147,#4148,#4149,#4150,#4151,#4152,#4153,#4154,#4155,#4156,
    #4157,#4158,#4159,#4160,#4161,#4162,#4163,#4164,#4165,#4166,#4167,
    #4168,#4169,#4170,#4171,#4172,#4173,#4174,#4175,#4176,#4177,#4178,
    #4179,#4180,#4181,#4182,#4183,#4184,#4185,#4186,#4187,#4188,#4189,
    #4190,#4191,#4192,#4193,#4194,#4195,#4196,#4197,#4198,#4199,#4200,
    #4201,#4202,#4203,#4204,#4205,#4206,#4207,#4208,#4209,#4210,#4211,
    #4212,#4213,#4214,#4215,#4216,#4217,#4218,#4219,#4220,#4221,#4222,
    #4223,#4224,#4225,#4226,#4227,#4228,#4229,#4230,#4231,#4232,#4233,
    #4234,#4235,#4236,#4237,#4238,#4239,#4240,#4241,#4242,#4243,#4244,
    #4245,#4246,#4247,#4248,#4249,#4250,#4251,#4252,#4253,#4254,#4255,
    #4256,#4257,#4258,#4259,#4260,#4261,#4262,#4263,#4264,#4265,#4266,
    #4267,#4268,#4269,#4270,#4271,#4272,#4273,#4274,#4275,#4276,#4277),
  .UNSPECIFIED.,.T.,.F.,(7,5,5,5,5,5,5,5,5,5,5,5,5,5,5,5,5,5,5,5,5,5,5,5
    ,5,5,5,7),(0.,4.37631967648E-02,7.205074791493E-02,0.110691028062,
    0.14240471285,0.168462481287,0.241527759495,0.314677682305,
    0.342497072653,0.37750330968,0.420156266511,0.451620475547,
    0.467829301342,0.477837573013,0.499993469729,0.532156613067,
    0.548365896907,0.57983099509,0.62248515725,0.657492383518,
    0.685312560014,0.758464549968,0.831531892927,0.85759039773,
    0.889304978715,0.927946350798,0.956234701326,1.),.UNSPECIFIED.);
#4141 = CARTESIAN_POINT('',(1.570796326795,8.5));
#4142 = CARTESIAN_POINT('',(1.563881309443,8.5));
#4143 = CARTESIAN_POINT('',(1.556963416816,8.486631607439));
#4144 = CARTESIAN_POINT('',(1.550136417341,8.459877186771));
#4145 = CARTESIAN_POINT('',(1.54347115485,8.420581066008));
#4146 = CARTESIAN_POINT('',(1.53702210259,8.369951767522));
#4147 = CARTESIAN_POINT('',(1.526826692808,8.270285290402));
#4148 = CARTESIAN_POINT('',(1.522928815007,8.226993912808));
#4149 = CARTESIAN_POINT('',(1.519143990831,8.179889133268));
#4150 = CARTESIAN_POINT('',(1.51547713207,8.129319178224));
#4151 = CARTESIAN_POINT('',(1.511930605853,8.07561054139));
#4152 = CARTESIAN_POINT('',(1.503825522037,7.941780693663));
#4153 = CARTESIAN_POINT('',(1.4993723438,7.859199517424));
#4154 = CARTESIAN_POINT('',(1.495145623312,7.772015274659));
#4155 = CARTESIAN_POINT('',(1.491142731215,7.680849246605));
#4156 = CARTESIAN_POINT('',(1.487358977597,7.5862164572));
#4157 = CARTESIAN_POINT('',(1.480857892315,7.408319317976));
#4158 = CARTESIAN_POINT('',(1.478071311917,7.326067129858));
#4159 = CARTESIAN_POINT('',(1.475425594171,7.241979393413));
#4160 = CARTESIAN_POINT('',(1.472917865016,7.156252452982));
#4161 = CARTESIAN_POINT('',(1.470545409427,7.069054100927));
#4162 = CARTESIAN_POINT('',(1.466465303871,6.907782723376));
#4163 = CARTESIAN_POINT('',(1.464714599155,6.834144491796));
#4164 = CARTESIAN_POINT('',(1.463052138333,6.759688299305));
#4165 = CARTESIAN_POINT('',(1.461476696681,6.684485758605));
#4166 = CARTESIAN_POINT('',(1.459987204532,6.608601152139));
#4167 = CARTESIAN_POINT('',(1.454644687112,6.317560245598));
#4168 = CARTESIAN_POINT('',(1.451375999481,6.098161438694));
#4169 = CARTESIAN_POINT('',(1.448754434771,5.875079707552));
#4170 = CARTESIAN_POINT('',(1.446772598947,5.649331259968));
#4171 = CARTESIAN_POINT('',(1.44542851811,5.421813389064));
#4172 = CARTESIAN_POINT('',(1.444031593632,4.964504090367));
#4173 = CARTESIAN_POINT('',(1.443980498393,4.734794055487));
#4174 = CARTESIAN_POINT('',(1.444584517647,4.504942747421));
#4175 = CARTESIAN_POINT('',(1.445861679654,4.275859036151));
#4176 = CARTESIAN_POINT('',(1.447835312642,4.048579845161));
#4177 = CARTESIAN_POINT('',(1.451569177522,3.739005242507));
#4178 = CARTESIAN_POINT('',(1.452703664587,3.654150432596));
#4179 = CARTESIAN_POINT('',(1.453945726086,3.569805102165));
#4180 = CARTESIAN_POINT('',(1.455297372317,3.486046950889));
#4181 = CARTESIAN_POINT('',(1.456760770033,3.402962080286));
#4182 = CARTESIAN_POINT('',(1.460323238237,3.217062154268));
#4183 = CARTESIAN_POINT('',(1.462488788367,3.114698924968));
#4184 = CARTESIAN_POINT('',(1.464839603279,3.01374029474));
#4185 = CARTESIAN_POINT('',(1.467380552142,2.914407220425));
#4186 = CARTESIAN_POINT('',(1.470116600371,2.816957111148));
#4187 = CARTESIAN_POINT('',(1.476630262261,2.605600240094));
#4188 = CARTESIAN_POINT('',(1.480504338215,2.492765183258));
#4189 = CARTESIAN_POINT('',(1.484684374768,2.383695035781));
#4190 = CARTESIAN_POINT('',(1.48917812904,2.279058364892));
#4191 = CARTESIAN_POINT('',(1.493990114979,2.17965714201));
#4192 = CARTESIAN_POINT('',(1.502904215598,2.01761911054));
#4193 = CARTESIAN_POINT('',(1.506860971138,1.952186806871));
#4194 = CARTESIAN_POINT('',(1.510989597962,1.890483362091));
#4195 = CARTESIAN_POINT('',(1.515286763691,1.832937098777));
#4196 = CARTESIAN_POINT('',(1.519745396572,1.780003791911));
#4197 = CARTESIAN_POINT('',(1.526727532238,1.707480785492));
#4198 = CARTESIAN_POINT('',(1.52914109972,1.684168410043));
#4199 = CARTESIAN_POINT('',(1.531592609163,1.662264008611));
#4200 = CARTESIAN_POINT('',(1.534080004079,1.641829653945));
#4201 = CARTESIAN_POINT('',(1.536600827799,1.622924953192));
#4202 = CARTESIAN_POINT('',(1.540727532401,1.594910728103));
#4203 = CARTESIAN_POINT('',(1.542314528068,1.584820548279));
#4204 = CARTESIAN_POINT('',(1.543912484373,1.575347595098));
#4205 = CARTESIAN_POINT('',(1.545520663552,1.5665040199));
#4206 = CARTESIAN_POINT('',(1.547138272194,1.558301036825));
#4207 = CARTESIAN_POINT('',(1.552364451127,1.534030366032));
#4208 = CARTESIAN_POINT('',(1.556006689685,1.520500475807));
#4209 = CARTESIAN_POINT('',(1.559681608445,1.510271487724));
#4210 = CARTESIAN_POINT('',(1.563378937262,1.50342372605));
#4211 = CARTESIAN_POINT('',(1.567087719432,1.5));
#4212 = CARTESIAN_POINT('',(1.576180016371,1.5));
#4213 = CARTESIAN_POINT('',(1.581564634615,1.507214919891));
#4214 = CARTESIAN_POINT('',(1.586913501821,1.521649205491));
#4215 = CARTESIAN_POINT('',(1.592194117138,1.543102968169));
#4216 = CARTESIAN_POINT('',(1.597377974668,1.571238157135));
#4217 = CARTESIAN_POINT('',(1.604991825791,1.622924953192));
#4218 = CARTESIAN_POINT('',(1.607512649511,1.641829653945));
#4219 = CARTESIAN_POINT('',(1.610000044427,1.662264008611));
#4220 = CARTESIAN_POINT('',(1.61245155387,1.684168410043));
#4221 = CARTESIAN_POINT('',(1.614865121352,1.707480785492));
#4222 = CARTESIAN_POINT('',(1.621847257017,1.780003791911));
#4223 = CARTESIAN_POINT('',(1.626305889899,1.832937098777));
#4224 = CARTESIAN_POINT('',(1.630603055628,1.890483362091));
#4225 = CARTESIAN_POINT('',(1.634731682452,1.952186806871));
#4226 = CARTESIAN_POINT('',(1.638688437991,2.01761911054));
#4227 = CARTESIAN_POINT('',(1.64760253861,2.179657142011));
#4228 = CARTESIAN_POINT('',(1.652414524549,2.279058364893));
#4229 = CARTESIAN_POINT('',(1.656908278821,2.383695035781));
#4230 = CARTESIAN_POINT('',(1.661088315375,2.492765183258));
#4231 = CARTESIAN_POINT('',(1.664962391329,2.605600240094));
#4232 = CARTESIAN_POINT('',(1.671476053219,2.816957111148));
#4233 = CARTESIAN_POINT('',(1.674212101447,2.914407220425));
#4234 = CARTESIAN_POINT('',(1.67675305031,3.01374029474));
#4235 = CARTESIAN_POINT('',(1.679103865223,3.114698924968));
#4236 = CARTESIAN_POINT('',(1.681269415352,3.217062154268));
#4237 = CARTESIAN_POINT('',(1.684831883557,3.402962080286));
#4238 = CARTESIAN_POINT('',(1.686295281273,3.486046950889));
#4239 = CARTESIAN_POINT('',(1.687646927504,3.569805102165));
#4240 = CARTESIAN_POINT('',(1.688888989002,3.654150432596));
#4241 = CARTESIAN_POINT('',(1.690023476068,3.739005242507));
#4242 = CARTESIAN_POINT('',(1.693757340948,4.048579845161));
#4243 = CARTESIAN_POINT('',(1.695730973936,4.275859036151));
#4244 = CARTESIAN_POINT('',(1.697008135943,4.504942747421));
#4245 = CARTESIAN_POINT('',(1.697612155197,4.734794055487));
#4246 = CARTESIAN_POINT('',(1.697561059958,4.964504090368));
#4247 = CARTESIAN_POINT('',(1.69616413548,5.421813389064));
#4248 = CARTESIAN_POINT('',(1.694820054643,5.649331259969));
#4249 = CARTESIAN_POINT('',(1.692838218819,5.875079707552));
#4250 = CARTESIAN_POINT('',(1.690216654109,6.098161438694));
#4251 = CARTESIAN_POINT('',(1.686947966478,6.317560245598));
#4252 = CARTESIAN_POINT('',(1.681605449058,6.608601152139));
#4253 = CARTESIAN_POINT('',(1.680115956909,6.684485758605));
#4254 = CARTESIAN_POINT('',(1.678540515257,6.759688299306));
#4255 = CARTESIAN_POINT('',(1.676878054435,6.834144491796));
#4256 = CARTESIAN_POINT('',(1.675127349718,6.907782723376));
#4257 = CARTESIAN_POINT('',(1.671047244163,7.069054100927));
#4258 = CARTESIAN_POINT('',(1.668674788574,7.156252452982));
#4259 = CARTESIAN_POINT('',(1.666167059419,7.241979393413));
#4260 = CARTESIAN_POINT('',(1.663521341672,7.326067129858));
#4261 = CARTESIAN_POINT('',(1.660734761275,7.408319317976));
#4262 = CARTESIAN_POINT('',(1.654233675993,7.5862164572));
#4263 = CARTESIAN_POINT('',(1.650449922375,7.680849246605));
#4264 = CARTESIAN_POINT('',(1.646447030277,7.772015274659));
#4265 = CARTESIAN_POINT('',(1.64222030979,7.859199517424));
#4266 = CARTESIAN_POINT('',(1.637767131553,7.941780693663));
#4267 = CARTESIAN_POINT('',(1.629662047737,8.07561054139));
#4268 = CARTESIAN_POINT('',(1.62611552152,8.129319178225));
#4269 = CARTESIAN_POINT('',(1.622448662759,8.179889133269));
#4270 = CARTESIAN_POINT('',(1.618663838582,8.226993912808));
#4271 = CARTESIAN_POINT('',(1.614765960782,8.270285290402));
#4272 = CARTESIAN_POINT('',(1.604570428573,8.369952964311));
#4273 = CARTESIAN_POINT('',(1.598121488052,8.420580660684));
#4274 = CARTESIAN_POINT('',(1.591456153912,8.459878376845));
#4275 = CARTESIAN_POINT('',(1.584628882634,8.486633327282));
#4276 = CARTESIAN_POINT('',(1.577710907999,8.5));
#4277 = CARTESIAN_POINT('',(1.570796326795,8.5));
#4278 = ( GEOMETRIC_REPRESENTATION_CONTEXT(2) 
PARAMETRIC_REPRESENTATION_CONTEXT() REPRESENTATION_CONTEXT('2D SPACE',''
  ) );
#4279 = PCURVE('',#4280,#4285);
#4280 = CYLINDRICAL_SURFACE('',#4281,3.5);
#4281 = AXIS2_PLACEMENT_3D('',#4282,#4283,#4284);
#4282 = CARTESIAN_POINT('',(35.,0.,29.));
#4283 = DIRECTION('',(-0.,-0.,-1.));
#4284 = DIRECTION('',(1.,0.,0.));
#4285 = DEFINITIONAL_REPRESENTATION('',(#4286),#4424);
#4286 = B_SPLINE_CURVE_WITH_KNOTS('',6,(#4287,#4288,#4289,#4290,#4291,
    #4292,#4293,#4294,#4295,#4296,#4297,#4298,#4299,#4300,#4301,#4302,
    #4303,#4304,#4305,#4306,#4307,#4308,#4309,#4310,#4311,#4312,#4313,
    #4314,#4315,#4316,#4317,#4318,#4319,#4320,#4321,#4322,#4323,#4324,
    #4325,#4326,#4327,#4328,#4329,#4330,#4331,#4332,#4333,#4334,#4335,
    #4336,#4337,#4338,#4339,#4340,#4341,#4342,#4343,#4344,#4345,#4346,
    #4347,#4348,#4349,#4350,#4351,#4352,#4353,#4354,#4355,#4356,#4357,
    #4358,#4359,#4360,#4361,#4362,#4363,#4364,#4365,#4366,#4367,#4368,
    #4369,#4370,#4371,#4372,#4373,#4374,#4375,#4376,#4377,#4378,#4379,
    #4380,#4381,#4382,#4383,#4384,#4385,#4386,#4387,#4388,#4389,#4390,
    #4391,#4392,#4393,#4394,#4395,#4396,#4397,#4398,#4399,#4400,#4401,
    #4402,#4403,#4404,#4405,#4406,#4407,#4408,#4409,#4410,#4411,#4412,
    #4413,#4414,#4415,#4416,#4417,#4418,#4419,#4420,#4421,#4422,#4423),
  .UNSPECIFIED.,.F.,.F.,(7,5,5,5,5,5,5,5,5,5,5,5,5,5,5,5,5,5,5,5,5,5,5,5
    ,5,5,5,7),(0.,4.37631967648E-02,7.205074791493E-02,0.110691028062,
    0.14240471285,0.168462481287,0.241527759495,0.314677682305,
    0.342497072653,0.37750330968,0.420156266511,0.451620475547,
    0.467829301342,0.477837573013,0.499993469729,0.532156613067,
    0.548365896907,0.57983099509,0.62248515725,0.657492383518,
    0.685312560014,0.758464549968,0.831531892927,0.85759039773,
    0.889304978715,0.927946350798,0.956234701326,1.),.UNSPECIFIED.);
#4287 = CARTESIAN_POINT('',(0.,0.445));
#4288 = CARTESIAN_POINT('',(-5.641666299342E-02,0.445));
#4289 = CARTESIAN_POINT('',(-0.112856675765,0.449713210616));
#4290 = CARTESIAN_POINT('',(-0.168846812892,0.459146481036));
#4291 = CARTESIAN_POINT('',(-0.224098522716,0.472956250918));
#4292 = CARTESIAN_POINT('',(-0.278385002518,0.490635694829));
#4293 = CARTESIAN_POINT('',(-0.365873263123,0.525155272168));
#4294 = CARTESIAN_POINT('',(-0.399761701436,0.540089146805));
#4295 = CARTESIAN_POINT('',(-0.433165318173,0.556259366688));
#4296 = CARTESIAN_POINT('',(-0.466075105207,0.573520695486));
#4297 = CARTESIAN_POINT('',(-0.498495129158,0.591736340808));
#4298 = CARTESIAN_POINT('',(-0.574075555407,0.63680913448));
#4299 = CARTESIAN_POINT('',(-0.616817485155,0.664384827261));
#4300 = CARTESIAN_POINT('',(-0.658712171892,0.693211176889));
#4301 = CARTESIAN_POINT('',(-0.699810928237,0.723024721723));
#4302 = CARTESIAN_POINT('',(-0.7401736574,0.753605335268));
#4303 = CARTESIAN_POINT('',(-0.812455444711,0.810367118531));
#4304 = CARTESIAN_POINT('',(-0.844587441419,0.836351278094));
#4305 = CARTESIAN_POINT('',(-0.876306052295,0.862634822096));
#4306 = CARTESIAN_POINT('',(-0.907645102427,0.889132596044));
#4307 = CARTESIAN_POINT('',(-0.938637119163,0.915771574227));
#4308 = CARTESIAN_POINT('',(-0.994522644342,0.964443490217));
#4309 = CARTESIAN_POINT('',(-1.019517421086,0.986449909071));
#4310 = CARTESIAN_POINT('',(-1.044317405859,1.008474759395));
#4311 = CARTESIAN_POINT('',(-1.068939366637,1.03048682188));
#4312 = CARTESIAN_POINT('',(-1.09339928601,1.05245821595));
#4313 = CARTESIAN_POINT('',(-1.185885566625,1.135788746947));
#4314 = CARTESIAN_POINT('',(-1.252890564025,1.196686590923));
#4315 = CARTESIAN_POINT('',(-1.319093817638,1.25653641157));
#4316 = CARTESIAN_POINT('',(-1.384761810179,1.314925491866));
#4317 = CARTESIAN_POINT('',(-1.450150308623,1.371531330716));
#4318 = CARTESIAN_POINT('',(-1.581009815795,1.48075954883));
#4319 = CARTESIAN_POINT('',(-1.646457269249,1.533357226907));
#4320 = CARTESIAN_POINT('',(-1.712165068281,1.583665598573));
#4321 = CARTESIAN_POINT('',(-1.77837652126,1.631464702708));
#4322 = CARTESIAN_POINT('',(-1.845338890482,1.676575367742));
#4323 = CARTESIAN_POINT('',(-1.93924544425,1.734954153296));
#4324 = CARTESIAN_POINT('',(-1.965271989088,1.750630362106));
#4325 = CARTESIAN_POINT('',(-1.991467743644,1.765890236068));
#4326 = CARTESIAN_POINT('',(-2.017849456261,1.780726479665));
#4327 = CARTESIAN_POINT('',(-2.044434522608,1.79513233452));
#4328 = CARTESIAN_POINT('',(-2.10497261634,1.826679631628));
#4329 = CARTESIAN_POINT('',(-2.139053751654,1.843565801084));
#4330 = CARTESIAN_POINT('',(-2.173522405662,1.859748636237));
#4331 = CARTESIAN_POINT('',(-2.208415158646,1.875216327333));
#4332 = CARTESIAN_POINT('',(-2.243769810831,1.889958001245));
#4333 = CARTESIAN_POINT('',(-2.323319088385,1.921031706755));
#4334 = CARTESIAN_POINT('',(-2.367751607115,1.937005447803));
#4335 = CARTESIAN_POINT('',(-2.41300632094,1.951872391563));
#4336 = CARTESIAN_POINT('',(-2.459149170914,1.965614510157));
#4337 = CARTESIAN_POINT('',(-2.506236469073,1.97821403047));
#4338 = CARTESIAN_POINT('',(-2.589790330976,1.998099753085));
#4339 = CARTESIAN_POINT('',(-2.62579855365,2.005911669756));
#4340 = CARTESIAN_POINT('',(-2.662360683071,2.013087117615));
#4341 = CARTESIAN_POINT('',(-2.699481056291,2.019618657868));
#4342 = CARTESIAN_POINT('',(-2.737149197419,2.025498595213));
#4343 = CARTESIAN_POINT('',(-2.795008926017,2.033409296197));
#4344 = CARTESIAN_POINT('',(-2.814818586268,2.035924013558));
#4345 = CARTESIAN_POINT('',(-2.834761059923,2.038262734853));
#4346 = CARTESIAN_POINT('',(-2.854830403054,2.040424408141));
#4347 = CARTESIAN_POINT('',(-2.875018959915,2.042408016566));
#4348 = CARTESIAN_POINT('',(-2.907850268966,2.04532683745));
#4349 = CARTESIAN_POINT('',(-2.920425275277,2.046372830672));
#4350 = CARTESIAN_POINT('',(-2.93303979938,2.047350340094));
#4351 = CARTESIAN_POINT('',(-2.945691330519,2.048259152338));
#4352 = CARTESIAN_POINT('',(-2.958377115327,2.049099069519));
#4353 = CARTESIAN_POINT('',(-2.999246619021,2.051576362264));
#4354 = CARTESIAN_POINT('',(-3.027553812675,2.052944360942));
#4355 = CARTESIAN_POINT('',(-3.05598023474,2.053971794544));
#4356 = CARTESIAN_POINT('',(-3.084489363789,2.054657249406));
#4357 = CARTESIAN_POINT('',(-3.113041674908,2.055));
#4358 = CARTESIAN_POINT('',(-3.183039372337,2.055));
#4359 = CARTESIAN_POINT('',(-3.224493230632,2.0542777356));
#4360 = CARTESIAN_POINT('',(-3.265809397543,2.052832826414));
#4361 = CARTESIAN_POINT('',(-3.306875132444,2.050669942091));
#4362 = CARTESIAN_POINT('',(-3.347591936593,2.047793298482));
#4363 = CARTESIAN_POINT('',(-3.408166347264,2.042408016566));
#4364 = CARTESIAN_POINT('',(-3.428354904126,2.040424408141));
#4365 = CARTESIAN_POINT('',(-3.448424247257,2.038262734853));
#4366 = CARTESIAN_POINT('',(-3.468366720912,2.035924013558));
#4367 = CARTESIAN_POINT('',(-3.488176381162,2.033409296197));
#4368 = CARTESIAN_POINT('',(-3.546036109761,2.025498595213));
#4369 = CARTESIAN_POINT('',(-3.583704250889,2.019618657868));
#4370 = CARTESIAN_POINT('',(-3.620824624109,2.013087117615));
#4371 = CARTESIAN_POINT('',(-3.657386753529,2.005911669756));
#4372 = CARTESIAN_POINT('',(-3.693394976204,1.998099753085));
#4373 = CARTESIAN_POINT('',(-3.776948838107,1.97821403047));
#4374 = CARTESIAN_POINT('',(-3.824036136265,1.965614510157));
#4375 = CARTESIAN_POINT('',(-3.87017898624,1.951872391563));
#4376 = CARTESIAN_POINT('',(-3.915433700065,1.937005447803));
#4377 = CARTESIAN_POINT('',(-3.959866218795,1.921031706754));
#4378 = CARTESIAN_POINT('',(-4.039415496349,1.889958001245));
#4379 = CARTESIAN_POINT('',(-4.074770148534,1.875216327332));
#4380 = CARTESIAN_POINT('',(-4.109662901518,1.859748636237));
#4381 = CARTESIAN_POINT('',(-4.144131555525,1.843565801084));
#4382 = CARTESIAN_POINT('',(-4.17821269084,1.826679631628));
#4383 = CARTESIAN_POINT('',(-4.238750784572,1.79513233452));
#4384 = CARTESIAN_POINT('',(-4.265335850919,1.780726479665));
#4385 = CARTESIAN_POINT('',(-4.291717563536,1.765890236067));
#4386 = CARTESIAN_POINT('',(-4.317913318092,1.750630362106));
#4387 = CARTESIAN_POINT('',(-4.34393986293,1.734954153296));
#4388 = CARTESIAN_POINT('',(-4.437846416698,1.676575367742));
#4389 = CARTESIAN_POINT('',(-4.50480878592,1.631464702707));
#4390 = CARTESIAN_POINT('',(-4.571020238899,1.583665598573));
#4391 = CARTESIAN_POINT('',(-4.636728037931,1.533357226907));
#4392 = CARTESIAN_POINT('',(-4.702175491385,1.48075954883));
#4393 = CARTESIAN_POINT('',(-4.833034998556,1.371531330716));
#4394 = CARTESIAN_POINT('',(-4.898423497001,1.314925491865));
#4395 = CARTESIAN_POINT('',(-4.964091489542,1.25653641157));
#4396 = CARTESIAN_POINT('',(-5.030294743155,1.196686590923));
#4397 = CARTESIAN_POINT('',(-5.097299740555,1.135788746946));
#4398 = CARTESIAN_POINT('',(-5.18978602117,1.05245821595));
#4399 = CARTESIAN_POINT('',(-5.214245940543,1.03048682188));
#4400 = CARTESIAN_POINT('',(-5.238867901321,1.008474759395));
#4401 = CARTESIAN_POINT('',(-5.263667886094,0.986449909071));
#4402 = CARTESIAN_POINT('',(-5.288662662838,0.964443490217));
#4403 = CARTESIAN_POINT('',(-5.344548188017,0.915771574226));
#4404 = CARTESIAN_POINT('',(-5.375540204753,0.889132596043));
#4405 = CARTESIAN_POINT('',(-5.406879254885,0.862634822096));
#4406 = CARTESIAN_POINT('',(-5.438597865761,0.836351278094));
#4407 = CARTESIAN_POINT('',(-5.470729862469,0.810367118531));
#4408 = CARTESIAN_POINT('',(-5.54301164978,0.753605335268));
#4409 = CARTESIAN_POINT('',(-5.583374378943,0.723024721723));
#4410 = CARTESIAN_POINT('',(-5.624473135288,0.693211176889));
#4411 = CARTESIAN_POINT('',(-5.666367822025,0.664384827261));
#4412 = CARTESIAN_POINT('',(-5.709109751772,0.63680913448));
#4413 = CARTESIAN_POINT('',(-5.784690178022,0.591736340808));
#4414 = CARTESIAN_POINT('',(-5.817110201973,0.573520695486));
#4415 = CARTESIAN_POINT('',(-5.850019989006,0.556259366688));
#4416 = CARTESIAN_POINT('',(-5.883423605744,0.540089146805));
#4417 = CARTESIAN_POINT('',(-5.917312044057,0.525155272168));
#4418 = CARTESIAN_POINT('',(-6.004801355215,0.49063528032));
#4419 = CARTESIAN_POINT('',(-6.059086835526,0.472956388902));
#4420 = CARTESIAN_POINT('',(-6.114339236548,0.459146067211));
#4421 = CARTESIAN_POINT('',(-6.170331515971,0.449712603591));
#4422 = CARTESIAN_POINT('',(-6.226772202529,0.445));
#4423 = CARTESIAN_POINT('',(-6.28318530718,0.445));
#4424 = ( GEOMETRIC_REPRESENTATION_CONTEXT(2) 
PARAMETRIC_REPRESENTATION_CONTEXT() REPRESENTATION_CONTEXT('2D SPACE',''
  ) );
#4425 = FACE_BOUND('',#4426,.T.);
#4426 = EDGE_LOOP('',(#4427));
#4427 = ORIENTED_EDGE('',*,*,#4428,.F.);
#4428 = EDGE_CURVE('',#4429,#4429,#4431,.T.);
#4429 = VERTEX_POINT('',#4430);
#4430 = CARTESIAN_POINT('',(38.5,-24.72935540506,-14.2775));
#4431 = SURFACE_CURVE('',#4432,(#4570,#4711),.PCURVE_S1.);
#4432 = B_SPLINE_CURVE_WITH_KNOTS('',6,(#4433,#4434,#4435,#4436,#4437,
    #4438,#4439,#4440,#4441,#4442,#4443,#4444,#4445,#4446,#4447,#4448,
    #4449,#4450,#4451,#4452,#4453,#4454,#4455,#4456,#4457,#4458,#4459,
    #4460,#4461,#4462,#4463,#4464,#4465,#4466,#4467,#4468,#4469,#4470,
    #4471,#4472,#4473,#4474,#4475,#4476,#4477,#4478,#4479,#4480,#4481,
    #4482,#4483,#4484,#4485,#4486,#4487,#4488,#4489,#4490,#4491,#4492,
    #4493,#4494,#4495,#4496,#4497,#4498,#4499,#4500,#4501,#4502,#4503,
    #4504,#4505,#4506,#4507,#4508,#4509,#4510,#4511,#4512,#4513,#4514,
    #4515,#4516,#4517,#4518,#4519,#4520,#4521,#4522,#4523,#4524,#4525,
    #4526,#4527,#4528,#4529,#4530,#4531,#4532,#4533,#4534,#4535,#4536,
    #4537,#4538,#4539,#4540,#4541,#4542,#4543,#4544,#4545,#4546,#4547,
    #4548,#4549,#4550,#4551,#4552,#4553,#4554,#4555,#4556,#4557,#4558,
    #4559,#4560,#4561,#4562,#4563,#4564,#4565,#4566,#4567,#4568,#4569),
  .UNSPECIFIED.,.T.,.F.,(7,5,5,5,5,5,5,5,5,5,5,5,5,5,5,5,5,5,5,5,5,5,5,5
    ,5,5,5,7),(0.,4.376319676481E-02,7.205074791495E-02,0.110691028062,
    0.14240471285,0.168462481287,0.241527759495,0.314677682305,
    0.342497072653,0.37750330968,0.420156266511,0.451620475547,
    0.467829301341,0.477837573013,0.499993469729,0.532156613067,
    0.548365896907,0.57983099509,0.62248515725,0.657492383518,
    0.685312560014,0.758464549968,0.831531892927,0.85759039773,
    0.889304978715,0.927946350798,0.956234701326,1.),.UNSPECIFIED.);
#4433 = CARTESIAN_POINT('',(38.5,-24.72935540506,-14.2775));
#4434 = CARTESIAN_POINT('',(38.5,-24.8280845653,-14.10649607827));
#4435 = CARTESIAN_POINT('',(38.486631607439,-24.92277303084,
    -13.93306442383));
#4436 = CARTESIAN_POINT('',(38.459877186771,-25.01201966338,
    -13.75961818103));
#4437 = CARTESIAN_POINT('',(38.420581066008,-25.09505426615,
    -13.58817849048));
#4438 = CARTESIAN_POINT('',(38.369951767522,-25.17150197303,
    -13.42040829023));
#4439 = CARTESIAN_POINT('',(38.270285290402,-25.28637462051,
    -13.1524038737));
#4440 = CARTESIAN_POINT('',(38.226993912808,-25.32871059077,
    -13.04920807296));
#4441 = CARTESIAN_POINT('',(38.179889133268,-25.36828675249,
    -12.94831971032));
#4442 = CARTESIAN_POINT('',(38.129319178224,-25.40515642862,
    -12.84993690042));
#4443 = CARTESIAN_POINT('',(38.07561054139,-25.4394041063,
    -12.75418689199));
#4444 = CARTESIAN_POINT('',(37.941780693663,-25.51446032696,
    -12.53404011704));
#4445 = CARTESIAN_POINT('',(37.859199517424,-25.5530761302,
    -12.41200419828));
#4446 = CARTESIAN_POINT('',(37.772015274658,-25.5872364281,
    -12.29518412746));
#4447 = CARTESIAN_POINT('',(37.680849246605,-25.61721500053,
    -12.1836326272));
#4448 = CARTESIAN_POINT('',(37.5862164572,-25.64328020092,
    -12.07732514874));
#4449 = CARTESIAN_POINT('',(37.408319317976,-25.68406005117,
    -11.89316880965));
#4450 = CARTESIAN_POINT('',(37.326067129858,-25.69996982834,
    -11.81364394813));
#4451 = CARTESIAN_POINT('',(37.241979393413,-25.71354203612,
    -11.73756910668));
#4452 = CARTESIAN_POINT('',(37.156252452982,-25.7248983929,
    -11.66490377186));
#4453 = CARTESIAN_POINT('',(37.069054100927,-25.73414812889,
    -11.59560480279));
#4454 = CARTESIAN_POINT('',(36.907782723376,-25.74733832656,
    -11.4754148783));
#4455 = CARTESIAN_POINT('',(36.834144491796,-25.75193137535,
    -11.42344664671));
#4456 = CARTESIAN_POINT('',(36.759688299305,-25.75522172479,
    -11.37369789365));
#4457 = CARTESIAN_POINT('',(36.684485758605,-25.75725798334,
    -11.32614686543));
#4458 = CARTESIAN_POINT('',(36.608601152139,-25.75808368775,
    -11.28077391529));
#4459 = CARTESIAN_POINT('',(36.317560245598,-25.75676605006,
    -11.11639506873));
#4460 = CARTESIAN_POINT('',(36.098161438693,-25.74658077347,
    -11.01224079732));
#4461 = CARTESIAN_POINT('',(35.875079707553,-25.72804032179,
    -10.92465416033));
#4462 = CARTESIAN_POINT('',(35.649331259968,-25.70170153175,
    -10.8534961223));
#4463 = CARTESIAN_POINT('',(35.421813389064,-25.66796518803,
    -10.79871750598));
#4464 = CARTESIAN_POINT('',(34.964504090367,-25.58601776596,
    -10.72219816833));
#4465 = CARTESIAN_POINT('',(34.734794055487,-25.53780506934,
    -10.70050965229));
#4466 = CARTESIAN_POINT('',(34.504942747421,-25.48257535216,
    -10.6955535852));
#4467 = CARTESIAN_POINT('',(34.275859036151,-25.42036090998,
    -10.70771395175));
#4468 = CARTESIAN_POINT('',(34.048579845161,-25.3510851301,
    -10.73748179216));
#4469 = CARTESIAN_POINT('',(33.739005242507,-25.24532466213,
    -10.80390672502));
#4470 = CARTESIAN_POINT('',(33.654150432596,-25.21512489557,
    -10.82486183745));
#4471 = CARTESIAN_POINT('',(33.569805102165,-25.18385093409,
    -10.84851017977));
#4472 = CARTESIAN_POINT('',(33.486046950889,-25.15148622458,
    -10.87489501382));
#4473 = CARTESIAN_POINT('',(33.402962080286,-25.11801155392,
    -10.90406313445));
#4474 = CARTESIAN_POINT('',(33.217062154268,-25.03985831782,
    -10.97633391594));
#4475 = CARTESIAN_POINT('',(33.114698924968,-24.99452093015,
    -11.02108823596));
#4476 = CARTESIAN_POINT('',(33.01374029474,-24.9473472538,
    -11.07042976987));
#4477 = CARTESIAN_POINT('',(32.914407220425,-24.89828974072,
    -11.12446449282));
#4478 = CARTESIAN_POINT('',(32.816957111148,-24.84729830396,
    -11.18330090422));
#4479 = CARTESIAN_POINT('',(32.605600240094,-24.72976850211,
    -11.3247210814));
#4480 = CARTESIAN_POINT('',(32.492765183258,-24.66227616236,
    -11.40967376088));
#4481 = CARTESIAN_POINT('',(32.383695035781,-24.59173967211,
    -11.50211265825));
#4482 = CARTESIAN_POINT('',(32.279058364893,-24.51808114038,
    -11.60220874045));
#4483 = CARTESIAN_POINT('',(32.17965714201,-24.44126322691,
    -11.71006222888));
#4484 = CARTESIAN_POINT('',(32.01761911054,-24.30232073214,
    -11.91094624391));
#4485 = CARTESIAN_POINT('',(31.952186806871,-24.24163486132,
    -12.00043342214));
#4486 = CARTESIAN_POINT('',(31.890483362091,-24.17926285738,
    -12.09411400622));
#4487 = CARTESIAN_POINT('',(31.832937098777,-24.11525578302,
    -12.19191443054));
#4488 = CARTESIAN_POINT('',(31.780003791911,-24.04971310409,
    -12.29367780582));
#4489 = CARTESIAN_POINT('',(31.707480785492,-23.94832344918,
    -12.45346843752));
#4490 = CARTESIAN_POINT('',(31.684168410043,-23.91348698621,
    -12.50877752662));
#4491 = CARTESIAN_POINT('',(31.662264008611,-23.87830964325,
    -12.56502902932));
#4492 = CARTESIAN_POINT('',(31.641829653945,-23.84281910653,
    -12.62217709552));
#4493 = CARTESIAN_POINT('',(31.622924953192,-23.80704821588,
    -12.68016687871));
#4494 = CARTESIAN_POINT('',(31.594910728103,-23.74879922796,
    -12.77521944352));
#4495 = CARTESIAN_POINT('',(31.584820548279,-23.7264706771,
    -12.81180164161));
#4496 = CARTESIAN_POINT('',(31.575347595098,-23.70405896247,
    -12.8486648512));
#4497 = CARTESIAN_POINT('',(31.5665040199,-23.68157386229,
    -12.88579256263));
#4498 = CARTESIAN_POINT('',(31.558301036825,-23.65902586319,
    -12.92316700832));
#4499 = CARTESIAN_POINT('',(31.534030366032,-23.58639587492,
    -13.04401125267));
#4500 = CARTESIAN_POINT('',(31.520500475807,-23.5361094619,
    -13.12837387759));
#4501 = CARTESIAN_POINT('',(31.510271487724,-23.4856933375,
    -13.21364229938));
#4502 = CARTESIAN_POINT('',(31.50342372605,-23.43528211412,
    -13.29958618981));
#4503 = CARTESIAN_POINT('',(31.5,-23.38501871766,-13.38595944505));
#4504 = CARTESIAN_POINT('',(31.5,-23.26252274716,-13.59812868968));
#4505 = CARTESIAN_POINT('',(31.507214919891,-23.19060397775,
    -13.72414018111));
#4506 = CARTESIAN_POINT('',(31.521649205491,-23.11977637254,
    -13.84970701029));
#4507 = CARTESIAN_POINT('',(31.543102968169,-23.05045742389,
    -13.97409671992));
#4508 = CARTESIAN_POINT('',(31.571238157135,-22.98301369515,
    -14.09666597198));
#4509 = CARTESIAN_POINT('',(31.622924953192,-22.88487074913,
    -14.27742510471));
#4510 = CARTESIAN_POINT('',(31.641829653945,-22.85253556905,
    -14.33739849633));
#4511 = CARTESIAN_POINT('',(31.662264008611,-22.8207891603,
    -14.39670823582));
#4512 = CARTESIAN_POINT('',(31.684168410043,-22.78966260145,
    -14.45529845981));
#4513 = CARTESIAN_POINT('',(31.707480785492,-22.75918175671,
    -14.51312226628));
#4514 = CARTESIAN_POINT('',(31.780003791911,-22.67149383783,
    -14.68082359896));
#4515 = CARTESIAN_POINT('',(31.832937098777,-22.61613550912,
    -14.78846691158));
#4516 = CARTESIAN_POINT('',(31.890483362091,-22.56344139434,
    -14.89279887616));
#4517 = CARTESIAN_POINT('',(31.952186806871,-22.51349763066,
    -14.99365490809));
#4518 = CARTESIAN_POINT('',(32.01761911054,-22.46634239641,
    -15.09095400299));
#4519 = CARTESIAN_POINT('',(32.179657142011,-22.36184298356,
    -15.31172374064));
#4520 = CARTESIAN_POINT('',(32.279058364893,-22.30684807943,
    -15.43217674939));
#4521 = CARTESIAN_POINT('',(32.383695035781,-22.2569915953,
    -15.54601495018));
#4522 = CARTESIAN_POINT('',(32.492765183258,-22.212205407,
    -15.65332079131));
#4523 = CARTESIAN_POINT('',(32.605600240094,-22.17238039832,
    -15.75424721184));
#4524 = CARTESIAN_POINT('',(32.816957111148,-22.1086718332,
    -15.92674109452));
#4525 = CARTESIAN_POINT('',(32.914407220425,-22.08321372465,
    -16.00031917984));
#4526 = CARTESIAN_POINT('',(33.01374029474,-22.06094703842,
    -16.06982159388));
#4527 = CARTESIAN_POINT('',(33.114698924968,-22.04180285476,
    -16.13534596295));
#4528 = CARTESIAN_POINT('',(33.217062154268,-22.02571317054,
    -16.19698645242));
#4529 = CARTESIAN_POINT('',(33.402962080286,-22.00220145587,
    -16.30080453102));
#4530 = CARTESIAN_POINT('',(33.486046950889,-21.99367845775,
    -16.34437850651));
#4531 = CARTESIAN_POINT('',(33.569805102165,-21.98701087594,
    -16.38559958415));
#4532 = CARTESIAN_POINT('',(33.654150432596,-21.98216779148,
    -16.42450780043));
#4533 = CARTESIAN_POINT('',(33.739005242507,-21.97912001505,
    -16.46113912168));
#4534 = CARTESIAN_POINT('',(34.048579845161,-21.97447456974,
    -16.58594284009));
#4535 = CARTESIAN_POINT('',(34.275859036151,-21.98333275366,
    -16.66082134553));
#4536 = CARTESIAN_POINT('',(34.504942747421,-22.0039087884,
    -16.72078081622));
#4537 = CARTESIAN_POINT('',(34.734794055487,-22.035815727,
    -16.76613312079));
#4538 = CARTESIAN_POINT('',(34.964504090368,-22.07870488117,
    -16.79704228283));
#4539 = CARTESIAN_POINT('',(35.421813389064,-22.18594628249,
    -16.8297511633));
#4540 = CARTESIAN_POINT('',(35.649331259969,-22.25025412766,
    -16.83157838583));
#4541 = CARTESIAN_POINT('',(35.875079707552,-22.3250481913,
    -16.81880942809));
#4542 = CARTESIAN_POINT('',(36.098161438695,-22.41017066981,
    -16.79107261175));
#4543 = CARTESIAN_POINT('',(36.317560245598,-22.50546355306,
    -16.74781618431));
#4544 = CARTESIAN_POINT('',(36.608601152139,-22.64847862887,
    -16.66676786875));
#4545 = CARTESIAN_POINT('',(36.684485758605,-22.68735990413,
    -16.64336631268));
#4546 = CARTESIAN_POINT('',(36.759688299306,-22.72752217327,
    -16.61782734694));
#4547 = CARTESIAN_POINT('',(36.834144491796,-22.76896068251,
    -16.59010344421));
#4548 = CARTESIAN_POINT('',(36.907782723376,-22.81166996685,
    -16.56014163148));
#4549 = CARTESIAN_POINT('',(37.069054100927,-22.90916239591,
    -16.48862362297));
#4550 = CARTESIAN_POINT('',(37.156252452982,-22.96455219558,
    -16.44596363209));
#4551 = CARTESIAN_POINT('',(37.241979393413,-23.02180404312,
    -16.39979607121));
#4552 = CARTESIAN_POINT('',(37.326067129858,-23.08090068452,
    -16.35000477376));
#4553 = CARTESIAN_POINT('',(37.408319317976,-23.14181634624,
    -16.29646407181));
#4554 = CARTESIAN_POINT('',(37.5862164572,-23.28091048903,
    -16.16906951599));
#4555 = CARTESIAN_POINT('',(37.680849246605,-23.3599428658,
    -16.09334265107));
#4556 = CARTESIAN_POINT('',(37.772015274659,-23.44156001264,
    -16.01160469564));
#4557 = CARTESIAN_POINT('',(37.859199517424,-23.52564901269,
    -15.92361097445));
#4558 = CARTESIAN_POINT('',(37.941780693663,-23.61202731689,
    -15.82915074847));
#4559 = CARTESIAN_POINT('',(38.07561054139,-23.76515190623,
    -15.6540767672));
#4560 = CARTESIAN_POINT('',(38.129319178225,-23.8309500071,
    -15.57654240409));
#4561 = CARTESIAN_POINT('',(38.179889133269,-23.89771718171,
    -15.49542092298));
#4562 = CARTESIAN_POINT('',(38.226993912808,-23.96530098584,
    -15.41070278023));
#4563 = CARTESIAN_POINT('',(38.270285290402,-24.03350318572,
    -15.32244085412));
#4564 = CARTESIAN_POINT('',(38.369952964311,-24.20816759235,
    -15.08895321126));
#4565 = CARTESIAN_POINT('',(38.420580660684,-24.31523493659,
    -14.93886491403));
#4566 = CARTESIAN_POINT('',(38.459878376845,-24.4221902437,
    -14.78123353136));
#4567 = CARTESIAN_POINT('',(38.486633327281,-24.52777984163,
    -14.61721391024));
#4568 = CARTESIAN_POINT('',(38.5,-24.63063247192,-14.44849313606));
#4569 = CARTESIAN_POINT('',(38.5,-24.72935540506,-14.2775));
#4570 = PCURVE('',#1367,#4571);
#4571 = DEFINITIONAL_REPRESENTATION('',(#4572),#4710);
#4572 = B_SPLINE_CURVE_WITH_KNOTS('',6,(#4573,#4574,#4575,#4576,#4577,
    #4578,#4579,#4580,#4581,#4582,#4583,#4584,#4585,#4586,#4587,#4588,
    #4589,#4590,#4591,#4592,#4593,#4594,#4595,#4596,#4597,#4598,#4599,
    #4600,#4601,#4602,#4603,#4604,#4605,#4606,#4607,#4608,#4609,#4610,
    #4611,#4612,#4613,#4614,#4615,#4616,#4617,#4618,#4619,#4620,#4621,
    #4622,#4623,#4624,#4625,#4626,#4627,#4628,#4629,#4630,#4631,#4632,
    #4633,#4634,#4635,#4636,#4637,#4638,#4639,#4640,#4641,#4642,#4643,
    #4644,#4645,#4646,#4647,#4648,#4649,#4650,#4651,#4652,#4653,#4654,
    #4655,#4656,#4657,#4658,#4659,#4660,#4661,#4662,#4663,#4664,#4665,
    #4666,#4667,#4668,#4669,#4670,#4671,#4672,#4673,#4674,#4675,#4676,
    #4677,#4678,#4679,#4680,#4681,#4682,#4683,#4684,#4685,#4686,#4687,
    #4688,#4689,#4690,#4691,#4692,#4693,#4694,#4695,#4696,#4697,#4698,
    #4699,#4700,#4701,#4702,#4703,#4704,#4705,#4706,#4707,#4708,#4709),
  .UNSPECIFIED.,.T.,.F.,(7,5,5,5,5,5,5,5,5,5,5,5,5,5,5,5,5,5,5,5,5,5,5,5
    ,5,5,5,7),(0.,4.376319676481E-02,7.205074791495E-02,0.110691028062,
    0.14240471285,0.168462481287,0.241527759495,0.314677682305,
    0.342497072653,0.37750330968,0.420156266511,0.451620475547,
    0.467829301341,0.477837573013,0.499993469729,0.532156613067,
    0.548365896907,0.57983099509,0.62248515725,0.657492383518,
    0.685312560014,0.758464549968,0.831531892927,0.85759039773,
    0.889304978715,0.927946350798,0.956234701326,1.),.UNSPECIFIED.);
#4573 = CARTESIAN_POINT('',(3.665191429188,8.5));
#4574 = CARTESIAN_POINT('',(3.658276411836,8.5));
#4575 = CARTESIAN_POINT('',(3.651358519209,8.486631607439));
#4576 = CARTESIAN_POINT('',(3.644531519734,8.459877186771));
#4577 = CARTESIAN_POINT('',(3.637866257243,8.420581066008));
#4578 = CARTESIAN_POINT('',(3.631417204984,8.369951767522));
#4579 = CARTESIAN_POINT('',(3.621221795201,8.270285290402));
#4580 = CARTESIAN_POINT('',(3.617323917401,8.226993912808));
#4581 = CARTESIAN_POINT('',(3.613539093224,8.179889133268));
#4582 = CARTESIAN_POINT('',(3.609872234463,8.129319178224));
#4583 = CARTESIAN_POINT('',(3.606325708246,8.07561054139));
#4584 = CARTESIAN_POINT('',(3.59822062443,7.941780693663));
#4585 = CARTESIAN_POINT('',(3.593767446193,7.859199517424));
#4586 = CARTESIAN_POINT('',(3.589540725706,7.772015274658));
#4587 = CARTESIAN_POINT('',(3.585537833608,7.680849246605));
#4588 = CARTESIAN_POINT('',(3.58175407999,7.5862164572));
#4589 = CARTESIAN_POINT('',(3.575252994708,7.408319317976));
#4590 = CARTESIAN_POINT('',(3.572466414311,7.326067129858));
#4591 = CARTESIAN_POINT('',(3.569820696564,7.241979393413));
#4592 = CARTESIAN_POINT('',(3.567312967409,7.156252452982));
#4593 = CARTESIAN_POINT('',(3.56494051182,7.069054100927));
#4594 = CARTESIAN_POINT('',(3.560860406265,6.907782723376));
#4595 = CARTESIAN_POINT('',(3.559109701548,6.834144491796));
#4596 = CARTESIAN_POINT('',(3.557447240726,6.759688299305));
#4597 = CARTESIAN_POINT('',(3.555871799074,6.684485758605));
#4598 = CARTESIAN_POINT('',(3.554382306925,6.608601152139));
#4599 = CARTESIAN_POINT('',(3.549039789505,6.317560245598));
#4600 = CARTESIAN_POINT('',(3.545771101874,6.098161438693));
#4601 = CARTESIAN_POINT('',(3.543149537164,5.875079707553));
#4602 = CARTESIAN_POINT('',(3.54116770134,5.649331259968));
#4603 = CARTESIAN_POINT('',(3.539823620503,5.421813389064));
#4604 = CARTESIAN_POINT('',(3.538426696025,4.964504090367));
#4605 = CARTESIAN_POINT('',(3.538375600786,4.734794055487));
#4606 = CARTESIAN_POINT('',(3.53897962004,4.50494274742));
#4607 = CARTESIAN_POINT('',(3.540256782047,4.275859036151));
#4608 = CARTESIAN_POINT('',(3.542230415035,4.048579845161));
#4609 = CARTESIAN_POINT('',(3.545964279915,3.739005242507));
#4610 = CARTESIAN_POINT('',(3.547098766981,3.654150432596));
#4611 = CARTESIAN_POINT('',(3.548340828479,3.569805102165));
#4612 = CARTESIAN_POINT('',(3.54969247471,3.486046950889));
#4613 = CARTESIAN_POINT('',(3.551155872426,3.402962080286));
#4614 = CARTESIAN_POINT('',(3.554718340631,3.217062154268));
#4615 = CARTESIAN_POINT('',(3.55688389076,3.114698924968));
#4616 = CARTESIAN_POINT('',(3.559234705672,3.01374029474));
#4617 = CARTESIAN_POINT('',(3.561775654536,2.914407220425));
#4618 = CARTESIAN_POINT('',(3.564511702764,2.816957111148));
#4619 = CARTESIAN_POINT('',(3.571025364654,2.605600240094));
#4620 = CARTESIAN_POINT('',(3.574899440608,2.492765183258));
#4621 = CARTESIAN_POINT('',(3.579079477161,2.383695035781));
#4622 = CARTESIAN_POINT('',(3.583573231434,2.279058364893));
#4623 = CARTESIAN_POINT('',(3.588385217373,2.17965714201));
#4624 = CARTESIAN_POINT('',(3.597299317992,2.01761911054));
#4625 = CARTESIAN_POINT('',(3.601256073531,1.952186806871));
#4626 = CARTESIAN_POINT('',(3.605384700355,1.890483362091));
#4627 = CARTESIAN_POINT('',(3.609681866084,1.832937098777));
#4628 = CARTESIAN_POINT('',(3.614140498966,1.780003791911));
#4629 = CARTESIAN_POINT('',(3.621122634631,1.707480785492));
#4630 = CARTESIAN_POINT('',(3.623536202113,1.684168410043));
#4631 = CARTESIAN_POINT('',(3.625987711556,1.662264008611));
#4632 = CARTESIAN_POINT('',(3.628475106472,1.641829653945));
#4633 = CARTESIAN_POINT('',(3.630995930192,1.622924953192));
#4634 = CARTESIAN_POINT('',(3.635122634794,1.594910728103));
#4635 = CARTESIAN_POINT('',(3.636709630461,1.584820548279));
#4636 = CARTESIAN_POINT('',(3.638307586766,1.575347595098));
#4637 = CARTESIAN_POINT('',(3.639915765945,1.5665040199));
#4638 = CARTESIAN_POINT('',(3.641533374587,1.558301036825));
#4639 = CARTESIAN_POINT('',(3.64675955352,1.534030366032));
#4640 = CARTESIAN_POINT('',(3.650401792078,1.520500475807));
#4641 = CARTESIAN_POINT('',(3.654076710838,1.510271487724));
#4642 = CARTESIAN_POINT('',(3.657774039655,1.50342372605));
#4643 = CARTESIAN_POINT('',(3.661482821825,1.5));
#4644 = CARTESIAN_POINT('',(3.670575118764,1.5));
#4645 = CARTESIAN_POINT('',(3.675959737008,1.507214919891));
#4646 = CARTESIAN_POINT('',(3.681308604214,1.521649205491));
#4647 = CARTESIAN_POINT('',(3.686589219532,1.543102968169));
#4648 = CARTESIAN_POINT('',(3.691773077061,1.571238157135));
#4649 = CARTESIAN_POINT('',(3.699386928184,1.622924953192));
#4650 = CARTESIAN_POINT('',(3.701907751904,1.641829653945));
#4651 = CARTESIAN_POINT('',(3.70439514682,1.662264008611));
#4652 = CARTESIAN_POINT('',(3.706846656263,1.684168410043));
#4653 = CARTESIAN_POINT('',(3.709260223745,1.707480785492));
#4654 = CARTESIAN_POINT('',(3.716242359411,1.780003791911));
#4655 = CARTESIAN_POINT('',(3.720700992292,1.832937098777));
#4656 = CARTESIAN_POINT('',(3.724998158021,1.890483362091));
#4657 = CARTESIAN_POINT('',(3.729126784845,1.952186806871));
#4658 = CARTESIAN_POINT('',(3.733083540385,2.01761911054));
#4659 = CARTESIAN_POINT('',(3.741997641004,2.179657142011));
#4660 = CARTESIAN_POINT('',(3.746809626943,2.279058364893));
#4661 = CARTESIAN_POINT('',(3.751303381215,2.383695035781));
#4662 = CARTESIAN_POINT('',(3.755483417768,2.492765183258));
#4663 = CARTESIAN_POINT('',(3.759357493722,2.605600240094));
#4664 = CARTESIAN_POINT('',(3.765871155612,2.816957111148));
#4665 = CARTESIAN_POINT('',(3.768607203841,2.914407220425));
#4666 = CARTESIAN_POINT('',(3.771148152704,3.01374029474));
#4667 = CARTESIAN_POINT('',(3.773498967616,3.114698924968));
#4668 = CARTESIAN_POINT('',(3.775664517746,3.217062154268));
#4669 = CARTESIAN_POINT('',(3.77922698595,3.402962080286));
#4670 = CARTESIAN_POINT('',(3.780690383666,3.486046950889));
#4671 = CARTESIAN_POINT('',(3.782042029897,3.569805102165));
#4672 = CARTESIAN_POINT('',(3.783284091396,3.654150432596));
#4673 = CARTESIAN_POINT('',(3.784418578461,3.739005242507));
#4674 = CARTESIAN_POINT('',(3.788152443341,4.048579845161));
#4675 = CARTESIAN_POINT('',(3.790126076329,4.275859036151));
#4676 = CARTESIAN_POINT('',(3.791403238336,4.504942747421));
#4677 = CARTESIAN_POINT('',(3.79200725759,4.734794055487));
#4678 = CARTESIAN_POINT('',(3.791956162351,4.964504090368));
#4679 = CARTESIAN_POINT('',(3.790559237873,5.421813389064));
#4680 = CARTESIAN_POINT('',(3.789215157036,5.649331259969));
#4681 = CARTESIAN_POINT('',(3.787233321212,5.875079707552));
#4682 = CARTESIAN_POINT('',(3.784611756502,6.098161438694));
#4683 = CARTESIAN_POINT('',(3.781343068871,6.317560245598));
#4684 = CARTESIAN_POINT('',(3.776000551451,6.608601152139));
#4685 = CARTESIAN_POINT('',(3.774511059302,6.684485758605));
#4686 = CARTESIAN_POINT('',(3.77293561765,6.759688299306));
#4687 = CARTESIAN_POINT('',(3.771273156828,6.834144491796));
#4688 = CARTESIAN_POINT('',(3.769522452112,6.907782723376));
#4689 = CARTESIAN_POINT('',(3.765442346556,7.069054100927));
#4690 = CARTESIAN_POINT('',(3.763069890967,7.156252452982));
#4691 = CARTESIAN_POINT('',(3.760562161812,7.241979393413));
#4692 = CARTESIAN_POINT('',(3.757916444066,7.326067129858));
#4693 = CARTESIAN_POINT('',(3.755129863668,7.408319317976));
#4694 = CARTESIAN_POINT('',(3.748628778386,7.5862164572));
#4695 = CARTESIAN_POINT('',(3.744845024768,7.680849246605));
#4696 = CARTESIAN_POINT('',(3.740842132671,7.772015274659));
#4697 = CARTESIAN_POINT('',(3.736615412183,7.859199517424));
#4698 = CARTESIAN_POINT('',(3.732162233946,7.941780693663));
#4699 = CARTESIAN_POINT('',(3.72405715013,8.07561054139));
#4700 = CARTESIAN_POINT('',(3.720510623913,8.129319178225));
#4701 = CARTESIAN_POINT('',(3.716843765152,8.179889133269));
#4702 = CARTESIAN_POINT('',(3.713058940976,8.226993912808));
#4703 = CARTESIAN_POINT('',(3.709161063175,8.270285290402));
#4704 = CARTESIAN_POINT('',(3.698965530967,8.369952964311));
#4705 = CARTESIAN_POINT('',(3.692516590445,8.420580660684));
#4706 = CARTESIAN_POINT('',(3.685851256305,8.459878376845));
#4707 = CARTESIAN_POINT('',(3.679023985028,8.486633327281));
#4708 = CARTESIAN_POINT('',(3.672106010392,8.5));
#4709 = CARTESIAN_POINT('',(3.665191429188,8.5));
#4710 = ( GEOMETRIC_REPRESENTATION_CONTEXT(2) 
PARAMETRIC_REPRESENTATION_CONTEXT() REPRESENTATION_CONTEXT('2D SPACE',''
  ) );
#4711 = PCURVE('',#4712,#4717);
#4712 = CYLINDRICAL_SURFACE('',#4713,3.5);
#4713 = AXIS2_PLACEMENT_3D('',#4714,#4715,#4716);
#4714 = CARTESIAN_POINT('',(35.,-25.11473670974,-14.5));
#4715 = DIRECTION('',(-0.,0.866025403784,0.5));
#4716 = DIRECTION('',(1.,0.,0.));
#4717 = DEFINITIONAL_REPRESENTATION('',(#4718),#4856);
#4718 = B_SPLINE_CURVE_WITH_KNOTS('',6,(#4719,#4720,#4721,#4722,#4723,
    #4724,#4725,#4726,#4727,#4728,#4729,#4730,#4731,#4732,#4733,#4734,
    #4735,#4736,#4737,#4738,#4739,#4740,#4741,#4742,#4743,#4744,#4745,
    #4746,#4747,#4748,#4749,#4750,#4751,#4752,#4753,#4754,#4755,#4756,
    #4757,#4758,#4759,#4760,#4761,#4762,#4763,#4764,#4765,#4766,#4767,
    #4768,#4769,#4770,#4771,#4772,#4773,#4774,#4775,#4776,#4777,#4778,
    #4779,#4780,#4781,#4782,#4783,#4784,#4785,#4786,#4787,#4788,#4789,
    #4790,#4791,#4792,#4793,#4794,#4795,#4796,#4797,#4798,#4799,#4800,
    #4801,#4802,#4803,#4804,#4805,#4806,#4807,#4808,#4809,#4810,#4811,
    #4812,#4813,#4814,#4815,#4816,#4817,#4818,#4819,#4820,#4821,#4822,
    #4823,#4824,#4825,#4826,#4827,#4828,#4829,#4830,#4831,#4832,#4833,
    #4834,#4835,#4836,#4837,#4838,#4839,#4840,#4841,#4842,#4843,#4844,
    #4845,#4846,#4847,#4848,#4849,#4850,#4851,#4852,#4853,#4854,#4855),
  .UNSPECIFIED.,.F.,.F.,(7,5,5,5,5,5,5,5,5,5,5,5,5,5,5,5,5,5,5,5,5,5,5,5
    ,5,5,5,7),(0.,4.376319676481E-02,7.205074791495E-02,0.110691028062,
    0.14240471285,0.168462481287,0.241527759495,0.314677682305,
    0.342497072653,0.37750330968,0.420156266511,0.451620475547,
    0.467829301341,0.477837573013,0.499993469729,0.532156613067,
    0.548365896907,0.57983099509,0.62248515725,0.657492383518,
    0.685312560014,0.758464549968,0.831531892927,0.85759039773,
    0.889304978715,0.927946350798,0.956234701326,1.),.UNSPECIFIED.);
#4719 = CARTESIAN_POINT('',(0.,0.445));
#4720 = CARTESIAN_POINT('',(-5.641666299341E-02,0.445));
#4721 = CARTESIAN_POINT('',(-0.112856675765,0.449713210616));
#4722 = CARTESIAN_POINT('',(-0.168846812892,0.459146481036));
#4723 = CARTESIAN_POINT('',(-0.224098522716,0.472956250918));
#4724 = CARTESIAN_POINT('',(-0.278385002519,0.490635694829));
#4725 = CARTESIAN_POINT('',(-0.365873263123,0.525155272168));
#4726 = CARTESIAN_POINT('',(-0.399761701436,0.540089146805));
#4727 = CARTESIAN_POINT('',(-0.433165318173,0.556259366688));
#4728 = CARTESIAN_POINT('',(-0.466075105207,0.573520695486));
#4729 = CARTESIAN_POINT('',(-0.498495129158,0.591736340808));
#4730 = CARTESIAN_POINT('',(-0.574075555408,0.63680913448));
#4731 = CARTESIAN_POINT('',(-0.616817485155,0.664384827261));
#4732 = CARTESIAN_POINT('',(-0.658712171892,0.693211176889));
#4733 = CARTESIAN_POINT('',(-0.699810928237,0.723024721723));
#4734 = CARTESIAN_POINT('',(-0.7401736574,0.753605335268));
#4735 = CARTESIAN_POINT('',(-0.812455444711,0.810367118531));
#4736 = CARTESIAN_POINT('',(-0.844587441419,0.836351278094));
#4737 = CARTESIAN_POINT('',(-0.876306052295,0.862634822096));
#4738 = CARTESIAN_POINT('',(-0.907645102427,0.889132596044));
#4739 = CARTESIAN_POINT('',(-0.938637119163,0.915771574227));
#4740 = CARTESIAN_POINT('',(-0.994522644342,0.964443490217));
#4741 = CARTESIAN_POINT('',(-1.019517421086,0.986449909071));
#4742 = CARTESIAN_POINT('',(-1.044317405859,1.008474759395));
#4743 = CARTESIAN_POINT('',(-1.068939366637,1.03048682188));
#4744 = CARTESIAN_POINT('',(-1.09339928601,1.05245821595));
#4745 = CARTESIAN_POINT('',(-1.185885566625,1.135788746946));
#4746 = CARTESIAN_POINT('',(-1.252890564025,1.196686590923));
#4747 = CARTESIAN_POINT('',(-1.319093817637,1.256536411569));
#4748 = CARTESIAN_POINT('',(-1.384761810179,1.314925491866));
#4749 = CARTESIAN_POINT('',(-1.450150308623,1.371531330716));
#4750 = CARTESIAN_POINT('',(-1.581009815795,1.48075954883));
#4751 = CARTESIAN_POINT('',(-1.646457269249,1.533357226907));
#4752 = CARTESIAN_POINT('',(-1.712165068281,1.583665598573));
#4753 = CARTESIAN_POINT('',(-1.77837652126,1.631464702707));
#4754 = CARTESIAN_POINT('',(-1.845338890482,1.676575367742));
#4755 = CARTESIAN_POINT('',(-1.93924544425,1.734954153296));
#4756 = CARTESIAN_POINT('',(-1.965271989088,1.750630362106));
#4757 = CARTESIAN_POINT('',(-1.991467743644,1.765890236068));
#4758 = CARTESIAN_POINT('',(-2.017849456261,1.780726479665));
#4759 = CARTESIAN_POINT('',(-2.044434522608,1.79513233452));
#4760 = CARTESIAN_POINT('',(-2.10497261634,1.826679631628));
#4761 = CARTESIAN_POINT('',(-2.139053751654,1.843565801084));
#4762 = CARTESIAN_POINT('',(-2.173522405662,1.859748636237));
#4763 = CARTESIAN_POINT('',(-2.208415158646,1.875216327333));
#4764 = CARTESIAN_POINT('',(-2.243769810831,1.889958001245));
#4765 = CARTESIAN_POINT('',(-2.323319088385,1.921031706755));
#4766 = CARTESIAN_POINT('',(-2.367751607115,1.937005447804));
#4767 = CARTESIAN_POINT('',(-2.41300632094,1.951872391563));
#4768 = CARTESIAN_POINT('',(-2.459149170914,1.965614510157));
#4769 = CARTESIAN_POINT('',(-2.506236469073,1.97821403047));
#4770 = CARTESIAN_POINT('',(-2.589790330976,1.998099753085));
#4771 = CARTESIAN_POINT('',(-2.62579855365,2.005911669756));
#4772 = CARTESIAN_POINT('',(-2.662360683071,2.013087117615));
#4773 = CARTESIAN_POINT('',(-2.699481056291,2.019618657868));
#4774 = CARTESIAN_POINT('',(-2.737149197419,2.025498595213));
#4775 = CARTESIAN_POINT('',(-2.795008926017,2.033409296197));
#4776 = CARTESIAN_POINT('',(-2.814818586268,2.035924013558));
#4777 = CARTESIAN_POINT('',(-2.834761059923,2.038262734853));
#4778 = CARTESIAN_POINT('',(-2.854830403054,2.040424408141));
#4779 = CARTESIAN_POINT('',(-2.875018959915,2.042408016566));
#4780 = CARTESIAN_POINT('',(-2.907850268966,2.04532683745));
#4781 = CARTESIAN_POINT('',(-2.920425275277,2.046372830672));
#4782 = CARTESIAN_POINT('',(-2.93303979938,2.047350340094));
#4783 = CARTESIAN_POINT('',(-2.945691330519,2.048259152338));
#4784 = CARTESIAN_POINT('',(-2.958377115327,2.049099069519));
#4785 = CARTESIAN_POINT('',(-2.999246619021,2.051576362264));
#4786 = CARTESIAN_POINT('',(-3.027553812675,2.052944360942));
#4787 = CARTESIAN_POINT('',(-3.05598023474,2.053971794544));
#4788 = CARTESIAN_POINT('',(-3.084489363789,2.054657249406));
#4789 = CARTESIAN_POINT('',(-3.113041674908,2.055));
#4790 = CARTESIAN_POINT('',(-3.183039372337,2.055));
#4791 = CARTESIAN_POINT('',(-3.224493230632,2.0542777356));
#4792 = CARTESIAN_POINT('',(-3.265809397543,2.052832826414));
#4793 = CARTESIAN_POINT('',(-3.306875132444,2.050669942091));
#4794 = CARTESIAN_POINT('',(-3.347591936593,2.047793298482));
#4795 = CARTESIAN_POINT('',(-3.408166347264,2.042408016566));
#4796 = CARTESIAN_POINT('',(-3.428354904126,2.040424408141));
#4797 = CARTESIAN_POINT('',(-3.448424247257,2.038262734853));
#4798 = CARTESIAN_POINT('',(-3.468366720912,2.035924013558));
#4799 = CARTESIAN_POINT('',(-3.488176381162,2.033409296197));
#4800 = CARTESIAN_POINT('',(-3.546036109761,2.025498595213));
#4801 = CARTESIAN_POINT('',(-3.583704250889,2.019618657868));
#4802 = CARTESIAN_POINT('',(-3.620824624109,2.013087117615));
#4803 = CARTESIAN_POINT('',(-3.657386753529,2.005911669756));
#4804 = CARTESIAN_POINT('',(-3.693394976204,1.998099753085));
#4805 = CARTESIAN_POINT('',(-3.776948838107,1.97821403047));
#4806 = CARTESIAN_POINT('',(-3.824036136265,1.965614510157));
#4807 = CARTESIAN_POINT('',(-3.87017898624,1.951872391563));
#4808 = CARTESIAN_POINT('',(-3.915433700065,1.937005447803));
#4809 = CARTESIAN_POINT('',(-3.959866218795,1.921031706754));
#4810 = CARTESIAN_POINT('',(-4.039415496349,1.889958001245));
#4811 = CARTESIAN_POINT('',(-4.074770148534,1.875216327332));
#4812 = CARTESIAN_POINT('',(-4.109662901518,1.859748636237));
#4813 = CARTESIAN_POINT('',(-4.144131555525,1.843565801084));
#4814 = CARTESIAN_POINT('',(-4.17821269084,1.826679631628));
#4815 = CARTESIAN_POINT('',(-4.238750784572,1.79513233452));
#4816 = CARTESIAN_POINT('',(-4.265335850919,1.780726479665));
#4817 = CARTESIAN_POINT('',(-4.291717563536,1.765890236067));
#4818 = CARTESIAN_POINT('',(-4.317913318092,1.750630362106));
#4819 = CARTESIAN_POINT('',(-4.34393986293,1.734954153296));
#4820 = CARTESIAN_POINT('',(-4.437846416698,1.676575367742));
#4821 = CARTESIAN_POINT('',(-4.50480878592,1.631464702707));
#4822 = CARTESIAN_POINT('',(-4.571020238898,1.583665598573));
#4823 = CARTESIAN_POINT('',(-4.636728037931,1.533357226907));
#4824 = CARTESIAN_POINT('',(-4.702175491385,1.48075954883));
#4825 = CARTESIAN_POINT('',(-4.833034998556,1.371531330716));
#4826 = CARTESIAN_POINT('',(-4.898423497001,1.314925491865));
#4827 = CARTESIAN_POINT('',(-4.964091489542,1.25653641157));
#4828 = CARTESIAN_POINT('',(-5.030294743155,1.196686590923));
#4829 = CARTESIAN_POINT('',(-5.097299740555,1.135788746946));
#4830 = CARTESIAN_POINT('',(-5.18978602117,1.05245821595));
#4831 = CARTESIAN_POINT('',(-5.214245940543,1.03048682188));
#4832 = CARTESIAN_POINT('',(-5.238867901321,1.008474759395));
#4833 = CARTESIAN_POINT('',(-5.263667886094,0.986449909071));
#4834 = CARTESIAN_POINT('',(-5.288662662838,0.964443490217));
#4835 = CARTESIAN_POINT('',(-5.344548188017,0.915771574226));
#4836 = CARTESIAN_POINT('',(-5.375540204753,0.889132596043));
#4837 = CARTESIAN_POINT('',(-5.406879254885,0.862634822096));
#4838 = CARTESIAN_POINT('',(-5.438597865761,0.836351278094));
#4839 = CARTESIAN_POINT('',(-5.470729862469,0.810367118531));
#4840 = CARTESIAN_POINT('',(-5.54301164978,0.753605335268));
#4841 = CARTESIAN_POINT('',(-5.583374378943,0.723024721723));
#4842 = CARTESIAN_POINT('',(-5.624473135288,0.693211176889));
#4843 = CARTESIAN_POINT('',(-5.666367822025,0.664384827261));
#4844 = CARTESIAN_POINT('',(-5.709109751772,0.63680913448));
#4845 = CARTESIAN_POINT('',(-5.784690178022,0.591736340808));
#4846 = CARTESIAN_POINT('',(-5.817110201973,0.573520695486));
#4847 = CARTESIAN_POINT('',(-5.850019989006,0.556259366688));
#4848 = CARTESIAN_POINT('',(-5.883423605744,0.540089146805));
#4849 = CARTESIAN_POINT('',(-5.917312044057,0.525155272168));
#4850 = CARTESIAN_POINT('',(-6.004801355215,0.49063528032));
#4851 = CARTESIAN_POINT('',(-6.059086835526,0.472956388902));
#4852 = CARTESIAN_POINT('',(-6.114339236549,0.459146067211));
#4853 = CARTESIAN_POINT('',(-6.170331515971,0.449712603591));
#4854 = CARTESIAN_POINT('',(-6.226772202529,0.445));
#4855 = CARTESIAN_POINT('',(-6.28318530718,0.445));
#4856 = ( GEOMETRIC_REPRESENTATION_CONTEXT(2) 
PARAMETRIC_REPRESENTATION_CONTEXT() REPRESENTATION_CONTEXT('2D SPACE',''
  ) );
#4857 = FACE_BOUND('',#4858,.T.);
#4858 = EDGE_LOOP('',(#4859));
#4859 = ORIENTED_EDGE('',*,*,#4860,.F.);
#4860 = EDGE_CURVE('',#4861,#4861,#4863,.T.);
#4861 = VERTEX_POINT('',#4862);
#4862 = CARTESIAN_POINT('',(38.5,24.729355405065,-14.2775));
#4863 = SURFACE_CURVE('',#4864,(#5002,#5143),.PCURVE_S1.);
#4864 = B_SPLINE_CURVE_WITH_KNOTS('',6,(#4865,#4866,#4867,#4868,#4869,
    #4870,#4871,#4872,#4873,#4874,#4875,#4876,#4877,#4878,#4879,#4880,
    #4881,#4882,#4883,#4884,#4885,#4886,#4887,#4888,#4889,#4890,#4891,
    #4892,#4893,#4894,#4895,#4896,#4897,#4898,#4899,#4900,#4901,#4902,
    #4903,#4904,#4905,#4906,#4907,#4908,#4909,#4910,#4911,#4912,#4913,
    #4914,#4915,#4916,#4917,#4918,#4919,#4920,#4921,#4922,#4923,#4924,
    #4925,#4926,#4927,#4928,#4929,#4930,#4931,#4932,#4933,#4934,#4935,
    #4936,#4937,#4938,#4939,#4940,#4941,#4942,#4943,#4944,#4945,#4946,
    #4947,#4948,#4949,#4950,#4951,#4952,#4953,#4954,#4955,#4956,#4957,
    #4958,#4959,#4960,#4961,#4962,#4963,#4964,#4965,#4966,#4967,#4968,
    #4969,#4970,#4971,#4972,#4973,#4974,#4975,#4976,#4977,#4978,#4979,
    #4980,#4981,#4982,#4983,#4984,#4985,#4986,#4987,#4988,#4989,#4990,
    #4991,#4992,#4993,#4994,#4995,#4996,#4997,#4998,#4999,#5000,#5001),
  .UNSPECIFIED.,.T.,.F.,(7,5,5,5,5,5,5,5,5,5,5,5,5,5,5,5,5,5,5,5,5,5,5,5
    ,5,5,5,7),(0.,4.376319676496E-02,7.205074791516E-02,0.110691028063,
    0.142404712851,0.168462481288,0.241527759496,0.314677682306,
    0.342497072654,0.377503309681,0.420156266511,0.451620475547,
    0.467829301342,0.477837573014,0.499993469729,0.532156613067,
    0.548365896907,0.57983099509,0.62248515725,0.657492383519,
    0.685312560014,0.758464549968,0.831531892927,0.85759039773,
    0.889304978715,0.927946350798,0.956234701325,1.),.UNSPECIFIED.);
#4865 = CARTESIAN_POINT('',(38.5,24.729355405065,-14.2775));
#4866 = CARTESIAN_POINT('',(38.5,24.630626244826,-14.44850392172));
#4867 = CARTESIAN_POINT('',(38.486631607439,24.52777425903,
    -14.61722236554));
#4868 = CARTESIAN_POINT('',(38.459877186771,24.422188722845,
    -14.78123533792));
#4869 = CARTESIAN_POINT('',(38.420581066008,24.315234896995,
    -14.93886525859));
#4870 = CARTESIAN_POINT('',(38.369951767522,24.208165495016,
    -15.08895601493));
#4871 = CARTESIAN_POINT('',(38.270285290402,24.033503185722,
    -15.32244085412));
#4872 = CARTESIAN_POINT('',(38.226993912808,23.96530098584,
    -15.41070278023));
#4873 = CARTESIAN_POINT('',(38.179889133268,23.897717181714,
    -15.49542092298));
#4874 = CARTESIAN_POINT('',(38.129319178224,23.830950007102,
    -15.57654240409));
#4875 = CARTESIAN_POINT('',(38.07561054139,23.76515190623,-15.6540767672
    ));
#4876 = CARTESIAN_POINT('',(37.941780693663,23.612027316893,
    -15.82915074847));
#4877 = CARTESIAN_POINT('',(37.859199517424,23.525649012697,
    -15.92361097445));
#4878 = CARTESIAN_POINT('',(37.772015274658,23.441560012646,
    -16.01160469564));
#4879 = CARTESIAN_POINT('',(37.680849246605,23.359942865806,
    -16.09334265107));
#4880 = CARTESIAN_POINT('',(37.5862164572,23.280910489036,
    -16.16906951599));
#4881 = CARTESIAN_POINT('',(37.408319317976,23.141816346245,
    -16.29646407181));
#4882 = CARTESIAN_POINT('',(37.326067129858,23.080900684523,
    -16.35000477376));
#4883 = CARTESIAN_POINT('',(37.241979393413,23.021804043128,
    -16.39979607121));
#4884 = CARTESIAN_POINT('',(37.156252452982,22.964552195584,
    -16.44596363209));
#4885 = CARTESIAN_POINT('',(37.069054100927,22.909162395915,
    -16.48862362297));
#4886 = CARTESIAN_POINT('',(36.907782723376,22.811669966853,
    -16.56014163148));
#4887 = CARTESIAN_POINT('',(36.834144491796,22.768960682511,
    -16.59010344421));
#4888 = CARTESIAN_POINT('',(36.759688299305,22.727522173275,
    -16.61782734694));
#4889 = CARTESIAN_POINT('',(36.684485758605,22.68735990413,
    -16.64336631268));
#4890 = CARTESIAN_POINT('',(36.608601152139,22.648478628873,
    -16.66676786875));
#4891 = CARTESIAN_POINT('',(36.317560245598,22.505463553061,
    -16.74781618431));
#4892 = CARTESIAN_POINT('',(36.098161438693,22.410170669809,
    -16.79107261175));
#4893 = CARTESIAN_POINT('',(35.875079707553,22.325048191304,
    -16.81880942809));
#4894 = CARTESIAN_POINT('',(35.649331259968,22.250254127666,
    -16.83157838583));
#4895 = CARTESIAN_POINT('',(35.421813389065,22.18594628249,
    -16.8297511633));
#4896 = CARTESIAN_POINT('',(34.964504090367,22.07870488117,
    -16.79704228283));
#4897 = CARTESIAN_POINT('',(34.734794055486,22.035815727,-16.76613312079
    ));
#4898 = CARTESIAN_POINT('',(34.504942747422,22.003908788405,
    -16.72078081622));
#4899 = CARTESIAN_POINT('',(34.27585903615,21.983332753669,
    -16.66082134553));
#4900 = CARTESIAN_POINT('',(34.048579845161,21.974474569741,
    -16.58594284009));
#4901 = CARTESIAN_POINT('',(33.739005242507,21.979120015052,
    -16.46113912168));
#4902 = CARTESIAN_POINT('',(33.654150432596,21.982167791483,
    -16.42450780043));
#4903 = CARTESIAN_POINT('',(33.569805102165,21.987010875945,
    -16.38559958415));
#4904 = CARTESIAN_POINT('',(33.486046950889,21.993678457751,
    -16.34437850651));
#4905 = CARTESIAN_POINT('',(33.402962080286,22.00220145587,
    -16.30080453102));
#4906 = CARTESIAN_POINT('',(33.217062154268,22.025713170544,
    -16.19698645242));
#4907 = CARTESIAN_POINT('',(33.114698924968,22.041802854768,
    -16.13534596295));
#4908 = CARTESIAN_POINT('',(33.01374029474,22.060947038427,
    -16.06982159388));
#4909 = CARTESIAN_POINT('',(32.914407220425,22.08321372465,
    -16.00031917984));
#4910 = CARTESIAN_POINT('',(32.816957111148,22.108671833207,
    -15.92674109452));
#4911 = CARTESIAN_POINT('',(32.605600240094,22.172380398329,
    -15.75424721184));
#4912 = CARTESIAN_POINT('',(32.492765183258,22.212205407,-15.65332079131
    ));
#4913 = CARTESIAN_POINT('',(32.383695035781,22.256991595301,
    -15.54601495018));
#4914 = CARTESIAN_POINT('',(32.279058364892,22.306848079431,
    -15.43217674939));
#4915 = CARTESIAN_POINT('',(32.17965714201,22.361842983567,
    -15.31172374064));
#4916 = CARTESIAN_POINT('',(32.01761911054,22.466342396418,
    -15.09095400299));
#4917 = CARTESIAN_POINT('',(31.952186806871,22.513497630664,
    -14.99365490809));
#4918 = CARTESIAN_POINT('',(31.890483362091,22.563441394344,
    -14.89279887616));
#4919 = CARTESIAN_POINT('',(31.832937098777,22.616135509129,
    -14.78846691158));
#4920 = CARTESIAN_POINT('',(31.780003791911,22.671493837833,
    -14.68082359896));
#4921 = CARTESIAN_POINT('',(31.707480785492,22.759181756715,
    -14.51312226628));
#4922 = CARTESIAN_POINT('',(31.684168410043,22.789662601453,
    -14.45529845981));
#4923 = CARTESIAN_POINT('',(31.662264008611,22.820789160307,
    -14.39670823582));
#4924 = CARTESIAN_POINT('',(31.641829653945,22.852535569056,
    -14.33739849633));
#4925 = CARTESIAN_POINT('',(31.622924953192,22.884870749136,
    -14.27742510471));
#4926 = CARTESIAN_POINT('',(31.594910728103,22.938064190989,
    -14.17945371903));
#4927 = CARTESIAN_POINT('',(31.584820548279,22.958581028441,
    -14.14182552771));
#4928 = CARTESIAN_POINT('',(31.575347595098,22.979299647092,
    -14.1039848087));
#4929 = CARTESIAN_POINT('',(31.5665040199,23.000210638286,
    -14.06594828502));
#4930 = CARTESIAN_POINT('',(31.558301036825,23.021303858155,
    -14.02773392215));
#4931 = CARTESIAN_POINT('',(31.534030366032,23.089643049525,
    -13.90441238506));
#4932 = CARTESIAN_POINT('',(31.520500475807,23.137560019329,
    -13.81868176146));
#4933 = CARTESIAN_POINT('',(31.510271487724,23.186196576534,
    -13.73238590607));
#4934 = CARTESIAN_POINT('',(31.50342372605,23.235420557264,
    -13.64575656077));
#4935 = CARTESIAN_POINT('',(31.5,23.285090292279,-13.55904055494));
#4936 = CARTESIAN_POINT('',(31.5,23.40758626278,-13.34687131031));
#4937 = CARTESIAN_POINT('',(31.507214919891,23.480756030824,
    -13.22158208328));
#4938 = CARTESIAN_POINT('',(31.521649205491,23.554086292156,
    -13.09746016329));
#4939 = CARTESIAN_POINT('',(31.543102968169,23.627151466347,
    -12.97523333797));
#4940 = CARTESIAN_POINT('',(31.571238157135,23.699577687976,
    -12.85554072953));
#4941 = CARTESIAN_POINT('',(31.622924953192,23.807048215882,
    -12.68016687871));
#4942 = CARTESIAN_POINT('',(31.641829653945,23.842819106538,
    -12.62217709552));
#4943 = CARTESIAN_POINT('',(31.662264008611,23.878309643251,
    -12.56502902932));
#4944 = CARTESIAN_POINT('',(31.684168410043,23.913486986213,
    -12.50877752662));
#4945 = CARTESIAN_POINT('',(31.707480785492,23.948323449187,
    -12.45346843752));
#4946 = CARTESIAN_POINT('',(31.780003791911,24.049713104096,
    -12.29367780582));
#4947 = CARTESIAN_POINT('',(31.832937098777,24.115255783026,
    -12.19191443054));
#4948 = CARTESIAN_POINT('',(31.890483362091,24.179262857381,
    -12.09411400622));
#4949 = CARTESIAN_POINT('',(31.952186806871,24.241634861321,
    -12.00043342214));
#4950 = CARTESIAN_POINT('',(32.01761911054,24.302320732146,
    -11.91094624391));
#4951 = CARTESIAN_POINT('',(32.17965714201,24.44126322691,
    -11.71006222888));
#4952 = CARTESIAN_POINT('',(32.279058364893,24.51808114038,
    -11.60220874045));
#4953 = CARTESIAN_POINT('',(32.383695035781,24.591739672119,
    -11.50211265825));
#4954 = CARTESIAN_POINT('',(32.492765183258,24.662276162365,
    -11.40967376088));
#4955 = CARTESIAN_POINT('',(32.605600240094,24.729768502119,
    -11.3247210814));
#4956 = CARTESIAN_POINT('',(32.816957111148,24.847298303962,
    -11.18330090422));
#4957 = CARTESIAN_POINT('',(32.914407220425,24.898289740725,
    -11.12446449282));
#4958 = CARTESIAN_POINT('',(33.01374029474,24.947347253802,
    -11.07042976987));
#4959 = CARTESIAN_POINT('',(33.114698924968,24.994520930155,
    -11.02108823596));
#4960 = CARTESIAN_POINT('',(33.217062154268,25.039858317823,
    -10.97633391594));
#4961 = CARTESIAN_POINT('',(33.402962080286,25.118011553929,
    -10.90406313445));
#4962 = CARTESIAN_POINT('',(33.486046950889,25.151486224582,
    -10.87489501382));
#4963 = CARTESIAN_POINT('',(33.569805102165,25.183850934093,
    -10.84851017977));
#4964 = CARTESIAN_POINT('',(33.654150432596,25.215124895573,
    -10.82486183745));
#4965 = CARTESIAN_POINT('',(33.739005242507,25.245324662134,
    -10.80390672502));
#4966 = CARTESIAN_POINT('',(34.048579845161,25.351085130108,
    -10.73748179216));
#4967 = CARTESIAN_POINT('',(34.275859036151,25.420360909984,
    -10.70771395175));
#4968 = CARTESIAN_POINT('',(34.504942747421,25.482575352164,
    -10.6955535852));
#4969 = CARTESIAN_POINT('',(34.734794055487,25.537805069342,
    -10.70050965229));
#4970 = CARTESIAN_POINT('',(34.964504090367,25.586017765961,
    -10.72219816833));
#4971 = CARTESIAN_POINT('',(35.421813389065,25.667965188034,
    -10.79871750598));
#4972 = CARTESIAN_POINT('',(35.649331259968,25.701701531752,
    -10.8534961223));
#4973 = CARTESIAN_POINT('',(35.875079707553,25.728040321795,
    -10.92465416033));
#4974 = CARTESIAN_POINT('',(36.098161438694,25.746580773473,
    -11.01224079732));
#4975 = CARTESIAN_POINT('',(36.317560245598,25.756766050061,
    -11.11639506873));
#4976 = CARTESIAN_POINT('',(36.608601152139,25.758083687756,
    -11.28077391529));
#4977 = CARTESIAN_POINT('',(36.684485758605,25.757257983341,
    -11.32614686543));
#4978 = CARTESIAN_POINT('',(36.759688299306,25.755221724798,
    -11.37369789365));
#4979 = CARTESIAN_POINT('',(36.834144491796,25.751931375353,
    -11.42344664671));
#4980 = CARTESIAN_POINT('',(36.907782723376,25.74733832656,
    -11.4754148783));
#4981 = CARTESIAN_POINT('',(37.069054100927,25.734148128895,
    -11.59560480279));
#4982 = CARTESIAN_POINT('',(37.156252452982,25.724898392901,
    -11.66490377186));
#4983 = CARTESIAN_POINT('',(37.241979393413,25.713542036121,
    -11.73756910668));
#4984 = CARTESIAN_POINT('',(37.326067129858,25.699969828341,
    -11.81364394813));
#4985 = CARTESIAN_POINT('',(37.408319317976,25.684060051174,
    -11.89316880965));
#4986 = CARTESIAN_POINT('',(37.5862164572,25.643280200923,
    -12.07732514874));
#4987 = CARTESIAN_POINT('',(37.680849246605,25.617215000538,
    -12.1836326272));
#4988 = CARTESIAN_POINT('',(37.772015274659,25.587236428106,
    -12.29518412746));
#4989 = CARTESIAN_POINT('',(37.859199517424,25.553076130207,
    -12.41200419828));
#4990 = CARTESIAN_POINT('',(37.941780693663,25.514460326961,
    -12.53404011704));
#4991 = CARTESIAN_POINT('',(38.07561054139,25.439404106303,
    -12.75418689199));
#4992 = CARTESIAN_POINT('',(38.129319178225,25.405156428622,
    -12.84993690042));
#4993 = CARTESIAN_POINT('',(38.179889133269,25.368286752493,
    -12.94831971033));
#4994 = CARTESIAN_POINT('',(38.226993912808,25.328710590774,
    -13.04920807296));
#4995 = CARTESIAN_POINT('',(38.270285290402,25.286374620517,
    -13.1524038737));
#4996 = CARTESIAN_POINT('',(38.369952964311,25.171500593646,
    -13.42041150841));
#4997 = CARTESIAN_POINT('',(38.420580660683,25.09505398756,
    -13.58817869705));
#4998 = CARTESIAN_POINT('',(38.459878376846,25.012018859287,
    -13.75962040142));
#4999 = CARTESIAN_POINT('',(38.486633327281,24.922768499642,
    -13.93307348616));
#5000 = CARTESIAN_POINT('',(38.5,24.828078338202,-14.10650686393));
#5001 = CARTESIAN_POINT('',(38.5,24.729355405065,-14.2775));
#5002 = PCURVE('',#1367,#5003);
#5003 = DEFINITIONAL_REPRESENTATION('',(#5004),#5142);
#5004 = B_SPLINE_CURVE_WITH_KNOTS('',6,(#5005,#5006,#5007,#5008,#5009,
    #5010,#5011,#5012,#5013,#5014,#5015,#5016,#5017,#5018,#5019,#5020,
    #5021,#5022,#5023,#5024,#5025,#5026,#5027,#5028,#5029,#5030,#5031,
    #5032,#5033,#5034,#5035,#5036,#5037,#5038,#5039,#5040,#5041,#5042,
    #5043,#5044,#5045,#5046,#5047,#5048,#5049,#5050,#5051,#5052,#5053,
    #5054,#5055,#5056,#5057,#5058,#5059,#5060,#5061,#5062,#5063,#5064,
    #5065,#5066,#5067,#5068,#5069,#5070,#5071,#5072,#5073,#5074,#5075,
    #5076,#5077,#5078,#5079,#5080,#5081,#5082,#5083,#5084,#5085,#5086,
    #5087,#5088,#5089,#5090,#5091,#5092,#5093,#5094,#5095,#5096,#5097,
    #5098,#5099,#5100,#5101,#5102,#5103,#5104,#5105,#5106,#5107,#5108,
    #5109,#5110,#5111,#5112,#5113,#5114,#5115,#5116,#5117,#5118,#5119,
    #5120,#5121,#5122,#5123,#5124,#5125,#5126,#5127,#5128,#5129,#5130,
    #5131,#5132,#5133,#5134,#5135,#5136,#5137,#5138,#5139,#5140,#5141),
  .UNSPECIFIED.,.T.,.F.,(7,5,5,5,5,5,5,5,5,5,5,5,5,5,5,5,5,5,5,5,5,5,5,5
    ,5,5,5,7),(0.,4.376319676496E-02,7.205074791516E-02,0.110691028063,
    0.142404712851,0.168462481288,0.241527759496,0.314677682306,
    0.342497072654,0.377503309681,0.420156266511,0.451620475547,
    0.467829301342,0.477837573014,0.499993469729,0.532156613067,
    0.548365896907,0.57983099509,0.62248515725,0.657492383519,
    0.685312560014,0.758464549968,0.831531892927,0.85759039773,
    0.889304978715,0.927946350798,0.956234701325,1.),.UNSPECIFIED.);
#5005 = CARTESIAN_POINT('',(5.759586531581,8.5));
#5006 = CARTESIAN_POINT('',(5.75267151423,8.5));
#5007 = CARTESIAN_POINT('',(5.745753621602,8.486631607439));
#5008 = CARTESIAN_POINT('',(5.738926622128,8.459877186771));
#5009 = CARTESIAN_POINT('',(5.732261359637,8.420581066009));
#5010 = CARTESIAN_POINT('',(5.725812307377,8.369951767522));
#5011 = CARTESIAN_POINT('',(5.715616897595,8.270285290402));
#5012 = CARTESIAN_POINT('',(5.711719019794,8.226993912808));
#5013 = CARTESIAN_POINT('',(5.707934195617,8.179889133268));
#5014 = CARTESIAN_POINT('',(5.704267336856,8.129319178224));
#5015 = CARTESIAN_POINT('',(5.700720810639,8.07561054139));
#5016 = CARTESIAN_POINT('',(5.692615726823,7.941780693663));
#5017 = CARTESIAN_POINT('',(5.688162548586,7.859199517424));
#5018 = CARTESIAN_POINT('',(5.683935828099,7.772015274658));
#5019 = CARTESIAN_POINT('',(5.679932936001,7.680849246605));
#5020 = CARTESIAN_POINT('',(5.676149182383,7.5862164572));
#5021 = CARTESIAN_POINT('',(5.669648097101,7.408319317976));
#5022 = CARTESIAN_POINT('',(5.666861516704,7.326067129858));
#5023 = CARTESIAN_POINT('',(5.664215798957,7.241979393413));
#5024 = CARTESIAN_POINT('',(5.661708069802,7.156252452982));
#5025 = CARTESIAN_POINT('',(5.659335614214,7.069054100927));
#5026 = CARTESIAN_POINT('',(5.655255508658,6.907782723376));
#5027 = CARTESIAN_POINT('',(5.653504803941,6.834144491796));
#5028 = CARTESIAN_POINT('',(5.651842343119,6.759688299305));
#5029 = CARTESIAN_POINT('',(5.650266901467,6.684485758605));
#5030 = CARTESIAN_POINT('',(5.648777409318,6.608601152139));
#5031 = CARTESIAN_POINT('',(5.643434891898,6.317560245598));
#5032 = CARTESIAN_POINT('',(5.640166204267,6.098161438693));
#5033 = CARTESIAN_POINT('',(5.637544639557,5.875079707553));
#5034 = CARTESIAN_POINT('',(5.635562803733,5.649331259968));
#5035 = CARTESIAN_POINT('',(5.634218722896,5.421813389065));
#5036 = CARTESIAN_POINT('',(5.632821798418,4.964504090367));
#5037 = CARTESIAN_POINT('',(5.632770703179,4.734794055486));
#5038 = CARTESIAN_POINT('',(5.633374722433,4.504942747421));
#5039 = CARTESIAN_POINT('',(5.63465188444,4.27585903615));
#5040 = CARTESIAN_POINT('',(5.636625517429,4.048579845161));
#5041 = CARTESIAN_POINT('',(5.640359382309,3.739005242507));
#5042 = CARTESIAN_POINT('',(5.641493869374,3.654150432596));
#5043 = CARTESIAN_POINT('',(5.642735930872,3.569805102165));
#5044 = CARTESIAN_POINT('',(5.644087577104,3.486046950889));
#5045 = CARTESIAN_POINT('',(5.64555097482,3.402962080286));
#5046 = CARTESIAN_POINT('',(5.649113443024,3.217062154268));
#5047 = CARTESIAN_POINT('',(5.651278993154,3.114698924968));
#5048 = CARTESIAN_POINT('',(5.653629808066,3.01374029474));
#5049 = CARTESIAN_POINT('',(5.656170756929,2.914407220425));
#5050 = CARTESIAN_POINT('',(5.658906805157,2.816957111148));
#5051 = CARTESIAN_POINT('',(5.665420467047,2.605600240094));
#5052 = CARTESIAN_POINT('',(5.669294543001,2.492765183258));
#5053 = CARTESIAN_POINT('',(5.673474579555,2.383695035781));
#5054 = CARTESIAN_POINT('',(5.677968333827,2.279058364892));
#5055 = CARTESIAN_POINT('',(5.682780319766,2.17965714201));
#5056 = CARTESIAN_POINT('',(5.691694420385,2.01761911054));
#5057 = CARTESIAN_POINT('',(5.695651175924,1.952186806871));
#5058 = CARTESIAN_POINT('',(5.699779802748,1.890483362091));
#5059 = CARTESIAN_POINT('',(5.704076968477,1.832937098777));
#5060 = CARTESIAN_POINT('',(5.708535601359,1.780003791911));
#5061 = CARTESIAN_POINT('',(5.715517737024,1.707480785492));
#5062 = CARTESIAN_POINT('',(5.717931304506,1.684168410043));
#5063 = CARTESIAN_POINT('',(5.720382813949,1.662264008611));
#5064 = CARTESIAN_POINT('',(5.722870208866,1.641829653945));
#5065 = CARTESIAN_POINT('',(5.725391032585,1.622924953192));
#5066 = CARTESIAN_POINT('',(5.729517737187,1.594910728103));
#5067 = CARTESIAN_POINT('',(5.731104732854,1.584820548279));
#5068 = CARTESIAN_POINT('',(5.73270268916,1.575347595098));
#5069 = CARTESIAN_POINT('',(5.734310868338,1.5665040199));
#5070 = CARTESIAN_POINT('',(5.735928476981,1.558301036825));
#5071 = CARTESIAN_POINT('',(5.741154655913,1.534030366032));
#5072 = CARTESIAN_POINT('',(5.744796894472,1.520500475807));
#5073 = CARTESIAN_POINT('',(5.748471813231,1.510271487724));
#5074 = CARTESIAN_POINT('',(5.752169142048,1.50342372605));
#5075 = CARTESIAN_POINT('',(5.755877924219,1.5));
#5076 = CARTESIAN_POINT('',(5.764970221157,1.5));
#5077 = CARTESIAN_POINT('',(5.770354839401,1.507214919891));
#5078 = CARTESIAN_POINT('',(5.775703706607,1.521649205491));
#5079 = CARTESIAN_POINT('',(5.780984321925,1.543102968169));
#5080 = CARTESIAN_POINT('',(5.786168179455,1.571238157135));
#5081 = CARTESIAN_POINT('',(5.793782030578,1.622924953192));
#5082 = CARTESIAN_POINT('',(5.796302854297,1.641829653945));
#5083 = CARTESIAN_POINT('',(5.798790249213,1.662264008611));
#5084 = CARTESIAN_POINT('',(5.801241758656,1.684168410043));
#5085 = CARTESIAN_POINT('',(5.803655326138,1.707480785492));
#5086 = CARTESIAN_POINT('',(5.810637461804,1.780003791911));
#5087 = CARTESIAN_POINT('',(5.815096094685,1.832937098777));
#5088 = CARTESIAN_POINT('',(5.819393260414,1.890483362091));
#5089 = CARTESIAN_POINT('',(5.823521887238,1.952186806871));
#5090 = CARTESIAN_POINT('',(5.827478642778,2.01761911054));
#5091 = CARTESIAN_POINT('',(5.836392743397,2.17965714201));
#5092 = CARTESIAN_POINT('',(5.841204729336,2.279058364893));
#5093 = CARTESIAN_POINT('',(5.845698483608,2.383695035781));
#5094 = CARTESIAN_POINT('',(5.849878520162,2.492765183258));
#5095 = CARTESIAN_POINT('',(5.853752596115,2.605600240094));
#5096 = CARTESIAN_POINT('',(5.860266258006,2.816957111148));
#5097 = CARTESIAN_POINT('',(5.863002306234,2.914407220425));
#5098 = CARTESIAN_POINT('',(5.865543255097,3.01374029474));
#5099 = CARTESIAN_POINT('',(5.867894070009,3.114698924968));
#5100 = CARTESIAN_POINT('',(5.870059620139,3.217062154268));
#5101 = CARTESIAN_POINT('',(5.873622088343,3.402962080286));
#5102 = CARTESIAN_POINT('',(5.875085486059,3.486046950889));
#5103 = CARTESIAN_POINT('',(5.87643713229,3.569805102165));
#5104 = CARTESIAN_POINT('',(5.877679193789,3.654150432596));
#5105 = CARTESIAN_POINT('',(5.878813680854,3.739005242507));
#5106 = CARTESIAN_POINT('',(5.882547545734,4.048579845161));
#5107 = CARTESIAN_POINT('',(5.884521178722,4.275859036151));
#5108 = CARTESIAN_POINT('',(5.885798340729,4.504942747421));
#5109 = CARTESIAN_POINT('',(5.886402359984,4.734794055487));
#5110 = CARTESIAN_POINT('',(5.886351264744,4.964504090367));
#5111 = CARTESIAN_POINT('',(5.884954340266,5.421813389065));
#5112 = CARTESIAN_POINT('',(5.883610259429,5.649331259968));
#5113 = CARTESIAN_POINT('',(5.881628423606,5.875079707553));
#5114 = CARTESIAN_POINT('',(5.879006858895,6.098161438694));
#5115 = CARTESIAN_POINT('',(5.875738171265,6.317560245598));
#5116 = CARTESIAN_POINT('',(5.870395653845,6.608601152139));
#5117 = CARTESIAN_POINT('',(5.868906161696,6.684485758605));
#5118 = CARTESIAN_POINT('',(5.867330720043,6.759688299306));
#5119 = CARTESIAN_POINT('',(5.865668259221,6.834144491796));
#5120 = CARTESIAN_POINT('',(5.863917554505,6.907782723376));
#5121 = CARTESIAN_POINT('',(5.859837448949,7.069054100927));
#5122 = CARTESIAN_POINT('',(5.85746499336,7.156252452982));
#5123 = CARTESIAN_POINT('',(5.854957264206,7.241979393413));
#5124 = CARTESIAN_POINT('',(5.852311546459,7.326067129858));
#5125 = CARTESIAN_POINT('',(5.849524966062,7.408319317976));
#5126 = CARTESIAN_POINT('',(5.843023880779,7.5862164572));
#5127 = CARTESIAN_POINT('',(5.839240127161,7.680849246605));
#5128 = CARTESIAN_POINT('',(5.835237235064,7.772015274659));
#5129 = CARTESIAN_POINT('',(5.831010514577,7.859199517424));
#5130 = CARTESIAN_POINT('',(5.826557336339,7.941780693663));
#5131 = CARTESIAN_POINT('',(5.818452252524,8.07561054139));
#5132 = CARTESIAN_POINT('',(5.814905726306,8.129319178225));
#5133 = CARTESIAN_POINT('',(5.811238867546,8.179889133269));
#5134 = CARTESIAN_POINT('',(5.807454043369,8.226993912808));
#5135 = CARTESIAN_POINT('',(5.803556165568,8.270285290402));
#5136 = CARTESIAN_POINT('',(5.79336063336,8.369952964311));
#5137 = CARTESIAN_POINT('',(5.786911692839,8.420580660683));
#5138 = CARTESIAN_POINT('',(5.780246358698,8.459878376846));
#5139 = CARTESIAN_POINT('',(5.773419087421,8.486633327281));
#5140 = CARTESIAN_POINT('',(5.766501112785,8.5));
#5141 = CARTESIAN_POINT('',(5.759586531581,8.5));
#5142 = ( GEOMETRIC_REPRESENTATION_CONTEXT(2) 
PARAMETRIC_REPRESENTATION_CONTEXT() REPRESENTATION_CONTEXT('2D SPACE',''
  ) );
#5143 = PCURVE('',#5144,#5149);
#5144 = CYLINDRICAL_SURFACE('',#5145,3.5);
#5145 = AXIS2_PLACEMENT_3D('',#5146,#5147,#5148);
#5146 = CARTESIAN_POINT('',(35.,25.114736709749,-14.5));
#5147 = DIRECTION('',(-0.,-0.866025403784,0.5));
#5148 = DIRECTION('',(1.,0.,0.));
#5149 = DEFINITIONAL_REPRESENTATION('',(#5150),#5288);
#5150 = B_SPLINE_CURVE_WITH_KNOTS('',6,(#5151,#5152,#5153,#5154,#5155,
    #5156,#5157,#5158,#5159,#5160,#5161,#5162,#5163,#5164,#5165,#5166,
    #5167,#5168,#5169,#5170,#5171,#5172,#5173,#5174,#5175,#5176,#5177,
    #5178,#5179,#5180,#5181,#5182,#5183,#5184,#5185,#5186,#5187,#5188,
    #5189,#5190,#5191,#5192,#5193,#5194,#5195,#5196,#5197,#5198,#5199,
    #5200,#5201,#5202,#5203,#5204,#5205,#5206,#5207,#5208,#5209,#5210,
    #5211,#5212,#5213,#5214,#5215,#5216,#5217,#5218,#5219,#5220,#5221,
    #5222,#5223,#5224,#5225,#5226,#5227,#5228,#5229,#5230,#5231,#5232,
    #5233,#5234,#5235,#5236,#5237,#5238,#5239,#5240,#5241,#5242,#5243,
    #5244,#5245,#5246,#5247,#5248,#5249,#5250,#5251,#5252,#5253,#5254,
    #5255,#5256,#5257,#5258,#5259,#5260,#5261,#5262,#5263,#5264,#5265,
    #5266,#5267,#5268,#5269,#5270,#5271,#5272,#5273,#5274,#5275,#5276,
    #5277,#5278,#5279,#5280,#5281,#5282,#5283,#5284,#5285,#5286,#5287),
  .UNSPECIFIED.,.F.,.F.,(7,5,5,5,5,5,5,5,5,5,5,5,5,5,5,5,5,5,5,5,5,5,5,5
    ,5,5,5,7),(0.,4.376319676496E-02,7.205074791516E-02,0.110691028063,
    0.142404712851,0.168462481288,0.241527759496,0.314677682306,
    0.342497072654,0.377503309681,0.420156266511,0.451620475547,
    0.467829301342,0.477837573014,0.499993469729,0.532156613067,
    0.548365896907,0.57983099509,0.62248515725,0.657492383519,
    0.685312560014,0.758464549968,0.831531892927,0.85759039773,
    0.889304978715,0.927946350798,0.956234701325,1.),.UNSPECIFIED.);
#5151 = CARTESIAN_POINT('',(0.,0.445));
#5152 = CARTESIAN_POINT('',(-5.641666299336E-02,0.445));
#5153 = CARTESIAN_POINT('',(-0.112856675765,0.449713210616));
#5154 = CARTESIAN_POINT('',(-0.168846812892,0.459146481036));
#5155 = CARTESIAN_POINT('',(-0.224098522716,0.472956250918));
#5156 = CARTESIAN_POINT('',(-0.278385002518,0.490635694829));
#5157 = CARTESIAN_POINT('',(-0.365873263123,0.525155272168));
#5158 = CARTESIAN_POINT('',(-0.399761701436,0.540089146805));
#5159 = CARTESIAN_POINT('',(-0.433165318173,0.556259366688));
#5160 = CARTESIAN_POINT('',(-0.466075105207,0.573520695486));
#5161 = CARTESIAN_POINT('',(-0.498495129158,0.591736340808));
#5162 = CARTESIAN_POINT('',(-0.574075555408,0.63680913448));
#5163 = CARTESIAN_POINT('',(-0.616817485155,0.664384827261));
#5164 = CARTESIAN_POINT('',(-0.658712171892,0.693211176889));
#5165 = CARTESIAN_POINT('',(-0.699810928237,0.723024721723));
#5166 = CARTESIAN_POINT('',(-0.7401736574,0.753605335268));
#5167 = CARTESIAN_POINT('',(-0.812455444711,0.810367118531));
#5168 = CARTESIAN_POINT('',(-0.844587441419,0.836351278094));
#5169 = CARTESIAN_POINT('',(-0.876306052295,0.862634822096));
#5170 = CARTESIAN_POINT('',(-0.907645102427,0.889132596044));
#5171 = CARTESIAN_POINT('',(-0.938637119163,0.915771574227));
#5172 = CARTESIAN_POINT('',(-0.994522644342,0.964443490217));
#5173 = CARTESIAN_POINT('',(-1.019517421086,0.986449909071));
#5174 = CARTESIAN_POINT('',(-1.044317405859,1.008474759395));
#5175 = CARTESIAN_POINT('',(-1.068939366637,1.03048682188));
#5176 = CARTESIAN_POINT('',(-1.09339928601,1.05245821595));
#5177 = CARTESIAN_POINT('',(-1.185885566625,1.135788746946));
#5178 = CARTESIAN_POINT('',(-1.252890564025,1.196686590923));
#5179 = CARTESIAN_POINT('',(-1.319093817637,1.256536411569));
#5180 = CARTESIAN_POINT('',(-1.384761810179,1.314925491866));
#5181 = CARTESIAN_POINT('',(-1.450150308623,1.371531330716));
#5182 = CARTESIAN_POINT('',(-1.581009815795,1.48075954883));
#5183 = CARTESIAN_POINT('',(-1.646457269249,1.533357226907));
#5184 = CARTESIAN_POINT('',(-1.712165068281,1.583665598573));
#5185 = CARTESIAN_POINT('',(-1.77837652126,1.631464702708));
#5186 = CARTESIAN_POINT('',(-1.845338890482,1.676575367742));
#5187 = CARTESIAN_POINT('',(-1.93924544425,1.734954153296));
#5188 = CARTESIAN_POINT('',(-1.965271989088,1.750630362106));
#5189 = CARTESIAN_POINT('',(-1.991467743644,1.765890236068));
#5190 = CARTESIAN_POINT('',(-2.017849456261,1.780726479665));
#5191 = CARTESIAN_POINT('',(-2.044434522608,1.79513233452));
#5192 = CARTESIAN_POINT('',(-2.10497261634,1.826679631628));
#5193 = CARTESIAN_POINT('',(-2.139053751654,1.843565801084));
#5194 = CARTESIAN_POINT('',(-2.173522405662,1.859748636237));
#5195 = CARTESIAN_POINT('',(-2.208415158646,1.875216327333));
#5196 = CARTESIAN_POINT('',(-2.243769810831,1.889958001245));
#5197 = CARTESIAN_POINT('',(-2.323319088385,1.921031706755));
#5198 = CARTESIAN_POINT('',(-2.367751607115,1.937005447803));
#5199 = CARTESIAN_POINT('',(-2.41300632094,1.951872391563));
#5200 = CARTESIAN_POINT('',(-2.459149170914,1.965614510157));
#5201 = CARTESIAN_POINT('',(-2.506236469073,1.97821403047));
#5202 = CARTESIAN_POINT('',(-2.589790330976,1.998099753085));
#5203 = CARTESIAN_POINT('',(-2.62579855365,2.005911669756));
#5204 = CARTESIAN_POINT('',(-2.662360683071,2.013087117615));
#5205 = CARTESIAN_POINT('',(-2.699481056291,2.019618657868));
#5206 = CARTESIAN_POINT('',(-2.737149197419,2.025498595213));
#5207 = CARTESIAN_POINT('',(-2.795008926017,2.033409296197));
#5208 = CARTESIAN_POINT('',(-2.814818586268,2.035924013558));
#5209 = CARTESIAN_POINT('',(-2.834761059923,2.038262734853));
#5210 = CARTESIAN_POINT('',(-2.854830403054,2.040424408141));
#5211 = CARTESIAN_POINT('',(-2.875018959915,2.042408016566));
#5212 = CARTESIAN_POINT('',(-2.907850268966,2.04532683745));
#5213 = CARTESIAN_POINT('',(-2.920425275277,2.046372830672));
#5214 = CARTESIAN_POINT('',(-2.93303979938,2.047350340094));
#5215 = CARTESIAN_POINT('',(-2.945691330519,2.048259152338));
#5216 = CARTESIAN_POINT('',(-2.958377115327,2.049099069519));
#5217 = CARTESIAN_POINT('',(-2.999246619021,2.051576362264));
#5218 = CARTESIAN_POINT('',(-3.027553812675,2.052944360942));
#5219 = CARTESIAN_POINT('',(-3.05598023474,2.053971794544));
#5220 = CARTESIAN_POINT('',(-3.084489363789,2.054657249406));
#5221 = CARTESIAN_POINT('',(-3.113041674908,2.055));
#5222 = CARTESIAN_POINT('',(-3.183039372337,2.055));
#5223 = CARTESIAN_POINT('',(-3.224493230632,2.0542777356));
#5224 = CARTESIAN_POINT('',(-3.265809397543,2.052832826414));
#5225 = CARTESIAN_POINT('',(-3.306875132444,2.050669942091));
#5226 = CARTESIAN_POINT('',(-3.347591936593,2.047793298482));
#5227 = CARTESIAN_POINT('',(-3.408166347264,2.042408016566));
#5228 = CARTESIAN_POINT('',(-3.428354904126,2.040424408141));
#5229 = CARTESIAN_POINT('',(-3.448424247257,2.038262734853));
#5230 = CARTESIAN_POINT('',(-3.468366720912,2.035924013558));
#5231 = CARTESIAN_POINT('',(-3.488176381162,2.033409296197));
#5232 = CARTESIAN_POINT('',(-3.546036109761,2.025498595213));
#5233 = CARTESIAN_POINT('',(-3.583704250889,2.019618657868));
#5234 = CARTESIAN_POINT('',(-3.620824624109,2.013087117615));
#5235 = CARTESIAN_POINT('',(-3.657386753529,2.005911669756));
#5236 = CARTESIAN_POINT('',(-3.693394976204,1.998099753085));
#5237 = CARTESIAN_POINT('',(-3.776948838107,1.97821403047));
#5238 = CARTESIAN_POINT('',(-3.824036136265,1.965614510157));
#5239 = CARTESIAN_POINT('',(-3.87017898624,1.951872391563));
#5240 = CARTESIAN_POINT('',(-3.915433700065,1.937005447803));
#5241 = CARTESIAN_POINT('',(-3.959866218795,1.921031706754));
#5242 = CARTESIAN_POINT('',(-4.039415496349,1.889958001245));
#5243 = CARTESIAN_POINT('',(-4.074770148534,1.875216327332));
#5244 = CARTESIAN_POINT('',(-4.109662901518,1.859748636237));
#5245 = CARTESIAN_POINT('',(-4.144131555525,1.843565801084));
#5246 = CARTESIAN_POINT('',(-4.17821269084,1.826679631628));
#5247 = CARTESIAN_POINT('',(-4.238750784572,1.79513233452));
#5248 = CARTESIAN_POINT('',(-4.265335850919,1.780726479665));
#5249 = CARTESIAN_POINT('',(-4.291717563536,1.765890236067));
#5250 = CARTESIAN_POINT('',(-4.317913318092,1.750630362106));
#5251 = CARTESIAN_POINT('',(-4.34393986293,1.734954153296));
#5252 = CARTESIAN_POINT('',(-4.437846416698,1.676575367742));
#5253 = CARTESIAN_POINT('',(-4.50480878592,1.631464702707));
#5254 = CARTESIAN_POINT('',(-4.571020238898,1.583665598573));
#5255 = CARTESIAN_POINT('',(-4.636728037931,1.533357226907));
#5256 = CARTESIAN_POINT('',(-4.702175491385,1.48075954883));
#5257 = CARTESIAN_POINT('',(-4.833034998556,1.371531330716));
#5258 = CARTESIAN_POINT('',(-4.898423497001,1.314925491866));
#5259 = CARTESIAN_POINT('',(-4.964091489542,1.256536411569));
#5260 = CARTESIAN_POINT('',(-5.030294743155,1.196686590923));
#5261 = CARTESIAN_POINT('',(-5.097299740555,1.135788746946));
#5262 = CARTESIAN_POINT('',(-5.18978602117,1.05245821595));
#5263 = CARTESIAN_POINT('',(-5.214245940543,1.03048682188));
#5264 = CARTESIAN_POINT('',(-5.238867901321,1.008474759395));
#5265 = CARTESIAN_POINT('',(-5.263667886094,0.986449909071));
#5266 = CARTESIAN_POINT('',(-5.288662662838,0.964443490217));
#5267 = CARTESIAN_POINT('',(-5.344548188017,0.915771574226));
#5268 = CARTESIAN_POINT('',(-5.375540204753,0.889132596043));
#5269 = CARTESIAN_POINT('',(-5.406879254885,0.862634822096));
#5270 = CARTESIAN_POINT('',(-5.438597865761,0.836351278094));
#5271 = CARTESIAN_POINT('',(-5.470729862469,0.810367118531));
#5272 = CARTESIAN_POINT('',(-5.54301164978,0.753605335268));
#5273 = CARTESIAN_POINT('',(-5.583374378943,0.723024721723));
#5274 = CARTESIAN_POINT('',(-5.624473135288,0.693211176889));
#5275 = CARTESIAN_POINT('',(-5.666367822025,0.664384827261));
#5276 = CARTESIAN_POINT('',(-5.709109751772,0.63680913448));
#5277 = CARTESIAN_POINT('',(-5.784690178022,0.591736340808));
#5278 = CARTESIAN_POINT('',(-5.817110201973,0.573520695486));
#5279 = CARTESIAN_POINT('',(-5.850019989006,0.556259366688));
#5280 = CARTESIAN_POINT('',(-5.883423605744,0.540089146805));
#5281 = CARTESIAN_POINT('',(-5.917312044057,0.525155272168));
#5282 = CARTESIAN_POINT('',(-6.004801355215,0.49063528032));
#5283 = CARTESIAN_POINT('',(-6.059086835526,0.472956388902));
#5284 = CARTESIAN_POINT('',(-6.114339236549,0.459146067211));
#5285 = CARTESIAN_POINT('',(-6.17033151597,0.449712603591));
#5286 = CARTESIAN_POINT('',(-6.226772202529,0.445));
#5287 = CARTESIAN_POINT('',(-6.28318530718,0.445));
#5288 = ( GEOMETRIC_REPRESENTATION_CONTEXT(2) 
PARAMETRIC_REPRESENTATION_CONTEXT() REPRESENTATION_CONTEXT('2D SPACE',''
  ) );
#5289 = ADVANCED_FACE('',(#5290),#1402,.F.);
#5290 = FACE_BOUND('',#5291,.F.);
#5291 = EDGE_LOOP('',(#5292,#5293,#5314,#5315));
#5292 = ORIENTED_EDGE('',*,*,#1384,.T.);
#5293 = ORIENTED_EDGE('',*,*,#5294,.T.);
#5294 = EDGE_CURVE('',#1387,#1758,#5295,.T.);
#5295 = SURFACE_CURVE('',#5296,(#5300,#5307),.PCURVE_S1.);
#5296 = LINE('',#5297,#5298);
#5297 = CARTESIAN_POINT('',(34.,-14.31717597601,-4.801923788647));
#5298 = VECTOR('',#5299,1.);
#5299 = DIRECTION('',(0.,0.866025403784,0.5));
#5300 = PCURVE('',#1402,#5301);
#5301 = DEFINITIONAL_REPRESENTATION('',(#5302),#5306);
#5302 = LINE('',#5303,#5304);
#5303 = CARTESIAN_POINT('',(0.,-4.));
#5304 = VECTOR('',#5305,1.);
#5305 = DIRECTION('',(1.,0.));
#5306 = ( GEOMETRIC_REPRESENTATION_CONTEXT(2) 
PARAMETRIC_REPRESENTATION_CONTEXT() REPRESENTATION_CONTEXT('2D SPACE',''
  ) );
#5307 = PCURVE('',#1643,#5308);
#5308 = DEFINITIONAL_REPRESENTATION('',(#5309),#5313);
#5309 = LINE('',#5310,#5311);
#5310 = CARTESIAN_POINT('',(1.4,-3.));
#5311 = VECTOR('',#5312,1.);
#5312 = DIRECTION('',(-1.,0.));
#5313 = ( GEOMETRIC_REPRESENTATION_CONTEXT(2) 
PARAMETRIC_REPRESENTATION_CONTEXT() REPRESENTATION_CONTEXT('2D SPACE',''
  ) );
#5314 = ORIENTED_EDGE('',*,*,#1757,.F.);
#5315 = ORIENTED_EDGE('',*,*,#1683,.F.);
#5316 = ADVANCED_FACE('',(#5317),#1643,.F.);
#5317 = FACE_BOUND('',#5318,.F.);
#5318 = EDGE_LOOP('',(#5319,#5320,#5321,#5342));
#5319 = ORIENTED_EDGE('',*,*,#5294,.F.);
#5320 = ORIENTED_EDGE('',*,*,#1629,.F.);
#5321 = ORIENTED_EDGE('',*,*,#5322,.F.);
#5322 = EDGE_CURVE('',#1781,#1602,#5323,.T.);
#5323 = SURFACE_CURVE('',#5324,(#5328,#5335),.PCURVE_S1.);
#5324 = LINE('',#5325,#5326);
#5325 = CARTESIAN_POINT('',(34.,-12.40581390921,-3.912499999997));
#5326 = VECTOR('',#5327,1.);
#5327 = DIRECTION('',(0.,-0.866025403784,-0.5));
#5328 = PCURVE('',#1643,#5329);
#5329 = DEFINITIONAL_REPRESENTATION('',(#5330),#5334);
#5330 = LINE('',#5331,#5332);
#5331 = CARTESIAN_POINT('',(-0.7,-2.814582562302));
#5332 = VECTOR('',#5333,1.);
#5333 = DIRECTION('',(1.,-5.551115123126E-17));
#5334 = ( GEOMETRIC_REPRESENTATION_CONTEXT(2) 
PARAMETRIC_REPRESENTATION_CONTEXT() REPRESENTATION_CONTEXT('2D SPACE',''
  ) );
#5335 = PCURVE('',#1617,#5336);
#5336 = DEFINITIONAL_REPRESENTATION('',(#5337),#5341);
#5337 = LINE('',#5338,#5339);
#5338 = CARTESIAN_POINT('',(2.625000000004,-0.7));
#5339 = VECTOR('',#5340,1.);
#5340 = DIRECTION('',(-4.530653630042E-29,-1.));
#5341 = ( GEOMETRIC_REPRESENTATION_CONTEXT(2) 
PARAMETRIC_REPRESENTATION_CONTEXT() REPRESENTATION_CONTEXT('2D SPACE',''
  ) );
#5342 = ORIENTED_EDGE('',*,*,#1780,.F.);
#5343 = ADVANCED_FACE('',(#5344),#1617,.T.);
#5344 = FACE_BOUND('',#5345,.T.);
#5345 = EDGE_LOOP('',(#5346,#5374,#5402,#5430,#5451,#5452));
#5346 = ORIENTED_EDGE('',*,*,#5347,.F.);
#5347 = EDGE_CURVE('',#5348,#1781,#5350,.T.);
#5348 = VERTEX_POINT('',#5349);
#5349 = CARTESIAN_POINT('',(36.625000000004,-11.79959612656,
    -3.562499999996));
#5350 = SURFACE_CURVE('',#5351,(#5355,#5362),.PCURVE_S1.);
#5351 = LINE('',#5352,#5353);
#5352 = CARTESIAN_POINT('',(36.625000000004,-11.79959612656,
    -3.562499999996));
#5353 = VECTOR('',#5354,1.);
#5354 = DIRECTION('',(-1.,4.08085E-13,-7.068239538067E-13));
#5355 = PCURVE('',#1617,#5356);
#5356 = DEFINITIONAL_REPRESENTATION('',(#5357),#5361);
#5357 = LINE('',#5358,#5359);
#5358 = CARTESIAN_POINT('',(0.,-1.7763568394E-15));
#5359 = VECTOR('',#5360,1.);
#5360 = DIRECTION('',(1.,-0.));
#5361 = ( GEOMETRIC_REPRESENTATION_CONTEXT(2) 
PARAMETRIC_REPRESENTATION_CONTEXT() REPRESENTATION_CONTEXT('2D SPACE',''
  ) );
#5362 = PCURVE('',#5363,#5368);
#5363 = PLANE('',#5364);
#5364 = AXIS2_PLACEMENT_3D('',#5365,#5366,#5367);
#5365 = CARTESIAN_POINT('',(35.000000000001,-10.39230484541,
    -5.999999999999));
#5366 = DIRECTION('',(0.,-0.866025403784,-0.5));
#5367 = DIRECTION('',(1.,0.,0.));
#5368 = DEFINITIONAL_REPRESENTATION('',(#5369),#5373);
#5369 = LINE('',#5370,#5371);
#5370 = CARTESIAN_POINT('',(1.625000000004,2.814582562303));
#5371 = VECTOR('',#5372,1.);
#5372 = DIRECTION('',(-1.,-8.1617E-13));
#5373 = ( GEOMETRIC_REPRESENTATION_CONTEXT(2) 
PARAMETRIC_REPRESENTATION_CONTEXT() REPRESENTATION_CONTEXT('2D SPACE',''
  ) );
#5374 = ORIENTED_EDGE('',*,*,#5375,.T.);
#5375 = EDGE_CURVE('',#5348,#5376,#5378,.T.);
#5376 = VERTEX_POINT('',#5377);
#5377 = CARTESIAN_POINT('',(36.625000000004,-15.2636977417,
    -5.562499999996));
#5378 = SURFACE_CURVE('',#5379,(#5383,#5390),.PCURVE_S1.);
#5379 = LINE('',#5380,#5381);
#5380 = CARTESIAN_POINT('',(36.625000000004,-11.79959612656,
    -3.562499999996));
#5381 = VECTOR('',#5382,1.);
#5382 = DIRECTION('',(0.,-0.866025403784,-0.5));
#5383 = PCURVE('',#1617,#5384);
#5384 = DEFINITIONAL_REPRESENTATION('',(#5385),#5389);
#5385 = LINE('',#5386,#5387);
#5386 = CARTESIAN_POINT('',(0.,0.));
#5387 = VECTOR('',#5388,1.);
#5388 = DIRECTION('',(0.,-1.));
#5389 = ( GEOMETRIC_REPRESENTATION_CONTEXT(2) 
PARAMETRIC_REPRESENTATION_CONTEXT() REPRESENTATION_CONTEXT('2D SPACE',''
  ) );
#5390 = PCURVE('',#5391,#5396);
#5391 = PLANE('',#5392);
#5392 = AXIS2_PLACEMENT_3D('',#5393,#5394,#5395);
#5393 = CARTESIAN_POINT('',(38.25,-10.39230484541,-6.));
#5394 = DIRECTION('',(-0.866025403785,0.249999999999,-0.433012701891));
#5395 = DIRECTION('',(-0.499999999998,-0.433012701893,0.750000000001));
#5396 = DEFINITIONAL_REPRESENTATION('',(#5397),#5401);
#5397 = LINE('',#5398,#5399);
#5398 = CARTESIAN_POINT('',(3.250000000002,0.));
#5399 = VECTOR('',#5400,1.);
#5400 = DIRECTION('',(0.,-1.));
#5401 = ( GEOMETRIC_REPRESENTATION_CONTEXT(2) 
PARAMETRIC_REPRESENTATION_CONTEXT() REPRESENTATION_CONTEXT('2D SPACE',''
  ) );
#5402 = ORIENTED_EDGE('',*,*,#5403,.T.);
#5403 = EDGE_CURVE('',#5376,#5404,#5406,.T.);
#5404 = VERTEX_POINT('',#5405);
#5405 = CARTESIAN_POINT('',(33.375000000003,-15.2636977417,
    -5.562499999998));
#5406 = SURFACE_CURVE('',#5407,(#5411,#5418),.PCURVE_S1.);
#5407 = LINE('',#5408,#5409);
#5408 = CARTESIAN_POINT('',(36.625000000004,-15.2636977417,
    -5.562499999996));
#5409 = VECTOR('',#5410,1.);
#5410 = DIRECTION('',(-1.,4.08085E-13,-7.068239538067E-13));
#5411 = PCURVE('',#1617,#5412);
#5412 = DEFINITIONAL_REPRESENTATION('',(#5413),#5417);
#5413 = LINE('',#5414,#5415);
#5414 = CARTESIAN_POINT('',(0.,-4.));
#5415 = VECTOR('',#5416,1.);
#5416 = DIRECTION('',(1.,-0.));
#5417 = ( GEOMETRIC_REPRESENTATION_CONTEXT(2) 
PARAMETRIC_REPRESENTATION_CONTEXT() REPRESENTATION_CONTEXT('2D SPACE',''
  ) );
#5418 = PCURVE('',#5419,#5424);
#5419 = PLANE('',#5420);
#5420 = AXIS2_PLACEMENT_3D('',#5421,#5422,#5423);
#5421 = CARTESIAN_POINT('',(35.000000000001,-13.85640646055,
    -7.999999999999));
#5422 = DIRECTION('',(0.,-0.866025403784,-0.5));
#5423 = DIRECTION('',(1.,0.,0.));
#5424 = DEFINITIONAL_REPRESENTATION('',(#5425),#5429);
#5425 = LINE('',#5426,#5427);
#5426 = CARTESIAN_POINT('',(1.625000000004,2.814582562303));
#5427 = VECTOR('',#5428,1.);
#5428 = DIRECTION('',(-1.,-8.1617E-13));
#5429 = ( GEOMETRIC_REPRESENTATION_CONTEXT(2) 
PARAMETRIC_REPRESENTATION_CONTEXT() REPRESENTATION_CONTEXT('2D SPACE',''
  ) );
#5430 = ORIENTED_EDGE('',*,*,#5431,.F.);
#5431 = EDGE_CURVE('',#1574,#5404,#5432,.T.);
#5432 = SURFACE_CURVE('',#5433,(#5437,#5444),.PCURVE_S1.);
#5433 = LINE('',#5434,#5435);
#5434 = CARTESIAN_POINT('',(33.375000000003,-11.79959612656,
    -3.562499999998));
#5435 = VECTOR('',#5436,1.);
#5436 = DIRECTION('',(0.,-0.866025403784,-0.5));
#5437 = PCURVE('',#1617,#5438);
#5438 = DEFINITIONAL_REPRESENTATION('',(#5439),#5443);
#5439 = LINE('',#5440,#5441);
#5440 = CARTESIAN_POINT('',(3.250000000001,-0.));
#5441 = VECTOR('',#5442,1.);
#5442 = DIRECTION('',(0.,-1.));
#5443 = ( GEOMETRIC_REPRESENTATION_CONTEXT(2) 
PARAMETRIC_REPRESENTATION_CONTEXT() REPRESENTATION_CONTEXT('2D SPACE',''
  ) );
#5444 = PCURVE('',#1589,#5445);
#5445 = DEFINITIONAL_REPRESENTATION('',(#5446),#5450);
#5446 = LINE('',#5447,#5448);
#5447 = CARTESIAN_POINT('',(3.845925372765E-16,0.));
#5448 = VECTOR('',#5449,1.);
#5449 = DIRECTION('',(0.,-1.));
#5450 = ( GEOMETRIC_REPRESENTATION_CONTEXT(2) 
PARAMETRIC_REPRESENTATION_CONTEXT() REPRESENTATION_CONTEXT('2D SPACE',''
  ) );
#5451 = ORIENTED_EDGE('',*,*,#1601,.F.);
#5452 = ORIENTED_EDGE('',*,*,#5322,.F.);
#5453 = ADVANCED_FACE('',(#5454),#1589,.T.);
#5454 = FACE_BOUND('',#5455,.T.);
#5455 = EDGE_LOOP('',(#5456,#5457,#5458,#5481));
#5456 = ORIENTED_EDGE('',*,*,#1573,.F.);
#5457 = ORIENTED_EDGE('',*,*,#5431,.T.);
#5458 = ORIENTED_EDGE('',*,*,#5459,.T.);
#5459 = EDGE_CURVE('',#5404,#5460,#5462,.T.);
#5460 = VERTEX_POINT('',#5461);
#5461 = CARTESIAN_POINT('',(31.749999999999,-13.85640646055,
    -7.999999999998));
#5462 = SURFACE_CURVE('',#5463,(#5467,#5474),.PCURVE_S1.);
#5463 = LINE('',#5464,#5465);
#5464 = CARTESIAN_POINT('',(33.375000000003,-15.2636977417,
    -5.562499999998));
#5465 = VECTOR('',#5466,1.);
#5466 = DIRECTION('',(-0.500000000001,0.433012701892,-0.75));
#5467 = PCURVE('',#1589,#5468);
#5468 = DEFINITIONAL_REPRESENTATION('',(#5469),#5473);
#5469 = LINE('',#5470,#5471);
#5470 = CARTESIAN_POINT('',(0.,-4.));
#5471 = VECTOR('',#5472,1.);
#5472 = DIRECTION('',(1.,-0.));
#5473 = ( GEOMETRIC_REPRESENTATION_CONTEXT(2) 
PARAMETRIC_REPRESENTATION_CONTEXT() REPRESENTATION_CONTEXT('2D SPACE',''
  ) );
#5474 = PCURVE('',#5419,#5475);
#5475 = DEFINITIONAL_REPRESENTATION('',(#5476),#5480);
#5476 = LINE('',#5477,#5478);
#5477 = CARTESIAN_POINT('',(-1.624999999998,2.8145825623));
#5478 = VECTOR('',#5479,1.);
#5479 = DIRECTION('',(-0.500000000001,-0.866025403784));
#5480 = ( GEOMETRIC_REPRESENTATION_CONTEXT(2) 
PARAMETRIC_REPRESENTATION_CONTEXT() REPRESENTATION_CONTEXT('2D SPACE',''
  ) );
#5481 = ORIENTED_EDGE('',*,*,#5482,.F.);
#5482 = EDGE_CURVE('',#1546,#5460,#5483,.T.);
#5483 = SURFACE_CURVE('',#5484,(#5488,#5495),.PCURVE_S1.);
#5484 = LINE('',#5485,#5486);
#5485 = CARTESIAN_POINT('',(31.749999999999,-10.39230484541,
    -5.999999999998));
#5486 = VECTOR('',#5487,1.);
#5487 = DIRECTION('',(0.,-0.866025403784,-0.5));
#5488 = PCURVE('',#1589,#5489);
#5489 = DEFINITIONAL_REPRESENTATION('',(#5490),#5494);
#5490 = LINE('',#5491,#5492);
#5491 = CARTESIAN_POINT('',(3.250000000002,-0.));
#5492 = VECTOR('',#5493,1.);
#5493 = DIRECTION('',(0.,-1.));
#5494 = ( GEOMETRIC_REPRESENTATION_CONTEXT(2) 
PARAMETRIC_REPRESENTATION_CONTEXT() REPRESENTATION_CONTEXT('2D SPACE',''
  ) );
#5495 = PCURVE('',#1561,#5496);
#5496 = DEFINITIONAL_REPRESENTATION('',(#5497),#5501);
#5497 = LINE('',#5498,#5499);
#5498 = CARTESIAN_POINT('',(-2.533124306074E-16,0.));
#5499 = VECTOR('',#5500,1.);
#5500 = DIRECTION('',(0.,-1.));
#5501 = ( GEOMETRIC_REPRESENTATION_CONTEXT(2) 
PARAMETRIC_REPRESENTATION_CONTEXT() REPRESENTATION_CONTEXT('2D SPACE',''
  ) );
#5502 = ADVANCED_FACE('',(#5503),#1561,.T.);
#5503 = FACE_BOUND('',#5504,.T.);
#5504 = EDGE_LOOP('',(#5505,#5506,#5507,#5530));
#5505 = ORIENTED_EDGE('',*,*,#1545,.F.);
#5506 = ORIENTED_EDGE('',*,*,#5482,.T.);
#5507 = ORIENTED_EDGE('',*,*,#5508,.T.);
#5508 = EDGE_CURVE('',#5460,#5509,#5511,.T.);
#5509 = VERTEX_POINT('',#5510);
#5510 = CARTESIAN_POINT('',(33.374999999998,-12.4491151794,-10.4375));
#5511 = SURFACE_CURVE('',#5512,(#5516,#5523),.PCURVE_S1.);
#5512 = LINE('',#5513,#5514);
#5513 = CARTESIAN_POINT('',(31.749999999999,-13.85640646055,
    -7.999999999998));
#5514 = VECTOR('',#5515,1.);
#5515 = DIRECTION('',(0.499999999999,0.433012701892,-0.75));
#5516 = PCURVE('',#1561,#5517);
#5517 = DEFINITIONAL_REPRESENTATION('',(#5518),#5522);
#5518 = LINE('',#5519,#5520);
#5519 = CARTESIAN_POINT('',(0.,-4.));
#5520 = VECTOR('',#5521,1.);
#5521 = DIRECTION('',(1.,0.));
#5522 = ( GEOMETRIC_REPRESENTATION_CONTEXT(2) 
PARAMETRIC_REPRESENTATION_CONTEXT() REPRESENTATION_CONTEXT('2D SPACE',''
  ) );
#5523 = PCURVE('',#5419,#5524);
#5524 = DEFINITIONAL_REPRESENTATION('',(#5525),#5529);
#5525 = LINE('',#5526,#5527);
#5526 = CARTESIAN_POINT('',(-3.250000000001,1.001268379295E-12));
#5527 = VECTOR('',#5528,1.);
#5528 = DIRECTION('',(0.499999999999,-0.866025403785));
#5529 = ( GEOMETRIC_REPRESENTATION_CONTEXT(2) 
PARAMETRIC_REPRESENTATION_CONTEXT() REPRESENTATION_CONTEXT('2D SPACE',''
  ) );
#5530 = ORIENTED_EDGE('',*,*,#5531,.F.);
#5531 = EDGE_CURVE('',#1518,#5509,#5532,.T.);
#5532 = SURFACE_CURVE('',#5533,(#5537,#5544),.PCURVE_S1.);
#5533 = LINE('',#5534,#5535);
#5534 = CARTESIAN_POINT('',(33.374999999998,-8.985013564264,-8.4375));
#5535 = VECTOR('',#5536,1.);
#5536 = DIRECTION('',(0.,-0.866025403784,-0.5));
#5537 = PCURVE('',#1561,#5538);
#5538 = DEFINITIONAL_REPRESENTATION('',(#5539),#5543);
#5539 = LINE('',#5540,#5541);
#5540 = CARTESIAN_POINT('',(3.250000000001,0.));
#5541 = VECTOR('',#5542,1.);
#5542 = DIRECTION('',(0.,-1.));
#5543 = ( GEOMETRIC_REPRESENTATION_CONTEXT(2) 
PARAMETRIC_REPRESENTATION_CONTEXT() REPRESENTATION_CONTEXT('2D SPACE',''
  ) );
#5544 = PCURVE('',#1533,#5545);
#5545 = DEFINITIONAL_REPRESENTATION('',(#5546),#5550);
#5546 = LINE('',#5547,#5548);
#5547 = CARTESIAN_POINT('',(0.,0.));
#5548 = VECTOR('',#5549,1.);
#5549 = DIRECTION('',(0.,-1.));
#5550 = ( GEOMETRIC_REPRESENTATION_CONTEXT(2) 
PARAMETRIC_REPRESENTATION_CONTEXT() REPRESENTATION_CONTEXT('2D SPACE',''
  ) );
#5551 = ADVANCED_FACE('',(#5552),#1533,.T.);
#5552 = FACE_BOUND('',#5553,.T.);
#5553 = EDGE_LOOP('',(#5554,#5555,#5556,#5579,#5607,#5628));
#5554 = ORIENTED_EDGE('',*,*,#1517,.F.);
#5555 = ORIENTED_EDGE('',*,*,#5531,.T.);
#5556 = ORIENTED_EDGE('',*,*,#5557,.T.);
#5557 = EDGE_CURVE('',#5509,#5558,#5560,.T.);
#5558 = VERTEX_POINT('',#5559);
#5559 = CARTESIAN_POINT('',(36.625,-12.4491151794,-10.4375));
#5560 = SURFACE_CURVE('',#5561,(#5565,#5572),.PCURVE_S1.);
#5561 = LINE('',#5562,#5563);
#5562 = CARTESIAN_POINT('',(33.374999999998,-12.4491151794,-10.4375));
#5563 = VECTOR('',#5564,1.);
#5564 = DIRECTION('',(1.,2.03665E-13,-3.527581277235E-13));
#5565 = PCURVE('',#1533,#5566);
#5566 = DEFINITIONAL_REPRESENTATION('',(#5567),#5571);
#5567 = LINE('',#5568,#5569);
#5568 = CARTESIAN_POINT('',(0.,-4.));
#5569 = VECTOR('',#5570,1.);
#5570 = DIRECTION('',(1.,0.));
#5571 = ( GEOMETRIC_REPRESENTATION_CONTEXT(2) 
PARAMETRIC_REPRESENTATION_CONTEXT() REPRESENTATION_CONTEXT('2D SPACE',''
  ) );
#5572 = PCURVE('',#5419,#5573);
#5573 = DEFINITIONAL_REPRESENTATION('',(#5574),#5578);
#5574 = LINE('',#5575,#5576);
#5575 = CARTESIAN_POINT('',(-1.625000000003,-2.814582562301));
#5576 = VECTOR('',#5577,1.);
#5577 = DIRECTION('',(1.,-4.0733E-13));
#5578 = ( GEOMETRIC_REPRESENTATION_CONTEXT(2) 
PARAMETRIC_REPRESENTATION_CONTEXT() REPRESENTATION_CONTEXT('2D SPACE',''
  ) );
#5579 = ORIENTED_EDGE('',*,*,#5580,.F.);
#5580 = EDGE_CURVE('',#5581,#5558,#5583,.T.);
#5581 = VERTEX_POINT('',#5582);
#5582 = CARTESIAN_POINT('',(36.625,-8.985013564263,-8.437500000001));
#5583 = SURFACE_CURVE('',#5584,(#5588,#5595),.PCURVE_S1.);
#5584 = LINE('',#5585,#5586);
#5585 = CARTESIAN_POINT('',(36.625,-8.985013564263,-8.437500000001));
#5586 = VECTOR('',#5587,1.);
#5587 = DIRECTION('',(0.,-0.866025403784,-0.5));
#5588 = PCURVE('',#1533,#5589);
#5589 = DEFINITIONAL_REPRESENTATION('',(#5590),#5594);
#5590 = LINE('',#5591,#5592);
#5591 = CARTESIAN_POINT('',(3.250000000002,0.));
#5592 = VECTOR('',#5593,1.);
#5593 = DIRECTION('',(0.,-1.));
#5594 = ( GEOMETRIC_REPRESENTATION_CONTEXT(2) 
PARAMETRIC_REPRESENTATION_CONTEXT() REPRESENTATION_CONTEXT('2D SPACE',''
  ) );
#5595 = PCURVE('',#5596,#5601);
#5596 = PLANE('',#5597);
#5597 = AXIS2_PLACEMENT_3D('',#5598,#5599,#5600);
#5598 = CARTESIAN_POINT('',(36.625,-8.985013564263,-8.437500000001));
#5599 = DIRECTION('',(-0.866025403784,-0.25,0.433012701892));
#5600 = DIRECTION('',(0.5,-0.433012701892,0.75));
#5601 = DEFINITIONAL_REPRESENTATION('',(#5602),#5606);
#5602 = LINE('',#5603,#5604);
#5603 = CARTESIAN_POINT('',(-3.845925372767E-16,0.));
#5604 = VECTOR('',#5605,1.);
#5605 = DIRECTION('',(0.,-1.));
#5606 = ( GEOMETRIC_REPRESENTATION_CONTEXT(2) 
PARAMETRIC_REPRESENTATION_CONTEXT() REPRESENTATION_CONTEXT('2D SPACE',''
  ) );
#5607 = ORIENTED_EDGE('',*,*,#5608,.F.);
#5608 = EDGE_CURVE('',#1878,#5581,#5609,.T.);
#5609 = SURFACE_CURVE('',#5610,(#5614,#5621),.PCURVE_S1.);
#5610 = LINE('',#5611,#5612);
#5611 = CARTESIAN_POINT('',(33.374999999998,-8.985013564264,-8.4375));
#5612 = VECTOR('',#5613,1.);
#5613 = DIRECTION('',(1.,2.03665E-13,-3.527581277235E-13));
#5614 = PCURVE('',#1533,#5615);
#5615 = DEFINITIONAL_REPRESENTATION('',(#5616),#5620);
#5616 = LINE('',#5617,#5618);
#5617 = CARTESIAN_POINT('',(0.,-1.7763568394E-15));
#5618 = VECTOR('',#5619,1.);
#5619 = DIRECTION('',(1.,0.));
#5620 = ( GEOMETRIC_REPRESENTATION_CONTEXT(2) 
PARAMETRIC_REPRESENTATION_CONTEXT() REPRESENTATION_CONTEXT('2D SPACE',''
  ) );
#5621 = PCURVE('',#5363,#5622);
#5622 = DEFINITIONAL_REPRESENTATION('',(#5623),#5627);
#5623 = LINE('',#5624,#5625);
#5624 = CARTESIAN_POINT('',(-1.625000000003,-2.814582562301));
#5625 = VECTOR('',#5626,1.);
#5626 = DIRECTION('',(1.,-4.0733E-13));
#5627 = ( GEOMETRIC_REPRESENTATION_CONTEXT(2) 
PARAMETRIC_REPRESENTATION_CONTEXT() REPRESENTATION_CONTEXT('2D SPACE',''
  ) );
#5628 = ORIENTED_EDGE('',*,*,#5629,.F.);
#5629 = EDGE_CURVE('',#1490,#1878,#5630,.T.);
#5630 = SURFACE_CURVE('',#5631,(#5635,#5642),.PCURVE_S1.);
#5631 = LINE('',#5632,#5633);
#5632 = CARTESIAN_POINT('',(34.,-9.591231346913,-8.7875));
#5633 = VECTOR('',#5634,1.);
#5634 = DIRECTION('',(0.,0.866025403784,0.5));
#5635 = PCURVE('',#1533,#5636);
#5636 = DEFINITIONAL_REPRESENTATION('',(#5637),#5641);
#5637 = LINE('',#5638,#5639);
#5638 = CARTESIAN_POINT('',(0.625000000002,-0.7));
#5639 = VECTOR('',#5640,1.);
#5640 = DIRECTION('',(2.261135723103E-29,1.));
#5641 = ( GEOMETRIC_REPRESENTATION_CONTEXT(2) 
PARAMETRIC_REPRESENTATION_CONTEXT() REPRESENTATION_CONTEXT('2D SPACE',''
  ) );
#5642 = PCURVE('',#1505,#5643);
#5643 = DEFINITIONAL_REPRESENTATION('',(#5644),#5648);
#5644 = LINE('',#5645,#5646);
#5645 = CARTESIAN_POINT('',(-0.7,2.814582562299));
#5646 = VECTOR('',#5647,1.);
#5647 = DIRECTION('',(-1.,5.551115123126E-17));
#5648 = ( GEOMETRIC_REPRESENTATION_CONTEXT(2) 
PARAMETRIC_REPRESENTATION_CONTEXT() REPRESENTATION_CONTEXT('2D SPACE',''
  ) );
#5649 = ADVANCED_FACE('',(#5650),#1477,.F.);
#5650 = FACE_BOUND('',#5651,.F.);
#5651 = EDGE_LOOP('',(#5652,#5653,#5674,#5675));
#5652 = ORIENTED_EDGE('',*,*,#1707,.T.);
#5653 = ORIENTED_EDGE('',*,*,#5654,.T.);
#5654 = EDGE_CURVE('',#1710,#1462,#5655,.T.);
#5655 = SURFACE_CURVE('',#5656,(#5660,#5667),.PCURVE_S1.);
#5656 = LINE('',#5657,#5658);
#5657 = CARTESIAN_POINT('',(34.,-8.892304845413,-8.598076211353));
#5658 = VECTOR('',#5659,1.);
#5659 = DIRECTION('',(0.,-0.866025403784,-0.5));
#5660 = PCURVE('',#1477,#5661);
#5661 = DEFINITIONAL_REPRESENTATION('',(#5662),#5666);
#5662 = LINE('',#5663,#5664);
#5663 = CARTESIAN_POINT('',(0.,-4.));
#5664 = VECTOR('',#5665,1.);
#5665 = DIRECTION('',(1.,0.));
#5666 = ( GEOMETRIC_REPRESENTATION_CONTEXT(2) 
PARAMETRIC_REPRESENTATION_CONTEXT() REPRESENTATION_CONTEXT('2D SPACE',''
  ) );
#5667 = PCURVE('',#1505,#5668);
#5668 = DEFINITIONAL_REPRESENTATION('',(#5669),#5673);
#5669 = LINE('',#5670,#5671);
#5670 = CARTESIAN_POINT('',(-1.4,3.));
#5671 = VECTOR('',#5672,1.);
#5672 = DIRECTION('',(1.,0.));
#5673 = ( GEOMETRIC_REPRESENTATION_CONTEXT(2) 
PARAMETRIC_REPRESENTATION_CONTEXT() REPRESENTATION_CONTEXT('2D SPACE',''
  ) );
#5674 = ORIENTED_EDGE('',*,*,#1461,.F.);
#5675 = ORIENTED_EDGE('',*,*,#1927,.F.);
#5676 = ADVANCED_FACE('',(#5677),#1505,.F.);
#5677 = FACE_BOUND('',#5678,.F.);
#5678 = EDGE_LOOP('',(#5679,#5680,#5681,#5682));
#5679 = ORIENTED_EDGE('',*,*,#5629,.F.);
#5680 = ORIENTED_EDGE('',*,*,#1489,.F.);
#5681 = ORIENTED_EDGE('',*,*,#5654,.F.);
#5682 = ORIENTED_EDGE('',*,*,#1900,.F.);
#5683 = ADVANCED_FACE('',(#5684),#1819,.T.);
#5684 = FACE_BOUND('',#5685,.T.);
#5685 = EDGE_LOOP('',(#5686,#5709,#5710,#5711,#5712,#5713,#5736));
#5686 = ORIENTED_EDGE('',*,*,#5687,.F.);
#5687 = EDGE_CURVE('',#1781,#5688,#5690,.T.);
#5688 = VERTEX_POINT('',#5689);
#5689 = CARTESIAN_POINT('',(34.,-11.25833024919,-4.5));
#5690 = SURFACE_CURVE('',#5691,(#5695,#5702),.PCURVE_S1.);
#5691 = LINE('',#5692,#5693);
#5692 = CARTESIAN_POINT('',(34.,-11.89230484541,-3.401923788647));
#5693 = VECTOR('',#5694,1.);
#5694 = DIRECTION('',(0.,0.5,-0.866025403784));
#5695 = PCURVE('',#1819,#5696);
#5696 = DEFINITIONAL_REPRESENTATION('',(#5697),#5701);
#5697 = LINE('',#5698,#5699);
#5698 = CARTESIAN_POINT('',(-1.000000000001,2.999999999998));
#5699 = VECTOR('',#5700,1.);
#5700 = DIRECTION('',(0.,-1.));
#5701 = ( GEOMETRIC_REPRESENTATION_CONTEXT(2) 
PARAMETRIC_REPRESENTATION_CONTEXT() REPRESENTATION_CONTEXT('2D SPACE',''
  ) );
#5702 = PCURVE('',#5363,#5703);
#5703 = DEFINITIONAL_REPRESENTATION('',(#5704),#5708);
#5704 = LINE('',#5705,#5706);
#5705 = CARTESIAN_POINT('',(-1.000000000001,2.999999999998));
#5706 = VECTOR('',#5707,1.);
#5707 = DIRECTION('',(0.,-1.));
#5708 = ( GEOMETRIC_REPRESENTATION_CONTEXT(2) 
PARAMETRIC_REPRESENTATION_CONTEXT() REPRESENTATION_CONTEXT('2D SPACE',''
  ) );
#5709 = ORIENTED_EDGE('',*,*,#1803,.T.);
#5710 = ORIENTED_EDGE('',*,*,#1831,.T.);
#5711 = ORIENTED_EDGE('',*,*,#1854,.T.);
#5712 = ORIENTED_EDGE('',*,*,#1877,.T.);
#5713 = ORIENTED_EDGE('',*,*,#5714,.F.);
#5714 = EDGE_CURVE('',#5715,#1878,#5717,.T.);
#5715 = VERTEX_POINT('',#5716);
#5716 = CARTESIAN_POINT('',(34.,-9.526279441629,-7.5));
#5717 = SURFACE_CURVE('',#5718,(#5722,#5729),.PCURVE_S1.);
#5718 = LINE('',#5719,#5720);
#5719 = CARTESIAN_POINT('',(34.,-11.89230484541,-3.401923788647));
#5720 = VECTOR('',#5721,1.);
#5721 = DIRECTION('',(0.,0.5,-0.866025403784));
#5722 = PCURVE('',#1819,#5723);
#5723 = DEFINITIONAL_REPRESENTATION('',(#5724),#5728);
#5724 = LINE('',#5725,#5726);
#5725 = CARTESIAN_POINT('',(-1.000000000001,2.999999999998));
#5726 = VECTOR('',#5727,1.);
#5727 = DIRECTION('',(0.,-1.));
#5728 = ( GEOMETRIC_REPRESENTATION_CONTEXT(2) 
PARAMETRIC_REPRESENTATION_CONTEXT() REPRESENTATION_CONTEXT('2D SPACE',''
  ) );
#5729 = PCURVE('',#5363,#5730);
#5730 = DEFINITIONAL_REPRESENTATION('',(#5731),#5735);
#5731 = LINE('',#5732,#5733);
#5732 = CARTESIAN_POINT('',(-1.000000000001,2.999999999998));
#5733 = VECTOR('',#5734,1.);
#5734 = DIRECTION('',(0.,-1.));
#5735 = ( GEOMETRIC_REPRESENTATION_CONTEXT(2) 
PARAMETRIC_REPRESENTATION_CONTEXT() REPRESENTATION_CONTEXT('2D SPACE',''
  ) );
#5736 = ORIENTED_EDGE('',*,*,#5737,.T.);
#5737 = EDGE_CURVE('',#5715,#5688,#5738,.T.);
#5738 = SURFACE_CURVE('',#5739,(#5744,#5755),.PCURVE_S1.);
#5739 = CIRCLE('',#5740,2.);
#5740 = AXIS2_PLACEMENT_3D('',#5741,#5742,#5743);
#5741 = CARTESIAN_POINT('',(35.,-10.39230484541,-6.));
#5742 = DIRECTION('',(-0.,0.866025403784,0.5));
#5743 = DIRECTION('',(1.,0.,0.));
#5744 = PCURVE('',#1819,#5745);
#5745 = DEFINITIONAL_REPRESENTATION('',(#5746),#5754);
#5746 = ( BOUNDED_CURVE() B_SPLINE_CURVE(2,(#5747,#5748,#5749,#5750,
#5751,#5752,#5753),.UNSPECIFIED.,.T.,.F.) B_SPLINE_CURVE_WITH_KNOTS((1,2
    ,2,2,2,1),(-2.094395102393,0.,2.094395102393,4.188790204786,
6.28318530718,8.377580409573),.UNSPECIFIED.) CURVE() 
GEOMETRIC_REPRESENTATION_ITEM() RATIONAL_B_SPLINE_CURVE((1.,0.5,1.,0.5,
1.,0.5,1.)) REPRESENTATION_ITEM('') );
#5747 = CARTESIAN_POINT('',(1.999999999999,-1.707229799125E-12));
#5748 = CARTESIAN_POINT('',(1.999999999999,-3.464101615139));
#5749 = CARTESIAN_POINT('',(-1.000000000001,-1.732050807571));
#5750 = CARTESIAN_POINT('',(-4.000000000001,-1.707719657845E-12));
#5751 = CARTESIAN_POINT('',(-1.000000000001,1.732050807567));
#5752 = CARTESIAN_POINT('',(1.999999999999,3.464101615136));
#5753 = CARTESIAN_POINT('',(1.999999999999,-1.707229799125E-12));
#5754 = ( GEOMETRIC_REPRESENTATION_CONTEXT(2) 
PARAMETRIC_REPRESENTATION_CONTEXT() REPRESENTATION_CONTEXT('2D SPACE',''
  ) );
#5755 = PCURVE('',#5756,#5761);
#5756 = CYLINDRICAL_SURFACE('',#5757,2.);
#5757 = AXIS2_PLACEMENT_3D('',#5758,#5759,#5760);
#5758 = CARTESIAN_POINT('',(35.,-21.99704525612,-12.7));
#5759 = DIRECTION('',(-0.,0.866025403784,0.5));
#5760 = DIRECTION('',(1.,0.,0.));
#5761 = DEFINITIONAL_REPRESENTATION('',(#5762),#5766);
#5762 = LINE('',#5763,#5764);
#5763 = CARTESIAN_POINT('',(-6.28318530718,13.4));
#5764 = VECTOR('',#5765,1.);
#5765 = DIRECTION('',(1.,-0.));
#5766 = ( GEOMETRIC_REPRESENTATION_CONTEXT(2) 
PARAMETRIC_REPRESENTATION_CONTEXT() REPRESENTATION_CONTEXT('2D SPACE',''
  ) );
#5767 = ADVANCED_FACE('',(#5768),#1969,.F.);
#5768 = FACE_BOUND('',#5769,.F.);
#5769 = EDGE_LOOP('',(#5770,#5771,#5792,#5793));
#5770 = ORIENTED_EDGE('',*,*,#1951,.T.);
#5771 = ORIENTED_EDGE('',*,*,#5772,.T.);
#5772 = EDGE_CURVE('',#1954,#2325,#5773,.T.);
#5773 = SURFACE_CURVE('',#5774,(#5778,#5785),.PCURVE_S1.);
#5774 = LINE('',#5775,#5776);
#5775 = CARTESIAN_POINT('',(34.,11.31717597601,-9.998076211353));
#5776 = VECTOR('',#5777,1.);
#5777 = DIRECTION('',(0.,-0.866025403784,0.5));
#5778 = PCURVE('',#1969,#5779);
#5779 = DEFINITIONAL_REPRESENTATION('',(#5780),#5784);
#5780 = LINE('',#5781,#5782);
#5781 = CARTESIAN_POINT('',(0.,-4.));
#5782 = VECTOR('',#5783,1.);
#5783 = DIRECTION('',(1.,0.));
#5784 = ( GEOMETRIC_REPRESENTATION_CONTEXT(2) 
PARAMETRIC_REPRESENTATION_CONTEXT() REPRESENTATION_CONTEXT('2D SPACE',''
  ) );
#5785 = PCURVE('',#2210,#5786);
#5786 = DEFINITIONAL_REPRESENTATION('',(#5787),#5791);
#5787 = LINE('',#5788,#5789);
#5788 = CARTESIAN_POINT('',(1.4,-3.));
#5789 = VECTOR('',#5790,1.);
#5790 = DIRECTION('',(-1.,0.));
#5791 = ( GEOMETRIC_REPRESENTATION_CONTEXT(2) 
PARAMETRIC_REPRESENTATION_CONTEXT() REPRESENTATION_CONTEXT('2D SPACE',''
  ) );
#5792 = ORIENTED_EDGE('',*,*,#2324,.F.);
#5793 = ORIENTED_EDGE('',*,*,#2250,.F.);
#5794 = ADVANCED_FACE('',(#5795),#2210,.F.);
#5795 = FACE_BOUND('',#5796,.F.);
#5796 = EDGE_LOOP('',(#5797,#5798,#5799,#5820));
#5797 = ORIENTED_EDGE('',*,*,#5772,.F.);
#5798 = ORIENTED_EDGE('',*,*,#2196,.F.);
#5799 = ORIENTED_EDGE('',*,*,#5800,.F.);
#5800 = EDGE_CURVE('',#2348,#2169,#5801,.T.);
#5801 = SURFACE_CURVE('',#5802,(#5806,#5813),.PCURVE_S1.);
#5802 = LINE('',#5803,#5804);
#5803 = CARTESIAN_POINT('',(34.,9.591231346911,-8.787500000003));
#5804 = VECTOR('',#5805,1.);
#5805 = DIRECTION('',(0.,0.866025403784,-0.5));
#5806 = PCURVE('',#2210,#5807);
#5807 = DEFINITIONAL_REPRESENTATION('',(#5808),#5812);
#5808 = LINE('',#5809,#5810);
#5809 = CARTESIAN_POINT('',(-0.7,-2.814582562302));
#5810 = VECTOR('',#5811,1.);
#5811 = DIRECTION('',(1.,0.));
#5812 = ( GEOMETRIC_REPRESENTATION_CONTEXT(2) 
PARAMETRIC_REPRESENTATION_CONTEXT() REPRESENTATION_CONTEXT('2D SPACE',''
  ) );
#5813 = PCURVE('',#2184,#5814);
#5814 = DEFINITIONAL_REPRESENTATION('',(#5815),#5819);
#5815 = LINE('',#5816,#5817);
#5816 = CARTESIAN_POINT('',(2.625000000004,-0.7));
#5817 = VECTOR('',#5818,1.);
#5818 = DIRECTION('',(0.,-1.));
#5819 = ( GEOMETRIC_REPRESENTATION_CONTEXT(2) 
PARAMETRIC_REPRESENTATION_CONTEXT() REPRESENTATION_CONTEXT('2D SPACE',''
  ) );
#5820 = ORIENTED_EDGE('',*,*,#2347,.F.);
#5821 = ADVANCED_FACE('',(#5822),#2184,.T.);
#5822 = FACE_BOUND('',#5823,.T.);
#5823 = EDGE_LOOP('',(#5824,#5852,#5880,#5908,#5929,#5930));
#5824 = ORIENTED_EDGE('',*,*,#5825,.F.);
#5825 = EDGE_CURVE('',#5826,#2348,#5828,.T.);
#5826 = VERTEX_POINT('',#5827);
#5827 = CARTESIAN_POINT('',(36.625000000004,8.985013564261,
    -8.437500000004));
#5828 = SURFACE_CURVE('',#5829,(#5833,#5840),.PCURVE_S1.);
#5829 = LINE('',#5830,#5831);
#5830 = CARTESIAN_POINT('',(36.625000000004,8.985013564261,
    -8.437500000004));
#5831 = VECTOR('',#5832,1.);
#5832 = DIRECTION('',(-1.,4.08085E-13,7.068239538067E-13));
#5833 = PCURVE('',#2184,#5834);
#5834 = DEFINITIONAL_REPRESENTATION('',(#5835),#5839);
#5835 = LINE('',#5836,#5837);
#5836 = CARTESIAN_POINT('',(0.,0.));
#5837 = VECTOR('',#5838,1.);
#5838 = DIRECTION('',(1.,-0.));
#5839 = ( GEOMETRIC_REPRESENTATION_CONTEXT(2) 
PARAMETRIC_REPRESENTATION_CONTEXT() REPRESENTATION_CONTEXT('2D SPACE',''
  ) );
#5840 = PCURVE('',#5841,#5846);
#5841 = PLANE('',#5842);
#5842 = AXIS2_PLACEMENT_3D('',#5843,#5844,#5845);
#5843 = CARTESIAN_POINT('',(35.000000000001,10.392304845412,
    -6.000000000001));
#5844 = DIRECTION('',(0.,0.866025403784,-0.5));
#5845 = DIRECTION('',(1.,0.,0.));
#5846 = DEFINITIONAL_REPRESENTATION('',(#5847),#5851);
#5847 = LINE('',#5848,#5849);
#5848 = CARTESIAN_POINT('',(1.625000000004,2.814582562303));
#5849 = VECTOR('',#5850,1.);
#5850 = DIRECTION('',(-1.,-8.1617E-13));
#5851 = ( GEOMETRIC_REPRESENTATION_CONTEXT(2) 
PARAMETRIC_REPRESENTATION_CONTEXT() REPRESENTATION_CONTEXT('2D SPACE',''
  ) );
#5852 = ORIENTED_EDGE('',*,*,#5853,.T.);
#5853 = EDGE_CURVE('',#5826,#5854,#5856,.T.);
#5854 = VERTEX_POINT('',#5855);
#5855 = CARTESIAN_POINT('',(36.625000000004,12.449115179399,-10.4375));
#5856 = SURFACE_CURVE('',#5857,(#5861,#5868),.PCURVE_S1.);
#5857 = LINE('',#5858,#5859);
#5858 = CARTESIAN_POINT('',(36.625000000004,8.985013564261,
    -8.437500000004));
#5859 = VECTOR('',#5860,1.);
#5860 = DIRECTION('',(0.,0.866025403784,-0.5));
#5861 = PCURVE('',#2184,#5862);
#5862 = DEFINITIONAL_REPRESENTATION('',(#5863),#5867);
#5863 = LINE('',#5864,#5865);
#5864 = CARTESIAN_POINT('',(0.,0.));
#5865 = VECTOR('',#5866,1.);
#5866 = DIRECTION('',(0.,-1.));
#5867 = ( GEOMETRIC_REPRESENTATION_CONTEXT(2) 
PARAMETRIC_REPRESENTATION_CONTEXT() REPRESENTATION_CONTEXT('2D SPACE',''
  ) );
#5868 = PCURVE('',#5869,#5874);
#5869 = PLANE('',#5870);
#5870 = AXIS2_PLACEMENT_3D('',#5871,#5872,#5873);
#5871 = CARTESIAN_POINT('',(38.25,10.392304845413,-6.));
#5872 = DIRECTION('',(-0.866025403785,0.249999999999,0.433012701891));
#5873 = DIRECTION('',(-0.499999999998,-0.433012701893,-0.750000000001));
#5874 = DEFINITIONAL_REPRESENTATION('',(#5875),#5879);
#5875 = LINE('',#5876,#5877);
#5876 = CARTESIAN_POINT('',(3.250000000002,0.));
#5877 = VECTOR('',#5878,1.);
#5878 = DIRECTION('',(0.,-1.));
#5879 = ( GEOMETRIC_REPRESENTATION_CONTEXT(2) 
PARAMETRIC_REPRESENTATION_CONTEXT() REPRESENTATION_CONTEXT('2D SPACE',''
  ) );
#5880 = ORIENTED_EDGE('',*,*,#5881,.T.);
#5881 = EDGE_CURVE('',#5854,#5882,#5884,.T.);
#5882 = VERTEX_POINT('',#5883);
#5883 = CARTESIAN_POINT('',(33.375000000003,12.4491151794,-10.4375));
#5884 = SURFACE_CURVE('',#5885,(#5889,#5896),.PCURVE_S1.);
#5885 = LINE('',#5886,#5887);
#5886 = CARTESIAN_POINT('',(36.625000000004,12.449115179399,-10.4375));
#5887 = VECTOR('',#5888,1.);
#5888 = DIRECTION('',(-1.,4.08085E-13,7.068239538067E-13));
#5889 = PCURVE('',#2184,#5890);
#5890 = DEFINITIONAL_REPRESENTATION('',(#5891),#5895);
#5891 = LINE('',#5892,#5893);
#5892 = CARTESIAN_POINT('',(0.,-4.));
#5893 = VECTOR('',#5894,1.);
#5894 = DIRECTION('',(1.,-0.));
#5895 = ( GEOMETRIC_REPRESENTATION_CONTEXT(2) 
PARAMETRIC_REPRESENTATION_CONTEXT() REPRESENTATION_CONTEXT('2D SPACE',''
  ) );
#5896 = PCURVE('',#5897,#5902);
#5897 = PLANE('',#5898);
#5898 = AXIS2_PLACEMENT_3D('',#5899,#5900,#5901);
#5899 = CARTESIAN_POINT('',(35.000000000001,13.85640646055,
    -8.000000000001));
#5900 = DIRECTION('',(0.,0.866025403784,-0.5));
#5901 = DIRECTION('',(1.,0.,0.));
#5902 = DEFINITIONAL_REPRESENTATION('',(#5903),#5907);
#5903 = LINE('',#5904,#5905);
#5904 = CARTESIAN_POINT('',(1.625000000004,2.814582562303));
#5905 = VECTOR('',#5906,1.);
#5906 = DIRECTION('',(-1.,-8.1617E-13));
#5907 = ( GEOMETRIC_REPRESENTATION_CONTEXT(2) 
PARAMETRIC_REPRESENTATION_CONTEXT() REPRESENTATION_CONTEXT('2D SPACE',''
  ) );
#5908 = ORIENTED_EDGE('',*,*,#5909,.F.);
#5909 = EDGE_CURVE('',#2141,#5882,#5910,.T.);
#5910 = SURFACE_CURVE('',#5911,(#5915,#5922),.PCURVE_S1.);
#5911 = LINE('',#5912,#5913);
#5912 = CARTESIAN_POINT('',(33.375000000003,8.985013564262,
    -8.437500000002));
#5913 = VECTOR('',#5914,1.);
#5914 = DIRECTION('',(0.,0.866025403784,-0.5));
#5915 = PCURVE('',#2184,#5916);
#5916 = DEFINITIONAL_REPRESENTATION('',(#5917),#5921);
#5917 = LINE('',#5918,#5919);
#5918 = CARTESIAN_POINT('',(3.250000000001,-0.));
#5919 = VECTOR('',#5920,1.);
#5920 = DIRECTION('',(0.,-1.));
#5921 = ( GEOMETRIC_REPRESENTATION_CONTEXT(2) 
PARAMETRIC_REPRESENTATION_CONTEXT() REPRESENTATION_CONTEXT('2D SPACE',''
  ) );
#5922 = PCURVE('',#2156,#5923);
#5923 = DEFINITIONAL_REPRESENTATION('',(#5924),#5928);
#5924 = LINE('',#5925,#5926);
#5925 = CARTESIAN_POINT('',(3.845925372765E-16,0.));
#5926 = VECTOR('',#5927,1.);
#5927 = DIRECTION('',(0.,-1.));
#5928 = ( GEOMETRIC_REPRESENTATION_CONTEXT(2) 
PARAMETRIC_REPRESENTATION_CONTEXT() REPRESENTATION_CONTEXT('2D SPACE',''
  ) );
#5929 = ORIENTED_EDGE('',*,*,#2168,.F.);
#5930 = ORIENTED_EDGE('',*,*,#5800,.F.);
#5931 = ADVANCED_FACE('',(#5932),#2156,.T.);
#5932 = FACE_BOUND('',#5933,.T.);
#5933 = EDGE_LOOP('',(#5934,#5935,#5936,#5959));
#5934 = ORIENTED_EDGE('',*,*,#2140,.F.);
#5935 = ORIENTED_EDGE('',*,*,#5909,.T.);
#5936 = ORIENTED_EDGE('',*,*,#5937,.T.);
#5937 = EDGE_CURVE('',#5882,#5938,#5940,.T.);
#5938 = VERTEX_POINT('',#5939);
#5939 = CARTESIAN_POINT('',(31.749999999999,13.85640646055,
    -8.000000000002));
#5940 = SURFACE_CURVE('',#5941,(#5945,#5952),.PCURVE_S1.);
#5941 = LINE('',#5942,#5943);
#5942 = CARTESIAN_POINT('',(33.375000000003,12.4491151794,-10.4375));
#5943 = VECTOR('',#5944,1.);
#5944 = DIRECTION('',(-0.500000000001,0.433012701892,0.75));
#5945 = PCURVE('',#2156,#5946);
#5946 = DEFINITIONAL_REPRESENTATION('',(#5947),#5951);
#5947 = LINE('',#5948,#5949);
#5948 = CARTESIAN_POINT('',(0.,-4.));
#5949 = VECTOR('',#5950,1.);
#5950 = DIRECTION('',(1.,-0.));
#5951 = ( GEOMETRIC_REPRESENTATION_CONTEXT(2) 
PARAMETRIC_REPRESENTATION_CONTEXT() REPRESENTATION_CONTEXT('2D SPACE',''
  ) );
#5952 = PCURVE('',#5897,#5953);
#5953 = DEFINITIONAL_REPRESENTATION('',(#5954),#5958);
#5954 = LINE('',#5955,#5956);
#5955 = CARTESIAN_POINT('',(-1.624999999998,2.8145825623));
#5956 = VECTOR('',#5957,1.);
#5957 = DIRECTION('',(-0.500000000001,-0.866025403784));
#5958 = ( GEOMETRIC_REPRESENTATION_CONTEXT(2) 
PARAMETRIC_REPRESENTATION_CONTEXT() REPRESENTATION_CONTEXT('2D SPACE',''
  ) );
#5959 = ORIENTED_EDGE('',*,*,#5960,.F.);
#5960 = EDGE_CURVE('',#2113,#5938,#5961,.T.);
#5961 = SURFACE_CURVE('',#5962,(#5966,#5973),.PCURVE_S1.);
#5962 = LINE('',#5963,#5964);
#5963 = CARTESIAN_POINT('',(31.749999999999,10.392304845412,
    -6.000000000002));
#5964 = VECTOR('',#5965,1.);
#5965 = DIRECTION('',(0.,0.866025403784,-0.5));
#5966 = PCURVE('',#2156,#5967);
#5967 = DEFINITIONAL_REPRESENTATION('',(#5968),#5972);
#5968 = LINE('',#5969,#5970);
#5969 = CARTESIAN_POINT('',(3.250000000002,-0.));
#5970 = VECTOR('',#5971,1.);
#5971 = DIRECTION('',(0.,-1.));
#5972 = ( GEOMETRIC_REPRESENTATION_CONTEXT(2) 
PARAMETRIC_REPRESENTATION_CONTEXT() REPRESENTATION_CONTEXT('2D SPACE',''
  ) );
#5973 = PCURVE('',#2128,#5974);
#5974 = DEFINITIONAL_REPRESENTATION('',(#5975),#5979);
#5975 = LINE('',#5976,#5977);
#5976 = CARTESIAN_POINT('',(-2.533124306074E-16,0.));
#5977 = VECTOR('',#5978,1.);
#5978 = DIRECTION('',(0.,-1.));
#5979 = ( GEOMETRIC_REPRESENTATION_CONTEXT(2) 
PARAMETRIC_REPRESENTATION_CONTEXT() REPRESENTATION_CONTEXT('2D SPACE',''
  ) );
#5980 = ADVANCED_FACE('',(#5981),#2128,.T.);
#5981 = FACE_BOUND('',#5982,.T.);
#5982 = EDGE_LOOP('',(#5983,#5984,#5985,#6008));
#5983 = ORIENTED_EDGE('',*,*,#2112,.F.);
#5984 = ORIENTED_EDGE('',*,*,#5960,.T.);
#5985 = ORIENTED_EDGE('',*,*,#5986,.T.);
#5986 = EDGE_CURVE('',#5938,#5987,#5989,.T.);
#5987 = VERTEX_POINT('',#5988);
#5988 = CARTESIAN_POINT('',(33.374999999998,15.263697741701,-5.5625));
#5989 = SURFACE_CURVE('',#5990,(#5994,#6001),.PCURVE_S1.);
#5990 = LINE('',#5991,#5992);
#5991 = CARTESIAN_POINT('',(31.749999999999,13.85640646055,
    -8.000000000002));
#5992 = VECTOR('',#5993,1.);
#5993 = DIRECTION('',(0.499999999999,0.433012701892,0.75));
#5994 = PCURVE('',#2128,#5995);
#5995 = DEFINITIONAL_REPRESENTATION('',(#5996),#6000);
#5996 = LINE('',#5997,#5998);
#5997 = CARTESIAN_POINT('',(0.,-4.));
#5998 = VECTOR('',#5999,1.);
#5999 = DIRECTION('',(1.,0.));
#6000 = ( GEOMETRIC_REPRESENTATION_CONTEXT(2) 
PARAMETRIC_REPRESENTATION_CONTEXT() REPRESENTATION_CONTEXT('2D SPACE',''
  ) );
#6001 = PCURVE('',#5897,#6002);
#6002 = DEFINITIONAL_REPRESENTATION('',(#6003),#6007);
#6003 = LINE('',#6004,#6005);
#6004 = CARTESIAN_POINT('',(-3.250000000001,1.001268379295E-12));
#6005 = VECTOR('',#6006,1.);
#6006 = DIRECTION('',(0.499999999999,-0.866025403785));
#6007 = ( GEOMETRIC_REPRESENTATION_CONTEXT(2) 
PARAMETRIC_REPRESENTATION_CONTEXT() REPRESENTATION_CONTEXT('2D SPACE',''
  ) );
#6008 = ORIENTED_EDGE('',*,*,#6009,.F.);
#6009 = EDGE_CURVE('',#2085,#5987,#6010,.T.);
#6010 = SURFACE_CURVE('',#6011,(#6015,#6022),.PCURVE_S1.);
#6011 = LINE('',#6012,#6013);
#6012 = CARTESIAN_POINT('',(33.374999999998,11.799596126563,-3.5625));
#6013 = VECTOR('',#6014,1.);
#6014 = DIRECTION('',(0.,0.866025403784,-0.5));
#6015 = PCURVE('',#2128,#6016);
#6016 = DEFINITIONAL_REPRESENTATION('',(#6017),#6021);
#6017 = LINE('',#6018,#6019);
#6018 = CARTESIAN_POINT('',(3.250000000001,0.));
#6019 = VECTOR('',#6020,1.);
#6020 = DIRECTION('',(0.,-1.));
#6021 = ( GEOMETRIC_REPRESENTATION_CONTEXT(2) 
PARAMETRIC_REPRESENTATION_CONTEXT() REPRESENTATION_CONTEXT('2D SPACE',''
  ) );
#6022 = PCURVE('',#2100,#6023);
#6023 = DEFINITIONAL_REPRESENTATION('',(#6024),#6028);
#6024 = LINE('',#6025,#6026);
#6025 = CARTESIAN_POINT('',(0.,0.));
#6026 = VECTOR('',#6027,1.);
#6027 = DIRECTION('',(0.,-1.));
#6028 = ( GEOMETRIC_REPRESENTATION_CONTEXT(2) 
PARAMETRIC_REPRESENTATION_CONTEXT() REPRESENTATION_CONTEXT('2D SPACE',''
  ) );
#6029 = ADVANCED_FACE('',(#6030),#2100,.T.);
#6030 = FACE_BOUND('',#6031,.T.);
#6031 = EDGE_LOOP('',(#6032,#6033,#6034,#6057,#6085,#6106));
#6032 = ORIENTED_EDGE('',*,*,#2084,.F.);
#6033 = ORIENTED_EDGE('',*,*,#6009,.T.);
#6034 = ORIENTED_EDGE('',*,*,#6035,.T.);
#6035 = EDGE_CURVE('',#5987,#6036,#6038,.T.);
#6036 = VERTEX_POINT('',#6037);
#6037 = CARTESIAN_POINT('',(36.625,15.263697741701,-5.562499999999));
#6038 = SURFACE_CURVE('',#6039,(#6043,#6050),.PCURVE_S1.);
#6039 = LINE('',#6040,#6041);
#6040 = CARTESIAN_POINT('',(33.374999999998,15.263697741701,-5.5625));
#6041 = VECTOR('',#6042,1.);
#6042 = DIRECTION('',(1.,2.03665E-13,3.527581277235E-13));
#6043 = PCURVE('',#2100,#6044);
#6044 = DEFINITIONAL_REPRESENTATION('',(#6045),#6049);
#6045 = LINE('',#6046,#6047);
#6046 = CARTESIAN_POINT('',(0.,-4.));
#6047 = VECTOR('',#6048,1.);
#6048 = DIRECTION('',(1.,0.));
#6049 = ( GEOMETRIC_REPRESENTATION_CONTEXT(2) 
PARAMETRIC_REPRESENTATION_CONTEXT() REPRESENTATION_CONTEXT('2D SPACE',''
  ) );
#6050 = PCURVE('',#5897,#6051);
#6051 = DEFINITIONAL_REPRESENTATION('',(#6052),#6056);
#6052 = LINE('',#6053,#6054);
#6053 = CARTESIAN_POINT('',(-1.625000000003,-2.814582562301));
#6054 = VECTOR('',#6055,1.);
#6055 = DIRECTION('',(1.,-4.0733E-13));
#6056 = ( GEOMETRIC_REPRESENTATION_CONTEXT(2) 
PARAMETRIC_REPRESENTATION_CONTEXT() REPRESENTATION_CONTEXT('2D SPACE',''
  ) );
#6057 = ORIENTED_EDGE('',*,*,#6058,.F.);
#6058 = EDGE_CURVE('',#6059,#6036,#6061,.T.);
#6059 = VERTEX_POINT('',#6060);
#6060 = CARTESIAN_POINT('',(36.625,11.799596126563,-3.562499999999));
#6061 = SURFACE_CURVE('',#6062,(#6066,#6073),.PCURVE_S1.);
#6062 = LINE('',#6063,#6064);
#6063 = CARTESIAN_POINT('',(36.625,11.799596126563,-3.562499999999));
#6064 = VECTOR('',#6065,1.);
#6065 = DIRECTION('',(0.,0.866025403784,-0.5));
#6066 = PCURVE('',#2100,#6067);
#6067 = DEFINITIONAL_REPRESENTATION('',(#6068),#6072);
#6068 = LINE('',#6069,#6070);
#6069 = CARTESIAN_POINT('',(3.250000000002,0.));
#6070 = VECTOR('',#6071,1.);
#6071 = DIRECTION('',(0.,-1.));
#6072 = ( GEOMETRIC_REPRESENTATION_CONTEXT(2) 
PARAMETRIC_REPRESENTATION_CONTEXT() REPRESENTATION_CONTEXT('2D SPACE',''
  ) );
#6073 = PCURVE('',#6074,#6079);
#6074 = PLANE('',#6075);
#6075 = AXIS2_PLACEMENT_3D('',#6076,#6077,#6078);
#6076 = CARTESIAN_POINT('',(36.625,11.799596126563,-3.562499999999));
#6077 = DIRECTION('',(-0.866025403784,-0.25,-0.433012701892));
#6078 = DIRECTION('',(0.5,-0.433012701892,-0.75));
#6079 = DEFINITIONAL_REPRESENTATION('',(#6080),#6084);
#6080 = LINE('',#6081,#6082);
#6081 = CARTESIAN_POINT('',(-3.845925372767E-16,0.));
#6082 = VECTOR('',#6083,1.);
#6083 = DIRECTION('',(0.,-1.));
#6084 = ( GEOMETRIC_REPRESENTATION_CONTEXT(2) 
PARAMETRIC_REPRESENTATION_CONTEXT() REPRESENTATION_CONTEXT('2D SPACE',''
  ) );
#6085 = ORIENTED_EDGE('',*,*,#6086,.F.);
#6086 = EDGE_CURVE('',#2445,#6059,#6087,.T.);
#6087 = SURFACE_CURVE('',#6088,(#6092,#6099),.PCURVE_S1.);
#6088 = LINE('',#6089,#6090);
#6089 = CARTESIAN_POINT('',(33.374999999998,11.799596126563,-3.5625));
#6090 = VECTOR('',#6091,1.);
#6091 = DIRECTION('',(1.,2.03665E-13,3.527581277235E-13));
#6092 = PCURVE('',#2100,#6093);
#6093 = DEFINITIONAL_REPRESENTATION('',(#6094),#6098);
#6094 = LINE('',#6095,#6096);
#6095 = CARTESIAN_POINT('',(0.,0.));
#6096 = VECTOR('',#6097,1.);
#6097 = DIRECTION('',(1.,0.));
#6098 = ( GEOMETRIC_REPRESENTATION_CONTEXT(2) 
PARAMETRIC_REPRESENTATION_CONTEXT() REPRESENTATION_CONTEXT('2D SPACE',''
  ) );
#6099 = PCURVE('',#5841,#6100);
#6100 = DEFINITIONAL_REPRESENTATION('',(#6101),#6105);
#6101 = LINE('',#6102,#6103);
#6102 = CARTESIAN_POINT('',(-1.625000000003,-2.814582562301));
#6103 = VECTOR('',#6104,1.);
#6104 = DIRECTION('',(1.,-4.0733E-13));
#6105 = ( GEOMETRIC_REPRESENTATION_CONTEXT(2) 
PARAMETRIC_REPRESENTATION_CONTEXT() REPRESENTATION_CONTEXT('2D SPACE',''
  ) );
#6106 = ORIENTED_EDGE('',*,*,#6107,.F.);
#6107 = EDGE_CURVE('',#2057,#2445,#6108,.T.);
#6108 = SURFACE_CURVE('',#6109,(#6113,#6120),.PCURVE_S1.);
#6109 = LINE('',#6110,#6111);
#6110 = CARTESIAN_POINT('',(34.,12.405813909212,-3.9125));
#6111 = VECTOR('',#6112,1.);
#6112 = DIRECTION('',(0.,-0.866025403784,0.5));
#6113 = PCURVE('',#2100,#6114);
#6114 = DEFINITIONAL_REPRESENTATION('',(#6115),#6119);
#6115 = LINE('',#6116,#6117);
#6116 = CARTESIAN_POINT('',(0.625000000002,-0.7));
#6117 = VECTOR('',#6118,1.);
#6118 = DIRECTION('',(0.,1.));
#6119 = ( GEOMETRIC_REPRESENTATION_CONTEXT(2) 
PARAMETRIC_REPRESENTATION_CONTEXT() REPRESENTATION_CONTEXT('2D SPACE',''
  ) );
#6120 = PCURVE('',#2072,#6121);
#6121 = DEFINITIONAL_REPRESENTATION('',(#6122),#6126);
#6122 = LINE('',#6123,#6124);
#6123 = CARTESIAN_POINT('',(-0.7,2.814582562299));
#6124 = VECTOR('',#6125,1.);
#6125 = DIRECTION('',(-1.,0.));
#6126 = ( GEOMETRIC_REPRESENTATION_CONTEXT(2) 
PARAMETRIC_REPRESENTATION_CONTEXT() REPRESENTATION_CONTEXT('2D SPACE',''
  ) );
#6127 = ADVANCED_FACE('',(#6128),#2044,.F.);
#6128 = FACE_BOUND('',#6129,.F.);
#6129 = EDGE_LOOP('',(#6130,#6131,#6152,#6153));
#6130 = ORIENTED_EDGE('',*,*,#2274,.T.);
#6131 = ORIENTED_EDGE('',*,*,#6132,.T.);
#6132 = EDGE_CURVE('',#2277,#2029,#6133,.T.);
#6133 = SURFACE_CURVE('',#6134,(#6138,#6145),.PCURVE_S1.);
#6134 = LINE('',#6135,#6136);
#6135 = CARTESIAN_POINT('',(34.,11.892304845413,-3.401923788647));
#6136 = VECTOR('',#6137,1.);
#6137 = DIRECTION('',(0.,0.866025403784,-0.5));
#6138 = PCURVE('',#2044,#6139);
#6139 = DEFINITIONAL_REPRESENTATION('',(#6140),#6144);
#6140 = LINE('',#6141,#6142);
#6141 = CARTESIAN_POINT('',(0.,-4.));
#6142 = VECTOR('',#6143,1.);
#6143 = DIRECTION('',(1.,0.));
#6144 = ( GEOMETRIC_REPRESENTATION_CONTEXT(2) 
PARAMETRIC_REPRESENTATION_CONTEXT() REPRESENTATION_CONTEXT('2D SPACE',''
  ) );
#6145 = PCURVE('',#2072,#6146);
#6146 = DEFINITIONAL_REPRESENTATION('',(#6147),#6151);
#6147 = LINE('',#6148,#6149);
#6148 = CARTESIAN_POINT('',(-1.4,3.));
#6149 = VECTOR('',#6150,1.);
#6150 = DIRECTION('',(1.,0.));
#6151 = ( GEOMETRIC_REPRESENTATION_CONTEXT(2) 
PARAMETRIC_REPRESENTATION_CONTEXT() REPRESENTATION_CONTEXT('2D SPACE',''
  ) );
#6152 = ORIENTED_EDGE('',*,*,#2028,.F.);
#6153 = ORIENTED_EDGE('',*,*,#2494,.F.);
#6154 = ADVANCED_FACE('',(#6155),#2072,.F.);
#6155 = FACE_BOUND('',#6156,.F.);
#6156 = EDGE_LOOP('',(#6157,#6158,#6159,#6160));
#6157 = ORIENTED_EDGE('',*,*,#6107,.F.);
#6158 = ORIENTED_EDGE('',*,*,#2056,.F.);
#6159 = ORIENTED_EDGE('',*,*,#6132,.F.);
#6160 = ORIENTED_EDGE('',*,*,#2467,.F.);
#6161 = ADVANCED_FACE('',(#6162),#2386,.T.);
#6162 = FACE_BOUND('',#6163,.T.);
#6163 = EDGE_LOOP('',(#6164,#6187,#6188,#6189,#6190,#6191,#6214));
#6164 = ORIENTED_EDGE('',*,*,#6165,.F.);
#6165 = EDGE_CURVE('',#2348,#6166,#6168,.T.);
#6166 = VERTEX_POINT('',#6167);
#6167 = CARTESIAN_POINT('',(34.,9.526279441629,-7.5));
#6168 = SURFACE_CURVE('',#6169,(#6173,#6180),.PCURVE_S1.);
#6169 = LINE('',#6170,#6171);
#6170 = CARTESIAN_POINT('',(34.,8.892304845413,-8.598076211353));
#6171 = VECTOR('',#6172,1.);
#6172 = DIRECTION('',(0.,0.5,0.866025403784));
#6173 = PCURVE('',#2386,#6174);
#6174 = DEFINITIONAL_REPRESENTATION('',(#6175),#6179);
#6175 = LINE('',#6176,#6177);
#6176 = CARTESIAN_POINT('',(-1.000000000001,2.999999999998));
#6177 = VECTOR('',#6178,1.);
#6178 = DIRECTION('',(0.,-1.));
#6179 = ( GEOMETRIC_REPRESENTATION_CONTEXT(2) 
PARAMETRIC_REPRESENTATION_CONTEXT() REPRESENTATION_CONTEXT('2D SPACE',''
  ) );
#6180 = PCURVE('',#5841,#6181);
#6181 = DEFINITIONAL_REPRESENTATION('',(#6182),#6186);
#6182 = LINE('',#6183,#6184);
#6183 = CARTESIAN_POINT('',(-1.000000000001,2.999999999998));
#6184 = VECTOR('',#6185,1.);
#6185 = DIRECTION('',(0.,-1.));
#6186 = ( GEOMETRIC_REPRESENTATION_CONTEXT(2) 
PARAMETRIC_REPRESENTATION_CONTEXT() REPRESENTATION_CONTEXT('2D SPACE',''
  ) );
#6187 = ORIENTED_EDGE('',*,*,#2370,.T.);
#6188 = ORIENTED_EDGE('',*,*,#2398,.T.);
#6189 = ORIENTED_EDGE('',*,*,#2421,.T.);
#6190 = ORIENTED_EDGE('',*,*,#2444,.T.);
#6191 = ORIENTED_EDGE('',*,*,#6192,.F.);
#6192 = EDGE_CURVE('',#6193,#2445,#6195,.T.);
#6193 = VERTEX_POINT('',#6194);
#6194 = CARTESIAN_POINT('',(34.,11.258330249198,-4.5));
#6195 = SURFACE_CURVE('',#6196,(#6200,#6207),.PCURVE_S1.);
#6196 = LINE('',#6197,#6198);
#6197 = CARTESIAN_POINT('',(34.,8.892304845413,-8.598076211353));
#6198 = VECTOR('',#6199,1.);
#6199 = DIRECTION('',(0.,0.5,0.866025403784));
#6200 = PCURVE('',#2386,#6201);
#6201 = DEFINITIONAL_REPRESENTATION('',(#6202),#6206);
#6202 = LINE('',#6203,#6204);
#6203 = CARTESIAN_POINT('',(-1.000000000001,2.999999999998));
#6204 = VECTOR('',#6205,1.);
#6205 = DIRECTION('',(0.,-1.));
#6206 = ( GEOMETRIC_REPRESENTATION_CONTEXT(2) 
PARAMETRIC_REPRESENTATION_CONTEXT() REPRESENTATION_CONTEXT('2D SPACE',''
  ) );
#6207 = PCURVE('',#5841,#6208);
#6208 = DEFINITIONAL_REPRESENTATION('',(#6209),#6213);
#6209 = LINE('',#6210,#6211);
#6210 = CARTESIAN_POINT('',(-1.000000000001,2.999999999998));
#6211 = VECTOR('',#6212,1.);
#6212 = DIRECTION('',(0.,-1.));
#6213 = ( GEOMETRIC_REPRESENTATION_CONTEXT(2) 
PARAMETRIC_REPRESENTATION_CONTEXT() REPRESENTATION_CONTEXT('2D SPACE',''
  ) );
#6214 = ORIENTED_EDGE('',*,*,#6215,.T.);
#6215 = EDGE_CURVE('',#6193,#6166,#6216,.T.);
#6216 = SURFACE_CURVE('',#6217,(#6222,#6233),.PCURVE_S1.);
#6217 = CIRCLE('',#6218,2.);
#6218 = AXIS2_PLACEMENT_3D('',#6219,#6220,#6221);
#6219 = CARTESIAN_POINT('',(35.,10.392304845413,-6.));
#6220 = DIRECTION('',(0.,-0.866025403784,0.5));
#6221 = DIRECTION('',(1.,0.,0.));
#6222 = PCURVE('',#2386,#6223);
#6223 = DEFINITIONAL_REPRESENTATION('',(#6224),#6232);
#6224 = ( BOUNDED_CURVE() B_SPLINE_CURVE(2,(#6225,#6226,#6227,#6228,
#6229,#6230,#6231),.UNSPECIFIED.,.T.,.F.) B_SPLINE_CURVE_WITH_KNOTS((1,2
    ,2,2,2,1),(-2.094395102393,0.,2.094395102393,4.188790204786,
6.28318530718,8.377580409573),.UNSPECIFIED.) CURVE() 
GEOMETRIC_REPRESENTATION_ITEM() RATIONAL_B_SPLINE_CURVE((1.,0.5,1.,0.5,
1.,0.5,1.)) REPRESENTATION_ITEM('') );
#6225 = CARTESIAN_POINT('',(1.999999999999,-1.708117977545E-12));
#6226 = CARTESIAN_POINT('',(1.999999999999,-3.464101615139));
#6227 = CARTESIAN_POINT('',(-1.000000000001,-1.732050807571));
#6228 = CARTESIAN_POINT('',(-4.000000000001,-1.708607836264E-12));
#6229 = CARTESIAN_POINT('',(-1.000000000001,1.732050807567));
#6230 = CARTESIAN_POINT('',(1.999999999999,3.464101615136));
#6231 = CARTESIAN_POINT('',(1.999999999999,-1.708117977545E-12));
#6232 = ( GEOMETRIC_REPRESENTATION_CONTEXT(2) 
PARAMETRIC_REPRESENTATION_CONTEXT() REPRESENTATION_CONTEXT('2D SPACE',''
  ) );
#6233 = PCURVE('',#6234,#6239);
#6234 = CYLINDRICAL_SURFACE('',#6235,2.);
#6235 = AXIS2_PLACEMENT_3D('',#6236,#6237,#6238);
#6236 = CARTESIAN_POINT('',(35.,21.997045256125,-12.7));
#6237 = DIRECTION('',(-0.,-0.866025403784,0.5));
#6238 = DIRECTION('',(1.,0.,0.));
#6239 = DEFINITIONAL_REPRESENTATION('',(#6240),#6244);
#6240 = LINE('',#6241,#6242);
#6241 = CARTESIAN_POINT('',(-6.28318530718,13.4));
#6242 = VECTOR('',#6243,1.);
#6243 = DIRECTION('',(1.,-0.));
#6244 = ( GEOMETRIC_REPRESENTATION_CONTEXT(2) 
PARAMETRIC_REPRESENTATION_CONTEXT() REPRESENTATION_CONTEXT('2D SPACE',''
  ) );
#6245 = ADVANCED_FACE('',(#6246),#2588,.T.);
#6246 = FACE_BOUND('',#6247,.T.);
#6247 = EDGE_LOOP('',(#6248,#6271,#6292,#6293,#6294,#6322,#6348,#6349));
#6248 = ORIENTED_EDGE('',*,*,#6249,.T.);
#6249 = EDGE_CURVE('',#2806,#6250,#6252,.T.);
#6250 = VERTEX_POINT('',#6251);
#6251 = CARTESIAN_POINT('',(38.25,0.,12.));
#6252 = SURFACE_CURVE('',#6253,(#6257,#6264),.PCURVE_S1.);
#6253 = LINE('',#6254,#6255);
#6254 = CARTESIAN_POINT('',(36.625,-2.8145825623,12.));
#6255 = VECTOR('',#6256,1.);
#6256 = DIRECTION('',(0.5,0.866025403784,0.));
#6257 = PCURVE('',#2588,#6258);
#6258 = DEFINITIONAL_REPRESENTATION('',(#6259),#6263);
#6259 = LINE('',#6260,#6261);
#6260 = CARTESIAN_POINT('',(1.624999999999,-2.814582562302));
#6261 = VECTOR('',#6262,1.);
#6262 = DIRECTION('',(0.5,0.866025403784));
#6263 = ( GEOMETRIC_REPRESENTATION_CONTEXT(2) 
PARAMETRIC_REPRESENTATION_CONTEXT() REPRESENTATION_CONTEXT('2D SPACE',''
  ) );
#6264 = PCURVE('',#2821,#6265);
#6265 = DEFINITIONAL_REPRESENTATION('',(#6266),#6270);
#6266 = LINE('',#6267,#6268);
#6267 = CARTESIAN_POINT('',(0.,0.));
#6268 = VECTOR('',#6269,1.);
#6269 = DIRECTION('',(1.,0.));
#6270 = ( GEOMETRIC_REPRESENTATION_CONTEXT(2) 
PARAMETRIC_REPRESENTATION_CONTEXT() REPRESENTATION_CONTEXT('2D SPACE',''
  ) );
#6271 = ORIENTED_EDGE('',*,*,#6272,.T.);
#6272 = EDGE_CURVE('',#6250,#2573,#6273,.T.);
#6273 = SURFACE_CURVE('',#6274,(#6278,#6285),.PCURVE_S1.);
#6274 = LINE('',#6275,#6276);
#6275 = CARTESIAN_POINT('',(38.25,0.,12.));
#6276 = VECTOR('',#6277,1.);
#6277 = DIRECTION('',(-0.499999999998,0.866025403785,0.));
#6278 = PCURVE('',#2588,#6279);
#6279 = DEFINITIONAL_REPRESENTATION('',(#6280),#6284);
#6280 = LINE('',#6281,#6282);
#6281 = CARTESIAN_POINT('',(3.249999999999,-1.706341620705E-12));
#6282 = VECTOR('',#6283,1.);
#6283 = DIRECTION('',(-0.499999999998,0.866025403785));
#6284 = ( GEOMETRIC_REPRESENTATION_CONTEXT(2) 
PARAMETRIC_REPRESENTATION_CONTEXT() REPRESENTATION_CONTEXT('2D SPACE',''
  ) );
#6285 = PCURVE('',#2616,#6286);
#6286 = DEFINITIONAL_REPRESENTATION('',(#6287),#6291);
#6287 = LINE('',#6288,#6289);
#6288 = CARTESIAN_POINT('',(0.,0.));
#6289 = VECTOR('',#6290,1.);
#6290 = DIRECTION('',(1.,0.));
#6291 = ( GEOMETRIC_REPRESENTATION_CONTEXT(2) 
PARAMETRIC_REPRESENTATION_CONTEXT() REPRESENTATION_CONTEXT('2D SPACE',''
  ) );
#6292 = ORIENTED_EDGE('',*,*,#2572,.T.);
#6293 = ORIENTED_EDGE('',*,*,#2912,.T.);
#6294 = ORIENTED_EDGE('',*,*,#6295,.T.);
#6295 = EDGE_CURVE('',#2913,#6296,#6298,.T.);
#6296 = VERTEX_POINT('',#6297);
#6297 = CARTESIAN_POINT('',(37.,0.,12.));
#6298 = SURFACE_CURVE('',#6299,(#6304,#6315),.PCURVE_S1.);
#6299 = CIRCLE('',#6300,2.);
#6300 = AXIS2_PLACEMENT_3D('',#6301,#6302,#6303);
#6301 = CARTESIAN_POINT('',(35.,0.,12.));
#6302 = DIRECTION('',(0.,0.,-1.));
#6303 = DIRECTION('',(1.,0.,0.));
#6304 = PCURVE('',#2588,#6305);
#6305 = DEFINITIONAL_REPRESENTATION('',(#6306),#6314);
#6306 = ( BOUNDED_CURVE() B_SPLINE_CURVE(2,(#6307,#6308,#6309,#6310,
#6311,#6312,#6313),.UNSPECIFIED.,.T.,.F.) B_SPLINE_CURVE_WITH_KNOTS((1,2
    ,2,2,2,1),(-2.094395102393,0.,2.094395102393,4.188790204786,
6.28318530718,8.377580409573),.UNSPECIFIED.) CURVE() 
GEOMETRIC_REPRESENTATION_ITEM() RATIONAL_B_SPLINE_CURVE((1.,0.5,1.,0.5,
1.,0.5,1.)) REPRESENTATION_ITEM('') );
#6307 = CARTESIAN_POINT('',(1.999999999999,-1.706341620705E-12));
#6308 = CARTESIAN_POINT('',(1.999999999999,-3.464101615139));
#6309 = CARTESIAN_POINT('',(-1.000000000001,-1.732050807571));
#6310 = CARTESIAN_POINT('',(-4.000000000001,-1.706831479425E-12));
#6311 = CARTESIAN_POINT('',(-1.000000000001,1.732050807567));
#6312 = CARTESIAN_POINT('',(1.999999999999,3.464101615136));
#6313 = CARTESIAN_POINT('',(1.999999999999,-1.706341620705E-12));
#6314 = ( GEOMETRIC_REPRESENTATION_CONTEXT(2) 
PARAMETRIC_REPRESENTATION_CONTEXT() REPRESENTATION_CONTEXT('2D SPACE',''
  ) );
#6315 = PCURVE('',#2981,#6316);
#6316 = DEFINITIONAL_REPRESENTATION('',(#6317),#6321);
#6317 = LINE('',#6318,#6319);
#6318 = CARTESIAN_POINT('',(-6.28318530718,13.4));
#6319 = VECTOR('',#6320,1.);
#6320 = DIRECTION('',(1.,-0.));
#6321 = ( GEOMETRIC_REPRESENTATION_CONTEXT(2) 
PARAMETRIC_REPRESENTATION_CONTEXT() REPRESENTATION_CONTEXT('2D SPACE',''
  ) );
#6322 = ORIENTED_EDGE('',*,*,#6323,.T.);
#6323 = EDGE_CURVE('',#6296,#2940,#6324,.T.);
#6324 = SURFACE_CURVE('',#6325,(#6330,#6341),.PCURVE_S1.);
#6325 = CIRCLE('',#6326,2.);
#6326 = AXIS2_PLACEMENT_3D('',#6327,#6328,#6329);
#6327 = CARTESIAN_POINT('',(35.,0.,12.));
#6328 = DIRECTION('',(0.,0.,-1.));
#6329 = DIRECTION('',(1.,0.,0.));
#6330 = PCURVE('',#2588,#6331);
#6331 = DEFINITIONAL_REPRESENTATION('',(#6332),#6340);
#6332 = ( BOUNDED_CURVE() B_SPLINE_CURVE(2,(#6333,#6334,#6335,#6336,
#6337,#6338,#6339),.UNSPECIFIED.,.T.,.F.) B_SPLINE_CURVE_WITH_KNOTS((1,2
    ,2,2,2,1),(-2.094395102393,0.,2.094395102393,4.188790204786,
6.28318530718,8.377580409573),.UNSPECIFIED.) CURVE() 
GEOMETRIC_REPRESENTATION_ITEM() RATIONAL_B_SPLINE_CURVE((1.,0.5,1.,0.5,
1.,0.5,1.)) REPRESENTATION_ITEM('') );
#6333 = CARTESIAN_POINT('',(1.999999999999,-1.706341620705E-12));
#6334 = CARTESIAN_POINT('',(1.999999999999,-3.464101615139));
#6335 = CARTESIAN_POINT('',(-1.000000000001,-1.732050807571));
#6336 = CARTESIAN_POINT('',(-4.000000000001,-1.706831479425E-12));
#6337 = CARTESIAN_POINT('',(-1.000000000001,1.732050807567));
#6338 = CARTESIAN_POINT('',(1.999999999999,3.464101615136));
#6339 = CARTESIAN_POINT('',(1.999999999999,-1.706341620705E-12));
#6340 = ( GEOMETRIC_REPRESENTATION_CONTEXT(2) 
PARAMETRIC_REPRESENTATION_CONTEXT() REPRESENTATION_CONTEXT('2D SPACE',''
  ) );
#6341 = PCURVE('',#2981,#6342);
#6342 = DEFINITIONAL_REPRESENTATION('',(#6343),#6347);
#6343 = LINE('',#6344,#6345);
#6344 = CARTESIAN_POINT('',(-6.28318530718,13.4));
#6345 = VECTOR('',#6346,1.);
#6346 = DIRECTION('',(1.,-0.));
#6347 = ( GEOMETRIC_REPRESENTATION_CONTEXT(2) 
PARAMETRIC_REPRESENTATION_CONTEXT() REPRESENTATION_CONTEXT('2D SPACE',''
  ) );
#6348 = ORIENTED_EDGE('',*,*,#2939,.T.);
#6349 = ORIENTED_EDGE('',*,*,#2833,.T.);
#6350 = ADVANCED_FACE('',(#6351,#6401),#2644,.F.);
#6351 = FACE_BOUND('',#6352,.F.);
#6352 = EDGE_LOOP('',(#6353,#6376,#6377,#6378,#6379,#6380));
#6353 = ORIENTED_EDGE('',*,*,#6354,.T.);
#6354 = EDGE_CURVE('',#6355,#2601,#6357,.T.);
#6355 = VERTEX_POINT('',#6356);
#6356 = CARTESIAN_POINT('',(38.25,0.,16.));
#6357 = SURFACE_CURVE('',#6358,(#6362,#6369),.PCURVE_S1.);
#6358 = LINE('',#6359,#6360);
#6359 = CARTESIAN_POINT('',(38.25,0.,16.));
#6360 = VECTOR('',#6361,1.);
#6361 = DIRECTION('',(-0.499999999998,0.866025403785,0.));
#6362 = PCURVE('',#2644,#6363);
#6363 = DEFINITIONAL_REPRESENTATION('',(#6364),#6368);
#6364 = LINE('',#6365,#6366);
#6365 = CARTESIAN_POINT('',(3.249999999999,-1.706341620705E-12));
#6366 = VECTOR('',#6367,1.);
#6367 = DIRECTION('',(-0.499999999998,0.866025403785));
#6368 = ( GEOMETRIC_REPRESENTATION_CONTEXT(2) 
PARAMETRIC_REPRESENTATION_CONTEXT() REPRESENTATION_CONTEXT('2D SPACE',''
  ) );
#6369 = PCURVE('',#2616,#6370);
#6370 = DEFINITIONAL_REPRESENTATION('',(#6371),#6375);
#6371 = LINE('',#6372,#6373);
#6372 = CARTESIAN_POINT('',(0.,-4.));
#6373 = VECTOR('',#6374,1.);
#6374 = DIRECTION('',(1.,0.));
#6375 = ( GEOMETRIC_REPRESENTATION_CONTEXT(2) 
PARAMETRIC_REPRESENTATION_CONTEXT() REPRESENTATION_CONTEXT('2D SPACE',''
  ) );
#6376 = ORIENTED_EDGE('',*,*,#2628,.T.);
#6377 = ORIENTED_EDGE('',*,*,#2684,.T.);
#6378 = ORIENTED_EDGE('',*,*,#2733,.T.);
#6379 = ORIENTED_EDGE('',*,*,#2782,.T.);
#6380 = ORIENTED_EDGE('',*,*,#6381,.T.);
#6381 = EDGE_CURVE('',#2783,#6355,#6382,.T.);
#6382 = SURFACE_CURVE('',#6383,(#6387,#6394),.PCURVE_S1.);
#6383 = LINE('',#6384,#6385);
#6384 = CARTESIAN_POINT('',(36.625,-2.8145825623,16.));
#6385 = VECTOR('',#6386,1.);
#6386 = DIRECTION('',(0.5,0.866025403784,0.));
#6387 = PCURVE('',#2644,#6388);
#6388 = DEFINITIONAL_REPRESENTATION('',(#6389),#6393);
#6389 = LINE('',#6390,#6391);
#6390 = CARTESIAN_POINT('',(1.624999999999,-2.814582562302));
#6391 = VECTOR('',#6392,1.);
#6392 = DIRECTION('',(0.5,0.866025403784));
#6393 = ( GEOMETRIC_REPRESENTATION_CONTEXT(2) 
PARAMETRIC_REPRESENTATION_CONTEXT() REPRESENTATION_CONTEXT('2D SPACE',''
  ) );
#6394 = PCURVE('',#2821,#6395);
#6395 = DEFINITIONAL_REPRESENTATION('',(#6396),#6400);
#6396 = LINE('',#6397,#6398);
#6397 = CARTESIAN_POINT('',(0.,-4.));
#6398 = VECTOR('',#6399,1.);
#6399 = DIRECTION('',(1.,0.));
#6400 = ( GEOMETRIC_REPRESENTATION_CONTEXT(2) 
PARAMETRIC_REPRESENTATION_CONTEXT() REPRESENTATION_CONTEXT('2D SPACE',''
  ) );
#6401 = FACE_BOUND('',#6402,.F.);
#6402 = EDGE_LOOP('',(#6403));
#6403 = ORIENTED_EDGE('',*,*,#6404,.T.);
#6404 = EDGE_CURVE('',#6405,#6405,#6407,.T.);
#6405 = VERTEX_POINT('',#6406);
#6406 = CARTESIAN_POINT('',(37.,0.,16.));
#6407 = SURFACE_CURVE('',#6408,(#6413,#6424),.PCURVE_S1.);
#6408 = CIRCLE('',#6409,2.);
#6409 = AXIS2_PLACEMENT_3D('',#6410,#6411,#6412);
#6410 = CARTESIAN_POINT('',(35.,0.,16.));
#6411 = DIRECTION('',(0.,0.,-1.));
#6412 = DIRECTION('',(1.,0.,0.));
#6413 = PCURVE('',#2644,#6414);
#6414 = DEFINITIONAL_REPRESENTATION('',(#6415),#6423);
#6415 = ( BOUNDED_CURVE() B_SPLINE_CURVE(2,(#6416,#6417,#6418,#6419,
#6420,#6421,#6422),.UNSPECIFIED.,.T.,.F.) B_SPLINE_CURVE_WITH_KNOTS((1,2
    ,2,2,2,1),(-2.094395102393,0.,2.094395102393,4.188790204786,
6.28318530718,8.377580409573),.UNSPECIFIED.) CURVE() 
GEOMETRIC_REPRESENTATION_ITEM() RATIONAL_B_SPLINE_CURVE((1.,0.5,1.,0.5,
1.,0.5,1.)) REPRESENTATION_ITEM('') );
#6416 = CARTESIAN_POINT('',(1.999999999999,-1.706341620705E-12));
#6417 = CARTESIAN_POINT('',(1.999999999999,-3.464101615139));
#6418 = CARTESIAN_POINT('',(-1.000000000001,-1.732050807571));
#6419 = CARTESIAN_POINT('',(-4.000000000001,-1.706831479425E-12));
#6420 = CARTESIAN_POINT('',(-1.000000000001,1.732050807567));
#6421 = CARTESIAN_POINT('',(1.999999999999,3.464101615136));
#6422 = CARTESIAN_POINT('',(1.999999999999,-1.706341620705E-12));
#6423 = ( GEOMETRIC_REPRESENTATION_CONTEXT(2) 
PARAMETRIC_REPRESENTATION_CONTEXT() REPRESENTATION_CONTEXT('2D SPACE',''
  ) );
#6424 = PCURVE('',#6425,#6430);
#6425 = CYLINDRICAL_SURFACE('',#6426,2.);
#6426 = AXIS2_PLACEMENT_3D('',#6427,#6428,#6429);
#6427 = CARTESIAN_POINT('',(35.,0.,25.4));
#6428 = DIRECTION('',(-0.,-0.,-1.));
#6429 = DIRECTION('',(1.,0.,0.));
#6430 = DEFINITIONAL_REPRESENTATION('',(#6431),#6435);
#6431 = LINE('',#6432,#6433);
#6432 = CARTESIAN_POINT('',(-6.28318530718,9.4));
#6433 = VECTOR('',#6434,1.);
#6434 = DIRECTION('',(1.,-0.));
#6435 = ( GEOMETRIC_REPRESENTATION_CONTEXT(2) 
PARAMETRIC_REPRESENTATION_CONTEXT() REPRESENTATION_CONTEXT('2D SPACE',''
  ) );
#6436 = ADVANCED_FACE('',(#6437),#2616,.T.);
#6437 = FACE_BOUND('',#6438,.T.);
#6438 = EDGE_LOOP('',(#6439,#6460,#6461,#6462));
#6439 = ORIENTED_EDGE('',*,*,#6440,.T.);
#6440 = EDGE_CURVE('',#6250,#6355,#6441,.T.);
#6441 = SURFACE_CURVE('',#6442,(#6446,#6453),.PCURVE_S1.);
#6442 = LINE('',#6443,#6444);
#6443 = CARTESIAN_POINT('',(38.25,0.,12.));
#6444 = VECTOR('',#6445,1.);
#6445 = DIRECTION('',(0.,0.,1.));
#6446 = PCURVE('',#2616,#6447);
#6447 = DEFINITIONAL_REPRESENTATION('',(#6448),#6452);
#6448 = LINE('',#6449,#6450);
#6449 = CARTESIAN_POINT('',(0.,0.));
#6450 = VECTOR('',#6451,1.);
#6451 = DIRECTION('',(0.,-1.));
#6452 = ( GEOMETRIC_REPRESENTATION_CONTEXT(2) 
PARAMETRIC_REPRESENTATION_CONTEXT() REPRESENTATION_CONTEXT('2D SPACE',''
  ) );
#6453 = PCURVE('',#2821,#6454);
#6454 = DEFINITIONAL_REPRESENTATION('',(#6455),#6459);
#6455 = LINE('',#6456,#6457);
#6456 = CARTESIAN_POINT('',(3.250000000001,0.));
#6457 = VECTOR('',#6458,1.);
#6458 = DIRECTION('',(0.,-1.));
#6459 = ( GEOMETRIC_REPRESENTATION_CONTEXT(2) 
PARAMETRIC_REPRESENTATION_CONTEXT() REPRESENTATION_CONTEXT('2D SPACE',''
  ) );
#6460 = ORIENTED_EDGE('',*,*,#6354,.T.);
#6461 = ORIENTED_EDGE('',*,*,#2600,.F.);
#6462 = ORIENTED_EDGE('',*,*,#6272,.F.);
#6463 = ADVANCED_FACE('',(#6464),#2821,.T.);
#6464 = FACE_BOUND('',#6465,.T.);
#6465 = EDGE_LOOP('',(#6466,#6467,#6468,#6469));
#6466 = ORIENTED_EDGE('',*,*,#2805,.T.);
#6467 = ORIENTED_EDGE('',*,*,#6381,.T.);
#6468 = ORIENTED_EDGE('',*,*,#6440,.F.);
#6469 = ORIENTED_EDGE('',*,*,#6249,.F.);
#6470 = ADVANCED_FACE('',(#6471),#2981,.F.);
#6471 = FACE_BOUND('',#6472,.T.);
#6472 = EDGE_LOOP('',(#6473,#6496,#6497,#6498,#6499,#6500));
#6473 = ORIENTED_EDGE('',*,*,#6474,.F.);
#6474 = EDGE_CURVE('',#6296,#6475,#6477,.T.);
#6475 = VERTEX_POINT('',#6476);
#6476 = CARTESIAN_POINT('',(37.,0.,10.));
#6477 = SEAM_CURVE('',#6478,(#6482,#6489),.PCURVE_S1.);
#6478 = LINE('',#6479,#6480);
#6479 = CARTESIAN_POINT('',(37.,0.,25.4));
#6480 = VECTOR('',#6481,1.);
#6481 = DIRECTION('',(-5.767392335715E-17,0.,-1.));
#6482 = PCURVE('',#2981,#6483);
#6483 = DEFINITIONAL_REPRESENTATION('',(#6484),#6488);
#6484 = LINE('',#6485,#6486);
#6485 = CARTESIAN_POINT('',(-0.,0.));
#6486 = VECTOR('',#6487,1.);
#6487 = DIRECTION('',(-0.,1.));
#6488 = ( GEOMETRIC_REPRESENTATION_CONTEXT(2) 
PARAMETRIC_REPRESENTATION_CONTEXT() REPRESENTATION_CONTEXT('2D SPACE',''
  ) );
#6489 = PCURVE('',#2981,#6490);
#6490 = DEFINITIONAL_REPRESENTATION('',(#6491),#6495);
#6491 = LINE('',#6492,#6493);
#6492 = CARTESIAN_POINT('',(-6.28318530718,0.));
#6493 = VECTOR('',#6494,1.);
#6494 = DIRECTION('',(-0.,1.));
#6495 = ( GEOMETRIC_REPRESENTATION_CONTEXT(2) 
PARAMETRIC_REPRESENTATION_CONTEXT() REPRESENTATION_CONTEXT('2D SPACE',''
  ) );
#6496 = ORIENTED_EDGE('',*,*,#6295,.F.);
#6497 = ORIENTED_EDGE('',*,*,#2962,.F.);
#6498 = ORIENTED_EDGE('',*,*,#6323,.F.);
#6499 = ORIENTED_EDGE('',*,*,#6474,.T.);
#6500 = ORIENTED_EDGE('',*,*,#6501,.F.);
#6501 = EDGE_CURVE('',#6475,#6475,#6502,.T.);
#6502 = SURFACE_CURVE('',#6503,(#6508,#6515),.PCURVE_S1.);
#6503 = CIRCLE('',#6504,2.);
#6504 = AXIS2_PLACEMENT_3D('',#6505,#6506,#6507);
#6505 = CARTESIAN_POINT('',(35.,0.,10.));
#6506 = DIRECTION('',(0.,0.,1.));
#6507 = DIRECTION('',(1.,0.,0.));
#6508 = PCURVE('',#2981,#6509);
#6509 = DEFINITIONAL_REPRESENTATION('',(#6510),#6514);
#6510 = LINE('',#6511,#6512);
#6511 = CARTESIAN_POINT('',(-0.,15.4));
#6512 = VECTOR('',#6513,1.);
#6513 = DIRECTION('',(-1.,0.));
#6514 = ( GEOMETRIC_REPRESENTATION_CONTEXT(2) 
PARAMETRIC_REPRESENTATION_CONTEXT() REPRESENTATION_CONTEXT('2D SPACE',''
  ) );
#6515 = PCURVE('',#3220,#6516);
#6516 = DEFINITIONAL_REPRESENTATION('',(#6517),#6521);
#6517 = LINE('',#6518,#6519);
#6518 = CARTESIAN_POINT('',(0.,-0.));
#6519 = VECTOR('',#6520,1.);
#6520 = DIRECTION('',(1.,-0.));
#6521 = ( GEOMETRIC_REPRESENTATION_CONTEXT(2) 
PARAMETRIC_REPRESENTATION_CONTEXT() REPRESENTATION_CONTEXT('2D SPACE',''
  ) );
#6522 = ADVANCED_FACE('',(#6523),#3034,.F.);
#6523 = FACE_BOUND('',#6524,.T.);
#6524 = EDGE_LOOP('',(#6525,#6548,#6575,#6576));
#6525 = ORIENTED_EDGE('',*,*,#6526,.F.);
#6526 = EDGE_CURVE('',#6527,#2997,#6529,.T.);
#6527 = VERTEX_POINT('',#6528);
#6528 = CARTESIAN_POINT('',(50.,10.2,0.));
#6529 = SEAM_CURVE('',#6530,(#6534,#6541),.PCURVE_S1.);
#6530 = LINE('',#6531,#6532);
#6531 = CARTESIAN_POINT('',(49.,9.2,0.));
#6532 = VECTOR('',#6533,1.);
#6533 = DIRECTION('',(-0.707106781187,-0.707106781187,0.));
#6534 = PCURVE('',#3034,#6535);
#6535 = DEFINITIONAL_REPRESENTATION('',(#6536),#6540);
#6536 = LINE('',#6537,#6538);
#6537 = CARTESIAN_POINT('',(0.,-0.));
#6538 = VECTOR('',#6539,1.);
#6539 = DIRECTION('',(0.,-1.));
#6540 = ( GEOMETRIC_REPRESENTATION_CONTEXT(2) 
PARAMETRIC_REPRESENTATION_CONTEXT() REPRESENTATION_CONTEXT('2D SPACE',''
  ) );
#6541 = PCURVE('',#3034,#6542);
#6542 = DEFINITIONAL_REPRESENTATION('',(#6543),#6547);
#6543 = LINE('',#6544,#6545);
#6544 = CARTESIAN_POINT('',(6.28318530718,-0.));
#6545 = VECTOR('',#6546,1.);
#6546 = DIRECTION('',(0.,-1.));
#6547 = ( GEOMETRIC_REPRESENTATION_CONTEXT(2) 
PARAMETRIC_REPRESENTATION_CONTEXT() REPRESENTATION_CONTEXT('2D SPACE',''
  ) );
#6548 = ORIENTED_EDGE('',*,*,#6549,.T.);
#6549 = EDGE_CURVE('',#6527,#6527,#6550,.T.);
#6550 = SURFACE_CURVE('',#6551,(#6556,#6563),.PCURVE_S1.);
#6551 = CIRCLE('',#6552,10.2);
#6552 = AXIS2_PLACEMENT_3D('',#6553,#6554,#6555);
#6553 = CARTESIAN_POINT('',(50.,0.,0.));
#6554 = DIRECTION('',(1.,0.,0.));
#6555 = DIRECTION('',(0.,1.,0.));
#6556 = PCURVE('',#3034,#6557);
#6557 = DEFINITIONAL_REPRESENTATION('',(#6558),#6562);
#6558 = LINE('',#6559,#6560);
#6559 = CARTESIAN_POINT('',(-0.,1.));
#6560 = VECTOR('',#6561,1.);
#6561 = DIRECTION('',(1.,-0.));
#6562 = ( GEOMETRIC_REPRESENTATION_CONTEXT(2) 
PARAMETRIC_REPRESENTATION_CONTEXT() REPRESENTATION_CONTEXT('2D SPACE',''
  ) );
#6563 = PCURVE('',#6564,#6569);
#6564 = PLANE('',#6565);
#6565 = AXIS2_PLACEMENT_3D('',#6566,#6567,#6568);
#6566 = CARTESIAN_POINT('',(50.,0.,0.));
#6567 = DIRECTION('',(1.,0.,0.));
#6568 = DIRECTION('',(0.,1.,0.));
#6569 = DEFINITIONAL_REPRESENTATION('',(#6570),#6574);
#6570 = CIRCLE('',#6571,10.2);
#6571 = AXIS2_PLACEMENT_2D('',#6572,#6573);
#6572 = CARTESIAN_POINT('',(0.,0.));
#6573 = DIRECTION('',(1.,-0.));
#6574 = ( GEOMETRIC_REPRESENTATION_CONTEXT(2) 
PARAMETRIC_REPRESENTATION_CONTEXT() REPRESENTATION_CONTEXT('2D SPACE',''
  ) );
#6575 = ORIENTED_EDGE('',*,*,#6526,.T.);
#6576 = ORIENTED_EDGE('',*,*,#3019,.F.);
#6577 = ADVANCED_FACE('',(#6578),#3220,.F.);
#6578 = FACE_BOUND('',#6579,.T.);
#6579 = EDGE_LOOP('',(#6580,#6601,#6602,#6603));
#6580 = ORIENTED_EDGE('',*,*,#6581,.F.);
#6581 = EDGE_CURVE('',#6475,#3051,#6582,.T.);
#6582 = SEAM_CURVE('',#6583,(#6587,#6594),.PCURVE_S1.);
#6583 = LINE('',#6584,#6585);
#6584 = CARTESIAN_POINT('',(37.,0.,10.));
#6585 = VECTOR('',#6586,1.);
#6586 = DIRECTION('',(-0.857167300702,-0.,-0.51503807491));
#6587 = PCURVE('',#3220,#6588);
#6588 = DEFINITIONAL_REPRESENTATION('',(#6589),#6593);
#6589 = LINE('',#6590,#6591);
#6590 = CARTESIAN_POINT('',(0.,-0.));
#6591 = VECTOR('',#6592,1.);
#6592 = DIRECTION('',(0.,-1.));
#6593 = ( GEOMETRIC_REPRESENTATION_CONTEXT(2) 
PARAMETRIC_REPRESENTATION_CONTEXT() REPRESENTATION_CONTEXT('2D SPACE',''
  ) );
#6594 = PCURVE('',#3220,#6595);
#6595 = DEFINITIONAL_REPRESENTATION('',(#6596),#6600);
#6596 = LINE('',#6597,#6598);
#6597 = CARTESIAN_POINT('',(6.28318530718,-0.));
#6598 = VECTOR('',#6599,1.);
#6599 = DIRECTION('',(0.,-1.));
#6600 = ( GEOMETRIC_REPRESENTATION_CONTEXT(2) 
PARAMETRIC_REPRESENTATION_CONTEXT() REPRESENTATION_CONTEXT('2D SPACE',''
  ) );
#6601 = ORIENTED_EDGE('',*,*,#6501,.T.);
#6602 = ORIENTED_EDGE('',*,*,#6581,.T.);
#6603 = ORIENTED_EDGE('',*,*,#3050,.F.);
#6604 = ADVANCED_FACE('',(#6605),#3517,.F.);
#6605 = FACE_BOUND('',#6606,.T.);
#6606 = EDGE_LOOP('',(#6607,#6630,#6652,#6653));
#6607 = ORIENTED_EDGE('',*,*,#6608,.F.);
#6608 = EDGE_CURVE('',#6609,#3312,#6611,.T.);
#6609 = VERTEX_POINT('',#6610);
#6610 = CARTESIAN_POINT('',(37.,-8.660254037844,-5.));
#6611 = SEAM_CURVE('',#6612,(#6616,#6623),.PCURVE_S1.);
#6612 = LINE('',#6613,#6614);
#6613 = CARTESIAN_POINT('',(37.,-8.660254037844,-5.));
#6614 = VECTOR('',#6615,1.);
#6615 = DIRECTION('',(-0.857167300702,0.446036056788,0.257519037455));
#6616 = PCURVE('',#3517,#6617);
#6617 = DEFINITIONAL_REPRESENTATION('',(#6618),#6622);
#6618 = LINE('',#6619,#6620);
#6619 = CARTESIAN_POINT('',(0.,-0.));
#6620 = VECTOR('',#6621,1.);
#6621 = DIRECTION('',(0.,-1.));
#6622 = ( GEOMETRIC_REPRESENTATION_CONTEXT(2) 
PARAMETRIC_REPRESENTATION_CONTEXT() REPRESENTATION_CONTEXT('2D SPACE',''
  ) );
#6623 = PCURVE('',#3517,#6624);
#6624 = DEFINITIONAL_REPRESENTATION('',(#6625),#6629);
#6625 = LINE('',#6626,#6627);
#6626 = CARTESIAN_POINT('',(6.28318530718,-0.));
#6627 = VECTOR('',#6628,1.);
#6628 = DIRECTION('',(0.,-1.));
#6629 = ( GEOMETRIC_REPRESENTATION_CONTEXT(2) 
PARAMETRIC_REPRESENTATION_CONTEXT() REPRESENTATION_CONTEXT('2D SPACE',''
  ) );
#6630 = ORIENTED_EDGE('',*,*,#6631,.T.);
#6631 = EDGE_CURVE('',#6609,#6609,#6632,.T.);
#6632 = SURFACE_CURVE('',#6633,(#6638,#6645),.PCURVE_S1.);
#6633 = CIRCLE('',#6634,2.);
#6634 = AXIS2_PLACEMENT_3D('',#6635,#6636,#6637);
#6635 = CARTESIAN_POINT('',(35.,-8.660254037844,-5.));
#6636 = DIRECTION('',(0.,-0.866025403784,-0.5));
#6637 = DIRECTION('',(1.,0.,0.));
#6638 = PCURVE('',#3517,#6639);
#6639 = DEFINITIONAL_REPRESENTATION('',(#6640),#6644);
#6640 = LINE('',#6641,#6642);
#6641 = CARTESIAN_POINT('',(0.,-0.));
#6642 = VECTOR('',#6643,1.);
#6643 = DIRECTION('',(1.,-0.));
#6644 = ( GEOMETRIC_REPRESENTATION_CONTEXT(2) 
PARAMETRIC_REPRESENTATION_CONTEXT() REPRESENTATION_CONTEXT('2D SPACE',''
  ) );
#6645 = PCURVE('',#5756,#6646);
#6646 = DEFINITIONAL_REPRESENTATION('',(#6647),#6651);
#6647 = LINE('',#6648,#6649);
#6648 = CARTESIAN_POINT('',(-0.,15.4));
#6649 = VECTOR('',#6650,1.);
#6650 = DIRECTION('',(-1.,0.));
#6651 = ( GEOMETRIC_REPRESENTATION_CONTEXT(2) 
PARAMETRIC_REPRESENTATION_CONTEXT() REPRESENTATION_CONTEXT('2D SPACE',''
  ) );
#6652 = ORIENTED_EDGE('',*,*,#6608,.T.);
#6653 = ORIENTED_EDGE('',*,*,#3311,.F.);
#6654 = ADVANCED_FACE('',(#6655),#3832,.F.);
#6655 = FACE_BOUND('',#6656,.T.);
#6656 = EDGE_LOOP('',(#6657,#6680,#6702,#6703));
#6657 = ORIENTED_EDGE('',*,*,#6658,.F.);
#6658 = EDGE_CURVE('',#6659,#3627,#6661,.T.);
#6659 = VERTEX_POINT('',#6660);
#6660 = CARTESIAN_POINT('',(37.,8.660254037844,-5.));
#6661 = SEAM_CURVE('',#6662,(#6666,#6673),.PCURVE_S1.);
#6662 = LINE('',#6663,#6664);
#6663 = CARTESIAN_POINT('',(37.,8.660254037844,-5.));
#6664 = VECTOR('',#6665,1.);
#6665 = DIRECTION('',(-0.857167300702,-0.446036056788,0.257519037455));
#6666 = PCURVE('',#3832,#6667);
#6667 = DEFINITIONAL_REPRESENTATION('',(#6668),#6672);
#6668 = LINE('',#6669,#6670);
#6669 = CARTESIAN_POINT('',(0.,-0.));
#6670 = VECTOR('',#6671,1.);
#6671 = DIRECTION('',(0.,-1.));
#6672 = ( GEOMETRIC_REPRESENTATION_CONTEXT(2) 
PARAMETRIC_REPRESENTATION_CONTEXT() REPRESENTATION_CONTEXT('2D SPACE',''
  ) );
#6673 = PCURVE('',#3832,#6674);
#6674 = DEFINITIONAL_REPRESENTATION('',(#6675),#6679);
#6675 = LINE('',#6676,#6677);
#6676 = CARTESIAN_POINT('',(6.28318530718,-0.));
#6677 = VECTOR('',#6678,1.);
#6678 = DIRECTION('',(0.,-1.));
#6679 = ( GEOMETRIC_REPRESENTATION_CONTEXT(2) 
PARAMETRIC_REPRESENTATION_CONTEXT() REPRESENTATION_CONTEXT('2D SPACE',''
  ) );
#6680 = ORIENTED_EDGE('',*,*,#6681,.T.);
#6681 = EDGE_CURVE('',#6659,#6659,#6682,.T.);
#6682 = SURFACE_CURVE('',#6683,(#6688,#6695),.PCURVE_S1.);
#6683 = CIRCLE('',#6684,2.);
#6684 = AXIS2_PLACEMENT_3D('',#6685,#6686,#6687);
#6685 = CARTESIAN_POINT('',(35.,8.660254037844,-5.));
#6686 = DIRECTION('',(0.,0.866025403784,-0.5));
#6687 = DIRECTION('',(1.,0.,0.));
#6688 = PCURVE('',#3832,#6689);
#6689 = DEFINITIONAL_REPRESENTATION('',(#6690),#6694);
#6690 = LINE('',#6691,#6692);
#6691 = CARTESIAN_POINT('',(0.,-0.));
#6692 = VECTOR('',#6693,1.);
#6693 = DIRECTION('',(1.,-0.));
#6694 = ( GEOMETRIC_REPRESENTATION_CONTEXT(2) 
PARAMETRIC_REPRESENTATION_CONTEXT() REPRESENTATION_CONTEXT('2D SPACE',''
  ) );
#6695 = PCURVE('',#6234,#6696);
#6696 = DEFINITIONAL_REPRESENTATION('',(#6697),#6701);
#6697 = LINE('',#6698,#6699);
#6698 = CARTESIAN_POINT('',(-0.,15.4));
#6699 = VECTOR('',#6700,1.);
#6700 = DIRECTION('',(-1.,0.));
#6701 = ( GEOMETRIC_REPRESENTATION_CONTEXT(2) 
PARAMETRIC_REPRESENTATION_CONTEXT() REPRESENTATION_CONTEXT('2D SPACE',''
  ) );
#6702 = ORIENTED_EDGE('',*,*,#6658,.T.);
#6703 = ORIENTED_EDGE('',*,*,#3626,.F.);
#6704 = ADVANCED_FACE('',(#6705),#3980,.T.);
#6705 = FACE_BOUND('',#6706,.T.);
#6706 = EDGE_LOOP('',(#6707,#6730,#6731,#6732));
#6707 = ORIENTED_EDGE('',*,*,#6708,.F.);
#6708 = EDGE_CURVE('',#3943,#6709,#6711,.T.);
#6709 = VERTEX_POINT('',#6710);
#6710 = CARTESIAN_POINT('',(50.,30.2,0.));
#6711 = SEAM_CURVE('',#6712,(#6716,#6723),.PCURVE_S1.);
#6712 = LINE('',#6713,#6714);
#6713 = CARTESIAN_POINT('',(50.,30.2,0.));
#6714 = VECTOR('',#6715,1.);
#6715 = DIRECTION('',(0.782351485242,-0.622837180601,0.));
#6716 = PCURVE('',#3980,#6717);
#6717 = DEFINITIONAL_REPRESENTATION('',(#6718),#6722);
#6718 = LINE('',#6719,#6720);
#6719 = CARTESIAN_POINT('',(-0.,-0.));
#6720 = VECTOR('',#6721,1.);
#6721 = DIRECTION('',(-0.,-1.));
#6722 = ( GEOMETRIC_REPRESENTATION_CONTEXT(2) 
PARAMETRIC_REPRESENTATION_CONTEXT() REPRESENTATION_CONTEXT('2D SPACE',''
  ) );
#6723 = PCURVE('',#3980,#6724);
#6724 = DEFINITIONAL_REPRESENTATION('',(#6725),#6729);
#6725 = LINE('',#6726,#6727);
#6726 = CARTESIAN_POINT('',(-6.28318530718,-0.));
#6727 = VECTOR('',#6728,1.);
#6728 = DIRECTION('',(-0.,-1.));
#6729 = ( GEOMETRIC_REPRESENTATION_CONTEXT(2) 
PARAMETRIC_REPRESENTATION_CONTEXT() REPRESENTATION_CONTEXT('2D SPACE',''
  ) );
#6730 = ORIENTED_EDGE('',*,*,#3965,.T.);
#6731 = ORIENTED_EDGE('',*,*,#6708,.T.);
#6732 = ORIENTED_EDGE('',*,*,#6733,.F.);
#6733 = EDGE_CURVE('',#6709,#6709,#6734,.T.);
#6734 = SURFACE_CURVE('',#6735,(#6740,#6747),.PCURVE_S1.);
#6735 = CIRCLE('',#6736,30.2);
#6736 = AXIS2_PLACEMENT_3D('',#6737,#6738,#6739);
#6737 = CARTESIAN_POINT('',(50.,0.,0.));
#6738 = DIRECTION('',(1.,0.,0.));
#6739 = DIRECTION('',(0.,1.,0.));
#6740 = PCURVE('',#3980,#6741);
#6741 = DEFINITIONAL_REPRESENTATION('',(#6742),#6746);
#6742 = LINE('',#6743,#6744);
#6743 = CARTESIAN_POINT('',(-0.,-0.));
#6744 = VECTOR('',#6745,1.);
#6745 = DIRECTION('',(-1.,-0.));
#6746 = ( GEOMETRIC_REPRESENTATION_CONTEXT(2) 
PARAMETRIC_REPRESENTATION_CONTEXT() REPRESENTATION_CONTEXT('2D SPACE',''
  ) );
#6747 = PCURVE('',#6748,#6753);
#6748 = PLANE('',#6749);
#6749 = AXIS2_PLACEMENT_3D('',#6750,#6751,#6752);
#6750 = CARTESIAN_POINT('',(50.,0.,0.));
#6751 = DIRECTION('',(1.,0.,0.));
#6752 = DIRECTION('',(0.,1.,0.));
#6753 = DEFINITIONAL_REPRESENTATION('',(#6754),#6758);
#6754 = CIRCLE('',#6755,30.2);
#6755 = AXIS2_PLACEMENT_2D('',#6756,#6757);
#6756 = CARTESIAN_POINT('',(0.,0.));
#6757 = DIRECTION('',(1.,-0.));
#6758 = ( GEOMETRIC_REPRESENTATION_CONTEXT(2) 
PARAMETRIC_REPRESENTATION_CONTEXT() REPRESENTATION_CONTEXT('2D SPACE',''
  ) );
#6759 = ADVANCED_FACE('',(#6760),#4280,.F.);
#6760 = FACE_BOUND('',#6761,.T.);
#6761 = EDGE_LOOP('',(#6762,#6763,#6786,#6813));
#6762 = ORIENTED_EDGE('',*,*,#3996,.T.);
#6763 = ORIENTED_EDGE('',*,*,#6764,.T.);
#6764 = EDGE_CURVE('',#3997,#6765,#6767,.T.);
#6765 = VERTEX_POINT('',#6766);
#6766 = CARTESIAN_POINT('',(38.5,0.,25.4));
#6767 = SEAM_CURVE('',#6768,(#6772,#6779),.PCURVE_S1.);
#6768 = LINE('',#6769,#6770);
#6769 = CARTESIAN_POINT('',(38.5,0.,29.));
#6770 = VECTOR('',#6771,1.);
#6771 = DIRECTION('',(0.,0.,-1.));
#6772 = PCURVE('',#4280,#6773);
#6773 = DEFINITIONAL_REPRESENTATION('',(#6774),#6778);
#6774 = LINE('',#6775,#6776);
#6775 = CARTESIAN_POINT('',(-0.,0.));
#6776 = VECTOR('',#6777,1.);
#6777 = DIRECTION('',(-0.,1.));
#6778 = ( GEOMETRIC_REPRESENTATION_CONTEXT(2) 
PARAMETRIC_REPRESENTATION_CONTEXT() REPRESENTATION_CONTEXT('2D SPACE',''
  ) );
#6779 = PCURVE('',#4280,#6780);
#6780 = DEFINITIONAL_REPRESENTATION('',(#6781),#6785);
#6781 = LINE('',#6782,#6783);
#6782 = CARTESIAN_POINT('',(-6.28318530718,0.));
#6783 = VECTOR('',#6784,1.);
#6784 = DIRECTION('',(-0.,1.));
#6785 = ( GEOMETRIC_REPRESENTATION_CONTEXT(2) 
PARAMETRIC_REPRESENTATION_CONTEXT() REPRESENTATION_CONTEXT('2D SPACE',''
  ) );
#6786 = ORIENTED_EDGE('',*,*,#6787,.F.);
#6787 = EDGE_CURVE('',#6765,#6765,#6788,.T.);
#6788 = SURFACE_CURVE('',#6789,(#6794,#6801),.PCURVE_S1.);
#6789 = CIRCLE('',#6790,3.5);
#6790 = AXIS2_PLACEMENT_3D('',#6791,#6792,#6793);
#6791 = CARTESIAN_POINT('',(35.,0.,25.4));
#6792 = DIRECTION('',(0.,0.,1.));
#6793 = DIRECTION('',(1.,0.,0.));
#6794 = PCURVE('',#4280,#6795);
#6795 = DEFINITIONAL_REPRESENTATION('',(#6796),#6800);
#6796 = LINE('',#6797,#6798);
#6797 = CARTESIAN_POINT('',(-0.,3.6));
#6798 = VECTOR('',#6799,1.);
#6799 = DIRECTION('',(-1.,0.));
#6800 = ( GEOMETRIC_REPRESENTATION_CONTEXT(2) 
PARAMETRIC_REPRESENTATION_CONTEXT() REPRESENTATION_CONTEXT('2D SPACE',''
  ) );
#6801 = PCURVE('',#6802,#6807);
#6802 = PLANE('',#6803);
#6803 = AXIS2_PLACEMENT_3D('',#6804,#6805,#6806);
#6804 = CARTESIAN_POINT('',(35.,0.,25.4));
#6805 = DIRECTION('',(0.,0.,1.));
#6806 = DIRECTION('',(1.,0.,0.));
#6807 = DEFINITIONAL_REPRESENTATION('',(#6808),#6812);
#6808 = CIRCLE('',#6809,3.5);
#6809 = AXIS2_PLACEMENT_2D('',#6810,#6811);
#6810 = CARTESIAN_POINT('',(0.,0.));
#6811 = DIRECTION('',(1.,0.));
#6812 = ( GEOMETRIC_REPRESENTATION_CONTEXT(2) 
PARAMETRIC_REPRESENTATION_CONTEXT() REPRESENTATION_CONTEXT('2D SPACE',''
  ) );
#6813 = ORIENTED_EDGE('',*,*,#6764,.F.);
#6814 = ADVANCED_FACE('',(#6815),#4712,.F.);
#6815 = FACE_BOUND('',#6816,.T.);
#6816 = EDGE_LOOP('',(#6817,#6818,#6841,#6868));
#6817 = ORIENTED_EDGE('',*,*,#4428,.T.);
#6818 = ORIENTED_EDGE('',*,*,#6819,.T.);
#6819 = EDGE_CURVE('',#4429,#6820,#6822,.T.);
#6820 = VERTEX_POINT('',#6821);
#6821 = CARTESIAN_POINT('',(38.5,-21.99704525612,-12.7));
#6822 = SEAM_CURVE('',#6823,(#6827,#6834),.PCURVE_S1.);
#6823 = LINE('',#6824,#6825);
#6824 = CARTESIAN_POINT('',(38.5,-25.11473670974,-14.5));
#6825 = VECTOR('',#6826,1.);
#6826 = DIRECTION('',(0.,0.866025403784,0.5));
#6827 = PCURVE('',#4712,#6828);
#6828 = DEFINITIONAL_REPRESENTATION('',(#6829),#6833);
#6829 = LINE('',#6830,#6831);
#6830 = CARTESIAN_POINT('',(-0.,0.));
#6831 = VECTOR('',#6832,1.);
#6832 = DIRECTION('',(-0.,1.));
#6833 = ( GEOMETRIC_REPRESENTATION_CONTEXT(2) 
PARAMETRIC_REPRESENTATION_CONTEXT() REPRESENTATION_CONTEXT('2D SPACE',''
  ) );
#6834 = PCURVE('',#4712,#6835);
#6835 = DEFINITIONAL_REPRESENTATION('',(#6836),#6840);
#6836 = LINE('',#6837,#6838);
#6837 = CARTESIAN_POINT('',(-6.28318530718,0.));
#6838 = VECTOR('',#6839,1.);
#6839 = DIRECTION('',(-0.,1.));
#6840 = ( GEOMETRIC_REPRESENTATION_CONTEXT(2) 
PARAMETRIC_REPRESENTATION_CONTEXT() REPRESENTATION_CONTEXT('2D SPACE',''
  ) );
#6841 = ORIENTED_EDGE('',*,*,#6842,.F.);
#6842 = EDGE_CURVE('',#6820,#6820,#6843,.T.);
#6843 = SURFACE_CURVE('',#6844,(#6849,#6856),.PCURVE_S1.);
#6844 = CIRCLE('',#6845,3.5);
#6845 = AXIS2_PLACEMENT_3D('',#6846,#6847,#6848);
#6846 = CARTESIAN_POINT('',(35.,-21.99704525612,-12.7));
#6847 = DIRECTION('',(0.,-0.866025403784,-0.5));
#6848 = DIRECTION('',(1.,0.,0.));
#6849 = PCURVE('',#4712,#6850);
#6850 = DEFINITIONAL_REPRESENTATION('',(#6851),#6855);
#6851 = LINE('',#6852,#6853);
#6852 = CARTESIAN_POINT('',(-0.,3.6));
#6853 = VECTOR('',#6854,1.);
#6854 = DIRECTION('',(-1.,0.));
#6855 = ( GEOMETRIC_REPRESENTATION_CONTEXT(2) 
PARAMETRIC_REPRESENTATION_CONTEXT() REPRESENTATION_CONTEXT('2D SPACE',''
  ) );
#6856 = PCURVE('',#6857,#6862);
#6857 = PLANE('',#6858);
#6858 = AXIS2_PLACEMENT_3D('',#6859,#6860,#6861);
#6859 = CARTESIAN_POINT('',(35.,-21.99704525612,-12.7));
#6860 = DIRECTION('',(0.,-0.866025403784,-0.5));
#6861 = DIRECTION('',(1.,0.,0.));
#6862 = DEFINITIONAL_REPRESENTATION('',(#6863),#6867);
#6863 = CIRCLE('',#6864,3.5);
#6864 = AXIS2_PLACEMENT_2D('',#6865,#6866);
#6865 = CARTESIAN_POINT('',(0.,0.));
#6866 = DIRECTION('',(1.,0.));
#6867 = ( GEOMETRIC_REPRESENTATION_CONTEXT(2) 
PARAMETRIC_REPRESENTATION_CONTEXT() REPRESENTATION_CONTEXT('2D SPACE',''
  ) );
#6868 = ORIENTED_EDGE('',*,*,#6819,.F.);
#6869 = ADVANCED_FACE('',(#6870),#5144,.F.);
#6870 = FACE_BOUND('',#6871,.T.);
#6871 = EDGE_LOOP('',(#6872,#6873,#6896,#6923));
#6872 = ORIENTED_EDGE('',*,*,#4860,.T.);
#6873 = ORIENTED_EDGE('',*,*,#6874,.T.);
#6874 = EDGE_CURVE('',#4861,#6875,#6877,.T.);
#6875 = VERTEX_POINT('',#6876);
#6876 = CARTESIAN_POINT('',(38.5,21.997045256125,-12.7));
#6877 = SEAM_CURVE('',#6878,(#6882,#6889),.PCURVE_S1.);
#6878 = LINE('',#6879,#6880);
#6879 = CARTESIAN_POINT('',(38.5,25.114736709749,-14.5));
#6880 = VECTOR('',#6881,1.);
#6881 = DIRECTION('',(0.,-0.866025403784,0.5));
#6882 = PCURVE('',#5144,#6883);
#6883 = DEFINITIONAL_REPRESENTATION('',(#6884),#6888);
#6884 = LINE('',#6885,#6886);
#6885 = CARTESIAN_POINT('',(-0.,0.));
#6886 = VECTOR('',#6887,1.);
#6887 = DIRECTION('',(-0.,1.));
#6888 = ( GEOMETRIC_REPRESENTATION_CONTEXT(2) 
PARAMETRIC_REPRESENTATION_CONTEXT() REPRESENTATION_CONTEXT('2D SPACE',''
  ) );
#6889 = PCURVE('',#5144,#6890);
#6890 = DEFINITIONAL_REPRESENTATION('',(#6891),#6895);
#6891 = LINE('',#6892,#6893);
#6892 = CARTESIAN_POINT('',(-6.28318530718,0.));
#6893 = VECTOR('',#6894,1.);
#6894 = DIRECTION('',(-0.,1.));
#6895 = ( GEOMETRIC_REPRESENTATION_CONTEXT(2) 
PARAMETRIC_REPRESENTATION_CONTEXT() REPRESENTATION_CONTEXT('2D SPACE',''
  ) );
#6896 = ORIENTED_EDGE('',*,*,#6897,.F.);
#6897 = EDGE_CURVE('',#6875,#6875,#6898,.T.);
#6898 = SURFACE_CURVE('',#6899,(#6904,#6911),.PCURVE_S1.);
#6899 = CIRCLE('',#6900,3.5);
#6900 = AXIS2_PLACEMENT_3D('',#6901,#6902,#6903);
#6901 = CARTESIAN_POINT('',(35.,21.997045256125,-12.7));
#6902 = DIRECTION('',(0.,0.866025403784,-0.5));
#6903 = DIRECTION('',(1.,0.,0.));
#6904 = PCURVE('',#5144,#6905);
#6905 = DEFINITIONAL_REPRESENTATION('',(#6906),#6910);
#6906 = LINE('',#6907,#6908);
#6907 = CARTESIAN_POINT('',(-0.,3.6));
#6908 = VECTOR('',#6909,1.);
#6909 = DIRECTION('',(-1.,0.));
#6910 = ( GEOMETRIC_REPRESENTATION_CONTEXT(2) 
PARAMETRIC_REPRESENTATION_CONTEXT() REPRESENTATION_CONTEXT('2D SPACE',''
  ) );
#6911 = PCURVE('',#6912,#6917);
#6912 = PLANE('',#6913);
#6913 = AXIS2_PLACEMENT_3D('',#6914,#6915,#6916);
#6914 = CARTESIAN_POINT('',(35.,21.997045256125,-12.7));
#6915 = DIRECTION('',(0.,0.866025403784,-0.5));
#6916 = DIRECTION('',(1.,0.,0.));
#6917 = DEFINITIONAL_REPRESENTATION('',(#6918),#6922);
#6918 = CIRCLE('',#6919,3.5);
#6919 = AXIS2_PLACEMENT_2D('',#6920,#6921);
#6920 = CARTESIAN_POINT('',(0.,0.));
#6921 = DIRECTION('',(1.,0.));
#6922 = ( GEOMETRIC_REPRESENTATION_CONTEXT(2) 
PARAMETRIC_REPRESENTATION_CONTEXT() REPRESENTATION_CONTEXT('2D SPACE',''
  ) );
#6923 = ORIENTED_EDGE('',*,*,#6874,.F.);
#6924 = ADVANCED_FACE('',(#6925),#5363,.T.);
#6925 = FACE_BOUND('',#6926,.T.);
#6926 = EDGE_LOOP('',(#6927,#6950,#6971,#6972,#6973,#7001,#7027,#7028));
#6927 = ORIENTED_EDGE('',*,*,#6928,.T.);
#6928 = EDGE_CURVE('',#5581,#6929,#6931,.T.);
#6929 = VERTEX_POINT('',#6930);
#6930 = CARTESIAN_POINT('',(38.25,-10.39230484541,-6.));
#6931 = SURFACE_CURVE('',#6932,(#6936,#6943),.PCURVE_S1.);
#6932 = LINE('',#6933,#6934);
#6933 = CARTESIAN_POINT('',(36.625,-8.985013564263,-8.437500000001));
#6934 = VECTOR('',#6935,1.);
#6935 = DIRECTION('',(0.5,-0.433012701892,0.75));
#6936 = PCURVE('',#5363,#6937);
#6937 = DEFINITIONAL_REPRESENTATION('',(#6938),#6942);
#6938 = LINE('',#6939,#6940);
#6939 = CARTESIAN_POINT('',(1.624999999999,-2.814582562302));
#6940 = VECTOR('',#6941,1.);
#6941 = DIRECTION('',(0.5,0.866025403784));
#6942 = ( GEOMETRIC_REPRESENTATION_CONTEXT(2) 
PARAMETRIC_REPRESENTATION_CONTEXT() REPRESENTATION_CONTEXT('2D SPACE',''
  ) );
#6943 = PCURVE('',#5596,#6944);
#6944 = DEFINITIONAL_REPRESENTATION('',(#6945),#6949);
#6945 = LINE('',#6946,#6947);
#6946 = CARTESIAN_POINT('',(0.,-1.7763568394E-15));
#6947 = VECTOR('',#6948,1.);
#6948 = DIRECTION('',(1.,0.));
#6949 = ( GEOMETRIC_REPRESENTATION_CONTEXT(2) 
PARAMETRIC_REPRESENTATION_CONTEXT() REPRESENTATION_CONTEXT('2D SPACE',''
  ) );
#6950 = ORIENTED_EDGE('',*,*,#6951,.T.);
#6951 = EDGE_CURVE('',#6929,#5348,#6952,.T.);
#6952 = SURFACE_CURVE('',#6953,(#6957,#6964),.PCURVE_S1.);
#6953 = LINE('',#6954,#6955);
#6954 = CARTESIAN_POINT('',(38.25,-10.39230484541,-6.));
#6955 = VECTOR('',#6956,1.);
#6956 = DIRECTION('',(-0.499999999998,-0.433012701893,0.750000000001));
#6957 = PCURVE('',#5363,#6958);
#6958 = DEFINITIONAL_REPRESENTATION('',(#6959),#6963);
#6959 = LINE('',#6960,#6961);
#6960 = CARTESIAN_POINT('',(3.249999999999,-1.706341620705E-12));
#6961 = VECTOR('',#6962,1.);
#6962 = DIRECTION('',(-0.499999999998,0.866025403785));
#6963 = ( GEOMETRIC_REPRESENTATION_CONTEXT(2) 
PARAMETRIC_REPRESENTATION_CONTEXT() REPRESENTATION_CONTEXT('2D SPACE',''
  ) );
#6964 = PCURVE('',#5391,#6965);
#6965 = DEFINITIONAL_REPRESENTATION('',(#6966),#6970);
#6966 = LINE('',#6967,#6968);
#6967 = CARTESIAN_POINT('',(0.,-1.7763568394E-15));
#6968 = VECTOR('',#6969,1.);
#6969 = DIRECTION('',(1.,0.));
#6970 = ( GEOMETRIC_REPRESENTATION_CONTEXT(2) 
PARAMETRIC_REPRESENTATION_CONTEXT() REPRESENTATION_CONTEXT('2D SPACE',''
  ) );
#6971 = ORIENTED_EDGE('',*,*,#5347,.T.);
#6972 = ORIENTED_EDGE('',*,*,#5687,.T.);
#6973 = ORIENTED_EDGE('',*,*,#6974,.T.);
#6974 = EDGE_CURVE('',#5688,#6975,#6977,.T.);
#6975 = VERTEX_POINT('',#6976);
#6976 = CARTESIAN_POINT('',(37.,-10.39230484541,-6.));
#6977 = SURFACE_CURVE('',#6978,(#6983,#6994),.PCURVE_S1.);
#6978 = CIRCLE('',#6979,2.);
#6979 = AXIS2_PLACEMENT_3D('',#6980,#6981,#6982);
#6980 = CARTESIAN_POINT('',(35.,-10.39230484541,-6.));
#6981 = DIRECTION('',(-0.,0.866025403784,0.5));
#6982 = DIRECTION('',(1.,0.,0.));
#6983 = PCURVE('',#5363,#6984);
#6984 = DEFINITIONAL_REPRESENTATION('',(#6985),#6993);
#6985 = ( BOUNDED_CURVE() B_SPLINE_CURVE(2,(#6986,#6987,#6988,#6989,
#6990,#6991,#6992),.UNSPECIFIED.,.T.,.F.) B_SPLINE_CURVE_WITH_KNOTS((1,2
    ,2,2,2,1),(-2.094395102393,0.,2.094395102393,4.188790204786,
6.28318530718,8.377580409573),.UNSPECIFIED.) CURVE() 
GEOMETRIC_REPRESENTATION_ITEM() RATIONAL_B_SPLINE_CURVE((1.,0.5,1.,0.5,
1.,0.5,1.)) REPRESENTATION_ITEM('') );
#6986 = CARTESIAN_POINT('',(1.999999999999,-1.707229799125E-12));
#6987 = CARTESIAN_POINT('',(1.999999999999,-3.464101615139));
#6988 = CARTESIAN_POINT('',(-1.000000000001,-1.732050807571));
#6989 = CARTESIAN_POINT('',(-4.000000000001,-1.707719657845E-12));
#6990 = CARTESIAN_POINT('',(-1.000000000001,1.732050807567));
#6991 = CARTESIAN_POINT('',(1.999999999999,3.464101615136));
#6992 = CARTESIAN_POINT('',(1.999999999999,-1.707229799125E-12));
#6993 = ( GEOMETRIC_REPRESENTATION_CONTEXT(2) 
PARAMETRIC_REPRESENTATION_CONTEXT() REPRESENTATION_CONTEXT('2D SPACE',''
  ) );
#6994 = PCURVE('',#5756,#6995);
#6995 = DEFINITIONAL_REPRESENTATION('',(#6996),#7000);
#6996 = LINE('',#6997,#6998);
#6997 = CARTESIAN_POINT('',(-6.28318530718,13.4));
#6998 = VECTOR('',#6999,1.);
#6999 = DIRECTION('',(1.,-0.));
#7000 = ( GEOMETRIC_REPRESENTATION_CONTEXT(2) 
PARAMETRIC_REPRESENTATION_CONTEXT() REPRESENTATION_CONTEXT('2D SPACE',''
  ) );
#7001 = ORIENTED_EDGE('',*,*,#7002,.T.);
#7002 = EDGE_CURVE('',#6975,#5715,#7003,.T.);
#7003 = SURFACE_CURVE('',#7004,(#7009,#7020),.PCURVE_S1.);
#7004 = CIRCLE('',#7005,2.);
#7005 = AXIS2_PLACEMENT_3D('',#7006,#7007,#7008);
#7006 = CARTESIAN_POINT('',(35.,-10.39230484541,-6.));
#7007 = DIRECTION('',(-0.,0.866025403784,0.5));
#7008 = DIRECTION('',(1.,0.,0.));
#7009 = PCURVE('',#5363,#7010);
#7010 = DEFINITIONAL_REPRESENTATION('',(#7011),#7019);
#7011 = ( BOUNDED_CURVE() B_SPLINE_CURVE(2,(#7012,#7013,#7014,#7015,
#7016,#7017,#7018),.UNSPECIFIED.,.T.,.F.) B_SPLINE_CURVE_WITH_KNOTS((1,2
    ,2,2,2,1),(-2.094395102393,0.,2.094395102393,4.188790204786,
6.28318530718,8.377580409573),.UNSPECIFIED.) CURVE() 
GEOMETRIC_REPRESENTATION_ITEM() RATIONAL_B_SPLINE_CURVE((1.,0.5,1.,0.5,
1.,0.5,1.)) REPRESENTATION_ITEM('') );
#7012 = CARTESIAN_POINT('',(1.999999999999,-1.707229799125E-12));
#7013 = CARTESIAN_POINT('',(1.999999999999,-3.464101615139));
#7014 = CARTESIAN_POINT('',(-1.000000000001,-1.732050807571));
#7015 = CARTESIAN_POINT('',(-4.000000000001,-1.707719657845E-12));
#7016 = CARTESIAN_POINT('',(-1.000000000001,1.732050807567));
#7017 = CARTESIAN_POINT('',(1.999999999999,3.464101615136));
#7018 = CARTESIAN_POINT('',(1.999999999999,-1.707229799125E-12));
#7019 = ( GEOMETRIC_REPRESENTATION_CONTEXT(2) 
PARAMETRIC_REPRESENTATION_CONTEXT() REPRESENTATION_CONTEXT('2D SPACE',''
  ) );
#7020 = PCURVE('',#5756,#7021);
#7021 = DEFINITIONAL_REPRESENTATION('',(#7022),#7026);
#7022 = LINE('',#7023,#7024);
#7023 = CARTESIAN_POINT('',(-6.28318530718,13.4));
#7024 = VECTOR('',#7025,1.);
#7025 = DIRECTION('',(1.,-0.));
#7026 = ( GEOMETRIC_REPRESENTATION_CONTEXT(2) 
PARAMETRIC_REPRESENTATION_CONTEXT() REPRESENTATION_CONTEXT('2D SPACE',''
  ) );
#7027 = ORIENTED_EDGE('',*,*,#5714,.T.);
#7028 = ORIENTED_EDGE('',*,*,#5608,.T.);
#7029 = ADVANCED_FACE('',(#7030,#7080),#5419,.F.);
#7030 = FACE_BOUND('',#7031,.F.);
#7031 = EDGE_LOOP('',(#7032,#7055,#7056,#7057,#7058,#7059));
#7032 = ORIENTED_EDGE('',*,*,#7033,.T.);
#7033 = EDGE_CURVE('',#7034,#5376,#7036,.T.);
#7034 = VERTEX_POINT('',#7035);
#7035 = CARTESIAN_POINT('',(38.25,-13.85640646055,-8.));
#7036 = SURFACE_CURVE('',#7037,(#7041,#7048),.PCURVE_S1.);
#7037 = LINE('',#7038,#7039);
#7038 = CARTESIAN_POINT('',(38.25,-13.85640646055,-8.));
#7039 = VECTOR('',#7040,1.);
#7040 = DIRECTION('',(-0.499999999998,-0.433012701893,0.750000000001));
#7041 = PCURVE('',#5419,#7042);
#7042 = DEFINITIONAL_REPRESENTATION('',(#7043),#7047);
#7043 = LINE('',#7044,#7045);
#7044 = CARTESIAN_POINT('',(3.249999999999,-1.706341620705E-12));
#7045 = VECTOR('',#7046,1.);
#7046 = DIRECTION('',(-0.499999999998,0.866025403785));
#7047 = ( GEOMETRIC_REPRESENTATION_CONTEXT(2) 
PARAMETRIC_REPRESENTATION_CONTEXT() REPRESENTATION_CONTEXT('2D SPACE',''
  ) );
#7048 = PCURVE('',#5391,#7049);
#7049 = DEFINITIONAL_REPRESENTATION('',(#7050),#7054);
#7050 = LINE('',#7051,#7052);
#7051 = CARTESIAN_POINT('',(0.,-4.));
#7052 = VECTOR('',#7053,1.);
#7053 = DIRECTION('',(1.,0.));
#7054 = ( GEOMETRIC_REPRESENTATION_CONTEXT(2) 
PARAMETRIC_REPRESENTATION_CONTEXT() REPRESENTATION_CONTEXT('2D SPACE',''
  ) );
#7055 = ORIENTED_EDGE('',*,*,#5403,.T.);
#7056 = ORIENTED_EDGE('',*,*,#5459,.T.);
#7057 = ORIENTED_EDGE('',*,*,#5508,.T.);
#7058 = ORIENTED_EDGE('',*,*,#5557,.T.);
#7059 = ORIENTED_EDGE('',*,*,#7060,.T.);
#7060 = EDGE_CURVE('',#5558,#7034,#7061,.T.);
#7061 = SURFACE_CURVE('',#7062,(#7066,#7073),.PCURVE_S1.);
#7062 = LINE('',#7063,#7064);
#7063 = CARTESIAN_POINT('',(36.625,-12.4491151794,-10.4375));
#7064 = VECTOR('',#7065,1.);
#7065 = DIRECTION('',(0.5,-0.433012701892,0.75));
#7066 = PCURVE('',#5419,#7067);
#7067 = DEFINITIONAL_REPRESENTATION('',(#7068),#7072);
#7068 = LINE('',#7069,#7070);
#7069 = CARTESIAN_POINT('',(1.624999999999,-2.814582562302));
#7070 = VECTOR('',#7071,1.);
#7071 = DIRECTION('',(0.5,0.866025403784));
#7072 = ( GEOMETRIC_REPRESENTATION_CONTEXT(2) 
PARAMETRIC_REPRESENTATION_CONTEXT() REPRESENTATION_CONTEXT('2D SPACE',''
  ) );
#7073 = PCURVE('',#5596,#7074);
#7074 = DEFINITIONAL_REPRESENTATION('',(#7075),#7079);
#7075 = LINE('',#7076,#7077);
#7076 = CARTESIAN_POINT('',(0.,-4.));
#7077 = VECTOR('',#7078,1.);
#7078 = DIRECTION('',(1.,0.));
#7079 = ( GEOMETRIC_REPRESENTATION_CONTEXT(2) 
PARAMETRIC_REPRESENTATION_CONTEXT() REPRESENTATION_CONTEXT('2D SPACE',''
  ) );
#7080 = FACE_BOUND('',#7081,.F.);
#7081 = EDGE_LOOP('',(#7082));
#7082 = ORIENTED_EDGE('',*,*,#7083,.T.);
#7083 = EDGE_CURVE('',#7084,#7084,#7086,.T.);
#7084 = VERTEX_POINT('',#7085);
#7085 = CARTESIAN_POINT('',(37.,-13.85640646055,-8.));
#7086 = SURFACE_CURVE('',#7087,(#7092,#7103),.PCURVE_S1.);
#7087 = CIRCLE('',#7088,2.);
#7088 = AXIS2_PLACEMENT_3D('',#7089,#7090,#7091);
#7089 = CARTESIAN_POINT('',(35.,-13.85640646055,-8.));
#7090 = DIRECTION('',(-0.,0.866025403784,0.5));
#7091 = DIRECTION('',(1.,0.,0.));
#7092 = PCURVE('',#5419,#7093);
#7093 = DEFINITIONAL_REPRESENTATION('',(#7094),#7102);
#7094 = ( BOUNDED_CURVE() B_SPLINE_CURVE(2,(#7095,#7096,#7097,#7098,
#7099,#7100,#7101),.UNSPECIFIED.,.T.,.F.) B_SPLINE_CURVE_WITH_KNOTS((1,2
    ,2,2,2,1),(-2.094395102393,0.,2.094395102393,4.188790204786,
6.28318530718,8.377580409573),.UNSPECIFIED.) CURVE() 
GEOMETRIC_REPRESENTATION_ITEM() RATIONAL_B_SPLINE_CURVE((1.,0.5,1.,0.5,
1.,0.5,1.)) REPRESENTATION_ITEM('') );
#7095 = CARTESIAN_POINT('',(1.999999999999,-1.706341620705E-12));
#7096 = CARTESIAN_POINT('',(1.999999999999,-3.464101615139));
#7097 = CARTESIAN_POINT('',(-1.000000000001,-1.732050807571));
#7098 = CARTESIAN_POINT('',(-4.000000000001,-1.706831479425E-12));
#7099 = CARTESIAN_POINT('',(-1.000000000001,1.732050807567));
#7100 = CARTESIAN_POINT('',(1.999999999999,3.464101615136));
#7101 = CARTESIAN_POINT('',(1.999999999999,-1.706341620705E-12));
#7102 = ( GEOMETRIC_REPRESENTATION_CONTEXT(2) 
PARAMETRIC_REPRESENTATION_CONTEXT() REPRESENTATION_CONTEXT('2D SPACE',''
  ) );
#7103 = PCURVE('',#7104,#7109);
#7104 = CYLINDRICAL_SURFACE('',#7105,2.);
#7105 = AXIS2_PLACEMENT_3D('',#7106,#7107,#7108);
#7106 = CARTESIAN_POINT('',(35.,-21.99704525612,-12.7));
#7107 = DIRECTION('',(-0.,0.866025403784,0.5));
#7108 = DIRECTION('',(1.,0.,0.));
#7109 = DEFINITIONAL_REPRESENTATION('',(#7110),#7114);
#7110 = LINE('',#7111,#7112);
#7111 = CARTESIAN_POINT('',(-6.28318530718,9.4));
#7112 = VECTOR('',#7113,1.);
#7113 = DIRECTION('',(1.,-0.));
#7114 = ( GEOMETRIC_REPRESENTATION_CONTEXT(2) 
PARAMETRIC_REPRESENTATION_CONTEXT() REPRESENTATION_CONTEXT('2D SPACE',''
  ) );
#7115 = ADVANCED_FACE('',(#7116),#5391,.T.);
#7116 = FACE_BOUND('',#7117,.T.);
#7117 = EDGE_LOOP('',(#7118,#7139,#7140,#7141));
#7118 = ORIENTED_EDGE('',*,*,#7119,.T.);
#7119 = EDGE_CURVE('',#6929,#7034,#7120,.T.);
#7120 = SURFACE_CURVE('',#7121,(#7125,#7132),.PCURVE_S1.);
#7121 = LINE('',#7122,#7123);
#7122 = CARTESIAN_POINT('',(38.25,-10.39230484541,-6.));
#7123 = VECTOR('',#7124,1.);
#7124 = DIRECTION('',(0.,-0.866025403784,-0.5));
#7125 = PCURVE('',#5391,#7126);
#7126 = DEFINITIONAL_REPRESENTATION('',(#7127),#7131);
#7127 = LINE('',#7128,#7129);
#7128 = CARTESIAN_POINT('',(0.,0.));
#7129 = VECTOR('',#7130,1.);
#7130 = DIRECTION('',(0.,-1.));
#7131 = ( GEOMETRIC_REPRESENTATION_CONTEXT(2) 
PARAMETRIC_REPRESENTATION_CONTEXT() REPRESENTATION_CONTEXT('2D SPACE',''
  ) );
#7132 = PCURVE('',#5596,#7133);
#7133 = DEFINITIONAL_REPRESENTATION('',(#7134),#7138);
#7134 = LINE('',#7135,#7136);
#7135 = CARTESIAN_POINT('',(3.250000000001,0.));
#7136 = VECTOR('',#7137,1.);
#7137 = DIRECTION('',(0.,-1.));
#7138 = ( GEOMETRIC_REPRESENTATION_CONTEXT(2) 
PARAMETRIC_REPRESENTATION_CONTEXT() REPRESENTATION_CONTEXT('2D SPACE',''
  ) );
#7139 = ORIENTED_EDGE('',*,*,#7033,.T.);
#7140 = ORIENTED_EDGE('',*,*,#5375,.F.);
#7141 = ORIENTED_EDGE('',*,*,#6951,.F.);
#7142 = ADVANCED_FACE('',(#7143),#5596,.T.);
#7143 = FACE_BOUND('',#7144,.T.);
#7144 = EDGE_LOOP('',(#7145,#7146,#7147,#7148));
#7145 = ORIENTED_EDGE('',*,*,#5580,.T.);
#7146 = ORIENTED_EDGE('',*,*,#7060,.T.);
#7147 = ORIENTED_EDGE('',*,*,#7119,.F.);
#7148 = ORIENTED_EDGE('',*,*,#6928,.F.);
#7149 = ADVANCED_FACE('',(#7150),#5756,.F.);
#7150 = FACE_BOUND('',#7151,.T.);
#7151 = EDGE_LOOP('',(#7152,#7173,#7174,#7175,#7176,#7177));
#7152 = ORIENTED_EDGE('',*,*,#7153,.F.);
#7153 = EDGE_CURVE('',#6975,#6609,#7154,.T.);
#7154 = SEAM_CURVE('',#7155,(#7159,#7166),.PCURVE_S1.);
#7155 = LINE('',#7156,#7157);
#7156 = CARTESIAN_POINT('',(37.,-21.99704525612,-12.7));
#7157 = VECTOR('',#7158,1.);
#7158 = DIRECTION('',(-5.767392335715E-17,0.866025403784,0.5));
#7159 = PCURVE('',#5756,#7160);
#7160 = DEFINITIONAL_REPRESENTATION('',(#7161),#7165);
#7161 = LINE('',#7162,#7163);
#7162 = CARTESIAN_POINT('',(-0.,0.));
#7163 = VECTOR('',#7164,1.);
#7164 = DIRECTION('',(-0.,1.));
#7165 = ( GEOMETRIC_REPRESENTATION_CONTEXT(2) 
PARAMETRIC_REPRESENTATION_CONTEXT() REPRESENTATION_CONTEXT('2D SPACE',''
  ) );
#7166 = PCURVE('',#5756,#7167);
#7167 = DEFINITIONAL_REPRESENTATION('',(#7168),#7172);
#7168 = LINE('',#7169,#7170);
#7169 = CARTESIAN_POINT('',(-6.28318530718,0.));
#7170 = VECTOR('',#7171,1.);
#7171 = DIRECTION('',(-0.,1.));
#7172 = ( GEOMETRIC_REPRESENTATION_CONTEXT(2) 
PARAMETRIC_REPRESENTATION_CONTEXT() REPRESENTATION_CONTEXT('2D SPACE',''
  ) );
#7173 = ORIENTED_EDGE('',*,*,#6974,.F.);
#7174 = ORIENTED_EDGE('',*,*,#5737,.F.);
#7175 = ORIENTED_EDGE('',*,*,#7002,.F.);
#7176 = ORIENTED_EDGE('',*,*,#7153,.T.);
#7177 = ORIENTED_EDGE('',*,*,#6631,.F.);
#7178 = ADVANCED_FACE('',(#7179),#5841,.T.);
#7179 = FACE_BOUND('',#7180,.T.);
#7180 = EDGE_LOOP('',(#7181,#7204,#7225,#7226,#7227,#7255,#7281,#7282));
#7181 = ORIENTED_EDGE('',*,*,#7182,.T.);
#7182 = EDGE_CURVE('',#6059,#7183,#7185,.T.);
#7183 = VERTEX_POINT('',#7184);
#7184 = CARTESIAN_POINT('',(38.25,10.392304845413,-6.));
#7185 = SURFACE_CURVE('',#7186,(#7190,#7197),.PCURVE_S1.);
#7186 = LINE('',#7187,#7188);
#7187 = CARTESIAN_POINT('',(36.625,11.799596126563,-3.562499999999));
#7188 = VECTOR('',#7189,1.);
#7189 = DIRECTION('',(0.5,-0.433012701892,-0.75));
#7190 = PCURVE('',#5841,#7191);
#7191 = DEFINITIONAL_REPRESENTATION('',(#7192),#7196);
#7192 = LINE('',#7193,#7194);
#7193 = CARTESIAN_POINT('',(1.624999999999,-2.814582562302));
#7194 = VECTOR('',#7195,1.);
#7195 = DIRECTION('',(0.5,0.866025403784));
#7196 = ( GEOMETRIC_REPRESENTATION_CONTEXT(2) 
PARAMETRIC_REPRESENTATION_CONTEXT() REPRESENTATION_CONTEXT('2D SPACE',''
  ) );
#7197 = PCURVE('',#6074,#7198);
#7198 = DEFINITIONAL_REPRESENTATION('',(#7199),#7203);
#7199 = LINE('',#7200,#7201);
#7200 = CARTESIAN_POINT('',(0.,0.));
#7201 = VECTOR('',#7202,1.);
#7202 = DIRECTION('',(1.,0.));
#7203 = ( GEOMETRIC_REPRESENTATION_CONTEXT(2) 
PARAMETRIC_REPRESENTATION_CONTEXT() REPRESENTATION_CONTEXT('2D SPACE',''
  ) );
#7204 = ORIENTED_EDGE('',*,*,#7205,.T.);
#7205 = EDGE_CURVE('',#7183,#5826,#7206,.T.);
#7206 = SURFACE_CURVE('',#7207,(#7211,#7218),.PCURVE_S1.);
#7207 = LINE('',#7208,#7209);
#7208 = CARTESIAN_POINT('',(38.25,10.392304845413,-6.));
#7209 = VECTOR('',#7210,1.);
#7210 = DIRECTION('',(-0.499999999998,-0.433012701893,-0.750000000001));
#7211 = PCURVE('',#5841,#7212);
#7212 = DEFINITIONAL_REPRESENTATION('',(#7213),#7217);
#7213 = LINE('',#7214,#7215);
#7214 = CARTESIAN_POINT('',(3.249999999999,-1.706341620705E-12));
#7215 = VECTOR('',#7216,1.);
#7216 = DIRECTION('',(-0.499999999998,0.866025403785));
#7217 = ( GEOMETRIC_REPRESENTATION_CONTEXT(2) 
PARAMETRIC_REPRESENTATION_CONTEXT() REPRESENTATION_CONTEXT('2D SPACE',''
  ) );
#7218 = PCURVE('',#5869,#7219);
#7219 = DEFINITIONAL_REPRESENTATION('',(#7220),#7224);
#7220 = LINE('',#7221,#7222);
#7221 = CARTESIAN_POINT('',(0.,0.));
#7222 = VECTOR('',#7223,1.);
#7223 = DIRECTION('',(1.,0.));
#7224 = ( GEOMETRIC_REPRESENTATION_CONTEXT(2) 
PARAMETRIC_REPRESENTATION_CONTEXT() REPRESENTATION_CONTEXT('2D SPACE',''
  ) );
#7225 = ORIENTED_EDGE('',*,*,#5825,.T.);
#7226 = ORIENTED_EDGE('',*,*,#6165,.T.);
#7227 = ORIENTED_EDGE('',*,*,#7228,.T.);
#7228 = EDGE_CURVE('',#6166,#7229,#7231,.T.);
#7229 = VERTEX_POINT('',#7230);
#7230 = CARTESIAN_POINT('',(37.,10.392304845413,-6.));
#7231 = SURFACE_CURVE('',#7232,(#7237,#7248),.PCURVE_S1.);
#7232 = CIRCLE('',#7233,2.);
#7233 = AXIS2_PLACEMENT_3D('',#7234,#7235,#7236);
#7234 = CARTESIAN_POINT('',(35.,10.392304845413,-6.));
#7235 = DIRECTION('',(0.,-0.866025403784,0.5));
#7236 = DIRECTION('',(1.,0.,0.));
#7237 = PCURVE('',#5841,#7238);
#7238 = DEFINITIONAL_REPRESENTATION('',(#7239),#7247);
#7239 = ( BOUNDED_CURVE() B_SPLINE_CURVE(2,(#7240,#7241,#7242,#7243,
#7244,#7245,#7246),.UNSPECIFIED.,.T.,.F.) B_SPLINE_CURVE_WITH_KNOTS((1,2
    ,2,2,2,1),(-2.094395102393,0.,2.094395102393,4.188790204786,
6.28318530718,8.377580409573),.UNSPECIFIED.) CURVE() 
GEOMETRIC_REPRESENTATION_ITEM() RATIONAL_B_SPLINE_CURVE((1.,0.5,1.,0.5,
1.,0.5,1.)) REPRESENTATION_ITEM('') );
#7240 = CARTESIAN_POINT('',(1.999999999999,-1.708117977545E-12));
#7241 = CARTESIAN_POINT('',(1.999999999999,-3.464101615139));
#7242 = CARTESIAN_POINT('',(-1.000000000001,-1.732050807571));
#7243 = CARTESIAN_POINT('',(-4.000000000001,-1.708607836264E-12));
#7244 = CARTESIAN_POINT('',(-1.000000000001,1.732050807567));
#7245 = CARTESIAN_POINT('',(1.999999999999,3.464101615136));
#7246 = CARTESIAN_POINT('',(1.999999999999,-1.708117977545E-12));
#7247 = ( GEOMETRIC_REPRESENTATION_CONTEXT(2) 
PARAMETRIC_REPRESENTATION_CONTEXT() REPRESENTATION_CONTEXT('2D SPACE',''
  ) );
#7248 = PCURVE('',#6234,#7249);
#7249 = DEFINITIONAL_REPRESENTATION('',(#7250),#7254);
#7250 = LINE('',#7251,#7252);
#7251 = CARTESIAN_POINT('',(-6.28318530718,13.4));
#7252 = VECTOR('',#7253,1.);
#7253 = DIRECTION('',(1.,-0.));
#7254 = ( GEOMETRIC_REPRESENTATION_CONTEXT(2) 
PARAMETRIC_REPRESENTATION_CONTEXT() REPRESENTATION_CONTEXT('2D SPACE',''
  ) );
#7255 = ORIENTED_EDGE('',*,*,#7256,.T.);
#7256 = EDGE_CURVE('',#7229,#6193,#7257,.T.);
#7257 = SURFACE_CURVE('',#7258,(#7263,#7274),.PCURVE_S1.);
#7258 = CIRCLE('',#7259,2.);
#7259 = AXIS2_PLACEMENT_3D('',#7260,#7261,#7262);
#7260 = CARTESIAN_POINT('',(35.,10.392304845413,-6.));
#7261 = DIRECTION('',(0.,-0.866025403784,0.5));
#7262 = DIRECTION('',(1.,0.,0.));
#7263 = PCURVE('',#5841,#7264);
#7264 = DEFINITIONAL_REPRESENTATION('',(#7265),#7273);
#7265 = ( BOUNDED_CURVE() B_SPLINE_CURVE(2,(#7266,#7267,#7268,#7269,
#7270,#7271,#7272),.UNSPECIFIED.,.T.,.F.) B_SPLINE_CURVE_WITH_KNOTS((1,2
    ,2,2,2,1),(-2.094395102393,0.,2.094395102393,4.188790204786,
6.28318530718,8.377580409573),.UNSPECIFIED.) CURVE() 
GEOMETRIC_REPRESENTATION_ITEM() RATIONAL_B_SPLINE_CURVE((1.,0.5,1.,0.5,
1.,0.5,1.)) REPRESENTATION_ITEM('') );
#7266 = CARTESIAN_POINT('',(1.999999999999,-1.708117977545E-12));
#7267 = CARTESIAN_POINT('',(1.999999999999,-3.464101615139));
#7268 = CARTESIAN_POINT('',(-1.000000000001,-1.732050807571));
#7269 = CARTESIAN_POINT('',(-4.000000000001,-1.708607836264E-12));
#7270 = CARTESIAN_POINT('',(-1.000000000001,1.732050807567));
#7271 = CARTESIAN_POINT('',(1.999999999999,3.464101615136));
#7272 = CARTESIAN_POINT('',(1.999999999999,-1.708117977545E-12));
#7273 = ( GEOMETRIC_REPRESENTATION_CONTEXT(2) 
PARAMETRIC_REPRESENTATION_CONTEXT() REPRESENTATION_CONTEXT('2D SPACE',''
  ) );
#7274 = PCURVE('',#6234,#7275);
#7275 = DEFINITIONAL_REPRESENTATION('',(#7276),#7280);
#7276 = LINE('',#7277,#7278);
#7277 = CARTESIAN_POINT('',(-6.28318530718,13.4));
#7278 = VECTOR('',#7279,1.);
#7279 = DIRECTION('',(1.,-0.));
#7280 = ( GEOMETRIC_REPRESENTATION_CONTEXT(2) 
PARAMETRIC_REPRESENTATION_CONTEXT() REPRESENTATION_CONTEXT('2D SPACE',''
  ) );
#7281 = ORIENTED_EDGE('',*,*,#6192,.T.);
#7282 = ORIENTED_EDGE('',*,*,#6086,.T.);
#7283 = ADVANCED_FACE('',(#7284,#7334),#5897,.F.);
#7284 = FACE_BOUND('',#7285,.F.);
#7285 = EDGE_LOOP('',(#7286,#7309,#7310,#7311,#7312,#7313));
#7286 = ORIENTED_EDGE('',*,*,#7287,.T.);
#7287 = EDGE_CURVE('',#7288,#5854,#7290,.T.);
#7288 = VERTEX_POINT('',#7289);
#7289 = CARTESIAN_POINT('',(38.25,13.856406460551,-8.));
#7290 = SURFACE_CURVE('',#7291,(#7295,#7302),.PCURVE_S1.);
#7291 = LINE('',#7292,#7293);
#7292 = CARTESIAN_POINT('',(38.25,13.856406460551,-8.));
#7293 = VECTOR('',#7294,1.);
#7294 = DIRECTION('',(-0.499999999998,-0.433012701893,-0.750000000001));
#7295 = PCURVE('',#5897,#7296);
#7296 = DEFINITIONAL_REPRESENTATION('',(#7297),#7301);
#7297 = LINE('',#7298,#7299);
#7298 = CARTESIAN_POINT('',(3.249999999999,-1.706341620705E-12));
#7299 = VECTOR('',#7300,1.);
#7300 = DIRECTION('',(-0.499999999998,0.866025403785));
#7301 = ( GEOMETRIC_REPRESENTATION_CONTEXT(2) 
PARAMETRIC_REPRESENTATION_CONTEXT() REPRESENTATION_CONTEXT('2D SPACE',''
  ) );
#7302 = PCURVE('',#5869,#7303);
#7303 = DEFINITIONAL_REPRESENTATION('',(#7304),#7308);
#7304 = LINE('',#7305,#7306);
#7305 = CARTESIAN_POINT('',(0.,-4.));
#7306 = VECTOR('',#7307,1.);
#7307 = DIRECTION('',(1.,0.));
#7308 = ( GEOMETRIC_REPRESENTATION_CONTEXT(2) 
PARAMETRIC_REPRESENTATION_CONTEXT() REPRESENTATION_CONTEXT('2D SPACE',''
  ) );
#7309 = ORIENTED_EDGE('',*,*,#5881,.T.);
#7310 = ORIENTED_EDGE('',*,*,#5937,.T.);
#7311 = ORIENTED_EDGE('',*,*,#5986,.T.);
#7312 = ORIENTED_EDGE('',*,*,#6035,.T.);
#7313 = ORIENTED_EDGE('',*,*,#7314,.T.);
#7314 = EDGE_CURVE('',#6036,#7288,#7315,.T.);
#7315 = SURFACE_CURVE('',#7316,(#7320,#7327),.PCURVE_S1.);
#7316 = LINE('',#7317,#7318);
#7317 = CARTESIAN_POINT('',(36.625,15.263697741701,-5.562499999999));
#7318 = VECTOR('',#7319,1.);
#7319 = DIRECTION('',(0.5,-0.433012701892,-0.75));
#7320 = PCURVE('',#5897,#7321);
#7321 = DEFINITIONAL_REPRESENTATION('',(#7322),#7326);
#7322 = LINE('',#7323,#7324);
#7323 = CARTESIAN_POINT('',(1.624999999999,-2.814582562302));
#7324 = VECTOR('',#7325,1.);
#7325 = DIRECTION('',(0.5,0.866025403784));
#7326 = ( GEOMETRIC_REPRESENTATION_CONTEXT(2) 
PARAMETRIC_REPRESENTATION_CONTEXT() REPRESENTATION_CONTEXT('2D SPACE',''
  ) );
#7327 = PCURVE('',#6074,#7328);
#7328 = DEFINITIONAL_REPRESENTATION('',(#7329),#7333);
#7329 = LINE('',#7330,#7331);
#7330 = CARTESIAN_POINT('',(0.,-4.));
#7331 = VECTOR('',#7332,1.);
#7332 = DIRECTION('',(1.,0.));
#7333 = ( GEOMETRIC_REPRESENTATION_CONTEXT(2) 
PARAMETRIC_REPRESENTATION_CONTEXT() REPRESENTATION_CONTEXT('2D SPACE',''
  ) );
#7334 = FACE_BOUND('',#7335,.F.);
#7335 = EDGE_LOOP('',(#7336));
#7336 = ORIENTED_EDGE('',*,*,#7337,.T.);
#7337 = EDGE_CURVE('',#7338,#7338,#7340,.T.);
#7338 = VERTEX_POINT('',#7339);
#7339 = CARTESIAN_POINT('',(37.,13.856406460551,-8.));
#7340 = SURFACE_CURVE('',#7341,(#7346,#7357),.PCURVE_S1.);
#7341 = CIRCLE('',#7342,2.);
#7342 = AXIS2_PLACEMENT_3D('',#7343,#7344,#7345);
#7343 = CARTESIAN_POINT('',(35.,13.856406460551,-8.));
#7344 = DIRECTION('',(0.,-0.866025403784,0.5));
#7345 = DIRECTION('',(1.,0.,0.));
#7346 = PCURVE('',#5897,#7347);
#7347 = DEFINITIONAL_REPRESENTATION('',(#7348),#7356);
#7348 = ( BOUNDED_CURVE() B_SPLINE_CURVE(2,(#7349,#7350,#7351,#7352,
#7353,#7354,#7355),.UNSPECIFIED.,.T.,.F.) B_SPLINE_CURVE_WITH_KNOTS((1,2
    ,2,2,2,1),(-2.094395102393,0.,2.094395102393,4.188790204786,
6.28318530718,8.377580409573),.UNSPECIFIED.) CURVE() 
GEOMETRIC_REPRESENTATION_ITEM() RATIONAL_B_SPLINE_CURVE((1.,0.5,1.,0.5,
1.,0.5,1.)) REPRESENTATION_ITEM('') );
#7349 = CARTESIAN_POINT('',(1.999999999999,-1.709006155965E-12));
#7350 = CARTESIAN_POINT('',(1.999999999999,-3.464101615139));
#7351 = CARTESIAN_POINT('',(-1.000000000001,-1.732050807571));
#7352 = CARTESIAN_POINT('',(-4.000000000001,-1.709496014684E-12));
#7353 = CARTESIAN_POINT('',(-1.000000000001,1.732050807567));
#7354 = CARTESIAN_POINT('',(1.999999999999,3.464101615136));
#7355 = CARTESIAN_POINT('',(1.999999999999,-1.709006155965E-12));
#7356 = ( GEOMETRIC_REPRESENTATION_CONTEXT(2) 
PARAMETRIC_REPRESENTATION_CONTEXT() REPRESENTATION_CONTEXT('2D SPACE',''
  ) );
#7357 = PCURVE('',#7358,#7363);
#7358 = CYLINDRICAL_SURFACE('',#7359,2.);
#7359 = AXIS2_PLACEMENT_3D('',#7360,#7361,#7362);
#7360 = CARTESIAN_POINT('',(35.,21.997045256125,-12.7));
#7361 = DIRECTION('',(-0.,-0.866025403784,0.5));
#7362 = DIRECTION('',(1.,0.,0.));
#7363 = DEFINITIONAL_REPRESENTATION('',(#7364),#7368);
#7364 = LINE('',#7365,#7366);
#7365 = CARTESIAN_POINT('',(-6.28318530718,9.4));
#7366 = VECTOR('',#7367,1.);
#7367 = DIRECTION('',(1.,-0.));
#7368 = ( GEOMETRIC_REPRESENTATION_CONTEXT(2) 
PARAMETRIC_REPRESENTATION_CONTEXT() REPRESENTATION_CONTEXT('2D SPACE',''
  ) );
#7369 = ADVANCED_FACE('',(#7370),#5869,.T.);
#7370 = FACE_BOUND('',#7371,.T.);
#7371 = EDGE_LOOP('',(#7372,#7393,#7394,#7395));
#7372 = ORIENTED_EDGE('',*,*,#7373,.T.);
#7373 = EDGE_CURVE('',#7183,#7288,#7374,.T.);
#7374 = SURFACE_CURVE('',#7375,(#7379,#7386),.PCURVE_S1.);
#7375 = LINE('',#7376,#7377);
#7376 = CARTESIAN_POINT('',(38.25,10.392304845413,-6.));
#7377 = VECTOR('',#7378,1.);
#7378 = DIRECTION('',(0.,0.866025403784,-0.5));
#7379 = PCURVE('',#5869,#7380);
#7380 = DEFINITIONAL_REPRESENTATION('',(#7381),#7385);
#7381 = LINE('',#7382,#7383);
#7382 = CARTESIAN_POINT('',(0.,0.));
#7383 = VECTOR('',#7384,1.);
#7384 = DIRECTION('',(0.,-1.));
#7385 = ( GEOMETRIC_REPRESENTATION_CONTEXT(2) 
PARAMETRIC_REPRESENTATION_CONTEXT() REPRESENTATION_CONTEXT('2D SPACE',''
  ) );
#7386 = PCURVE('',#6074,#7387);
#7387 = DEFINITIONAL_REPRESENTATION('',(#7388),#7392);
#7388 = LINE('',#7389,#7390);
#7389 = CARTESIAN_POINT('',(3.250000000001,0.));
#7390 = VECTOR('',#7391,1.);
#7391 = DIRECTION('',(0.,-1.));
#7392 = ( GEOMETRIC_REPRESENTATION_CONTEXT(2) 
PARAMETRIC_REPRESENTATION_CONTEXT() REPRESENTATION_CONTEXT('2D SPACE',''
  ) );
#7393 = ORIENTED_EDGE('',*,*,#7287,.T.);
#7394 = ORIENTED_EDGE('',*,*,#5853,.F.);
#7395 = ORIENTED_EDGE('',*,*,#7205,.F.);
#7396 = ADVANCED_FACE('',(#7397),#6074,.T.);
#7397 = FACE_BOUND('',#7398,.T.);
#7398 = EDGE_LOOP('',(#7399,#7400,#7401,#7402));
#7399 = ORIENTED_EDGE('',*,*,#6058,.T.);
#7400 = ORIENTED_EDGE('',*,*,#7314,.T.);
#7401 = ORIENTED_EDGE('',*,*,#7373,.F.);
#7402 = ORIENTED_EDGE('',*,*,#7182,.F.);
#7403 = ADVANCED_FACE('',(#7404),#6234,.F.);
#7404 = FACE_BOUND('',#7405,.T.);
#7405 = EDGE_LOOP('',(#7406,#7427,#7428,#7429,#7430,#7431));
#7406 = ORIENTED_EDGE('',*,*,#7407,.F.);
#7407 = EDGE_CURVE('',#7229,#6659,#7408,.T.);
#7408 = SEAM_CURVE('',#7409,(#7413,#7420),.PCURVE_S1.);
#7409 = LINE('',#7410,#7411);
#7410 = CARTESIAN_POINT('',(37.,21.997045256125,-12.7));
#7411 = VECTOR('',#7412,1.);
#7412 = DIRECTION('',(-5.767392335715E-17,-0.866025403784,0.5));
#7413 = PCURVE('',#6234,#7414);
#7414 = DEFINITIONAL_REPRESENTATION('',(#7415),#7419);
#7415 = LINE('',#7416,#7417);
#7416 = CARTESIAN_POINT('',(-0.,0.));
#7417 = VECTOR('',#7418,1.);
#7418 = DIRECTION('',(-0.,1.));
#7419 = ( GEOMETRIC_REPRESENTATION_CONTEXT(2) 
PARAMETRIC_REPRESENTATION_CONTEXT() REPRESENTATION_CONTEXT('2D SPACE',''
  ) );
#7420 = PCURVE('',#6234,#7421);
#7421 = DEFINITIONAL_REPRESENTATION('',(#7422),#7426);
#7422 = LINE('',#7423,#7424);
#7423 = CARTESIAN_POINT('',(-6.28318530718,0.));
#7424 = VECTOR('',#7425,1.);
#7425 = DIRECTION('',(-0.,1.));
#7426 = ( GEOMETRIC_REPRESENTATION_CONTEXT(2) 
PARAMETRIC_REPRESENTATION_CONTEXT() REPRESENTATION_CONTEXT('2D SPACE',''
  ) );
#7427 = ORIENTED_EDGE('',*,*,#7228,.F.);
#7428 = ORIENTED_EDGE('',*,*,#6215,.F.);
#7429 = ORIENTED_EDGE('',*,*,#7256,.F.);
#7430 = ORIENTED_EDGE('',*,*,#7407,.T.);
#7431 = ORIENTED_EDGE('',*,*,#6681,.F.);
#7432 = ADVANCED_FACE('',(#7433),#6425,.F.);
#7433 = FACE_BOUND('',#7434,.T.);
#7434 = EDGE_LOOP('',(#7435,#7458,#7480,#7481));
#7435 = ORIENTED_EDGE('',*,*,#7436,.F.);
#7436 = EDGE_CURVE('',#7437,#6405,#7439,.T.);
#7437 = VERTEX_POINT('',#7438);
#7438 = CARTESIAN_POINT('',(37.,0.,25.4));
#7439 = SEAM_CURVE('',#7440,(#7444,#7451),.PCURVE_S1.);
#7440 = LINE('',#7441,#7442);
#7441 = CARTESIAN_POINT('',(37.,0.,25.4));
#7442 = VECTOR('',#7443,1.);
#7443 = DIRECTION('',(-5.767392335715E-17,0.,-1.));
#7444 = PCURVE('',#6425,#7445);
#7445 = DEFINITIONAL_REPRESENTATION('',(#7446),#7450);
#7446 = LINE('',#7447,#7448);
#7447 = CARTESIAN_POINT('',(-0.,0.));
#7448 = VECTOR('',#7449,1.);
#7449 = DIRECTION('',(-0.,1.));
#7450 = ( GEOMETRIC_REPRESENTATION_CONTEXT(2) 
PARAMETRIC_REPRESENTATION_CONTEXT() REPRESENTATION_CONTEXT('2D SPACE',''
  ) );
#7451 = PCURVE('',#6425,#7452);
#7452 = DEFINITIONAL_REPRESENTATION('',(#7453),#7457);
#7453 = LINE('',#7454,#7455);
#7454 = CARTESIAN_POINT('',(-6.28318530718,0.));
#7455 = VECTOR('',#7456,1.);
#7456 = DIRECTION('',(-0.,1.));
#7457 = ( GEOMETRIC_REPRESENTATION_CONTEXT(2) 
PARAMETRIC_REPRESENTATION_CONTEXT() REPRESENTATION_CONTEXT('2D SPACE',''
  ) );
#7458 = ORIENTED_EDGE('',*,*,#7459,.T.);
#7459 = EDGE_CURVE('',#7437,#7437,#7460,.T.);
#7460 = SURFACE_CURVE('',#7461,(#7466,#7473),.PCURVE_S1.);
#7461 = CIRCLE('',#7462,2.);
#7462 = AXIS2_PLACEMENT_3D('',#7463,#7464,#7465);
#7463 = CARTESIAN_POINT('',(35.,0.,25.4));
#7464 = DIRECTION('',(0.,0.,1.));
#7465 = DIRECTION('',(1.,0.,0.));
#7466 = PCURVE('',#6425,#7467);
#7467 = DEFINITIONAL_REPRESENTATION('',(#7468),#7472);
#7468 = LINE('',#7469,#7470);
#7469 = CARTESIAN_POINT('',(-0.,0.));
#7470 = VECTOR('',#7471,1.);
#7471 = DIRECTION('',(-1.,0.));
#7472 = ( GEOMETRIC_REPRESENTATION_CONTEXT(2) 
PARAMETRIC_REPRESENTATION_CONTEXT() REPRESENTATION_CONTEXT('2D SPACE',''
  ) );
#7473 = PCURVE('',#6802,#7474);
#7474 = DEFINITIONAL_REPRESENTATION('',(#7475),#7479);
#7475 = CIRCLE('',#7476,2.);
#7476 = AXIS2_PLACEMENT_2D('',#7477,#7478);
#7477 = CARTESIAN_POINT('',(0.,0.));
#7478 = DIRECTION('',(1.,0.));
#7479 = ( GEOMETRIC_REPRESENTATION_CONTEXT(2) 
PARAMETRIC_REPRESENTATION_CONTEXT() REPRESENTATION_CONTEXT('2D SPACE',''
  ) );
#7480 = ORIENTED_EDGE('',*,*,#7436,.T.);
#7481 = ORIENTED_EDGE('',*,*,#6404,.T.);
#7482 = ADVANCED_FACE('',(#7483,#7486),#6564,.T.);
#7483 = FACE_BOUND('',#7484,.F.);
#7484 = EDGE_LOOP('',(#7485));
#7485 = ORIENTED_EDGE('',*,*,#6549,.T.);
#7486 = FACE_BOUND('',#7487,.F.);
#7487 = EDGE_LOOP('',(#7488,#7528,#7566,#7604,#7642,#7680));
#7488 = ORIENTED_EDGE('',*,*,#7489,.T.);
#7489 = EDGE_CURVE('',#7490,#7492,#7494,.T.);
#7490 = VERTEX_POINT('',#7491);
#7491 = CARTESIAN_POINT('',(50.,-19.28349899093,-7.382983113757E-15));
#7492 = VERTEX_POINT('',#7493);
#7493 = CARTESIAN_POINT('',(50.,-9.641749495467,16.7));
#7494 = SURFACE_CURVE('',#7495,(#7501,#7510),.PCURVE_S1.);
#7495 = B_SPLINE_CURVE_WITH_KNOTS('',2,(#7496,#7497,#7498,#7499,#7500),
  .UNSPECIFIED.,.F.,.F.,(3,1,1,3),(-1.714,-1.3252484864,19.7252484864,
    20.114),.UNSPECIFIED.);
#7496 = CARTESIAN_POINT('',(50.,-19.9196242432,-1.101801256903));
#7497 = CARTESIAN_POINT('',(50.,-19.8224363648,-0.933466913635));
#7498 = CARTESIAN_POINT('',(50.,-14.4626242432,8.35));
#7499 = CARTESIAN_POINT('',(50.,-9.1028121216,17.633466913635));
#7500 = CARTESIAN_POINT('',(50.,-9.0056242432,17.801801256903));
#7501 = PCURVE('',#6564,#7502);
#7502 = DEFINITIONAL_REPRESENTATION('',(#7503),#7509);
#7503 = B_SPLINE_CURVE_WITH_KNOTS('',2,(#7504,#7505,#7506,#7507,#7508),
  .UNSPECIFIED.,.F.,.F.,(3,1,1,3),(-1.714,-1.3252484864,19.7252484864,
    20.114),.UNSPECIFIED.);
#7504 = CARTESIAN_POINT('',(-19.9196242432,-1.101801256903));
#7505 = CARTESIAN_POINT('',(-19.8224363648,-0.933466913635));
#7506 = CARTESIAN_POINT('',(-14.4626242432,8.35));
#7507 = CARTESIAN_POINT('',(-9.1028121216,17.633466913635));
#7508 = CARTESIAN_POINT('',(-9.0056242432,17.801801256903));
#7509 = ( GEOMETRIC_REPRESENTATION_CONTEXT(2) 
PARAMETRIC_REPRESENTATION_CONTEXT() REPRESENTATION_CONTEXT('2D SPACE',''
  ) );
#7510 = PCURVE('',#7511,#7522);
#7511 = B_SPLINE_SURFACE_WITH_KNOTS('',1,2,(
    (#7512,#7513,#7514,#7515,#7516)
    ,(#7517,#7518,#7519,#7520,#7521
    )),.UNSPECIFIED.,.F.,.F.,.F.,(2,2),(3,1,1,3),(0.,21.050496972801),(
    -1.714,-1.3252484864,19.7252484864,20.114),.UNSPECIFIED.);
#7512 = CARTESIAN_POINT('',(50.,-19.9196242432,-1.101801256903));
#7513 = CARTESIAN_POINT('',(50.,-19.8224363648,-0.933466913635));
#7514 = CARTESIAN_POINT('',(50.,-14.4626242432,8.35));
#7515 = CARTESIAN_POINT('',(50.,-9.1028121216,17.633466913635));
#7516 = CARTESIAN_POINT('',(50.,-9.0056242432,17.801801256903));
#7517 = CARTESIAN_POINT('',(49.500076152422,-20.36019405875,
    -0.847438155294));
#7518 = CARTESIAN_POINT('',(49.500076152422,-20.26300618035,
    -0.679103812026));
#7519 = CARTESIAN_POINT('',(49.500076152422,-14.90319405875,
    8.604363101609));
#7520 = CARTESIAN_POINT('',(49.500076152422,-9.543381937158,
    17.887830015244));
#7521 = CARTESIAN_POINT('',(49.500076152422,-9.446194058758,
    18.056164358513));
#7522 = DEFINITIONAL_REPRESENTATION('',(#7523),#7527);
#7523 = LINE('',#7524,#7525);
#7524 = CARTESIAN_POINT('',(0.,0.));
#7525 = VECTOR('',#7526,1.);
#7526 = DIRECTION('',(0.,1.));
#7527 = ( GEOMETRIC_REPRESENTATION_CONTEXT(2) 
PARAMETRIC_REPRESENTATION_CONTEXT() REPRESENTATION_CONTEXT('2D SPACE',''
  ) );
#7528 = ORIENTED_EDGE('',*,*,#7529,.T.);
#7529 = EDGE_CURVE('',#7492,#7530,#7532,.T.);
#7530 = VERTEX_POINT('',#7531);
#7531 = CARTESIAN_POINT('',(50.,9.641749495467,16.7));
#7532 = SURFACE_CURVE('',#7533,(#7539,#7548),.PCURVE_S1.);
#7533 = B_SPLINE_CURVE_WITH_KNOTS('',2,(#7534,#7535,#7536,#7537,#7538),
  .UNSPECIFIED.,.F.,.F.,(3,1,1,3),(-1.714,-1.3252484864,19.7252484864,
    20.114),.UNSPECIFIED.);
#7534 = CARTESIAN_POINT('',(50.,-10.914,16.7));
#7535 = CARTESIAN_POINT('',(50.,-10.7196242432,16.7));
#7536 = CARTESIAN_POINT('',(50.,1.42108547152E-14,16.7));
#7537 = CARTESIAN_POINT('',(50.,10.7196242432,16.7));
#7538 = CARTESIAN_POINT('',(50.,10.914,16.7));
#7539 = PCURVE('',#6564,#7540);
#7540 = DEFINITIONAL_REPRESENTATION('',(#7541),#7547);
#7541 = B_SPLINE_CURVE_WITH_KNOTS('',2,(#7542,#7543,#7544,#7545,#7546),
  .UNSPECIFIED.,.F.,.F.,(3,1,1,3),(-1.714,-1.3252484864,19.7252484864,
    20.114),.UNSPECIFIED.);
#7542 = CARTESIAN_POINT('',(-10.914,16.7));
#7543 = CARTESIAN_POINT('',(-10.7196242432,16.7));
#7544 = CARTESIAN_POINT('',(1.42108547152E-14,16.7));
#7545 = CARTESIAN_POINT('',(10.7196242432,16.7));
#7546 = CARTESIAN_POINT('',(10.914,16.7));
#7547 = ( GEOMETRIC_REPRESENTATION_CONTEXT(2) 
PARAMETRIC_REPRESENTATION_CONTEXT() REPRESENTATION_CONTEXT('2D SPACE',''
  ) );
#7548 = PCURVE('',#7549,#7560);
#7549 = B_SPLINE_SURFACE_WITH_KNOTS('',1,2,(
    (#7550,#7551,#7552,#7553,#7554)
    ,(#7555,#7556,#7557,#7558,#7559
    )),.UNSPECIFIED.,.F.,.F.,.F.,(2,2),(3,1,1,3),(0.,21.050496972801),(
    -1.714,-1.3252484864,19.7252484864,20.114),.UNSPECIFIED.);
#7550 = CARTESIAN_POINT('',(50.,-10.914,16.7));
#7551 = CARTESIAN_POINT('',(50.,-10.7196242432,16.7));
#7552 = CARTESIAN_POINT('',(50.,1.42108547152E-14,16.7));
#7553 = CARTESIAN_POINT('',(50.,10.7196242432,16.7));
#7554 = CARTESIAN_POINT('',(50.,10.914,16.7));
#7555 = CARTESIAN_POINT('',(49.500076152422,-10.914,17.208726203219));
#7556 = CARTESIAN_POINT('',(49.500076152422,-10.7196242432,
    17.208726203219));
#7557 = CARTESIAN_POINT('',(49.500076152422,1.7763568394E-14,
    17.208726203219));
#7558 = CARTESIAN_POINT('',(49.500076152422,10.7196242432,
    17.208726203219));
#7559 = CARTESIAN_POINT('',(49.500076152422,10.914,17.208726203219));
#7560 = DEFINITIONAL_REPRESENTATION('',(#7561),#7565);
#7561 = LINE('',#7562,#7563);
#7562 = CARTESIAN_POINT('',(0.,0.));
#7563 = VECTOR('',#7564,1.);
#7564 = DIRECTION('',(0.,1.));
#7565 = ( GEOMETRIC_REPRESENTATION_CONTEXT(2) 
PARAMETRIC_REPRESENTATION_CONTEXT() REPRESENTATION_CONTEXT('2D SPACE',''
  ) );
#7566 = ORIENTED_EDGE('',*,*,#7567,.T.);
#7567 = EDGE_CURVE('',#7530,#7568,#7570,.T.);
#7568 = VERTEX_POINT('',#7569);
#7569 = CARTESIAN_POINT('',(50.,19.283498990934,-3.275157922644E-15));
#7570 = SURFACE_CURVE('',#7571,(#7577,#7586),.PCURVE_S1.);
#7571 = B_SPLINE_CURVE_WITH_KNOTS('',2,(#7572,#7573,#7574,#7575,#7576),
  .UNSPECIFIED.,.F.,.F.,(3,1,1,3),(-1.714,-1.3252484864,19.7252484864,
    20.114),.UNSPECIFIED.);
#7572 = CARTESIAN_POINT('',(50.,9.0056242432,17.801801256903));
#7573 = CARTESIAN_POINT('',(50.,9.1028121216,17.633466913635));
#7574 = CARTESIAN_POINT('',(50.,14.4626242432,8.35));
#7575 = CARTESIAN_POINT('',(50.,19.8224363648,-0.933466913635));
#7576 = CARTESIAN_POINT('',(50.,19.9196242432,-1.101801256903));
#7577 = PCURVE('',#6564,#7578);
#7578 = DEFINITIONAL_REPRESENTATION('',(#7579),#7585);
#7579 = B_SPLINE_CURVE_WITH_KNOTS('',2,(#7580,#7581,#7582,#7583,#7584),
  .UNSPECIFIED.,.F.,.F.,(3,1,1,3),(-1.714,-1.3252484864,19.7252484864,
    20.114),.UNSPECIFIED.);
#7580 = CARTESIAN_POINT('',(9.0056242432,17.801801256903));
#7581 = CARTESIAN_POINT('',(9.1028121216,17.633466913635));
#7582 = CARTESIAN_POINT('',(14.4626242432,8.35));
#7583 = CARTESIAN_POINT('',(19.8224363648,-0.933466913635));
#7584 = CARTESIAN_POINT('',(19.9196242432,-1.101801256903));
#7585 = ( GEOMETRIC_REPRESENTATION_CONTEXT(2) 
PARAMETRIC_REPRESENTATION_CONTEXT() REPRESENTATION_CONTEXT('2D SPACE',''
  ) );
#7586 = PCURVE('',#7587,#7598);
#7587 = B_SPLINE_SURFACE_WITH_KNOTS('',1,2,(
    (#7588,#7589,#7590,#7591,#7592)
    ,(#7593,#7594,#7595,#7596,#7597
    )),.UNSPECIFIED.,.F.,.F.,.F.,(2,2),(3,1,1,3),(0.,21.050496972801),(
    -1.714,-1.3252484864,19.7252484864,20.114),.UNSPECIFIED.);
#7588 = CARTESIAN_POINT('',(50.,9.0056242432,17.801801256903));
#7589 = CARTESIAN_POINT('',(50.,9.1028121216,17.633466913635));
#7590 = CARTESIAN_POINT('',(50.,14.4626242432,8.35));
#7591 = CARTESIAN_POINT('',(50.,19.8224363648,-0.933466913635));
#7592 = CARTESIAN_POINT('',(50.,19.9196242432,-1.101801256903));
#7593 = CARTESIAN_POINT('',(49.500076152422,9.446194058758,
    18.056164358513));
#7594 = CARTESIAN_POINT('',(49.500076152422,9.543381937158,
    17.887830015244));
#7595 = CARTESIAN_POINT('',(49.500076152422,14.903194058758,
    8.604363101609));
#7596 = CARTESIAN_POINT('',(49.500076152422,20.263006180358,
    -0.679103812026));
#7597 = CARTESIAN_POINT('',(49.500076152422,20.360194058758,
    -0.847438155294));
#7598 = DEFINITIONAL_REPRESENTATION('',(#7599),#7603);
#7599 = LINE('',#7600,#7601);
#7600 = CARTESIAN_POINT('',(0.,0.));
#7601 = VECTOR('',#7602,1.);
#7602 = DIRECTION('',(0.,1.));
#7603 = ( GEOMETRIC_REPRESENTATION_CONTEXT(2) 
PARAMETRIC_REPRESENTATION_CONTEXT() REPRESENTATION_CONTEXT('2D SPACE',''
  ) );
#7604 = ORIENTED_EDGE('',*,*,#7605,.T.);
#7605 = EDGE_CURVE('',#7568,#7606,#7608,.T.);
#7606 = VERTEX_POINT('',#7607);
#7607 = CARTESIAN_POINT('',(50.,9.641749495467,-16.7));
#7608 = SURFACE_CURVE('',#7609,(#7615,#7624),.PCURVE_S1.);
#7609 = B_SPLINE_CURVE_WITH_KNOTS('',2,(#7610,#7611,#7612,#7613,#7614),
  .UNSPECIFIED.,.F.,.F.,(3,1,1,3),(-1.714,-1.3252484864,19.7252484864,
    20.114),.UNSPECIFIED.);
#7610 = CARTESIAN_POINT('',(50.,19.9196242432,1.101801256903));
#7611 = CARTESIAN_POINT('',(50.,19.8224363648,0.933466913635));
#7612 = CARTESIAN_POINT('',(50.,14.4626242432,-8.35));
#7613 = CARTESIAN_POINT('',(50.,9.1028121216,-17.63346691363));
#7614 = CARTESIAN_POINT('',(50.,9.0056242432,-17.8018012569));
#7615 = PCURVE('',#6564,#7616);
#7616 = DEFINITIONAL_REPRESENTATION('',(#7617),#7623);
#7617 = B_SPLINE_CURVE_WITH_KNOTS('',2,(#7618,#7619,#7620,#7621,#7622),
  .UNSPECIFIED.,.F.,.F.,(3,1,1,3),(-1.714,-1.3252484864,19.7252484864,
    20.114),.UNSPECIFIED.);
#7618 = CARTESIAN_POINT('',(19.9196242432,1.101801256903));
#7619 = CARTESIAN_POINT('',(19.8224363648,0.933466913635));
#7620 = CARTESIAN_POINT('',(14.4626242432,-8.35));
#7621 = CARTESIAN_POINT('',(9.1028121216,-17.63346691363));
#7622 = CARTESIAN_POINT('',(9.0056242432,-17.8018012569));
#7623 = ( GEOMETRIC_REPRESENTATION_CONTEXT(2) 
PARAMETRIC_REPRESENTATION_CONTEXT() REPRESENTATION_CONTEXT('2D SPACE',''
  ) );
#7624 = PCURVE('',#7625,#7636);
#7625 = B_SPLINE_SURFACE_WITH_KNOTS('',1,2,(
    (#7626,#7627,#7628,#7629,#7630)
    ,(#7631,#7632,#7633,#7634,#7635
    )),.UNSPECIFIED.,.F.,.F.,.F.,(2,2),(3,1,1,3),(0.,21.050496972801),(
    -1.714,-1.3252484864,19.7252484864,20.114),.UNSPECIFIED.);
#7626 = CARTESIAN_POINT('',(50.,19.9196242432,1.101801256903));
#7627 = CARTESIAN_POINT('',(50.,19.8224363648,0.933466913635));
#7628 = CARTESIAN_POINT('',(50.,14.4626242432,-8.35));
#7629 = CARTESIAN_POINT('',(50.,9.1028121216,-17.63346691363));
#7630 = CARTESIAN_POINT('',(50.,9.0056242432,-17.8018012569));
#7631 = CARTESIAN_POINT('',(49.500076152422,20.360194058758,
    0.847438155294));
#7632 = CARTESIAN_POINT('',(49.500076152422,20.263006180358,
    0.679103812026));
#7633 = CARTESIAN_POINT('',(49.500076152422,14.903194058758,
    -8.604363101609));
#7634 = CARTESIAN_POINT('',(49.500076152422,9.543381937158,
    -17.88783001524));
#7635 = CARTESIAN_POINT('',(49.500076152422,9.446194058758,
    -18.05616435851));
#7636 = DEFINITIONAL_REPRESENTATION('',(#7637),#7641);
#7637 = LINE('',#7638,#7639);
#7638 = CARTESIAN_POINT('',(0.,0.));
#7639 = VECTOR('',#7640,1.);
#7640 = DIRECTION('',(0.,1.));
#7641 = ( GEOMETRIC_REPRESENTATION_CONTEXT(2) 
PARAMETRIC_REPRESENTATION_CONTEXT() REPRESENTATION_CONTEXT('2D SPACE',''
  ) );
#7642 = ORIENTED_EDGE('',*,*,#7643,.T.);
#7643 = EDGE_CURVE('',#7606,#7644,#7646,.T.);
#7644 = VERTEX_POINT('',#7645);
#7645 = CARTESIAN_POINT('',(50.,-9.641749495467,-16.7));
#7646 = SURFACE_CURVE('',#7647,(#7653,#7662),.PCURVE_S1.);
#7647 = B_SPLINE_CURVE_WITH_KNOTS('',2,(#7648,#7649,#7650,#7651,#7652),
  .UNSPECIFIED.,.F.,.F.,(3,1,1,3),(-1.714,-1.3252484864,19.7252484864,
    20.114),.UNSPECIFIED.);
#7648 = CARTESIAN_POINT('',(50.,10.914,-16.7));
#7649 = CARTESIAN_POINT('',(50.,10.7196242432,-16.7));
#7650 = CARTESIAN_POINT('',(50.,-1.625601486978E-14,-16.7));
#7651 = CARTESIAN_POINT('',(50.,-10.7196242432,-16.7));
#7652 = CARTESIAN_POINT('',(50.,-10.914,-16.7));
#7653 = PCURVE('',#6564,#7654);
#7654 = DEFINITIONAL_REPRESENTATION('',(#7655),#7661);
#7655 = B_SPLINE_CURVE_WITH_KNOTS('',2,(#7656,#7657,#7658,#7659,#7660),
  .UNSPECIFIED.,.F.,.F.,(3,1,1,3),(-1.714,-1.3252484864,19.7252484864,
    20.114),.UNSPECIFIED.);
#7656 = CARTESIAN_POINT('',(10.914,-16.7));
#7657 = CARTESIAN_POINT('',(10.7196242432,-16.7));
#7658 = CARTESIAN_POINT('',(-1.625601486978E-14,-16.7));
#7659 = CARTESIAN_POINT('',(-10.7196242432,-16.7));
#7660 = CARTESIAN_POINT('',(-10.914,-16.7));
#7661 = ( GEOMETRIC_REPRESENTATION_CONTEXT(2) 
PARAMETRIC_REPRESENTATION_CONTEXT() REPRESENTATION_CONTEXT('2D SPACE',''
  ) );
#7662 = PCURVE('',#7663,#7674);
#7663 = B_SPLINE_SURFACE_WITH_KNOTS('',1,2,(
    (#7664,#7665,#7666,#7667,#7668)
    ,(#7669,#7670,#7671,#7672,#7673
    )),.UNSPECIFIED.,.F.,.F.,.F.,(2,2),(3,1,1,3),(0.,21.050496972801),(
    -1.714,-1.3252484864,19.7252484864,20.114),.UNSPECIFIED.);
#7664 = CARTESIAN_POINT('',(50.,10.914,-16.7));
#7665 = CARTESIAN_POINT('',(50.,10.7196242432,-16.7));
#7666 = CARTESIAN_POINT('',(50.,-1.625601486978E-14,-16.7));
#7667 = CARTESIAN_POINT('',(50.,-10.7196242432,-16.7));
#7668 = CARTESIAN_POINT('',(50.,-10.914,-16.7));
#7669 = CARTESIAN_POINT('',(49.500076152422,10.914,-17.20872620321));
#7670 = CARTESIAN_POINT('',(49.500076152422,10.7196242432,
    -17.20872620321));
#7671 = CARTESIAN_POINT('',(49.500076152422,-1.987102954022E-14,
    -17.20872620321));
#7672 = CARTESIAN_POINT('',(49.500076152422,-10.7196242432,
    -17.20872620321));
#7673 = CARTESIAN_POINT('',(49.500076152422,-10.914,-17.20872620321));
#7674 = DEFINITIONAL_REPRESENTATION('',(#7675),#7679);
#7675 = LINE('',#7676,#7677);
#7676 = CARTESIAN_POINT('',(0.,0.));
#7677 = VECTOR('',#7678,1.);
#7678 = DIRECTION('',(0.,1.));
#7679 = ( GEOMETRIC_REPRESENTATION_CONTEXT(2) 
PARAMETRIC_REPRESENTATION_CONTEXT() REPRESENTATION_CONTEXT('2D SPACE',''
  ) );
#7680 = ORIENTED_EDGE('',*,*,#7681,.T.);
#7681 = EDGE_CURVE('',#7644,#7490,#7682,.T.);
#7682 = SURFACE_CURVE('',#7683,(#7689,#7698),.PCURVE_S1.);
#7683 = B_SPLINE_CURVE_WITH_KNOTS('',2,(#7684,#7685,#7686,#7687,#7688),
  .UNSPECIFIED.,.F.,.F.,(3,1,1,3),(-1.714,-1.3252484864,19.7252484864,
    20.114),.UNSPECIFIED.);
#7684 = CARTESIAN_POINT('',(50.,-9.0056242432,-17.8018012569));
#7685 = CARTESIAN_POINT('',(50.,-9.1028121216,-17.63346691363));
#7686 = CARTESIAN_POINT('',(50.,-14.4626242432,-8.35));
#7687 = CARTESIAN_POINT('',(50.,-19.8224363648,0.933466913635));
#7688 = CARTESIAN_POINT('',(50.,-19.9196242432,1.101801256903));
#7689 = PCURVE('',#6564,#7690);
#7690 = DEFINITIONAL_REPRESENTATION('',(#7691),#7697);
#7691 = B_SPLINE_CURVE_WITH_KNOTS('',2,(#7692,#7693,#7694,#7695,#7696),
  .UNSPECIFIED.,.F.,.F.,(3,1,1,3),(-1.714,-1.3252484864,19.7252484864,
    20.114),.UNSPECIFIED.);
#7692 = CARTESIAN_POINT('',(-9.0056242432,-17.8018012569));
#7693 = CARTESIAN_POINT('',(-9.1028121216,-17.63346691363));
#7694 = CARTESIAN_POINT('',(-14.4626242432,-8.35));
#7695 = CARTESIAN_POINT('',(-19.8224363648,0.933466913635));
#7696 = CARTESIAN_POINT('',(-19.9196242432,1.101801256903));
#7697 = ( GEOMETRIC_REPRESENTATION_CONTEXT(2) 
PARAMETRIC_REPRESENTATION_CONTEXT() REPRESENTATION_CONTEXT('2D SPACE',''
  ) );
#7698 = PCURVE('',#7699,#7710);
#7699 = B_SPLINE_SURFACE_WITH_KNOTS('',1,2,(
    (#7700,#7701,#7702,#7703,#7704)
    ,(#7705,#7706,#7707,#7708,#7709
    )),.UNSPECIFIED.,.F.,.F.,.F.,(2,2),(3,1,1,3),(0.,21.050496972801),(
    -1.714,-1.3252484864,19.7252484864,20.114),.UNSPECIFIED.);
#7700 = CARTESIAN_POINT('',(50.,-9.0056242432,-17.8018012569));
#7701 = CARTESIAN_POINT('',(50.,-9.1028121216,-17.63346691363));
#7702 = CARTESIAN_POINT('',(50.,-14.4626242432,-8.35));
#7703 = CARTESIAN_POINT('',(50.,-19.8224363648,0.933466913635));
#7704 = CARTESIAN_POINT('',(50.,-19.9196242432,1.101801256903));
#7705 = CARTESIAN_POINT('',(49.500076152422,-9.446194058758,
    -18.05616435851));
#7706 = CARTESIAN_POINT('',(49.500076152422,-9.543381937158,
    -17.88783001524));
#7707 = CARTESIAN_POINT('',(49.500076152422,-14.90319405875,
    -8.604363101609));
#7708 = CARTESIAN_POINT('',(49.500076152422,-20.26300618035,
    0.679103812026));
#7709 = CARTESIAN_POINT('',(49.500076152422,-20.36019405875,
    0.847438155294));
#7710 = DEFINITIONAL_REPRESENTATION('',(#7711),#7715);
#7711 = LINE('',#7712,#7713);
#7712 = CARTESIAN_POINT('',(0.,0.));
#7713 = VECTOR('',#7714,1.);
#7714 = DIRECTION('',(0.,1.));
#7715 = ( GEOMETRIC_REPRESENTATION_CONTEXT(2) 
PARAMETRIC_REPRESENTATION_CONTEXT() REPRESENTATION_CONTEXT('2D SPACE',''
  ) );
#7716 = ADVANCED_FACE('',(#7717,#7720),#6748,.T.);
#7717 = FACE_BOUND('',#7718,.F.);
#7718 = EDGE_LOOP('',(#7719));
#7719 = ORIENTED_EDGE('',*,*,#6733,.F.);
#7720 = FACE_BOUND('',#7721,.F.);
#7721 = EDGE_LOOP('',(#7722,#7750,#7776,#7802,#7828,#7854,#7880,#7906,
    #7932,#7958,#7984,#8010,#8036,#8062,#8088,#8114,#8140,#8166));
#7722 = ORIENTED_EDGE('',*,*,#7723,.T.);
#7723 = EDGE_CURVE('',#7724,#7726,#7728,.T.);
#7724 = VERTEX_POINT('',#7725);
#7725 = CARTESIAN_POINT('',(50.,-9.7,25.5));
#7726 = VERTEX_POINT('',#7727);
#7727 = CARTESIAN_POINT('',(50.,-9.7,16.800892833418));
#7728 = SURFACE_CURVE('',#7729,(#7732,#7738),.PCURVE_S1.);
#7729 = B_SPLINE_CURVE_WITH_KNOTS('',1,(#7730,#7731),.UNSPECIFIED.,.F.,
  .F.,(2,2),(-1.6005,8.6505),.PIECEWISE_BEZIER_KNOTS.);
#7730 = CARTESIAN_POINT('',(50.,-9.7,26.6005));
#7731 = CARTESIAN_POINT('',(50.,-9.7,16.3495));
#7732 = PCURVE('',#6748,#7733);
#7733 = DEFINITIONAL_REPRESENTATION('',(#7734),#7737);
#7734 = B_SPLINE_CURVE_WITH_KNOTS('',1,(#7735,#7736),.UNSPECIFIED.,.F.,
  .F.,(2,2),(-1.6005,8.6505),.PIECEWISE_BEZIER_KNOTS.);
#7735 = CARTESIAN_POINT('',(-9.7,26.6005));
#7736 = CARTESIAN_POINT('',(-9.7,16.3495));
#7737 = ( GEOMETRIC_REPRESENTATION_CONTEXT(2) 
PARAMETRIC_REPRESENTATION_CONTEXT() REPRESENTATION_CONTEXT('2D SPACE',''
  ) );
#7738 = PCURVE('',#7739,#7744);
#7739 = B_SPLINE_SURFACE_WITH_KNOTS('',1,1,(
    (#7740,#7741)
    ,(#7742,#7743
    )),.UNSPECIFIED.,.F.,.F.,.F.,(2,2),(2,2),(0.,10.251),(-1.6005,8.6505
    ),.PIECEWISE_BEZIER_KNOTS.);
#7740 = CARTESIAN_POINT('',(50.,-9.7,26.6005));
#7741 = CARTESIAN_POINT('',(50.,-9.7,16.3495));
#7742 = CARTESIAN_POINT('',(49.500076152422,-9.191273796781,26.6005));
#7743 = CARTESIAN_POINT('',(49.500076152422,-9.191273796781,16.3495));
#7744 = DEFINITIONAL_REPRESENTATION('',(#7745),#7749);
#7745 = LINE('',#7746,#7747);
#7746 = CARTESIAN_POINT('',(0.,0.));
#7747 = VECTOR('',#7748,1.);
#7748 = DIRECTION('',(0.,1.));
#7749 = ( GEOMETRIC_REPRESENTATION_CONTEXT(2) 
PARAMETRIC_REPRESENTATION_CONTEXT() REPRESENTATION_CONTEXT('2D SPACE',''
  ) );
#7750 = ORIENTED_EDGE('',*,*,#7751,.T.);
#7751 = EDGE_CURVE('',#7726,#7752,#7754,.T.);
#7752 = VERTEX_POINT('',#7753);
#7753 = CARTESIAN_POINT('',(50.,-17.2336477965,21.150446416709));
#7754 = SURFACE_CURVE('',#7755,(#7758,#7764),.PCURVE_S1.);
#7755 = B_SPLINE_CURVE_WITH_KNOTS('',1,(#7756,#7757),.UNSPECIFIED.,.F.,
  .F.,(2,2),(-0.843,8.643),.PIECEWISE_BEZIER_KNOTS.);
#7756 = CARTESIAN_POINT('',(50.,-9.315577529702,16.578946416709));
#7757 = CARTESIAN_POINT('',(50.,-17.53069451,21.321946416709));
#7758 = PCURVE('',#6748,#7759);
#7759 = DEFINITIONAL_REPRESENTATION('',(#7760),#7763);
#7760 = B_SPLINE_CURVE_WITH_KNOTS('',1,(#7761,#7762),.UNSPECIFIED.,.F.,
  .F.,(2,2),(-0.843,8.643),.PIECEWISE_BEZIER_KNOTS.);
#7761 = CARTESIAN_POINT('',(-9.315577529702,16.578946416709));
#7762 = CARTESIAN_POINT('',(-17.53069451,21.321946416709));
#7763 = ( GEOMETRIC_REPRESENTATION_CONTEXT(2) 
PARAMETRIC_REPRESENTATION_CONTEXT() REPRESENTATION_CONTEXT('2D SPACE',''
  ) );
#7764 = PCURVE('',#7765,#7770);
#7765 = B_SPLINE_SURFACE_WITH_KNOTS('',1,1,(
    (#7766,#7767)
    ,(#7768,#7769
    )),.UNSPECIFIED.,.F.,.F.,.F.,(2,2),(2,2),(0.,9.486),(-0.843,8.643),
  .PIECEWISE_BEZIER_KNOTS.);
#7766 = CARTESIAN_POINT('',(50.,-9.315577529702,16.578946416709));
#7767 = CARTESIAN_POINT('',(50.,-17.53069451,21.321946416709));
#7768 = CARTESIAN_POINT('',(49.500076152422,-9.569940631311,
    16.138376601151));
#7769 = CARTESIAN_POINT('',(49.500076152422,-17.78505761161,
    20.881376601151));
#7770 = DEFINITIONAL_REPRESENTATION('',(#7771),#7775);
#7771 = LINE('',#7772,#7773);
#7772 = CARTESIAN_POINT('',(0.,0.));
#7773 = VECTOR('',#7774,1.);
#7774 = DIRECTION('',(0.,1.));
#7775 = ( GEOMETRIC_REPRESENTATION_CONTEXT(2) 
PARAMETRIC_REPRESENTATION_CONTEXT() REPRESENTATION_CONTEXT('2D SPACE',''
  ) );
#7776 = ORIENTED_EDGE('',*,*,#7777,.T.);
#7777 = EDGE_CURVE('',#7752,#7778,#7780,.T.);
#7778 = VERTEX_POINT('',#7779);
#7779 = CARTESIAN_POINT('',(50.,-26.9336477965,4.349553583291));
#7780 = SURFACE_CURVE('',#7781,(#7784,#7790),.PCURVE_S1.);
#7781 = B_SPLINE_CURVE_WITH_KNOTS('',1,(#7782,#7783),.UNSPECIFIED.,.F.,
  .F.,(2,2),(-1.7065,19.3565),.PIECEWISE_BEZIER_KNOTS.);
#7782 = CARTESIAN_POINT('',(50.,-16.6303977965,22.195306066375));
#7783 = CARTESIAN_POINT('',(50.,-27.1618977965,3.954212986463));
#7784 = PCURVE('',#6748,#7785);
#7785 = DEFINITIONAL_REPRESENTATION('',(#7786),#7789);
#7786 = B_SPLINE_CURVE_WITH_KNOTS('',1,(#7787,#7788),.UNSPECIFIED.,.F.,
  .F.,(2,2),(-1.7065,19.3565),.PIECEWISE_BEZIER_KNOTS.);
#7787 = CARTESIAN_POINT('',(-16.6303977965,22.195306066375));
#7788 = CARTESIAN_POINT('',(-27.1618977965,3.954212986463));
#7789 = ( GEOMETRIC_REPRESENTATION_CONTEXT(2) 
PARAMETRIC_REPRESENTATION_CONTEXT() REPRESENTATION_CONTEXT('2D SPACE',''
  ) );
#7790 = PCURVE('',#7791,#7796);
#7791 = B_SPLINE_SURFACE_WITH_KNOTS('',1,1,(
    (#7792,#7793)
    ,(#7794,#7795
    )),.UNSPECIFIED.,.F.,.F.,.F.,(2,2),(2,2),(0.,21.063),(-1.7065,
    19.3565),.PIECEWISE_BEZIER_KNOTS.);
#7792 = CARTESIAN_POINT('',(50.,-16.6303977965,22.195306066375));
#7793 = CARTESIAN_POINT('',(50.,-27.1618977965,3.954212986463));
#7794 = CARTESIAN_POINT('',(49.500076152422,-16.18982798094,
    21.940942964766));
#7795 = CARTESIAN_POINT('',(49.500076152422,-26.72132798094,
    3.699849884854));
#7796 = DEFINITIONAL_REPRESENTATION('',(#7797),#7801);
#7797 = LINE('',#7798,#7799);
#7798 = CARTESIAN_POINT('',(0.,0.));
#7799 = VECTOR('',#7800,1.);
#7800 = DIRECTION('',(0.,1.));
#7801 = ( GEOMETRIC_REPRESENTATION_CONTEXT(2) 
PARAMETRIC_REPRESENTATION_CONTEXT() REPRESENTATION_CONTEXT('2D SPACE',''
  ) );
#7802 = ORIENTED_EDGE('',*,*,#7803,.T.);
#7803 = EDGE_CURVE('',#7778,#7804,#7806,.T.);
#7804 = VERTEX_POINT('',#7805);
#7805 = CARTESIAN_POINT('',(50.,-19.4,5.939693181745E-15));
#7806 = SURFACE_CURVE('',#7807,(#7810,#7816),.PCURVE_S1.);
#7807 = B_SPLINE_CURVE_WITH_KNOTS('',1,(#7808,#7809),.UNSPECIFIED.,.F.,
  .F.,(2,2),(-1.6005,8.6505),.PIECEWISE_BEZIER_KNOTS.);
#7808 = CARTESIAN_POINT('',(50.,-27.88670875336,4.899803583291));
#7809 = CARTESIAN_POINT('',(50.,-19.00908233917,-0.225696416709));
#7810 = PCURVE('',#6748,#7811);
#7811 = DEFINITIONAL_REPRESENTATION('',(#7812),#7815);
#7812 = B_SPLINE_CURVE_WITH_KNOTS('',1,(#7813,#7814),.UNSPECIFIED.,.F.,
  .F.,(2,2),(-1.6005,8.6505),.PIECEWISE_BEZIER_KNOTS.);
#7813 = CARTESIAN_POINT('',(-27.88670875336,4.899803583291));
#7814 = CARTESIAN_POINT('',(-19.00908233917,-0.225696416709));
#7815 = ( GEOMETRIC_REPRESENTATION_CONTEXT(2) 
PARAMETRIC_REPRESENTATION_CONTEXT() REPRESENTATION_CONTEXT('2D SPACE',''
  ) );
#7816 = PCURVE('',#7817,#7822);
#7817 = B_SPLINE_SURFACE_WITH_KNOTS('',1,1,(
    (#7818,#7819)
    ,(#7820,#7821
    )),.UNSPECIFIED.,.F.,.F.,.F.,(2,2),(2,2),(0.,10.251),(-1.6005,8.6505
    ),.PIECEWISE_BEZIER_KNOTS.);
#7818 = CARTESIAN_POINT('',(50.,-27.88670875336,4.899803583291));
#7819 = CARTESIAN_POINT('',(50.,-19.00908233917,-0.225696416709));
#7820 = CARTESIAN_POINT('',(49.500076152422,-27.63234565175,
    5.340373398849));
#7821 = CARTESIAN_POINT('',(49.500076152422,-18.75471923756,
    0.214873398849));
#7822 = DEFINITIONAL_REPRESENTATION('',(#7823),#7827);
#7823 = LINE('',#7824,#7825);
#7824 = CARTESIAN_POINT('',(0.,0.));
#7825 = VECTOR('',#7826,1.);
#7826 = DIRECTION('',(0.,1.));
#7827 = ( GEOMETRIC_REPRESENTATION_CONTEXT(2) 
PARAMETRIC_REPRESENTATION_CONTEXT() REPRESENTATION_CONTEXT('2D SPACE',''
  ) );
#7828 = ORIENTED_EDGE('',*,*,#7829,.T.);
#7829 = EDGE_CURVE('',#7804,#7830,#7832,.T.);
#7830 = VERTEX_POINT('',#7831);
#7831 = CARTESIAN_POINT('',(50.,-26.9336477965,-4.349553583291));
#7832 = SURFACE_CURVE('',#7833,(#7836,#7842),.PCURVE_S1.);
#7833 = B_SPLINE_CURVE_WITH_KNOTS('',1,(#7834,#7835),.UNSPECIFIED.,.F.,
  .F.,(2,2),(-0.843,8.643),.PIECEWISE_BEZIER_KNOTS.);
#7834 = CARTESIAN_POINT('',(50.,-19.0155775297,0.221946416709));
#7835 = CARTESIAN_POINT('',(50.,-27.23069451,-4.521053583291));
#7836 = PCURVE('',#6748,#7837);
#7837 = DEFINITIONAL_REPRESENTATION('',(#7838),#7841);
#7838 = B_SPLINE_CURVE_WITH_KNOTS('',1,(#7839,#7840),.UNSPECIFIED.,.F.,
  .F.,(2,2),(-0.843,8.643),.PIECEWISE_BEZIER_KNOTS.);
#7839 = CARTESIAN_POINT('',(-19.0155775297,0.221946416709));
#7840 = CARTESIAN_POINT('',(-27.23069451,-4.521053583291));
#7841 = ( GEOMETRIC_REPRESENTATION_CONTEXT(2) 
PARAMETRIC_REPRESENTATION_CONTEXT() REPRESENTATION_CONTEXT('2D SPACE',''
  ) );
#7842 = PCURVE('',#7843,#7848);
#7843 = B_SPLINE_SURFACE_WITH_KNOTS('',1,1,(
    (#7844,#7845)
    ,(#7846,#7847
    )),.UNSPECIFIED.,.F.,.F.,.F.,(2,2),(2,2),(0.,9.486),(-0.843,8.643),
  .PIECEWISE_BEZIER_KNOTS.);
#7844 = CARTESIAN_POINT('',(50.,-19.0155775297,0.221946416709));
#7845 = CARTESIAN_POINT('',(50.,-27.23069451,-4.521053583291));
#7846 = CARTESIAN_POINT('',(49.500076152422,-18.76121442809,
    -0.218623398849));
#7847 = CARTESIAN_POINT('',(49.500076152422,-26.97633140839,
    -4.961623398849));
#7848 = DEFINITIONAL_REPRESENTATION('',(#7849),#7853);
#7849 = LINE('',#7850,#7851);
#7850 = CARTESIAN_POINT('',(0.,0.));
#7851 = VECTOR('',#7852,1.);
#7852 = DIRECTION('',(0.,1.));
#7853 = ( GEOMETRIC_REPRESENTATION_CONTEXT(2) 
PARAMETRIC_REPRESENTATION_CONTEXT() REPRESENTATION_CONTEXT('2D SPACE',''
  ) );
#7854 = ORIENTED_EDGE('',*,*,#7855,.T.);
#7855 = EDGE_CURVE('',#7830,#7856,#7858,.T.);
#7856 = VERTEX_POINT('',#7857);
#7857 = CARTESIAN_POINT('',(50.,-17.2336477965,-21.1504464167));
#7858 = SURFACE_CURVE('',#7859,(#7862,#7868),.PCURVE_S1.);
#7859 = B_SPLINE_CURVE_WITH_KNOTS('',1,(#7860,#7861),.UNSPECIFIED.,.F.,
  .F.,(2,2),(-1.7065,19.3565),.PIECEWISE_BEZIER_KNOTS.);
#7860 = CARTESIAN_POINT('',(50.,-27.5368977965,-3.304693933625));
#7861 = CARTESIAN_POINT('',(50.,-17.0053977965,-21.54578701353));
#7862 = PCURVE('',#6748,#7863);
#7863 = DEFINITIONAL_REPRESENTATION('',(#7864),#7867);
#7864 = B_SPLINE_CURVE_WITH_KNOTS('',1,(#7865,#7866),.UNSPECIFIED.,.F.,
  .F.,(2,2),(-1.7065,19.3565),.PIECEWISE_BEZIER_KNOTS.);
#7865 = CARTESIAN_POINT('',(-27.5368977965,-3.304693933625));
#7866 = CARTESIAN_POINT('',(-17.0053977965,-21.54578701353));
#7867 = ( GEOMETRIC_REPRESENTATION_CONTEXT(2) 
PARAMETRIC_REPRESENTATION_CONTEXT() REPRESENTATION_CONTEXT('2D SPACE',''
  ) );
#7868 = PCURVE('',#7869,#7874);
#7869 = B_SPLINE_SURFACE_WITH_KNOTS('',1,1,(
    (#7870,#7871)
    ,(#7872,#7873
    )),.UNSPECIFIED.,.F.,.F.,.F.,(2,2),(2,2),(0.,21.063),(-1.7065,
    19.3565),.PIECEWISE_BEZIER_KNOTS.);
#7870 = CARTESIAN_POINT('',(50.,-27.5368977965,-3.304693933625));
#7871 = CARTESIAN_POINT('',(50.,-17.0053977965,-21.54578701353));
#7872 = CARTESIAN_POINT('',(49.500076152422,-27.09632798094,
    -3.050330832016));
#7873 = CARTESIAN_POINT('',(49.500076152422,-16.56482798094,
    -21.29142391192));
#7874 = DEFINITIONAL_REPRESENTATION('',(#7875),#7879);
#7875 = LINE('',#7876,#7877);
#7876 = CARTESIAN_POINT('',(0.,0.));
#7877 = VECTOR('',#7878,1.);
#7878 = DIRECTION('',(0.,1.));
#7879 = ( GEOMETRIC_REPRESENTATION_CONTEXT(2) 
PARAMETRIC_REPRESENTATION_CONTEXT() REPRESENTATION_CONTEXT('2D SPACE',''
  ) );
#7880 = ORIENTED_EDGE('',*,*,#7881,.T.);
#7881 = EDGE_CURVE('',#7856,#7882,#7884,.T.);
#7882 = VERTEX_POINT('',#7883);
#7883 = CARTESIAN_POINT('',(50.,-9.7,-16.80089283341));
#7884 = SURFACE_CURVE('',#7885,(#7888,#7894),.PCURVE_S1.);
#7885 = B_SPLINE_CURVE_WITH_KNOTS('',1,(#7886,#7887),.UNSPECIFIED.,.F.,
  .F.,(2,2),(-1.6005,8.6505),.PIECEWISE_BEZIER_KNOTS.);
#7886 = CARTESIAN_POINT('',(50.,-18.18670875336,-21.7006964167));
#7887 = CARTESIAN_POINT('',(50.,-9.309082339174,-16.5751964167));
#7888 = PCURVE('',#6748,#7889);
#7889 = DEFINITIONAL_REPRESENTATION('',(#7890),#7893);
#7890 = B_SPLINE_CURVE_WITH_KNOTS('',1,(#7891,#7892),.UNSPECIFIED.,.F.,
  .F.,(2,2),(-1.6005,8.6505),.PIECEWISE_BEZIER_KNOTS.);
#7891 = CARTESIAN_POINT('',(-18.18670875336,-21.7006964167));
#7892 = CARTESIAN_POINT('',(-9.309082339174,-16.5751964167));
#7893 = ( GEOMETRIC_REPRESENTATION_CONTEXT(2) 
PARAMETRIC_REPRESENTATION_CONTEXT() REPRESENTATION_CONTEXT('2D SPACE',''
  ) );
#7894 = PCURVE('',#7895,#7900);
#7895 = B_SPLINE_SURFACE_WITH_KNOTS('',1,1,(
    (#7896,#7897)
    ,(#7898,#7899
    )),.UNSPECIFIED.,.F.,.F.,.F.,(2,2),(2,2),(0.,10.251),(-1.6005,8.6505
    ),.PIECEWISE_BEZIER_KNOTS.);
#7896 = CARTESIAN_POINT('',(50.,-18.18670875336,-21.7006964167));
#7897 = CARTESIAN_POINT('',(50.,-9.309082339174,-16.5751964167));
#7898 = CARTESIAN_POINT('',(49.500076152422,-18.44107185497,
    -21.26012660115));
#7899 = CARTESIAN_POINT('',(49.500076152422,-9.563445440783,
    -16.13462660115));
#7900 = DEFINITIONAL_REPRESENTATION('',(#7901),#7905);
#7901 = LINE('',#7902,#7903);
#7902 = CARTESIAN_POINT('',(0.,0.));
#7903 = VECTOR('',#7904,1.);
#7904 = DIRECTION('',(0.,1.));
#7905 = ( GEOMETRIC_REPRESENTATION_CONTEXT(2) 
PARAMETRIC_REPRESENTATION_CONTEXT() REPRESENTATION_CONTEXT('2D SPACE',''
  ) );
#7906 = ORIENTED_EDGE('',*,*,#7907,.T.);
#7907 = EDGE_CURVE('',#7882,#7908,#7910,.T.);
#7908 = VERTEX_POINT('',#7909);
#7909 = CARTESIAN_POINT('',(50.,-9.7,-25.5));
#7910 = SURFACE_CURVE('',#7911,(#7914,#7920),.PCURVE_S1.);
#7911 = B_SPLINE_CURVE_WITH_KNOTS('',1,(#7912,#7913),.UNSPECIFIED.,.F.,
  .F.,(2,2),(-0.843,8.643),.PIECEWISE_BEZIER_KNOTS.);
#7912 = CARTESIAN_POINT('',(50.,-9.7,-16.357));
#7913 = CARTESIAN_POINT('',(50.,-9.7,-25.843));
#7914 = PCURVE('',#6748,#7915);
#7915 = DEFINITIONAL_REPRESENTATION('',(#7916),#7919);
#7916 = B_SPLINE_CURVE_WITH_KNOTS('',1,(#7917,#7918),.UNSPECIFIED.,.F.,
  .F.,(2,2),(-0.843,8.643),.PIECEWISE_BEZIER_KNOTS.);
#7917 = CARTESIAN_POINT('',(-9.7,-16.357));
#7918 = CARTESIAN_POINT('',(-9.7,-25.843));
#7919 = ( GEOMETRIC_REPRESENTATION_CONTEXT(2) 
PARAMETRIC_REPRESENTATION_CONTEXT() REPRESENTATION_CONTEXT('2D SPACE',''
  ) );
#7920 = PCURVE('',#7921,#7926);
#7921 = B_SPLINE_SURFACE_WITH_KNOTS('',1,1,(
    (#7922,#7923)
    ,(#7924,#7925
    )),.UNSPECIFIED.,.F.,.F.,.F.,(2,2),(2,2),(0.,9.486),(-0.843,8.643),
  .PIECEWISE_BEZIER_KNOTS.);
#7922 = CARTESIAN_POINT('',(50.,-9.7,-16.357));
#7923 = CARTESIAN_POINT('',(50.,-9.7,-25.843));
#7924 = CARTESIAN_POINT('',(49.500076152422,-9.191273796781,-16.357));
#7925 = CARTESIAN_POINT('',(49.500076152422,-9.191273796781,-25.843));
#7926 = DEFINITIONAL_REPRESENTATION('',(#7927),#7931);
#7927 = LINE('',#7928,#7929);
#7928 = CARTESIAN_POINT('',(0.,0.));
#7929 = VECTOR('',#7930,1.);
#7930 = DIRECTION('',(0.,1.));
#7931 = ( GEOMETRIC_REPRESENTATION_CONTEXT(2) 
PARAMETRIC_REPRESENTATION_CONTEXT() REPRESENTATION_CONTEXT('2D SPACE',''
  ) );
#7932 = ORIENTED_EDGE('',*,*,#7933,.T.);
#7933 = EDGE_CURVE('',#7908,#7934,#7936,.T.);
#7934 = VERTEX_POINT('',#7935);
#7935 = CARTESIAN_POINT('',(50.,9.7,-25.5));
#7936 = SURFACE_CURVE('',#7937,(#7940,#7946),.PCURVE_S1.);
#7937 = B_SPLINE_CURVE_WITH_KNOTS('',1,(#7938,#7939),.UNSPECIFIED.,.F.,
  .F.,(2,2),(-1.7065,19.3565),.PIECEWISE_BEZIER_KNOTS.);
#7938 = CARTESIAN_POINT('',(50.,-10.9065,-25.5));
#7939 = CARTESIAN_POINT('',(50.,10.1565,-25.5));
#7940 = PCURVE('',#6748,#7941);
#7941 = DEFINITIONAL_REPRESENTATION('',(#7942),#7945);
#7942 = B_SPLINE_CURVE_WITH_KNOTS('',1,(#7943,#7944),.UNSPECIFIED.,.F.,
  .F.,(2,2),(-1.7065,19.3565),.PIECEWISE_BEZIER_KNOTS.);
#7943 = CARTESIAN_POINT('',(-10.9065,-25.5));
#7944 = CARTESIAN_POINT('',(10.1565,-25.5));
#7945 = ( GEOMETRIC_REPRESENTATION_CONTEXT(2) 
PARAMETRIC_REPRESENTATION_CONTEXT() REPRESENTATION_CONTEXT('2D SPACE',''
  ) );
#7946 = PCURVE('',#7947,#7952);
#7947 = B_SPLINE_SURFACE_WITH_KNOTS('',1,1,(
    (#7948,#7949)
    ,(#7950,#7951
    )),.UNSPECIFIED.,.F.,.F.,.F.,(2,2),(2,2),(0.,21.063),(-1.7065,
    19.3565),.PIECEWISE_BEZIER_KNOTS.);
#7948 = CARTESIAN_POINT('',(50.,-10.9065,-25.5));
#7949 = CARTESIAN_POINT('',(50.,10.1565,-25.5));
#7950 = CARTESIAN_POINT('',(49.500076152422,-10.9065,-24.99127379678));
#7951 = CARTESIAN_POINT('',(49.500076152422,10.1565,-24.99127379678));
#7952 = DEFINITIONAL_REPRESENTATION('',(#7953),#7957);
#7953 = LINE('',#7954,#7955);
#7954 = CARTESIAN_POINT('',(0.,0.));
#7955 = VECTOR('',#7956,1.);
#7956 = DIRECTION('',(0.,1.));
#7957 = ( GEOMETRIC_REPRESENTATION_CONTEXT(2) 
PARAMETRIC_REPRESENTATION_CONTEXT() REPRESENTATION_CONTEXT('2D SPACE',''
  ) );
#7958 = ORIENTED_EDGE('',*,*,#7959,.T.);
#7959 = EDGE_CURVE('',#7934,#7960,#7962,.T.);
#7960 = VERTEX_POINT('',#7961);
#7961 = CARTESIAN_POINT('',(50.,9.7,-16.80089283341));
#7962 = SURFACE_CURVE('',#7963,(#7966,#7972),.PCURVE_S1.);
#7963 = B_SPLINE_CURVE_WITH_KNOTS('',1,(#7964,#7965),.UNSPECIFIED.,.F.,
  .F.,(2,2),(-1.6005,8.6505),.PIECEWISE_BEZIER_KNOTS.);
#7964 = CARTESIAN_POINT('',(50.,9.7,-26.6005));
#7965 = CARTESIAN_POINT('',(50.,9.7,-16.3495));
#7966 = PCURVE('',#6748,#7967);
#7967 = DEFINITIONAL_REPRESENTATION('',(#7968),#7971);
#7968 = B_SPLINE_CURVE_WITH_KNOTS('',1,(#7969,#7970),.UNSPECIFIED.,.F.,
  .F.,(2,2),(-1.6005,8.6505),.PIECEWISE_BEZIER_KNOTS.);
#7969 = CARTESIAN_POINT('',(9.7,-26.6005));
#7970 = CARTESIAN_POINT('',(9.7,-16.3495));
#7971 = ( GEOMETRIC_REPRESENTATION_CONTEXT(2) 
PARAMETRIC_REPRESENTATION_CONTEXT() REPRESENTATION_CONTEXT('2D SPACE',''
  ) );
#7972 = PCURVE('',#7973,#7978);
#7973 = B_SPLINE_SURFACE_WITH_KNOTS('',1,1,(
    (#7974,#7975)
    ,(#7976,#7977
    )),.UNSPECIFIED.,.F.,.F.,.F.,(2,2),(2,2),(0.,10.251),(-1.6005,8.6505
    ),.PIECEWISE_BEZIER_KNOTS.);
#7974 = CARTESIAN_POINT('',(50.,9.7,-26.6005));
#7975 = CARTESIAN_POINT('',(50.,9.7,-16.3495));
#7976 = CARTESIAN_POINT('',(49.500076152422,9.191273796781,-26.6005));
#7977 = CARTESIAN_POINT('',(49.500076152422,9.191273796781,-16.3495));
#7978 = DEFINITIONAL_REPRESENTATION('',(#7979),#7983);
#7979 = LINE('',#7980,#7981);
#7980 = CARTESIAN_POINT('',(0.,0.));
#7981 = VECTOR('',#7982,1.);
#7982 = DIRECTION('',(0.,1.));
#7983 = ( GEOMETRIC_REPRESENTATION_CONTEXT(2) 
PARAMETRIC_REPRESENTATION_CONTEXT() REPRESENTATION_CONTEXT('2D SPACE',''
  ) );
#7984 = ORIENTED_EDGE('',*,*,#7985,.T.);
#7985 = EDGE_CURVE('',#7960,#7986,#7988,.T.);
#7986 = VERTEX_POINT('',#7987);
#7987 = CARTESIAN_POINT('',(50.,17.233647796503,-21.1504464167));
#7988 = SURFACE_CURVE('',#7989,(#7992,#7998),.PCURVE_S1.);
#7989 = B_SPLINE_CURVE_WITH_KNOTS('',1,(#7990,#7991),.UNSPECIFIED.,.F.,
  .F.,(2,2),(-0.843,8.643),.PIECEWISE_BEZIER_KNOTS.);
#7990 = CARTESIAN_POINT('',(50.,9.315577529702,-16.5789464167));
#7991 = CARTESIAN_POINT('',(50.,17.530694510001,-21.3219464167));
#7992 = PCURVE('',#6748,#7993);
#7993 = DEFINITIONAL_REPRESENTATION('',(#7994),#7997);
#7994 = B_SPLINE_CURVE_WITH_KNOTS('',1,(#7995,#7996),.UNSPECIFIED.,.F.,
  .F.,(2,2),(-0.843,8.643),.PIECEWISE_BEZIER_KNOTS.);
#7995 = CARTESIAN_POINT('',(9.315577529702,-16.5789464167));
#7996 = CARTESIAN_POINT('',(17.530694510001,-21.3219464167));
#7997 = ( GEOMETRIC_REPRESENTATION_CONTEXT(2) 
PARAMETRIC_REPRESENTATION_CONTEXT() REPRESENTATION_CONTEXT('2D SPACE',''
  ) );
#7998 = PCURVE('',#7999,#8004);
#7999 = B_SPLINE_SURFACE_WITH_KNOTS('',1,1,(
    (#8000,#8001)
    ,(#8002,#8003
    )),.UNSPECIFIED.,.F.,.F.,.F.,(2,2),(2,2),(0.,9.486),(-0.843,8.643),
  .PIECEWISE_BEZIER_KNOTS.);
#8000 = CARTESIAN_POINT('',(50.,9.315577529702,-16.5789464167));
#8001 = CARTESIAN_POINT('',(50.,17.530694510001,-21.3219464167));
#8002 = CARTESIAN_POINT('',(49.500076152422,9.569940631311,
    -16.13837660115));
#8003 = CARTESIAN_POINT('',(49.500076152422,17.785057611611,
    -20.88137660115));
#8004 = DEFINITIONAL_REPRESENTATION('',(#8005),#8009);
#8005 = LINE('',#8006,#8007);
#8006 = CARTESIAN_POINT('',(0.,0.));
#8007 = VECTOR('',#8008,1.);
#8008 = DIRECTION('',(0.,1.));
#8009 = ( GEOMETRIC_REPRESENTATION_CONTEXT(2) 
PARAMETRIC_REPRESENTATION_CONTEXT() REPRESENTATION_CONTEXT('2D SPACE',''
  ) );
#8010 = ORIENTED_EDGE('',*,*,#8011,.T.);
#8011 = EDGE_CURVE('',#7986,#8012,#8014,.T.);
#8012 = VERTEX_POINT('',#8013);
#8013 = CARTESIAN_POINT('',(50.,26.933647796503,-4.349553583291));
#8014 = SURFACE_CURVE('',#8015,(#8018,#8024),.PCURVE_S1.);
#8015 = B_SPLINE_CURVE_WITH_KNOTS('',1,(#8016,#8017),.UNSPECIFIED.,.F.,
  .F.,(2,2),(-1.7065,19.3565),.PIECEWISE_BEZIER_KNOTS.);
#8016 = CARTESIAN_POINT('',(50.,16.630397796503,-22.19530606637));
#8017 = CARTESIAN_POINT('',(50.,27.161897796503,-3.954212986463));
#8018 = PCURVE('',#6748,#8019);
#8019 = DEFINITIONAL_REPRESENTATION('',(#8020),#8023);
#8020 = B_SPLINE_CURVE_WITH_KNOTS('',1,(#8021,#8022),.UNSPECIFIED.,.F.,
  .F.,(2,2),(-1.7065,19.3565),.PIECEWISE_BEZIER_KNOTS.);
#8021 = CARTESIAN_POINT('',(16.630397796503,-22.19530606637));
#8022 = CARTESIAN_POINT('',(27.161897796503,-3.954212986463));
#8023 = ( GEOMETRIC_REPRESENTATION_CONTEXT(2) 
PARAMETRIC_REPRESENTATION_CONTEXT() REPRESENTATION_CONTEXT('2D SPACE',''
  ) );
#8024 = PCURVE('',#8025,#8030);
#8025 = B_SPLINE_SURFACE_WITH_KNOTS('',1,1,(
    (#8026,#8027)
    ,(#8028,#8029
    )),.UNSPECIFIED.,.F.,.F.,.F.,(2,2),(2,2),(0.,21.063),(-1.7065,
    19.3565),.PIECEWISE_BEZIER_KNOTS.);
#8026 = CARTESIAN_POINT('',(50.,16.630397796503,-22.19530606637));
#8027 = CARTESIAN_POINT('',(50.,27.161897796503,-3.954212986463));
#8028 = CARTESIAN_POINT('',(49.500076152422,16.189827980945,
    -21.94094296476));
#8029 = CARTESIAN_POINT('',(49.500076152422,26.721327980945,
    -3.699849884854));
#8030 = DEFINITIONAL_REPRESENTATION('',(#8031),#8035);
#8031 = LINE('',#8032,#8033);
#8032 = CARTESIAN_POINT('',(0.,0.));
#8033 = VECTOR('',#8034,1.);
#8034 = DIRECTION('',(0.,1.));
#8035 = ( GEOMETRIC_REPRESENTATION_CONTEXT(2) 
PARAMETRIC_REPRESENTATION_CONTEXT() REPRESENTATION_CONTEXT('2D SPACE',''
  ) );
#8036 = ORIENTED_EDGE('',*,*,#8037,.T.);
#8037 = EDGE_CURVE('',#8012,#8038,#8040,.T.);
#8038 = VERTEX_POINT('',#8039);
#8039 = CARTESIAN_POINT('',(50.,19.4,-1.547373340571E-14));
#8040 = SURFACE_CURVE('',#8041,(#8044,#8050),.PCURVE_S1.);
#8041 = B_SPLINE_CURVE_WITH_KNOTS('',1,(#8042,#8043),.UNSPECIFIED.,.F.,
  .F.,(2,2),(-1.6005,8.6505),.PIECEWISE_BEZIER_KNOTS.);
#8042 = CARTESIAN_POINT('',(50.,27.886708753368,-4.899803583291));
#8043 = CARTESIAN_POINT('',(50.,19.009082339174,0.225696416709));
#8044 = PCURVE('',#6748,#8045);
#8045 = DEFINITIONAL_REPRESENTATION('',(#8046),#8049);
#8046 = B_SPLINE_CURVE_WITH_KNOTS('',1,(#8047,#8048),.UNSPECIFIED.,.F.,
  .F.,(2,2),(-1.6005,8.6505),.PIECEWISE_BEZIER_KNOTS.);
#8047 = CARTESIAN_POINT('',(27.886708753368,-4.899803583291));
#8048 = CARTESIAN_POINT('',(19.009082339174,0.225696416709));
#8049 = ( GEOMETRIC_REPRESENTATION_CONTEXT(2) 
PARAMETRIC_REPRESENTATION_CONTEXT() REPRESENTATION_CONTEXT('2D SPACE',''
  ) );
#8050 = PCURVE('',#8051,#8056);
#8051 = B_SPLINE_SURFACE_WITH_KNOTS('',1,1,(
    (#8052,#8053)
    ,(#8054,#8055
    )),.UNSPECIFIED.,.F.,.F.,.F.,(2,2),(2,2),(0.,10.251),(-1.6005,8.6505
    ),.PIECEWISE_BEZIER_KNOTS.);
#8052 = CARTESIAN_POINT('',(50.,27.886708753368,-4.899803583291));
#8053 = CARTESIAN_POINT('',(50.,19.009082339174,0.225696416709));
#8054 = CARTESIAN_POINT('',(49.500076152422,27.632345651759,
    -5.340373398849));
#8055 = CARTESIAN_POINT('',(49.500076152422,18.754719237564,
    -0.214873398849));
#8056 = DEFINITIONAL_REPRESENTATION('',(#8057),#8061);
#8057 = LINE('',#8058,#8059);
#8058 = CARTESIAN_POINT('',(0.,0.));
#8059 = VECTOR('',#8060,1.);
#8060 = DIRECTION('',(0.,1.));
#8061 = ( GEOMETRIC_REPRESENTATION_CONTEXT(2) 
PARAMETRIC_REPRESENTATION_CONTEXT() REPRESENTATION_CONTEXT('2D SPACE',''
  ) );
#8062 = ORIENTED_EDGE('',*,*,#8063,.T.);
#8063 = EDGE_CURVE('',#8038,#8064,#8066,.T.);
#8064 = VERTEX_POINT('',#8065);
#8065 = CARTESIAN_POINT('',(50.,26.933647796503,4.349553583291));
#8066 = SURFACE_CURVE('',#8067,(#8070,#8076),.PCURVE_S1.);
#8067 = B_SPLINE_CURVE_WITH_KNOTS('',1,(#8068,#8069),.UNSPECIFIED.,.F.,
  .F.,(2,2),(-0.843,8.643),.PIECEWISE_BEZIER_KNOTS.);
#8068 = CARTESIAN_POINT('',(50.,19.015577529702,-0.221946416709));
#8069 = CARTESIAN_POINT('',(50.,27.230694510001,4.521053583291));
#8070 = PCURVE('',#6748,#8071);
#8071 = DEFINITIONAL_REPRESENTATION('',(#8072),#8075);
#8072 = B_SPLINE_CURVE_WITH_KNOTS('',1,(#8073,#8074),.UNSPECIFIED.,.F.,
  .F.,(2,2),(-0.843,8.643),.PIECEWISE_BEZIER_KNOTS.);
#8073 = CARTESIAN_POINT('',(19.015577529702,-0.221946416709));
#8074 = CARTESIAN_POINT('',(27.230694510001,4.521053583291));
#8075 = ( GEOMETRIC_REPRESENTATION_CONTEXT(2) 
PARAMETRIC_REPRESENTATION_CONTEXT() REPRESENTATION_CONTEXT('2D SPACE',''
  ) );
#8076 = PCURVE('',#8077,#8082);
#8077 = B_SPLINE_SURFACE_WITH_KNOTS('',1,1,(
    (#8078,#8079)
    ,(#8080,#8081
    )),.UNSPECIFIED.,.F.,.F.,.F.,(2,2),(2,2),(0.,9.486),(-0.843,8.643),
  .PIECEWISE_BEZIER_KNOTS.);
#8078 = CARTESIAN_POINT('',(50.,19.015577529702,-0.221946416709));
#8079 = CARTESIAN_POINT('',(50.,27.230694510001,4.521053583291));
#8080 = CARTESIAN_POINT('',(49.500076152422,18.761214428093,
    0.218623398849));
#8081 = CARTESIAN_POINT('',(49.500076152422,26.976331408392,
    4.961623398849));
#8082 = DEFINITIONAL_REPRESENTATION('',(#8083),#8087);
#8083 = LINE('',#8084,#8085);
#8084 = CARTESIAN_POINT('',(0.,0.));
#8085 = VECTOR('',#8086,1.);
#8086 = DIRECTION('',(0.,1.));
#8087 = ( GEOMETRIC_REPRESENTATION_CONTEXT(2) 
PARAMETRIC_REPRESENTATION_CONTEXT() REPRESENTATION_CONTEXT('2D SPACE',''
  ) );
#8088 = ORIENTED_EDGE('',*,*,#8089,.T.);
#8089 = EDGE_CURVE('',#8064,#8090,#8092,.T.);
#8090 = VERTEX_POINT('',#8091);
#8091 = CARTESIAN_POINT('',(50.,17.233647796503,21.150446416709));
#8092 = SURFACE_CURVE('',#8093,(#8096,#8102),.PCURVE_S1.);
#8093 = B_SPLINE_CURVE_WITH_KNOTS('',1,(#8094,#8095),.UNSPECIFIED.,.F.,
  .F.,(2,2),(-1.7065,19.3565),.PIECEWISE_BEZIER_KNOTS.);
#8094 = CARTESIAN_POINT('',(50.,27.536897796503,3.304693933625));
#8095 = CARTESIAN_POINT('',(50.,17.005397796503,21.545787013537));
#8096 = PCURVE('',#6748,#8097);
#8097 = DEFINITIONAL_REPRESENTATION('',(#8098),#8101);
#8098 = B_SPLINE_CURVE_WITH_KNOTS('',1,(#8099,#8100),.UNSPECIFIED.,.F.,
  .F.,(2,2),(-1.7065,19.3565),.PIECEWISE_BEZIER_KNOTS.);
#8099 = CARTESIAN_POINT('',(27.536897796503,3.304693933625));
#8100 = CARTESIAN_POINT('',(17.005397796503,21.545787013537));
#8101 = ( GEOMETRIC_REPRESENTATION_CONTEXT(2) 
PARAMETRIC_REPRESENTATION_CONTEXT() REPRESENTATION_CONTEXT('2D SPACE',''
  ) );
#8102 = PCURVE('',#8103,#8108);
#8103 = B_SPLINE_SURFACE_WITH_KNOTS('',1,1,(
    (#8104,#8105)
    ,(#8106,#8107
    )),.UNSPECIFIED.,.F.,.F.,.F.,(2,2),(2,2),(0.,21.063),(-1.7065,
    19.3565),.PIECEWISE_BEZIER_KNOTS.);
#8104 = CARTESIAN_POINT('',(50.,27.536897796503,3.304693933625));
#8105 = CARTESIAN_POINT('',(50.,17.005397796503,21.545787013537));
#8106 = CARTESIAN_POINT('',(49.500076152422,27.096327980945,
    3.050330832016));
#8107 = CARTESIAN_POINT('',(49.500076152422,16.564827980945,
    21.291423911927));
#8108 = DEFINITIONAL_REPRESENTATION('',(#8109),#8113);
#8109 = LINE('',#8110,#8111);
#8110 = CARTESIAN_POINT('',(0.,0.));
#8111 = VECTOR('',#8112,1.);
#8112 = DIRECTION('',(0.,1.));
#8113 = ( GEOMETRIC_REPRESENTATION_CONTEXT(2) 
PARAMETRIC_REPRESENTATION_CONTEXT() REPRESENTATION_CONTEXT('2D SPACE',''
  ) );
#8114 = ORIENTED_EDGE('',*,*,#8115,.T.);
#8115 = EDGE_CURVE('',#8090,#8116,#8118,.T.);
#8116 = VERTEX_POINT('',#8117);
#8117 = CARTESIAN_POINT('',(50.,9.7,16.800892833418));
#8118 = SURFACE_CURVE('',#8119,(#8122,#8128),.PCURVE_S1.);
#8119 = B_SPLINE_CURVE_WITH_KNOTS('',1,(#8120,#8121),.UNSPECIFIED.,.F.,
  .F.,(2,2),(-1.6005,8.6505),.PIECEWISE_BEZIER_KNOTS.);
#8120 = CARTESIAN_POINT('',(50.,18.186708753368,21.700696416709));
#8121 = CARTESIAN_POINT('',(50.,9.309082339174,16.575196416709));
#8122 = PCURVE('',#6748,#8123);
#8123 = DEFINITIONAL_REPRESENTATION('',(#8124),#8127);
#8124 = B_SPLINE_CURVE_WITH_KNOTS('',1,(#8125,#8126),.UNSPECIFIED.,.F.,
  .F.,(2,2),(-1.6005,8.6505),.PIECEWISE_BEZIER_KNOTS.);
#8125 = CARTESIAN_POINT('',(18.186708753368,21.700696416709));
#8126 = CARTESIAN_POINT('',(9.309082339174,16.575196416709));
#8127 = ( GEOMETRIC_REPRESENTATION_CONTEXT(2) 
PARAMETRIC_REPRESENTATION_CONTEXT() REPRESENTATION_CONTEXT('2D SPACE',''
  ) );
#8128 = PCURVE('',#8129,#8134);
#8129 = B_SPLINE_SURFACE_WITH_KNOTS('',1,1,(
    (#8130,#8131)
    ,(#8132,#8133
    )),.UNSPECIFIED.,.F.,.F.,.F.,(2,2),(2,2),(0.,10.251),(-1.6005,8.6505
    ),.PIECEWISE_BEZIER_KNOTS.);
#8130 = CARTESIAN_POINT('',(50.,18.186708753368,21.700696416709));
#8131 = CARTESIAN_POINT('',(50.,9.309082339174,16.575196416709));
#8132 = CARTESIAN_POINT('',(49.500076152422,18.441071854977,
    21.260126601151));
#8133 = CARTESIAN_POINT('',(49.500076152422,9.563445440783,
    16.134626601151));
#8134 = DEFINITIONAL_REPRESENTATION('',(#8135),#8139);
#8135 = LINE('',#8136,#8137);
#8136 = CARTESIAN_POINT('',(0.,0.));
#8137 = VECTOR('',#8138,1.);
#8138 = DIRECTION('',(0.,1.));
#8139 = ( GEOMETRIC_REPRESENTATION_CONTEXT(2) 
PARAMETRIC_REPRESENTATION_CONTEXT() REPRESENTATION_CONTEXT('2D SPACE',''
  ) );
#8140 = ORIENTED_EDGE('',*,*,#8141,.T.);
#8141 = EDGE_CURVE('',#8116,#8142,#8144,.T.);
#8142 = VERTEX_POINT('',#8143);
#8143 = CARTESIAN_POINT('',(50.,9.7,25.5));
#8144 = SURFACE_CURVE('',#8145,(#8148,#8154),.PCURVE_S1.);
#8145 = B_SPLINE_CURVE_WITH_KNOTS('',1,(#8146,#8147),.UNSPECIFIED.,.F.,
  .F.,(2,2),(-0.843,8.643),.PIECEWISE_BEZIER_KNOTS.);
#8146 = CARTESIAN_POINT('',(50.,9.7,16.357));
#8147 = CARTESIAN_POINT('',(50.,9.7,25.843));
#8148 = PCURVE('',#6748,#8149);
#8149 = DEFINITIONAL_REPRESENTATION('',(#8150),#8153);
#8150 = B_SPLINE_CURVE_WITH_KNOTS('',1,(#8151,#8152),.UNSPECIFIED.,.F.,
  .F.,(2,2),(-0.843,8.643),.PIECEWISE_BEZIER_KNOTS.);
#8151 = CARTESIAN_POINT('',(9.7,16.357));
#8152 = CARTESIAN_POINT('',(9.7,25.843));
#8153 = ( GEOMETRIC_REPRESENTATION_CONTEXT(2) 
PARAMETRIC_REPRESENTATION_CONTEXT() REPRESENTATION_CONTEXT('2D SPACE',''
  ) );
#8154 = PCURVE('',#8155,#8160);
#8155 = B_SPLINE_SURFACE_WITH_KNOTS('',1,1,(
    (#8156,#8157)
    ,(#8158,#8159
    )),.UNSPECIFIED.,.F.,.F.,.F.,(2,2),(2,2),(0.,9.486),(-0.843,8.643),
  .PIECEWISE_BEZIER_KNOTS.);
#8156 = CARTESIAN_POINT('',(50.,9.7,16.357));
#8157 = CARTESIAN_POINT('',(50.,9.7,25.843));
#8158 = CARTESIAN_POINT('',(49.500076152422,9.191273796781,16.357));
#8159 = CARTESIAN_POINT('',(49.500076152422,9.191273796781,25.843));
#8160 = DEFINITIONAL_REPRESENTATION('',(#8161),#8165);
#8161 = LINE('',#8162,#8163);
#8162 = CARTESIAN_POINT('',(0.,0.));
#8163 = VECTOR('',#8164,1.);
#8164 = DIRECTION('',(0.,1.));
#8165 = ( GEOMETRIC_REPRESENTATION_CONTEXT(2) 
PARAMETRIC_REPRESENTATION_CONTEXT() REPRESENTATION_CONTEXT('2D SPACE',''
  ) );
#8166 = ORIENTED_EDGE('',*,*,#8167,.T.);
#8167 = EDGE_CURVE('',#8142,#7724,#8168,.T.);
#8168 = SURFACE_CURVE('',#8169,(#8172,#8178),.PCURVE_S1.);
#8169 = B_SPLINE_CURVE_WITH_KNOTS('',1,(#8170,#8171),.UNSPECIFIED.,.F.,
  .F.,(2,2),(-1.7065,19.3565),.PIECEWISE_BEZIER_KNOTS.);
#8170 = CARTESIAN_POINT('',(50.,10.9065,25.5));
#8171 = CARTESIAN_POINT('',(50.,-10.1565,25.5));
#8172 = PCURVE('',#6748,#8173);
#8173 = DEFINITIONAL_REPRESENTATION('',(#8174),#8177);
#8174 = B_SPLINE_CURVE_WITH_KNOTS('',1,(#8175,#8176),.UNSPECIFIED.,.F.,
  .F.,(2,2),(-1.7065,19.3565),.PIECEWISE_BEZIER_KNOTS.);
#8175 = CARTESIAN_POINT('',(10.9065,25.5));
#8176 = CARTESIAN_POINT('',(-10.1565,25.5));
#8177 = ( GEOMETRIC_REPRESENTATION_CONTEXT(2) 
PARAMETRIC_REPRESENTATION_CONTEXT() REPRESENTATION_CONTEXT('2D SPACE',''
  ) );
#8178 = PCURVE('',#8179,#8184);
#8179 = B_SPLINE_SURFACE_WITH_KNOTS('',1,1,(
    (#8180,#8181)
    ,(#8182,#8183
    )),.UNSPECIFIED.,.F.,.F.,.F.,(2,2),(2,2),(0.,21.063),(-1.7065,
    19.3565),.PIECEWISE_BEZIER_KNOTS.);
#8180 = CARTESIAN_POINT('',(50.,10.9065,25.5));
#8181 = CARTESIAN_POINT('',(50.,-10.1565,25.5));
#8182 = CARTESIAN_POINT('',(49.500076152422,10.9065,24.991273796781));
#8183 = CARTESIAN_POINT('',(49.500076152422,-10.1565,24.991273796781));
#8184 = DEFINITIONAL_REPRESENTATION('',(#8185),#8189);
#8185 = LINE('',#8186,#8187);
#8186 = CARTESIAN_POINT('',(0.,0.));
#8187 = VECTOR('',#8188,1.);
#8188 = DIRECTION('',(0.,1.));
#8189 = ( GEOMETRIC_REPRESENTATION_CONTEXT(2) 
PARAMETRIC_REPRESENTATION_CONTEXT() REPRESENTATION_CONTEXT('2D SPACE',''
  ) );
#8190 = ADVANCED_FACE('',(#8191,#8194),#6802,.T.);
#8191 = FACE_BOUND('',#8192,.T.);
#8192 = EDGE_LOOP('',(#8193));
#8193 = ORIENTED_EDGE('',*,*,#6787,.T.);
#8194 = FACE_BOUND('',#8195,.T.);
#8195 = EDGE_LOOP('',(#8196));
#8196 = ORIENTED_EDGE('',*,*,#7459,.F.);
#8197 = ADVANCED_FACE('',(#8198,#8201),#6857,.T.);
#8198 = FACE_BOUND('',#8199,.T.);
#8199 = EDGE_LOOP('',(#8200));
#8200 = ORIENTED_EDGE('',*,*,#6842,.T.);
#8201 = FACE_BOUND('',#8202,.T.);
#8202 = EDGE_LOOP('',(#8203));
#8203 = ORIENTED_EDGE('',*,*,#8204,.F.);
#8204 = EDGE_CURVE('',#8205,#8205,#8207,.T.);
#8205 = VERTEX_POINT('',#8206);
#8206 = CARTESIAN_POINT('',(37.,-21.99704525612,-12.7));
#8207 = SURFACE_CURVE('',#8208,(#8213,#8220),.PCURVE_S1.);
#8208 = CIRCLE('',#8209,2.);
#8209 = AXIS2_PLACEMENT_3D('',#8210,#8211,#8212);
#8210 = CARTESIAN_POINT('',(35.,-21.99704525612,-12.7));
#8211 = DIRECTION('',(0.,-0.866025403784,-0.5));
#8212 = DIRECTION('',(1.,0.,0.));
#8213 = PCURVE('',#6857,#8214);
#8214 = DEFINITIONAL_REPRESENTATION('',(#8215),#8219);
#8215 = CIRCLE('',#8216,2.);
#8216 = AXIS2_PLACEMENT_2D('',#8217,#8218);
#8217 = CARTESIAN_POINT('',(0.,0.));
#8218 = DIRECTION('',(1.,0.));
#8219 = ( GEOMETRIC_REPRESENTATION_CONTEXT(2) 
PARAMETRIC_REPRESENTATION_CONTEXT() REPRESENTATION_CONTEXT('2D SPACE',''
  ) );
#8220 = PCURVE('',#7104,#8221);
#8221 = DEFINITIONAL_REPRESENTATION('',(#8222),#8226);
#8222 = LINE('',#8223,#8224);
#8223 = CARTESIAN_POINT('',(-0.,0.));
#8224 = VECTOR('',#8225,1.);
#8225 = DIRECTION('',(-1.,0.));
#8226 = ( GEOMETRIC_REPRESENTATION_CONTEXT(2) 
PARAMETRIC_REPRESENTATION_CONTEXT() REPRESENTATION_CONTEXT('2D SPACE',''
  ) );
#8227 = ADVANCED_FACE('',(#8228,#8231),#6912,.T.);
#8228 = FACE_BOUND('',#8229,.T.);
#8229 = EDGE_LOOP('',(#8230));
#8230 = ORIENTED_EDGE('',*,*,#6897,.T.);
#8231 = FACE_BOUND('',#8232,.T.);
#8232 = EDGE_LOOP('',(#8233));
#8233 = ORIENTED_EDGE('',*,*,#8234,.F.);
#8234 = EDGE_CURVE('',#8235,#8235,#8237,.T.);
#8235 = VERTEX_POINT('',#8236);
#8236 = CARTESIAN_POINT('',(37.,21.997045256125,-12.7));
#8237 = SURFACE_CURVE('',#8238,(#8243,#8250),.PCURVE_S1.);
#8238 = CIRCLE('',#8239,2.);
#8239 = AXIS2_PLACEMENT_3D('',#8240,#8241,#8242);
#8240 = CARTESIAN_POINT('',(35.,21.997045256125,-12.7));
#8241 = DIRECTION('',(0.,0.866025403784,-0.5));
#8242 = DIRECTION('',(1.,0.,0.));
#8243 = PCURVE('',#6912,#8244);
#8244 = DEFINITIONAL_REPRESENTATION('',(#8245),#8249);
#8245 = CIRCLE('',#8246,2.);
#8246 = AXIS2_PLACEMENT_2D('',#8247,#8248);
#8247 = CARTESIAN_POINT('',(0.,0.));
#8248 = DIRECTION('',(1.,0.));
#8249 = ( GEOMETRIC_REPRESENTATION_CONTEXT(2) 
PARAMETRIC_REPRESENTATION_CONTEXT() REPRESENTATION_CONTEXT('2D SPACE',''
  ) );
#8250 = PCURVE('',#7358,#8251);
#8251 = DEFINITIONAL_REPRESENTATION('',(#8252),#8256);
#8252 = LINE('',#8253,#8254);
#8253 = CARTESIAN_POINT('',(-0.,0.));
#8254 = VECTOR('',#8255,1.);
#8255 = DIRECTION('',(-1.,0.));
#8256 = ( GEOMETRIC_REPRESENTATION_CONTEXT(2) 
PARAMETRIC_REPRESENTATION_CONTEXT() REPRESENTATION_CONTEXT('2D SPACE',''
  ) );
#8257 = ADVANCED_FACE('',(#8258),#7104,.F.);
#8258 = FACE_BOUND('',#8259,.T.);
#8259 = EDGE_LOOP('',(#8260,#8281,#8282,#8283));
#8260 = ORIENTED_EDGE('',*,*,#8261,.F.);
#8261 = EDGE_CURVE('',#8205,#7084,#8262,.T.);
#8262 = SEAM_CURVE('',#8263,(#8267,#8274),.PCURVE_S1.);
#8263 = LINE('',#8264,#8265);
#8264 = CARTESIAN_POINT('',(37.,-21.99704525612,-12.7));
#8265 = VECTOR('',#8266,1.);
#8266 = DIRECTION('',(-5.767392335715E-17,0.866025403784,0.5));
#8267 = PCURVE('',#7104,#8268);
#8268 = DEFINITIONAL_REPRESENTATION('',(#8269),#8273);
#8269 = LINE('',#8270,#8271);
#8270 = CARTESIAN_POINT('',(-0.,0.));
#8271 = VECTOR('',#8272,1.);
#8272 = DIRECTION('',(-0.,1.));
#8273 = ( GEOMETRIC_REPRESENTATION_CONTEXT(2) 
PARAMETRIC_REPRESENTATION_CONTEXT() REPRESENTATION_CONTEXT('2D SPACE',''
  ) );
#8274 = PCURVE('',#7104,#8275);
#8275 = DEFINITIONAL_REPRESENTATION('',(#8276),#8280);
#8276 = LINE('',#8277,#8278);
#8277 = CARTESIAN_POINT('',(-6.28318530718,0.));
#8278 = VECTOR('',#8279,1.);
#8279 = DIRECTION('',(-0.,1.));
#8280 = ( GEOMETRIC_REPRESENTATION_CONTEXT(2) 
PARAMETRIC_REPRESENTATION_CONTEXT() REPRESENTATION_CONTEXT('2D SPACE',''
  ) );
#8281 = ORIENTED_EDGE('',*,*,#8204,.T.);
#8282 = ORIENTED_EDGE('',*,*,#8261,.T.);
#8283 = ORIENTED_EDGE('',*,*,#7083,.T.);
#8284 = ADVANCED_FACE('',(#8285),#7358,.F.);
#8285 = FACE_BOUND('',#8286,.T.);
#8286 = EDGE_LOOP('',(#8287,#8308,#8309,#8310));
#8287 = ORIENTED_EDGE('',*,*,#8288,.F.);
#8288 = EDGE_CURVE('',#8235,#7338,#8289,.T.);
#8289 = SEAM_CURVE('',#8290,(#8294,#8301),.PCURVE_S1.);
#8290 = LINE('',#8291,#8292);
#8291 = CARTESIAN_POINT('',(37.,21.997045256125,-12.7));
#8292 = VECTOR('',#8293,1.);
#8293 = DIRECTION('',(-5.767392335715E-17,-0.866025403784,0.5));
#8294 = PCURVE('',#7358,#8295);
#8295 = DEFINITIONAL_REPRESENTATION('',(#8296),#8300);
#8296 = LINE('',#8297,#8298);
#8297 = CARTESIAN_POINT('',(-0.,0.));
#8298 = VECTOR('',#8299,1.);
#8299 = DIRECTION('',(-0.,1.));
#8300 = ( GEOMETRIC_REPRESENTATION_CONTEXT(2) 
PARAMETRIC_REPRESENTATION_CONTEXT() REPRESENTATION_CONTEXT('2D SPACE',''
  ) );
#8301 = PCURVE('',#7358,#8302);
#8302 = DEFINITIONAL_REPRESENTATION('',(#8303),#8307);
#8303 = LINE('',#8304,#8305);
#8304 = CARTESIAN_POINT('',(-6.28318530718,0.));
#8305 = VECTOR('',#8306,1.);
#8306 = DIRECTION('',(-0.,1.));
#8307 = ( GEOMETRIC_REPRESENTATION_CONTEXT(2) 
PARAMETRIC_REPRESENTATION_CONTEXT() REPRESENTATION_CONTEXT('2D SPACE',''
  ) );
#8308 = ORIENTED_EDGE('',*,*,#8234,.T.);
#8309 = ORIENTED_EDGE('',*,*,#8288,.T.);
#8310 = ORIENTED_EDGE('',*,*,#7337,.T.);
#8311 = ADVANCED_FACE('',(#8312),#7511,.F.);
#8312 = FACE_BOUND('',#8313,.F.);
#8313 = EDGE_LOOP('',(#8314,#8343,#8372,#8402,#8431,#8458));
#8314 = ORIENTED_EDGE('',*,*,#8315,.T.);
#8315 = EDGE_CURVE('',#7490,#8316,#8318,.T.);
#8316 = VERTEX_POINT('',#8317);
#8317 = CARTESIAN_POINT('',(49.963709638564,-19.32614131981,
    -2.313253755215E-15));
#8318 = SURFACE_CURVE('',#8319,(#8325,#8334),.PCURVE_S1.);
#8319 = B_SPLINE_CURVE_WITH_KNOTS('',4,(#8320,#8321,#8322,#8323,#8324),
  .UNSPECIFIED.,.F.,.F.,(5,5),(0.,1.),.PIECEWISE_BEZIER_KNOTS.);
#8320 = CARTESIAN_POINT('',(50.,-19.28349899093,8.326672684689E-16));
#8321 = CARTESIAN_POINT('',(49.975136373622,-19.3127145427,
    9.823524539901E-15));
#8322 = CARTESIAN_POINT('',(49.950272747259,-19.34193009445,
    2.842081465298E-15));
#8323 = CARTESIAN_POINT('',(49.925409120884,-19.37114564622,
    2.846249655288E-15));
#8324 = CARTESIAN_POINT('',(49.900545494512,-19.40036119798,
    6.120104423246E-15));
#8325 = PCURVE('',#7511,#8326);
#8326 = DEFINITIONAL_REPRESENTATION('',(#8327),#8333);
#8327 = B_SPLINE_CURVE_WITH_KNOTS('',4,(#8328,#8329,#8330,#8331,#8332),
  .UNSPECIFIED.,.F.,.F.,(5,5),(0.,1.),.PIECEWISE_BEZIER_KNOTS.);
#8328 = CARTESIAN_POINT('',(0.,-0.441749495467));
#8329 = CARTESIAN_POINT('',(1.046942838092,-0.456357271352));
#8330 = CARTESIAN_POINT('',(2.093885675531,-0.470965047228));
#8331 = CARTESIAN_POINT('',(3.140828513465,-0.485572823111));
#8332 = CARTESIAN_POINT('',(4.187771351257,-0.500180598992));
#8333 = ( GEOMETRIC_REPRESENTATION_CONTEXT(2) 
PARAMETRIC_REPRESENTATION_CONTEXT() REPRESENTATION_CONTEXT('2D SPACE',''
  ) );
#8334 = PCURVE('',#7699,#8335);
#8335 = DEFINITIONAL_REPRESENTATION('',(#8336),#8342);
#8336 = B_SPLINE_CURVE_WITH_KNOTS('',4,(#8337,#8338,#8339,#8340,#8341),
  .UNSPECIFIED.,.F.,.F.,(5,5),(0.,1.),.PIECEWISE_BEZIER_KNOTS.);
#8337 = CARTESIAN_POINT('',(2.338943875724E-10,18.84174949547));
#8338 = CARTESIAN_POINT('',(1.046942837697,18.856357271347));
#8339 = CARTESIAN_POINT('',(2.093885675813,18.870965047232));
#8340 = CARTESIAN_POINT('',(3.140828513434,18.885572823111));
#8341 = CARTESIAN_POINT('',(4.187771351198,18.900180598991));
#8342 = ( GEOMETRIC_REPRESENTATION_CONTEXT(2) 
PARAMETRIC_REPRESENTATION_CONTEXT() REPRESENTATION_CONTEXT('2D SPACE',''
  ) );
#8343 = ORIENTED_EDGE('',*,*,#8344,.T.);
#8344 = EDGE_CURVE('',#8316,#8345,#8347,.T.);
#8345 = VERTEX_POINT('',#8346);
#8346 = CARTESIAN_POINT('',(49.500076152422,-19.49883095714,
    0.644486500458));
#8347 = SURFACE_CURVE('',#8348,(#8354,#8363),.PCURVE_S1.);
#8348 = B_SPLINE_CURVE_WITH_KNOTS('',4,(#8349,#8350,#8351,#8352,#8353),
  .UNSPECIFIED.,.F.,.F.,(5,5),(0.,1.),.PIECEWISE_BEZIER_KNOTS.);
#8349 = CARTESIAN_POINT('',(50.,-19.3126242432,-5.044641670906E-02));
#8350 = CARTESIAN_POINT('',(49.875019038106,-19.35917592168,
    0.123286812581));
#8351 = CARTESIAN_POINT('',(49.750038076206,-19.40572760017,
    0.297020041882));
#8352 = CARTESIAN_POINT('',(49.625057114315,-19.45227927866,
    0.470753271168));
#8353 = CARTESIAN_POINT('',(49.500076152422,-19.49883095714,
    0.644486500458));
#8354 = PCURVE('',#7511,#8355);
#8355 = DEFINITIONAL_REPRESENTATION('',(#8356),#8362);
#8356 = B_SPLINE_CURVE_WITH_KNOTS('',4,(#8357,#8358,#8359,#8360,#8361),
  .UNSPECIFIED.,.F.,.F.,(5,5),(0.,1.),.PIECEWISE_BEZIER_KNOTS.);
#8357 = CARTESIAN_POINT('',(0.,-0.5));
#8358 = CARTESIAN_POINT('',(5.26262424316,-0.372818449196));
#8359 = CARTESIAN_POINT('',(10.525248486621,-0.245636898385));
#8360 = CARTESIAN_POINT('',(15.787872729641,-0.118455347585));
#8361 = CARTESIAN_POINT('',(21.050496972801,8.726203218662E-03));
#8362 = ( GEOMETRIC_REPRESENTATION_CONTEXT(2) 
PARAMETRIC_REPRESENTATION_CONTEXT() REPRESENTATION_CONTEXT('2D SPACE',''
  ) );
#8363 = PCURVE('',#7817,#8364);
#8364 = DEFINITIONAL_REPRESENTATION('',(#8365),#8371);
#8365 = B_SPLINE_CURVE_WITH_KNOTS('',4,(#8366,#8367,#8368,#8369,#8370),
  .UNSPECIFIED.,.F.,.F.,(5,5),(0.,1.),.PIECEWISE_BEZIER_KNOTS.);
#8366 = CARTESIAN_POINT('',(3.644794764243E-10,8.299999999982));
#8367 = CARTESIAN_POINT('',(2.562750000345,8.172818449178));
#8368 = CARTESIAN_POINT('',(5.125499999706,8.045636898405));
#8369 = CARTESIAN_POINT('',(7.688249999974,7.918455347587));
#8370 = CARTESIAN_POINT('',(10.250999999955,7.791273796784));
#8371 = ( GEOMETRIC_REPRESENTATION_CONTEXT(2) 
PARAMETRIC_REPRESENTATION_CONTEXT() REPRESENTATION_CONTEXT('2D SPACE',''
  ) );
#8372 = ORIENTED_EDGE('',*,*,#8373,.T.);
#8373 = EDGE_CURVE('',#8345,#8374,#8376,.T.);
#8374 = VERTEX_POINT('',#8375);
#8375 = CARTESIAN_POINT('',(49.500076152422,-10.30755716036,
    16.56423970276));
#8376 = SURFACE_CURVE('',#8377,(#8383,#8390),.PCURVE_S1.);
#8377 = B_SPLINE_CURVE_WITH_KNOTS('',2,(#8378,#8379,#8380,#8381,#8382),
  .UNSPECIFIED.,.F.,.F.,(3,1,1,3),(-1.714,-1.3252484864,19.7252484864,
    20.114),.UNSPECIFIED.);
#8378 = CARTESIAN_POINT('',(49.500076152422,-20.36019405875,
    -0.847438155294));
#8379 = CARTESIAN_POINT('',(49.500076152422,-20.26300618035,
    -0.679103812026));
#8380 = CARTESIAN_POINT('',(49.500076152422,-14.90319405875,
    8.604363101609));
#8381 = CARTESIAN_POINT('',(49.500076152422,-9.543381937158,
    17.887830015244));
#8382 = CARTESIAN_POINT('',(49.500076152422,-9.446194058758,
    18.056164358513));
#8383 = PCURVE('',#7511,#8384);
#8384 = DEFINITIONAL_REPRESENTATION('',(#8385),#8389);
#8385 = LINE('',#8386,#8387);
#8386 = CARTESIAN_POINT('',(21.050496972801,0.));
#8387 = VECTOR('',#8388,1.);
#8388 = DIRECTION('',(0.,1.));
#8389 = ( GEOMETRIC_REPRESENTATION_CONTEXT(2) 
PARAMETRIC_REPRESENTATION_CONTEXT() REPRESENTATION_CONTEXT('2D SPACE',''
  ) );
#8390 = PCURVE('',#8391,#8396);
#8391 = B_SPLINE_SURFACE_WITH_KNOTS('',1,1,(
    (#8392,#8393)
    ,(#8394,#8395
    )),.UNSPECIFIED.,.F.,.F.,.F.,(2,2),(2,2),(0.,18.4),(0.,1.),
  .PIECEWISE_BEZIER_KNOTS.);
#8392 = CARTESIAN_POINT('',(50.,-19.49563694509,0.632566285183));
#8393 = CARTESIAN_POINT('',(42.,-19.5467489226,0.823318782116));
#8394 = CARTESIAN_POINT('',(50.,-10.29563694509,16.567433714817));
#8395 = CARTESIAN_POINT('',(42.,-10.48638944202,16.516321737309));
#8396 = DEFINITIONAL_REPRESENTATION('',(#8397),#8401);
#8397 = B_SPLINE_CURVE_WITH_KNOTS('',2,(#8398,#8399,#8400),
  .UNSPECIFIED.,.F.,.F.,(3,3),(8.726203218652E-03,18.391273796781),
  .PIECEWISE_BEZIER_KNOTS.);
#8398 = CARTESIAN_POINT('',(4.491486423661E-15,6.249048094728E-02));
#8399 = CARTESIAN_POINT('',(9.2,6.249048094728E-02));
#8400 = CARTESIAN_POINT('',(18.4,6.249048094728E-02));
#8401 = ( GEOMETRIC_REPRESENTATION_CONTEXT(2) 
PARAMETRIC_REPRESENTATION_CONTEXT() REPRESENTATION_CONTEXT('2D SPACE',''
  ) );
#8402 = ORIENTED_EDGE('',*,*,#8403,.F.);
#8403 = EDGE_CURVE('',#8404,#8374,#8406,.T.);
#8404 = VERTEX_POINT('',#8405);
#8405 = CARTESIAN_POINT('',(49.963709638564,-9.663070659909,
    16.736929340091));
#8406 = SURFACE_CURVE('',#8407,(#8413,#8422),.PCURVE_S1.);
#8407 = B_SPLINE_CURVE_WITH_KNOTS('',4,(#8408,#8409,#8410,#8411,#8412),
  .UNSPECIFIED.,.F.,.F.,(5,5),(0.,1.),.PIECEWISE_BEZIER_KNOTS.);
#8408 = CARTESIAN_POINT('',(50.,-9.6126242432,16.750446416709));
#8409 = CARTESIAN_POINT('',(49.875019038106,-9.786357472491,
    16.703894738222));
#8410 = CARTESIAN_POINT('',(49.750038076206,-9.96009070179,
    16.657343059733));
#8411 = CARTESIAN_POINT('',(49.625057114316,-10.13382393107,
    16.610791381247));
#8412 = CARTESIAN_POINT('',(49.500076152422,-10.30755716036,
    16.56423970276));
#8413 = PCURVE('',#7511,#8414);
#8414 = DEFINITIONAL_REPRESENTATION('',(#8415),#8421);
#8415 = B_SPLINE_CURVE_WITH_KNOTS('',4,(#8416,#8417,#8418,#8419,#8420),
  .UNSPECIFIED.,.F.,.F.,(5,5),(0.,1.),.PIECEWISE_BEZIER_KNOTS.);
#8416 = CARTESIAN_POINT('',(0.,18.9));
#8417 = CARTESIAN_POINT('',(5.262624243164,18.772818449196));
#8418 = CARTESIAN_POINT('',(10.525248486594,18.645636898386));
#8419 = CARTESIAN_POINT('',(15.787872729636,18.518455347585));
#8420 = CARTESIAN_POINT('',(21.050496972801,18.391273796781));
#8421 = ( GEOMETRIC_REPRESENTATION_CONTEXT(2) 
PARAMETRIC_REPRESENTATION_CONTEXT() REPRESENTATION_CONTEXT('2D SPACE',''
  ) );
#8422 = PCURVE('',#7765,#8423);
#8423 = DEFINITIONAL_REPRESENTATION('',(#8424),#8430);
#8424 = B_SPLINE_CURVE_WITH_KNOTS('',4,(#8425,#8426,#8427,#8428,#8429),
  .UNSPECIFIED.,.F.,.F.,(5,5),(0.,1.),.PIECEWISE_BEZIER_KNOTS.);
#8425 = CARTESIAN_POINT('',(3.372799811088E-10,-0.499999999982));
#8426 = CARTESIAN_POINT('',(2.371500000321,-0.372818449178));
#8427 = CARTESIAN_POINT('',(4.742999999719,-0.245636898406));
#8428 = CARTESIAN_POINT('',(7.114499999974,-0.118455347587));
#8429 = CARTESIAN_POINT('',(9.485999999958,8.726203216374E-03));
#8430 = ( GEOMETRIC_REPRESENTATION_CONTEXT(2) 
PARAMETRIC_REPRESENTATION_CONTEXT() REPRESENTATION_CONTEXT('2D SPACE',''
  ) );
#8431 = ORIENTED_EDGE('',*,*,#8432,.F.);
#8432 = EDGE_CURVE('',#7492,#8404,#8433,.T.);
#8433 = SURFACE_CURVE('',#8434,(#8440,#8449),.PCURVE_S1.);
#8434 = B_SPLINE_CURVE_WITH_KNOTS('',4,(#8435,#8436,#8437,#8438,#8439),
  .UNSPECIFIED.,.F.,.F.,(5,5),(0.,1.),.PIECEWISE_BEZIER_KNOTS.);
#8435 = CARTESIAN_POINT('',(50.,-9.641749495467,16.7));
#8436 = CARTESIAN_POINT('',(49.975136373622,-9.656357271352,
    16.725301410019));
#8437 = CARTESIAN_POINT('',(49.950272747259,-9.670965047228,
    16.750602820022));
#8438 = CARTESIAN_POINT('',(49.925409120884,-9.685572823111,
    16.775904230037));
#8439 = CARTESIAN_POINT('',(49.900545494512,-9.700180598992,
    16.801205640049));
#8440 = PCURVE('',#7511,#8441);
#8441 = DEFINITIONAL_REPRESENTATION('',(#8442),#8448);
#8442 = B_SPLINE_CURVE_WITH_KNOTS('',4,(#8443,#8444,#8445,#8446,#8447),
  .UNSPECIFIED.,.F.,.F.,(5,5),(0.,1.),.PIECEWISE_BEZIER_KNOTS.);
#8443 = CARTESIAN_POINT('',(2.338943875724E-10,18.84174949547));
#8444 = CARTESIAN_POINT('',(1.046942837697,18.856357271346));
#8445 = CARTESIAN_POINT('',(2.093885675813,18.870965047232));
#8446 = CARTESIAN_POINT('',(3.140828513433,18.885572823111));
#8447 = CARTESIAN_POINT('',(4.187771351197,18.900180598991));
#8448 = ( GEOMETRIC_REPRESENTATION_CONTEXT(2) 
PARAMETRIC_REPRESENTATION_CONTEXT() REPRESENTATION_CONTEXT('2D SPACE',''
  ) );
#8449 = PCURVE('',#7549,#8450);
#8450 = DEFINITIONAL_REPRESENTATION('',(#8451),#8457);
#8451 = B_SPLINE_CURVE_WITH_KNOTS('',4,(#8452,#8453,#8454,#8455,#8456),
  .UNSPECIFIED.,.F.,.F.,(5,5),(0.,1.),.PIECEWISE_BEZIER_KNOTS.);
#8452 = CARTESIAN_POINT('',(0.,-0.441749495467));
#8453 = CARTESIAN_POINT('',(1.046942838092,-0.456357271352));
#8454 = CARTESIAN_POINT('',(2.09388567553,-0.470965047228));
#8455 = CARTESIAN_POINT('',(3.140828513465,-0.485572823111));
#8456 = CARTESIAN_POINT('',(4.187771351256,-0.500180598992));
#8457 = ( GEOMETRIC_REPRESENTATION_CONTEXT(2) 
PARAMETRIC_REPRESENTATION_CONTEXT() REPRESENTATION_CONTEXT('2D SPACE',''
  ) );
#8458 = ORIENTED_EDGE('',*,*,#7489,.F.);
#8459 = ADVANCED_FACE('',(#8460),#7699,.F.);
#8460 = FACE_BOUND('',#8461,.F.);
#8461 = EDGE_LOOP('',(#8462,#8491,#8520,#8550,#8577,#8578));
#8462 = ORIENTED_EDGE('',*,*,#8463,.T.);
#8463 = EDGE_CURVE('',#7644,#8464,#8466,.T.);
#8464 = VERTEX_POINT('',#8465);
#8465 = CARTESIAN_POINT('',(49.963709638564,-9.663070659909,
    -16.73692934009));
#8466 = SURFACE_CURVE('',#8467,(#8473,#8482),.PCURVE_S1.);
#8467 = B_SPLINE_CURVE_WITH_KNOTS('',4,(#8468,#8469,#8470,#8471,#8472),
  .UNSPECIFIED.,.F.,.F.,(5,5),(0.,1.),.PIECEWISE_BEZIER_KNOTS.);
#8468 = CARTESIAN_POINT('',(50.,-9.641749495467,-16.7));
#8469 = CARTESIAN_POINT('',(49.975136373622,-9.656357271352,
    -16.72530141001));
#8470 = CARTESIAN_POINT('',(49.950272747259,-9.670965047228,
    -16.75060282002));
#8471 = CARTESIAN_POINT('',(49.925409120884,-9.685572823111,
    -16.77590423003));
#8472 = CARTESIAN_POINT('',(49.900545494512,-9.700180598992,
    -16.80120564004));
#8473 = PCURVE('',#7699,#8474);
#8474 = DEFINITIONAL_REPRESENTATION('',(#8475),#8481);
#8475 = B_SPLINE_CURVE_WITH_KNOTS('',4,(#8476,#8477,#8478,#8479,#8480),
  .UNSPECIFIED.,.F.,.F.,(5,5),(0.,1.),.PIECEWISE_BEZIER_KNOTS.);
#8476 = CARTESIAN_POINT('',(0.,-0.441749495467));
#8477 = CARTESIAN_POINT('',(1.046942838091,-0.456357271352));
#8478 = CARTESIAN_POINT('',(2.093885675531,-0.470965047228));
#8479 = CARTESIAN_POINT('',(3.140828513465,-0.485572823111));
#8480 = CARTESIAN_POINT('',(4.187771351256,-0.500180598992));
#8481 = ( GEOMETRIC_REPRESENTATION_CONTEXT(2) 
PARAMETRIC_REPRESENTATION_CONTEXT() REPRESENTATION_CONTEXT('2D SPACE',''
  ) );
#8482 = PCURVE('',#7663,#8483);
#8483 = DEFINITIONAL_REPRESENTATION('',(#8484),#8490);
#8484 = B_SPLINE_CURVE_WITH_KNOTS('',4,(#8485,#8486,#8487,#8488,#8489),
  .UNSPECIFIED.,.F.,.F.,(5,5),(0.,1.),.PIECEWISE_BEZIER_KNOTS.);
#8485 = CARTESIAN_POINT('',(2.338943875724E-10,18.84174949547));
#8486 = CARTESIAN_POINT('',(1.046942837697,18.856357271347));
#8487 = CARTESIAN_POINT('',(2.093885675813,18.870965047232));
#8488 = CARTESIAN_POINT('',(3.140828513434,18.885572823111));
#8489 = CARTESIAN_POINT('',(4.187771351197,18.900180598991));
#8490 = ( GEOMETRIC_REPRESENTATION_CONTEXT(2) 
PARAMETRIC_REPRESENTATION_CONTEXT() REPRESENTATION_CONTEXT('2D SPACE',''
  ) );
#8491 = ORIENTED_EDGE('',*,*,#8492,.T.);
#8492 = EDGE_CURVE('',#8464,#8493,#8495,.T.);
#8493 = VERTEX_POINT('',#8494);
#8494 = CARTESIAN_POINT('',(49.500076152422,-10.30755716036,
    -16.56423970276));
#8495 = SURFACE_CURVE('',#8496,(#8502,#8511),.PCURVE_S1.);
#8496 = B_SPLINE_CURVE_WITH_KNOTS('',4,(#8497,#8498,#8499,#8500,#8501),
  .UNSPECIFIED.,.F.,.F.,(5,5),(0.,1.),.PIECEWISE_BEZIER_KNOTS.);
#8497 = CARTESIAN_POINT('',(50.,-9.6126242432,-16.7504464167));
#8498 = CARTESIAN_POINT('',(49.875019038106,-9.786357472491,
    -16.70389473822));
#8499 = CARTESIAN_POINT('',(49.750038076206,-9.960090701791,
    -16.65734305973));
#8500 = CARTESIAN_POINT('',(49.625057114315,-10.13382393107,
    -16.61079138124));
#8501 = CARTESIAN_POINT('',(49.500076152422,-10.30755716036,
    -16.56423970276));
#8502 = PCURVE('',#7699,#8503);
#8503 = DEFINITIONAL_REPRESENTATION('',(#8504),#8510);
#8504 = B_SPLINE_CURVE_WITH_KNOTS('',4,(#8505,#8506,#8507,#8508,#8509),
  .UNSPECIFIED.,.F.,.F.,(5,5),(0.,1.),.PIECEWISE_BEZIER_KNOTS.);
#8505 = CARTESIAN_POINT('',(0.,-0.5));
#8506 = CARTESIAN_POINT('',(5.26262424316,-0.372818449196));
#8507 = CARTESIAN_POINT('',(10.525248486621,-0.245636898385));
#8508 = CARTESIAN_POINT('',(15.787872729641,-0.118455347585));
#8509 = CARTESIAN_POINT('',(21.050496972801,8.726203218662E-03));
#8510 = ( GEOMETRIC_REPRESENTATION_CONTEXT(2) 
PARAMETRIC_REPRESENTATION_CONTEXT() REPRESENTATION_CONTEXT('2D SPACE',''
  ) );
#8511 = PCURVE('',#7895,#8512);
#8512 = DEFINITIONAL_REPRESENTATION('',(#8513),#8519);
#8513 = B_SPLINE_CURVE_WITH_KNOTS('',4,(#8514,#8515,#8516,#8517,#8518),
  .UNSPECIFIED.,.F.,.F.,(5,5),(0.,1.),.PIECEWISE_BEZIER_KNOTS.);
#8514 = CARTESIAN_POINT('',(3.644794764243E-10,8.299999999982));
#8515 = CARTESIAN_POINT('',(2.562750000345,8.172818449178));
#8516 = CARTESIAN_POINT('',(5.125499999706,8.045636898405));
#8517 = CARTESIAN_POINT('',(7.688249999974,7.918455347587));
#8518 = CARTESIAN_POINT('',(10.250999999955,7.791273796784));
#8519 = ( GEOMETRIC_REPRESENTATION_CONTEXT(2) 
PARAMETRIC_REPRESENTATION_CONTEXT() REPRESENTATION_CONTEXT('2D SPACE',''
  ) );
#8520 = ORIENTED_EDGE('',*,*,#8521,.T.);
#8521 = EDGE_CURVE('',#8493,#8522,#8524,.T.);
#8522 = VERTEX_POINT('',#8523);
#8523 = CARTESIAN_POINT('',(49.500076152422,-19.49883095714,
    -0.644486500458));
#8524 = SURFACE_CURVE('',#8525,(#8531,#8538),.PCURVE_S1.);
#8525 = B_SPLINE_CURVE_WITH_KNOTS('',2,(#8526,#8527,#8528,#8529,#8530),
  .UNSPECIFIED.,.F.,.F.,(3,1,1,3),(-1.714,-1.3252484864,19.7252484864,
    20.114),.UNSPECIFIED.);
#8526 = CARTESIAN_POINT('',(49.500076152422,-9.446194058758,
    -18.05616435851));
#8527 = CARTESIAN_POINT('',(49.500076152422,-9.543381937158,
    -17.88783001524));
#8528 = CARTESIAN_POINT('',(49.500076152422,-14.90319405875,
    -8.604363101609));
#8529 = CARTESIAN_POINT('',(49.500076152422,-20.26300618035,
    0.679103812026));
#8530 = CARTESIAN_POINT('',(49.500076152422,-20.36019405875,
    0.847438155294));
#8531 = PCURVE('',#7699,#8532);
#8532 = DEFINITIONAL_REPRESENTATION('',(#8533),#8537);
#8533 = LINE('',#8534,#8535);
#8534 = CARTESIAN_POINT('',(21.050496972801,0.));
#8535 = VECTOR('',#8536,1.);
#8536 = DIRECTION('',(0.,1.));
#8537 = ( GEOMETRIC_REPRESENTATION_CONTEXT(2) 
PARAMETRIC_REPRESENTATION_CONTEXT() REPRESENTATION_CONTEXT('2D SPACE',''
  ) );
#8538 = PCURVE('',#8539,#8544);
#8539 = B_SPLINE_SURFACE_WITH_KNOTS('',1,1,(
    (#8540,#8541)
    ,(#8542,#8543
    )),.UNSPECIFIED.,.F.,.F.,.F.,(2,2),(2,2),(0.,18.4),(0.,1.),
  .PIECEWISE_BEZIER_KNOTS.);
#8540 = CARTESIAN_POINT('',(50.,-10.29563694509,-16.56743371481));
#8541 = CARTESIAN_POINT('',(42.,-10.48638944202,-16.5163217373));
#8542 = CARTESIAN_POINT('',(50.,-19.49563694509,-0.632566285183));
#8543 = CARTESIAN_POINT('',(42.,-19.5467489226,-0.823318782116));
#8544 = DEFINITIONAL_REPRESENTATION('',(#8545),#8549);
#8545 = B_SPLINE_CURVE_WITH_KNOTS('',2,(#8546,#8547,#8548),
  .UNSPECIFIED.,.F.,.F.,(3,3),(8.726203218652E-03,18.391273796781),
  .PIECEWISE_BEZIER_KNOTS.);
#8546 = CARTESIAN_POINT('',(0.,6.249048094728E-02));
#8547 = CARTESIAN_POINT('',(9.2,6.249048094728E-02));
#8548 = CARTESIAN_POINT('',(18.4,6.249048094728E-02));
#8549 = ( GEOMETRIC_REPRESENTATION_CONTEXT(2) 
PARAMETRIC_REPRESENTATION_CONTEXT() REPRESENTATION_CONTEXT('2D SPACE',''
  ) );
#8550 = ORIENTED_EDGE('',*,*,#8551,.F.);
#8551 = EDGE_CURVE('',#8316,#8522,#8552,.T.);
#8552 = SURFACE_CURVE('',#8553,(#8559,#8568),.PCURVE_S1.);
#8553 = B_SPLINE_CURVE_WITH_KNOTS('',4,(#8554,#8555,#8556,#8557,#8558),
  .UNSPECIFIED.,.F.,.F.,(5,5),(0.,1.),.PIECEWISE_BEZIER_KNOTS.);
#8554 = CARTESIAN_POINT('',(50.,-19.3126242432,5.044641670906E-02));
#8555 = CARTESIAN_POINT('',(49.875019038106,-19.35917592168,
    -0.123286812582));
#8556 = CARTESIAN_POINT('',(49.750038076206,-19.40572760017,
    -0.297020041881));
#8557 = CARTESIAN_POINT('',(49.625057114316,-19.45227927866,
    -0.470753271168));
#8558 = CARTESIAN_POINT('',(49.500076152422,-19.49883095714,
    -0.644486500458));
#8559 = PCURVE('',#7699,#8560);
#8560 = DEFINITIONAL_REPRESENTATION('',(#8561),#8567);
#8561 = B_SPLINE_CURVE_WITH_KNOTS('',4,(#8562,#8563,#8564,#8565,#8566),
  .UNSPECIFIED.,.F.,.F.,(5,5),(0.,1.),.PIECEWISE_BEZIER_KNOTS.);
#8562 = CARTESIAN_POINT('',(0.,18.9));
#8563 = CARTESIAN_POINT('',(5.262624243164,18.772818449196));
#8564 = CARTESIAN_POINT('',(10.525248486594,18.645636898386));
#8565 = CARTESIAN_POINT('',(15.787872729636,18.518455347585));
#8566 = CARTESIAN_POINT('',(21.050496972801,18.391273796781));
#8567 = ( GEOMETRIC_REPRESENTATION_CONTEXT(2) 
PARAMETRIC_REPRESENTATION_CONTEXT() REPRESENTATION_CONTEXT('2D SPACE',''
  ) );
#8568 = PCURVE('',#7843,#8569);
#8569 = DEFINITIONAL_REPRESENTATION('',(#8570),#8576);
#8570 = B_SPLINE_CURVE_WITH_KNOTS('',4,(#8571,#8572,#8573,#8574,#8575),
  .UNSPECIFIED.,.F.,.F.,(5,5),(0.,1.),.PIECEWISE_BEZIER_KNOTS.);
#8571 = CARTESIAN_POINT('',(3.372799811088E-10,-0.499999999982));
#8572 = CARTESIAN_POINT('',(2.371500000321,-0.372818449178));
#8573 = CARTESIAN_POINT('',(4.742999999719,-0.245636898406));
#8574 = CARTESIAN_POINT('',(7.114499999974,-0.118455347587));
#8575 = CARTESIAN_POINT('',(9.485999999958,8.726203216374E-03));
#8576 = ( GEOMETRIC_REPRESENTATION_CONTEXT(2) 
PARAMETRIC_REPRESENTATION_CONTEXT() REPRESENTATION_CONTEXT('2D SPACE',''
  ) );
#8577 = ORIENTED_EDGE('',*,*,#8315,.F.);
#8578 = ORIENTED_EDGE('',*,*,#7681,.F.);
#8579 = ADVANCED_FACE('',(#8580),#7549,.F.);
#8580 = FACE_BOUND('',#8581,.F.);
#8581 = EDGE_LOOP('',(#8582,#8583,#8612,#8641,#8670,#8700));
#8582 = ORIENTED_EDGE('',*,*,#8432,.T.);
#8583 = ORIENTED_EDGE('',*,*,#8584,.T.);
#8584 = EDGE_CURVE('',#8404,#8585,#8587,.T.);
#8585 = VERTEX_POINT('',#8586);
#8586 = CARTESIAN_POINT('',(49.500076152422,-9.191273796781,
    17.208726203219));
#8587 = SURFACE_CURVE('',#8588,(#8594,#8603),.PCURVE_S1.);
#8588 = B_SPLINE_CURVE_WITH_KNOTS('',4,(#8589,#8590,#8591,#8592,#8593),
  .UNSPECIFIED.,.F.,.F.,(5,5),(0.,1.),.PIECEWISE_BEZIER_KNOTS.);
#8589 = CARTESIAN_POINT('',(50.,-9.7,16.7));
#8590 = CARTESIAN_POINT('',(49.875019038106,-9.572818449196,
    16.827181550804));
#8591 = CARTESIAN_POINT('',(49.750038076206,-9.445636898385,
    16.954363101615));
#8592 = CARTESIAN_POINT('',(49.625057114315,-9.318455347585,
    17.081544652415));
#8593 = CARTESIAN_POINT('',(49.500076152422,-9.191273796781,
    17.208726203219));
#8594 = PCURVE('',#7549,#8595);
#8595 = DEFINITIONAL_REPRESENTATION('',(#8596),#8602);
#8596 = B_SPLINE_CURVE_WITH_KNOTS('',4,(#8597,#8598,#8599,#8600,#8601),
  .UNSPECIFIED.,.F.,.F.,(5,5),(0.,1.),.PIECEWISE_BEZIER_KNOTS.);
#8597 = CARTESIAN_POINT('',(0.,-0.5));
#8598 = CARTESIAN_POINT('',(5.26262424316,-0.372818449196));
#8599 = CARTESIAN_POINT('',(10.525248486621,-0.245636898385));
#8600 = CARTESIAN_POINT('',(15.787872729641,-0.118455347585));
#8601 = CARTESIAN_POINT('',(21.050496972801,8.726203218662E-03));
#8602 = ( GEOMETRIC_REPRESENTATION_CONTEXT(2) 
PARAMETRIC_REPRESENTATION_CONTEXT() REPRESENTATION_CONTEXT('2D SPACE',''
  ) );
#8603 = PCURVE('',#7739,#8604);
#8604 = DEFINITIONAL_REPRESENTATION('',(#8605),#8611);
#8605 = B_SPLINE_CURVE_WITH_KNOTS('',4,(#8606,#8607,#8608,#8609,#8610),
  .UNSPECIFIED.,.F.,.F.,(5,5),(0.,1.),.PIECEWISE_BEZIER_KNOTS.);
#8606 = CARTESIAN_POINT('',(3.644794764243E-10,8.299999999982));
#8607 = CARTESIAN_POINT('',(2.562750000345,8.172818449178));
#8608 = CARTESIAN_POINT('',(5.125499999706,8.045636898405));
#8609 = CARTESIAN_POINT('',(7.688249999974,7.918455347587));
#8610 = CARTESIAN_POINT('',(10.250999999955,7.791273796784));
#8611 = ( GEOMETRIC_REPRESENTATION_CONTEXT(2) 
PARAMETRIC_REPRESENTATION_CONTEXT() REPRESENTATION_CONTEXT('2D SPACE',''
  ) );
#8612 = ORIENTED_EDGE('',*,*,#8613,.T.);
#8613 = EDGE_CURVE('',#8585,#8614,#8616,.T.);
#8614 = VERTEX_POINT('',#8615);
#8615 = CARTESIAN_POINT('',(49.500076152422,9.191273796781,
    17.208726203219));
#8616 = SURFACE_CURVE('',#8617,(#8623,#8630),.PCURVE_S1.);
#8617 = B_SPLINE_CURVE_WITH_KNOTS('',2,(#8618,#8619,#8620,#8621,#8622),
  .UNSPECIFIED.,.F.,.F.,(3,1,1,3),(-1.714,-1.3252484864,19.7252484864,
    20.114),.UNSPECIFIED.);
#8618 = CARTESIAN_POINT('',(49.500076152422,-10.914,17.208726203219));
#8619 = CARTESIAN_POINT('',(49.500076152422,-10.7196242432,
    17.208726203219));
#8620 = CARTESIAN_POINT('',(49.500076152422,1.7763568394E-14,
    17.208726203219));
#8621 = CARTESIAN_POINT('',(49.500076152422,10.7196242432,
    17.208726203219));
#8622 = CARTESIAN_POINT('',(49.500076152422,10.914,17.208726203219));
#8623 = PCURVE('',#7549,#8624);
#8624 = DEFINITIONAL_REPRESENTATION('',(#8625),#8629);
#8625 = LINE('',#8626,#8627);
#8626 = CARTESIAN_POINT('',(21.050496972801,0.));
#8627 = VECTOR('',#8628,1.);
#8628 = DIRECTION('',(0.,1.));
#8629 = ( GEOMETRIC_REPRESENTATION_CONTEXT(2) 
PARAMETRIC_REPRESENTATION_CONTEXT() REPRESENTATION_CONTEXT('2D SPACE',''
  ) );
#8630 = PCURVE('',#8631,#8636);
#8631 = B_SPLINE_SURFACE_WITH_KNOTS('',1,1,(
    (#8632,#8633)
    ,(#8634,#8635
    )),.UNSPECIFIED.,.F.,.F.,.F.,(2,2),(2,2),(0.,18.4),(0.,1.),
  .PIECEWISE_BEZIER_KNOTS.);
#8632 = CARTESIAN_POINT('',(50.,-9.2,17.2));
#8633 = CARTESIAN_POINT('',(42.,-9.060359480574,17.339640519426));
#8634 = CARTESIAN_POINT('',(50.,9.2,17.2));
#8635 = CARTESIAN_POINT('',(42.,9.060359480574,17.339640519426));
#8636 = DEFINITIONAL_REPRESENTATION('',(#8637),#8640);
#8637 = B_SPLINE_CURVE_WITH_KNOTS('',1,(#8638,#8639),.UNSPECIFIED.,.F.,
  .F.,(2,2),(-1.3252484864,19.7252484864),.PIECEWISE_BEZIER_KNOTS.);
#8638 = CARTESIAN_POINT('',(-1.335241166332,6.249048094728E-02));
#8639 = CARTESIAN_POINT('',(19.735241166332,6.249048094728E-02));
#8640 = ( GEOMETRIC_REPRESENTATION_CONTEXT(2) 
PARAMETRIC_REPRESENTATION_CONTEXT() REPRESENTATION_CONTEXT('2D SPACE',''
  ) );
#8641 = ORIENTED_EDGE('',*,*,#8642,.F.);
#8642 = EDGE_CURVE('',#8643,#8614,#8645,.T.);
#8643 = VERTEX_POINT('',#8644);
#8644 = CARTESIAN_POINT('',(49.963709638564,9.663070659909,
    16.736929340091));
#8645 = SURFACE_CURVE('',#8646,(#8652,#8661),.PCURVE_S1.);
#8646 = B_SPLINE_CURVE_WITH_KNOTS('',4,(#8647,#8648,#8649,#8650,#8651),
  .UNSPECIFIED.,.F.,.F.,(5,5),(0.,1.),.PIECEWISE_BEZIER_KNOTS.);
#8647 = CARTESIAN_POINT('',(50.,9.7,16.7));
#8648 = CARTESIAN_POINT('',(49.875019038106,9.572818449196,
    16.827181550804));
#8649 = CARTESIAN_POINT('',(49.750038076206,9.445636898386,
    16.954363101614));
#8650 = CARTESIAN_POINT('',(49.625057114316,9.318455347585,
    17.081544652415));
#8651 = CARTESIAN_POINT('',(49.500076152422,9.191273796781,
    17.208726203219));
#8652 = PCURVE('',#7549,#8653);
#8653 = DEFINITIONAL_REPRESENTATION('',(#8654),#8660);
#8654 = B_SPLINE_CURVE_WITH_KNOTS('',4,(#8655,#8656,#8657,#8658,#8659),
  .UNSPECIFIED.,.F.,.F.,(5,5),(0.,1.),.PIECEWISE_BEZIER_KNOTS.);
#8655 = CARTESIAN_POINT('',(0.,18.9));
#8656 = CARTESIAN_POINT('',(5.262624243164,18.772818449196));
#8657 = CARTESIAN_POINT('',(10.525248486594,18.645636898386));
#8658 = CARTESIAN_POINT('',(15.787872729636,18.518455347585));
#8659 = CARTESIAN_POINT('',(21.050496972801,18.391273796781));
#8660 = ( GEOMETRIC_REPRESENTATION_CONTEXT(2) 
PARAMETRIC_REPRESENTATION_CONTEXT() REPRESENTATION_CONTEXT('2D SPACE',''
  ) );
#8661 = PCURVE('',#8155,#8662);
#8662 = DEFINITIONAL_REPRESENTATION('',(#8663),#8669);
#8663 = B_SPLINE_CURVE_WITH_KNOTS('',4,(#8664,#8665,#8666,#8667,#8668),
  .UNSPECIFIED.,.F.,.F.,(5,5),(0.,1.),.PIECEWISE_BEZIER_KNOTS.);
#8664 = CARTESIAN_POINT('',(3.372799811088E-10,-0.499999999982));
#8665 = CARTESIAN_POINT('',(2.371500000321,-0.372818449178));
#8666 = CARTESIAN_POINT('',(4.742999999719,-0.245636898406));
#8667 = CARTESIAN_POINT('',(7.114499999974,-0.118455347587));
#8668 = CARTESIAN_POINT('',(9.485999999958,8.726203216374E-03));
#8669 = ( GEOMETRIC_REPRESENTATION_CONTEXT(2) 
PARAMETRIC_REPRESENTATION_CONTEXT() REPRESENTATION_CONTEXT('2D SPACE',''
  ) );
#8670 = ORIENTED_EDGE('',*,*,#8671,.T.);
#8671 = EDGE_CURVE('',#8643,#7530,#8672,.T.);
#8672 = SURFACE_CURVE('',#8673,(#8680,#8690),.PCURVE_S1.);
#8673 = B_SPLINE_CURVE_WITH_KNOTS('',5,(#8674,#8675,#8676,#8677,#8678,
    #8679),.UNSPECIFIED.,.F.,.F.,(6,6),(0.,1.),
  .PIECEWISE_BEZIER_KNOTS.);
#8674 = CARTESIAN_POINT('',(49.900545494512,9.700180598992,
    16.801205640049));
#8675 = CARTESIAN_POINT('',(49.920996921926,9.688165060163,
    16.780394116316));
#8676 = CARTESIAN_POINT('',(49.940242284013,9.676858103892,
    16.760809893576));
#8677 = CARTESIAN_POINT('',(49.960256147608,9.665099640764,
    16.74044363802));
#8678 = CARTESIAN_POINT('',(49.980915911036,9.652961701213,
    16.719420110018));
#8679 = CARTESIAN_POINT('',(50.,9.641749495467,16.7));
#8680 = PCURVE('',#7549,#8681);
#8681 = DEFINITIONAL_REPRESENTATION('',(#8682),#8689);
#8682 = B_SPLINE_CURVE_WITH_KNOTS('',5,(#8683,#8684,#8685,#8686,#8687,
    #8688),.UNSPECIFIED.,.F.,.F.,(6,6),(0.,1.),
  .PIECEWISE_BEZIER_KNOTS.);
#8683 = CARTESIAN_POINT('',(4.187771351256,18.900180598992));
#8684 = CARTESIAN_POINT('',(3.326614771239,18.888165060163));
#8685 = CARTESIAN_POINT('',(2.5162424749,18.876858103892));
#8686 = CARTESIAN_POINT('',(1.673510572711,18.865099640764));
#8687 = CARTESIAN_POINT('',(0.803581503295,18.852961701213));
#8688 = CARTESIAN_POINT('',(0.,18.841749495467));
#8689 = ( GEOMETRIC_REPRESENTATION_CONTEXT(2) 
PARAMETRIC_REPRESENTATION_CONTEXT() REPRESENTATION_CONTEXT('2D SPACE',''
  ) );
#8690 = PCURVE('',#7587,#8691);
#8691 = DEFINITIONAL_REPRESENTATION('',(#8692),#8699);
#8692 = B_SPLINE_CURVE_WITH_KNOTS('',5,(#8693,#8694,#8695,#8696,#8697,
    #8698),.UNSPECIFIED.,.F.,.F.,(6,6),(0.,1.),
  .PIECEWISE_BEZIER_KNOTS.);
#8693 = CARTESIAN_POINT('',(4.187771351196,-0.500180598991));
#8694 = CARTESIAN_POINT('',(3.326614771519,-0.488165060167));
#8695 = CARTESIAN_POINT('',(2.516242474262,-0.476858103883));
#8696 = CARTESIAN_POINT('',(1.673510573521,-0.465099640776));
#8697 = CARTESIAN_POINT('',(0.803581502703,-0.452961701205));
#8698 = CARTESIAN_POINT('',(2.338943304439E-10,-0.44174949547));
#8699 = ( GEOMETRIC_REPRESENTATION_CONTEXT(2) 
PARAMETRIC_REPRESENTATION_CONTEXT() REPRESENTATION_CONTEXT('2D SPACE',''
  ) );
#8700 = ORIENTED_EDGE('',*,*,#7529,.F.);
#8701 = ADVANCED_FACE('',(#8702),#7663,.F.);
#8702 = FACE_BOUND('',#8703,.F.);
#8703 = EDGE_LOOP('',(#8704,#8733,#8762,#8792,#8819,#8820));
#8704 = ORIENTED_EDGE('',*,*,#8705,.T.);
#8705 = EDGE_CURVE('',#7606,#8706,#8708,.T.);
#8706 = VERTEX_POINT('',#8707);
#8707 = CARTESIAN_POINT('',(49.963709638564,9.663070659909,
    -16.73692934009));
#8708 = SURFACE_CURVE('',#8709,(#8715,#8724),.PCURVE_S1.);
#8709 = B_SPLINE_CURVE_WITH_KNOTS('',4,(#8710,#8711,#8712,#8713,#8714),
  .UNSPECIFIED.,.F.,.F.,(5,5),(0.,1.),.PIECEWISE_BEZIER_KNOTS.);
#8710 = CARTESIAN_POINT('',(50.,9.641749495467,-16.7));
#8711 = CARTESIAN_POINT('',(49.975136373622,9.656357271352,
    -16.72530141001));
#8712 = CARTESIAN_POINT('',(49.950272747259,9.670965047228,
    -16.75060282002));
#8713 = CARTESIAN_POINT('',(49.925409120884,9.685572823111,
    -16.77590423003));
#8714 = CARTESIAN_POINT('',(49.900545494512,9.700180598992,
    -16.80120564004));
#8715 = PCURVE('',#7663,#8716);
#8716 = DEFINITIONAL_REPRESENTATION('',(#8717),#8723);
#8717 = B_SPLINE_CURVE_WITH_KNOTS('',4,(#8718,#8719,#8720,#8721,#8722),
  .UNSPECIFIED.,.F.,.F.,(5,5),(0.,1.),.PIECEWISE_BEZIER_KNOTS.);
#8718 = CARTESIAN_POINT('',(0.,-0.441749495467));
#8719 = CARTESIAN_POINT('',(1.046942838092,-0.456357271352));
#8720 = CARTESIAN_POINT('',(2.093885675531,-0.470965047228));
#8721 = CARTESIAN_POINT('',(3.140828513465,-0.485572823111));
#8722 = CARTESIAN_POINT('',(4.187771351257,-0.500180598992));
#8723 = ( GEOMETRIC_REPRESENTATION_CONTEXT(2) 
PARAMETRIC_REPRESENTATION_CONTEXT() REPRESENTATION_CONTEXT('2D SPACE',''
  ) );
#8724 = PCURVE('',#7625,#8725);
#8725 = DEFINITIONAL_REPRESENTATION('',(#8726),#8732);
#8726 = B_SPLINE_CURVE_WITH_KNOTS('',4,(#8727,#8728,#8729,#8730,#8731),
  .UNSPECIFIED.,.F.,.F.,(5,5),(0.,1.),.PIECEWISE_BEZIER_KNOTS.);
#8727 = CARTESIAN_POINT('',(2.338943875724E-10,18.84174949547));
#8728 = CARTESIAN_POINT('',(1.046942837697,18.856357271347));
#8729 = CARTESIAN_POINT('',(2.093885675813,18.870965047232));
#8730 = CARTESIAN_POINT('',(3.140828513434,18.885572823111));
#8731 = CARTESIAN_POINT('',(4.187771351198,18.900180598991));
#8732 = ( GEOMETRIC_REPRESENTATION_CONTEXT(2) 
PARAMETRIC_REPRESENTATION_CONTEXT() REPRESENTATION_CONTEXT('2D SPACE',''
  ) );
#8733 = ORIENTED_EDGE('',*,*,#8734,.T.);
#8734 = EDGE_CURVE('',#8706,#8735,#8737,.T.);
#8735 = VERTEX_POINT('',#8736);
#8736 = CARTESIAN_POINT('',(49.500076152422,9.191273796781,
    -17.20872620321));
#8737 = SURFACE_CURVE('',#8738,(#8744,#8753),.PCURVE_S1.);
#8738 = B_SPLINE_CURVE_WITH_KNOTS('',4,(#8739,#8740,#8741,#8742,#8743),
  .UNSPECIFIED.,.F.,.F.,(5,5),(0.,1.),.PIECEWISE_BEZIER_KNOTS.);
#8739 = CARTESIAN_POINT('',(50.,9.7,-16.7));
#8740 = CARTESIAN_POINT('',(49.875019038106,9.572818449196,
    -16.8271815508));
#8741 = CARTESIAN_POINT('',(49.750038076206,9.445636898385,
    -16.95436310161));
#8742 = CARTESIAN_POINT('',(49.625057114315,9.318455347585,
    -17.08154465241));
#8743 = CARTESIAN_POINT('',(49.500076152422,9.191273796781,
    -17.20872620321));
#8744 = PCURVE('',#7663,#8745);
#8745 = DEFINITIONAL_REPRESENTATION('',(#8746),#8752);
#8746 = B_SPLINE_CURVE_WITH_KNOTS('',4,(#8747,#8748,#8749,#8750,#8751),
  .UNSPECIFIED.,.F.,.F.,(5,5),(0.,1.),.PIECEWISE_BEZIER_KNOTS.);
#8747 = CARTESIAN_POINT('',(0.,-0.5));
#8748 = CARTESIAN_POINT('',(5.26262424316,-0.372818449196));
#8749 = CARTESIAN_POINT('',(10.525248486621,-0.245636898385));
#8750 = CARTESIAN_POINT('',(15.787872729641,-0.118455347585));
#8751 = CARTESIAN_POINT('',(21.050496972801,8.726203218662E-03));
#8752 = ( GEOMETRIC_REPRESENTATION_CONTEXT(2) 
PARAMETRIC_REPRESENTATION_CONTEXT() REPRESENTATION_CONTEXT('2D SPACE',''
  ) );
#8753 = PCURVE('',#7973,#8754);
#8754 = DEFINITIONAL_REPRESENTATION('',(#8755),#8761);
#8755 = B_SPLINE_CURVE_WITH_KNOTS('',4,(#8756,#8757,#8758,#8759,#8760),
  .UNSPECIFIED.,.F.,.F.,(5,5),(0.,1.),.PIECEWISE_BEZIER_KNOTS.);
#8756 = CARTESIAN_POINT('',(3.644794764243E-10,8.299999999982));
#8757 = CARTESIAN_POINT('',(2.562750000345,8.172818449178));
#8758 = CARTESIAN_POINT('',(5.125499999706,8.045636898405));
#8759 = CARTESIAN_POINT('',(7.688249999974,7.918455347587));
#8760 = CARTESIAN_POINT('',(10.250999999955,7.791273796784));
#8761 = ( GEOMETRIC_REPRESENTATION_CONTEXT(2) 
PARAMETRIC_REPRESENTATION_CONTEXT() REPRESENTATION_CONTEXT('2D SPACE',''
  ) );
#8762 = ORIENTED_EDGE('',*,*,#8763,.T.);
#8763 = EDGE_CURVE('',#8735,#8764,#8766,.T.);
#8764 = VERTEX_POINT('',#8765);
#8765 = CARTESIAN_POINT('',(49.500076152422,-9.191273796781,
    -17.20872620321));
#8766 = SURFACE_CURVE('',#8767,(#8773,#8780),.PCURVE_S1.);
#8767 = B_SPLINE_CURVE_WITH_KNOTS('',2,(#8768,#8769,#8770,#8771,#8772),
  .UNSPECIFIED.,.F.,.F.,(3,1,1,3),(-1.714,-1.3252484864,19.7252484864,
    20.114),.UNSPECIFIED.);
#8768 = CARTESIAN_POINT('',(49.500076152422,10.914,-17.20872620321));
#8769 = CARTESIAN_POINT('',(49.500076152422,10.7196242432,
    -17.20872620321));
#8770 = CARTESIAN_POINT('',(49.500076152422,-1.987102954022E-14,
    -17.20872620321));
#8771 = CARTESIAN_POINT('',(49.500076152422,-10.7196242432,
    -17.20872620321));
#8772 = CARTESIAN_POINT('',(49.500076152422,-10.914,-17.20872620321));
#8773 = PCURVE('',#7663,#8774);
#8774 = DEFINITIONAL_REPRESENTATION('',(#8775),#8779);
#8775 = LINE('',#8776,#8777);
#8776 = CARTESIAN_POINT('',(21.050496972801,0.));
#8777 = VECTOR('',#8778,1.);
#8778 = DIRECTION('',(0.,1.));
#8779 = ( GEOMETRIC_REPRESENTATION_CONTEXT(2) 
PARAMETRIC_REPRESENTATION_CONTEXT() REPRESENTATION_CONTEXT('2D SPACE',''
  ) );
#8780 = PCURVE('',#8781,#8786);
#8781 = B_SPLINE_SURFACE_WITH_KNOTS('',1,1,(
    (#8782,#8783)
    ,(#8784,#8785
    )),.UNSPECIFIED.,.F.,.F.,.F.,(2,2),(2,2),(0.,18.4),(0.,1.),
  .PIECEWISE_BEZIER_KNOTS.);
#8782 = CARTESIAN_POINT('',(50.,9.2,-17.2));
#8783 = CARTESIAN_POINT('',(42.,9.060359480574,-17.33964051942));
#8784 = CARTESIAN_POINT('',(50.,-9.2,-17.2));
#8785 = CARTESIAN_POINT('',(42.,-9.060359480574,-17.33964051942));
#8786 = DEFINITIONAL_REPRESENTATION('',(#8787),#8791);
#8787 = B_SPLINE_CURVE_WITH_KNOTS('',2,(#8788,#8789,#8790),
  .UNSPECIFIED.,.F.,.F.,(3,3),(8.726203218652E-03,18.391273796781),
  .PIECEWISE_BEZIER_KNOTS.);
#8788 = CARTESIAN_POINT('',(1.875373800415E-15,6.249048094728E-02));
#8789 = CARTESIAN_POINT('',(9.2,6.249048094728E-02));
#8790 = CARTESIAN_POINT('',(18.4,6.249048094728E-02));
#8791 = ( GEOMETRIC_REPRESENTATION_CONTEXT(2) 
PARAMETRIC_REPRESENTATION_CONTEXT() REPRESENTATION_CONTEXT('2D SPACE',''
  ) );
#8792 = ORIENTED_EDGE('',*,*,#8793,.F.);
#8793 = EDGE_CURVE('',#8464,#8764,#8794,.T.);
#8794 = SURFACE_CURVE('',#8795,(#8801,#8810),.PCURVE_S1.);
#8795 = B_SPLINE_CURVE_WITH_KNOTS('',4,(#8796,#8797,#8798,#8799,#8800),
  .UNSPECIFIED.,.F.,.F.,(5,5),(0.,1.),.PIECEWISE_BEZIER_KNOTS.);
#8796 = CARTESIAN_POINT('',(50.,-9.7,-16.7));
#8797 = CARTESIAN_POINT('',(49.875019038106,-9.572818449196,
    -16.8271815508));
#8798 = CARTESIAN_POINT('',(49.750038076206,-9.445636898386,
    -16.95436310161));
#8799 = CARTESIAN_POINT('',(49.625057114316,-9.318455347585,
    -17.08154465241));
#8800 = CARTESIAN_POINT('',(49.500076152422,-9.191273796781,
    -17.20872620321));
#8801 = PCURVE('',#7663,#8802);
#8802 = DEFINITIONAL_REPRESENTATION('',(#8803),#8809);
#8803 = B_SPLINE_CURVE_WITH_KNOTS('',4,(#8804,#8805,#8806,#8807,#8808),
  .UNSPECIFIED.,.F.,.F.,(5,5),(0.,1.),.PIECEWISE_BEZIER_KNOTS.);
#8804 = CARTESIAN_POINT('',(0.,18.9));
#8805 = CARTESIAN_POINT('',(5.262624243164,18.772818449196));
#8806 = CARTESIAN_POINT('',(10.525248486594,18.645636898386));
#8807 = CARTESIAN_POINT('',(15.787872729636,18.518455347585));
#8808 = CARTESIAN_POINT('',(21.050496972801,18.391273796781));
#8809 = ( GEOMETRIC_REPRESENTATION_CONTEXT(2) 
PARAMETRIC_REPRESENTATION_CONTEXT() REPRESENTATION_CONTEXT('2D SPACE',''
  ) );
#8810 = PCURVE('',#7921,#8811);
#8811 = DEFINITIONAL_REPRESENTATION('',(#8812),#8818);
#8812 = B_SPLINE_CURVE_WITH_KNOTS('',4,(#8813,#8814,#8815,#8816,#8817),
  .UNSPECIFIED.,.F.,.F.,(5,5),(0.,1.),.PIECEWISE_BEZIER_KNOTS.);
#8813 = CARTESIAN_POINT('',(3.372799811088E-10,-0.499999999982));
#8814 = CARTESIAN_POINT('',(2.371500000321,-0.372818449178));
#8815 = CARTESIAN_POINT('',(4.742999999719,-0.245636898406));
#8816 = CARTESIAN_POINT('',(7.114499999974,-0.118455347587));
#8817 = CARTESIAN_POINT('',(9.485999999958,8.726203216374E-03));
#8818 = ( GEOMETRIC_REPRESENTATION_CONTEXT(2) 
PARAMETRIC_REPRESENTATION_CONTEXT() REPRESENTATION_CONTEXT('2D SPACE',''
  ) );
#8819 = ORIENTED_EDGE('',*,*,#8463,.F.);
#8820 = ORIENTED_EDGE('',*,*,#7643,.F.);
#8821 = ADVANCED_FACE('',(#8822),#7587,.F.);
#8822 = FACE_BOUND('',#8823,.F.);
#8823 = EDGE_LOOP('',(#8824,#8825,#8854,#8884,#8913,#8940));
#8824 = ORIENTED_EDGE('',*,*,#8671,.F.);
#8825 = ORIENTED_EDGE('',*,*,#8826,.T.);
#8826 = EDGE_CURVE('',#8643,#8827,#8829,.T.);
#8827 = VERTEX_POINT('',#8828);
#8828 = CARTESIAN_POINT('',(49.500076152422,10.307557160368,
    16.56423970276));
#8829 = SURFACE_CURVE('',#8830,(#8836,#8845),.PCURVE_S1.);
#8830 = B_SPLINE_CURVE_WITH_KNOTS('',4,(#8831,#8832,#8833,#8834,#8835),
  .UNSPECIFIED.,.F.,.F.,(5,5),(0.,1.),.PIECEWISE_BEZIER_KNOTS.);
#8831 = CARTESIAN_POINT('',(50.,9.6126242432,16.750446416709));
#8832 = CARTESIAN_POINT('',(49.875019038106,9.786357472491,
    16.703894738222));
#8833 = CARTESIAN_POINT('',(49.750038076206,9.960090701791,
    16.657343059733));
#8834 = CARTESIAN_POINT('',(49.625057114315,10.133823931077,
    16.610791381247));
#8835 = CARTESIAN_POINT('',(49.500076152422,10.307557160368,
    16.56423970276));
#8836 = PCURVE('',#7587,#8837);
#8837 = DEFINITIONAL_REPRESENTATION('',(#8838),#8844);
#8838 = B_SPLINE_CURVE_WITH_KNOTS('',4,(#8839,#8840,#8841,#8842,#8843),
  .UNSPECIFIED.,.F.,.F.,(5,5),(0.,1.),.PIECEWISE_BEZIER_KNOTS.);
#8839 = CARTESIAN_POINT('',(0.,-0.5));
#8840 = CARTESIAN_POINT('',(5.26262424316,-0.372818449196));
#8841 = CARTESIAN_POINT('',(10.525248486621,-0.245636898385));
#8842 = CARTESIAN_POINT('',(15.787872729641,-0.118455347585));
#8843 = CARTESIAN_POINT('',(21.050496972801,8.726203218662E-03));
#8844 = ( GEOMETRIC_REPRESENTATION_CONTEXT(2) 
PARAMETRIC_REPRESENTATION_CONTEXT() REPRESENTATION_CONTEXT('2D SPACE',''
  ) );
#8845 = PCURVE('',#8129,#8846);
#8846 = DEFINITIONAL_REPRESENTATION('',(#8847),#8853);
#8847 = B_SPLINE_CURVE_WITH_KNOTS('',4,(#8848,#8849,#8850,#8851,#8852),
  .UNSPECIFIED.,.F.,.F.,(5,5),(0.,1.),.PIECEWISE_BEZIER_KNOTS.);
#8848 = CARTESIAN_POINT('',(3.644794764243E-10,8.299999999982));
#8849 = CARTESIAN_POINT('',(2.562750000345,8.172818449178));
#8850 = CARTESIAN_POINT('',(5.125499999706,8.045636898405));
#8851 = CARTESIAN_POINT('',(7.688249999974,7.918455347587));
#8852 = CARTESIAN_POINT('',(10.250999999955,7.791273796784));
#8853 = ( GEOMETRIC_REPRESENTATION_CONTEXT(2) 
PARAMETRIC_REPRESENTATION_CONTEXT() REPRESENTATION_CONTEXT('2D SPACE',''
  ) );
#8854 = ORIENTED_EDGE('',*,*,#8855,.T.);
#8855 = EDGE_CURVE('',#8827,#8856,#8858,.T.);
#8856 = VERTEX_POINT('',#8857);
#8857 = CARTESIAN_POINT('',(49.500076152422,19.498830957149,
    0.644486500458));
#8858 = SURFACE_CURVE('',#8859,(#8865,#8872),.PCURVE_S1.);
#8859 = B_SPLINE_CURVE_WITH_KNOTS('',2,(#8860,#8861,#8862,#8863,#8864),
  .UNSPECIFIED.,.F.,.F.,(3,1,1,3),(-1.714,-1.3252484864,19.7252484864,
    20.114),.UNSPECIFIED.);
#8860 = CARTESIAN_POINT('',(49.500076152422,9.446194058758,
    18.056164358513));
#8861 = CARTESIAN_POINT('',(49.500076152422,9.543381937158,
    17.887830015244));
#8862 = CARTESIAN_POINT('',(49.500076152422,14.903194058758,
    8.604363101609));
#8863 = CARTESIAN_POINT('',(49.500076152422,20.263006180358,
    -0.679103812026));
#8864 = CARTESIAN_POINT('',(49.500076152422,20.360194058758,
    -0.847438155294));
#8865 = PCURVE('',#7587,#8866);
#8866 = DEFINITIONAL_REPRESENTATION('',(#8867),#8871);
#8867 = LINE('',#8868,#8869);
#8868 = CARTESIAN_POINT('',(21.050496972801,0.));
#8869 = VECTOR('',#8870,1.);
#8870 = DIRECTION('',(0.,1.));
#8871 = ( GEOMETRIC_REPRESENTATION_CONTEXT(2) 
PARAMETRIC_REPRESENTATION_CONTEXT() REPRESENTATION_CONTEXT('2D SPACE',''
  ) );
#8872 = PCURVE('',#8873,#8878);
#8873 = B_SPLINE_SURFACE_WITH_KNOTS('',1,1,(
    (#8874,#8875)
    ,(#8876,#8877
    )),.UNSPECIFIED.,.F.,.F.,.F.,(2,2),(2,2),(0.,18.4),(0.,1.),
  .PIECEWISE_BEZIER_KNOTS.);
#8874 = CARTESIAN_POINT('',(50.,10.295636945092,16.567433714817));
#8875 = CARTESIAN_POINT('',(42.,10.486389442026,16.516321737309));
#8876 = CARTESIAN_POINT('',(50.,19.495636945092,0.632566285183));
#8877 = CARTESIAN_POINT('',(42.,19.5467489226,0.823318782116));
#8878 = DEFINITIONAL_REPRESENTATION('',(#8879),#8883);
#8879 = B_SPLINE_CURVE_WITH_KNOTS('',2,(#8880,#8881,#8882),
  .UNSPECIFIED.,.F.,.F.,(3,3),(8.726203218652E-03,18.391273796781),
  .PIECEWISE_BEZIER_KNOTS.);
#8880 = CARTESIAN_POINT('',(4.070808547733E-15,6.249048094728E-02));
#8881 = CARTESIAN_POINT('',(9.2,6.249048094728E-02));
#8882 = CARTESIAN_POINT('',(18.4,6.249048094728E-02));
#8883 = ( GEOMETRIC_REPRESENTATION_CONTEXT(2) 
PARAMETRIC_REPRESENTATION_CONTEXT() REPRESENTATION_CONTEXT('2D SPACE',''
  ) );
#8884 = ORIENTED_EDGE('',*,*,#8885,.F.);
#8885 = EDGE_CURVE('',#8886,#8856,#8888,.T.);
#8886 = VERTEX_POINT('',#8887);
#8887 = CARTESIAN_POINT('',(49.963709638564,19.326141319818,
    -4.805184028456E-15));
#8888 = SURFACE_CURVE('',#8889,(#8895,#8904),.PCURVE_S1.);
#8889 = B_SPLINE_CURVE_WITH_KNOTS('',4,(#8890,#8891,#8892,#8893,#8894),
  .UNSPECIFIED.,.F.,.F.,(5,5),(0.,1.),.PIECEWISE_BEZIER_KNOTS.);
#8890 = CARTESIAN_POINT('',(50.,19.3126242432,-5.044641670907E-02));
#8891 = CARTESIAN_POINT('',(49.875019038106,19.359175921687,
    0.123286812582));
#8892 = CARTESIAN_POINT('',(49.750038076206,19.405727600176,
    0.297020041881));
#8893 = CARTESIAN_POINT('',(49.625057114316,19.452279278662,
    0.470753271168));
#8894 = CARTESIAN_POINT('',(49.500076152422,19.498830957149,
    0.644486500458));
#8895 = PCURVE('',#7587,#8896);
#8896 = DEFINITIONAL_REPRESENTATION('',(#8897),#8903);
#8897 = B_SPLINE_CURVE_WITH_KNOTS('',4,(#8898,#8899,#8900,#8901,#8902),
  .UNSPECIFIED.,.F.,.F.,(5,5),(0.,1.),.PIECEWISE_BEZIER_KNOTS.);
#8898 = CARTESIAN_POINT('',(0.,18.9));
#8899 = CARTESIAN_POINT('',(5.262624243164,18.772818449196));
#8900 = CARTESIAN_POINT('',(10.525248486594,18.645636898386));
#8901 = CARTESIAN_POINT('',(15.787872729636,18.518455347585));
#8902 = CARTESIAN_POINT('',(21.050496972801,18.391273796781));
#8903 = ( GEOMETRIC_REPRESENTATION_CONTEXT(2) 
PARAMETRIC_REPRESENTATION_CONTEXT() REPRESENTATION_CONTEXT('2D SPACE',''
  ) );
#8904 = PCURVE('',#8077,#8905);
#8905 = DEFINITIONAL_REPRESENTATION('',(#8906),#8912);
#8906 = B_SPLINE_CURVE_WITH_KNOTS('',4,(#8907,#8908,#8909,#8910,#8911),
  .UNSPECIFIED.,.F.,.F.,(5,5),(0.,1.),.PIECEWISE_BEZIER_KNOTS.);
#8907 = CARTESIAN_POINT('',(3.372799811088E-10,-0.499999999982));
#8908 = CARTESIAN_POINT('',(2.371500000321,-0.372818449178));
#8909 = CARTESIAN_POINT('',(4.742999999719,-0.245636898406));
#8910 = CARTESIAN_POINT('',(7.114499999974,-0.118455347587));
#8911 = CARTESIAN_POINT('',(9.485999999958,8.726203216374E-03));
#8912 = ( GEOMETRIC_REPRESENTATION_CONTEXT(2) 
PARAMETRIC_REPRESENTATION_CONTEXT() REPRESENTATION_CONTEXT('2D SPACE',''
  ) );
#8913 = ORIENTED_EDGE('',*,*,#8914,.F.);
#8914 = EDGE_CURVE('',#7568,#8886,#8915,.T.);
#8915 = SURFACE_CURVE('',#8916,(#8922,#8931),.PCURVE_S1.);
#8916 = B_SPLINE_CURVE_WITH_KNOTS('',4,(#8917,#8918,#8919,#8920,#8921),
  .UNSPECIFIED.,.F.,.F.,(5,5),(0.,1.),.PIECEWISE_BEZIER_KNOTS.);
#8917 = CARTESIAN_POINT('',(50.,19.283498990934,-8.409939411536E-15));
#8918 = CARTESIAN_POINT('',(49.975136373622,19.312714542704,
    -2.458729349274E-14));
#8919 = CARTESIAN_POINT('',(49.950272747259,19.341930094456,
    -6.39098446247E-15));
#8920 = CARTESIAN_POINT('',(49.925409120884,19.371145646222,
    -1.534295745664E-14));
#8921 = CARTESIAN_POINT('',(49.900545494512,19.400361197985,
    -1.653538417301E-14));
#8922 = PCURVE('',#7587,#8923);
#8923 = DEFINITIONAL_REPRESENTATION('',(#8924),#8930);
#8924 = B_SPLINE_CURVE_WITH_KNOTS('',4,(#8925,#8926,#8927,#8928,#8929),
  .UNSPECIFIED.,.F.,.F.,(5,5),(0.,1.),.PIECEWISE_BEZIER_KNOTS.);
#8925 = CARTESIAN_POINT('',(2.338943875724E-10,18.84174949547));
#8926 = CARTESIAN_POINT('',(1.046942837697,18.856357271347));
#8927 = CARTESIAN_POINT('',(2.093885675813,18.870965047232));
#8928 = CARTESIAN_POINT('',(3.140828513435,18.885572823111));
#8929 = CARTESIAN_POINT('',(4.187771351198,18.900180598991));
#8930 = ( GEOMETRIC_REPRESENTATION_CONTEXT(2) 
PARAMETRIC_REPRESENTATION_CONTEXT() REPRESENTATION_CONTEXT('2D SPACE',''
  ) );
#8931 = PCURVE('',#7625,#8932);
#8932 = DEFINITIONAL_REPRESENTATION('',(#8933),#8939);
#8933 = B_SPLINE_CURVE_WITH_KNOTS('',4,(#8934,#8935,#8936,#8937,#8938),
  .UNSPECIFIED.,.F.,.F.,(5,5),(0.,1.),.PIECEWISE_BEZIER_KNOTS.);
#8934 = CARTESIAN_POINT('',(0.,-0.441749495467));
#8935 = CARTESIAN_POINT('',(1.046942838092,-0.456357271352));
#8936 = CARTESIAN_POINT('',(2.093885675531,-0.470965047228));
#8937 = CARTESIAN_POINT('',(3.140828513465,-0.485572823111));
#8938 = CARTESIAN_POINT('',(4.187771351257,-0.500180598992));
#8939 = ( GEOMETRIC_REPRESENTATION_CONTEXT(2) 
PARAMETRIC_REPRESENTATION_CONTEXT() REPRESENTATION_CONTEXT('2D SPACE',''
  ) );
#8940 = ORIENTED_EDGE('',*,*,#7567,.F.);
#8941 = ADVANCED_FACE('',(#8942),#7625,.F.);
#8942 = FACE_BOUND('',#8943,.F.);
#8943 = EDGE_LOOP('',(#8944,#8945,#8974,#9004,#9031,#9032));
#8944 = ORIENTED_EDGE('',*,*,#8914,.T.);
#8945 = ORIENTED_EDGE('',*,*,#8946,.T.);
#8946 = EDGE_CURVE('',#8886,#8947,#8949,.T.);
#8947 = VERTEX_POINT('',#8948);
#8948 = CARTESIAN_POINT('',(49.500076152422,19.498830957149,
    -0.644486500458));
#8949 = SURFACE_CURVE('',#8950,(#8956,#8965),.PCURVE_S1.);
#8950 = B_SPLINE_CURVE_WITH_KNOTS('',4,(#8951,#8952,#8953,#8954,#8955),
  .UNSPECIFIED.,.F.,.F.,(5,5),(0.,1.),.PIECEWISE_BEZIER_KNOTS.);
#8951 = CARTESIAN_POINT('',(50.,19.3126242432,5.044641670905E-02));
#8952 = CARTESIAN_POINT('',(49.875019038106,19.359175921687,
    -0.123286812581));
#8953 = CARTESIAN_POINT('',(49.750038076206,19.405727600176,
    -0.297020041882));
#8954 = CARTESIAN_POINT('',(49.625057114315,19.452279278662,
    -0.470753271168));
#8955 = CARTESIAN_POINT('',(49.500076152422,19.498830957149,
    -0.644486500458));
#8956 = PCURVE('',#7625,#8957);
#8957 = DEFINITIONAL_REPRESENTATION('',(#8958),#8964);
#8958 = B_SPLINE_CURVE_WITH_KNOTS('',4,(#8959,#8960,#8961,#8962,#8963),
  .UNSPECIFIED.,.F.,.F.,(5,5),(0.,1.),.PIECEWISE_BEZIER_KNOTS.);
#8959 = CARTESIAN_POINT('',(0.,-0.5));
#8960 = CARTESIAN_POINT('',(5.26262424316,-0.372818449196));
#8961 = CARTESIAN_POINT('',(10.525248486621,-0.245636898385));
#8962 = CARTESIAN_POINT('',(15.787872729641,-0.118455347585));
#8963 = CARTESIAN_POINT('',(21.050496972801,8.726203218662E-03));
#8964 = ( GEOMETRIC_REPRESENTATION_CONTEXT(2) 
PARAMETRIC_REPRESENTATION_CONTEXT() REPRESENTATION_CONTEXT('2D SPACE',''
  ) );
#8965 = PCURVE('',#8051,#8966);
#8966 = DEFINITIONAL_REPRESENTATION('',(#8967),#8973);
#8967 = B_SPLINE_CURVE_WITH_KNOTS('',4,(#8968,#8969,#8970,#8971,#8972),
  .UNSPECIFIED.,.F.,.F.,(5,5),(0.,1.),.PIECEWISE_BEZIER_KNOTS.);
#8968 = CARTESIAN_POINT('',(3.644794764243E-10,8.299999999982));
#8969 = CARTESIAN_POINT('',(2.562750000345,8.172818449178));
#8970 = CARTESIAN_POINT('',(5.125499999706,8.045636898405));
#8971 = CARTESIAN_POINT('',(7.688249999974,7.918455347587));
#8972 = CARTESIAN_POINT('',(10.250999999955,7.791273796784));
#8973 = ( GEOMETRIC_REPRESENTATION_CONTEXT(2) 
PARAMETRIC_REPRESENTATION_CONTEXT() REPRESENTATION_CONTEXT('2D SPACE',''
  ) );
#8974 = ORIENTED_EDGE('',*,*,#8975,.T.);
#8975 = EDGE_CURVE('',#8947,#8976,#8978,.T.);
#8976 = VERTEX_POINT('',#8977);
#8977 = CARTESIAN_POINT('',(49.500076152422,10.307557160368,
    -16.56423970276));
#8978 = SURFACE_CURVE('',#8979,(#8985,#8992),.PCURVE_S1.);
#8979 = B_SPLINE_CURVE_WITH_KNOTS('',2,(#8980,#8981,#8982,#8983,#8984),
  .UNSPECIFIED.,.F.,.F.,(3,1,1,3),(-1.714,-1.3252484864,19.7252484864,
    20.114),.UNSPECIFIED.);
#8980 = CARTESIAN_POINT('',(49.500076152422,20.360194058758,
    0.847438155294));
#8981 = CARTESIAN_POINT('',(49.500076152422,20.263006180358,
    0.679103812026));
#8982 = CARTESIAN_POINT('',(49.500076152422,14.903194058758,
    -8.604363101609));
#8983 = CARTESIAN_POINT('',(49.500076152422,9.543381937158,
    -17.88783001524));
#8984 = CARTESIAN_POINT('',(49.500076152422,9.446194058758,
    -18.05616435851));
#8985 = PCURVE('',#7625,#8986);
#8986 = DEFINITIONAL_REPRESENTATION('',(#8987),#8991);
#8987 = LINE('',#8988,#8989);
#8988 = CARTESIAN_POINT('',(21.050496972801,0.));
#8989 = VECTOR('',#8990,1.);
#8990 = DIRECTION('',(0.,1.));
#8991 = ( GEOMETRIC_REPRESENTATION_CONTEXT(2) 
PARAMETRIC_REPRESENTATION_CONTEXT() REPRESENTATION_CONTEXT('2D SPACE',''
  ) );
#8992 = PCURVE('',#8993,#8998);
#8993 = B_SPLINE_SURFACE_WITH_KNOTS('',1,1,(
    (#8994,#8995)
    ,(#8996,#8997
    )),.UNSPECIFIED.,.F.,.F.,.F.,(2,2),(2,2),(0.,18.4),(0.,1.),
  .PIECEWISE_BEZIER_KNOTS.);
#8994 = CARTESIAN_POINT('',(50.,19.495636945092,-0.632566285183));
#8995 = CARTESIAN_POINT('',(42.,19.5467489226,-0.823318782116));
#8996 = CARTESIAN_POINT('',(50.,10.295636945092,-16.56743371481));
#8997 = CARTESIAN_POINT('',(42.,10.486389442026,-16.5163217373));
#8998 = DEFINITIONAL_REPRESENTATION('',(#8999),#9003);
#8999 = B_SPLINE_CURVE_WITH_KNOTS('',2,(#9000,#9001,#9002),
  .UNSPECIFIED.,.F.,.F.,(3,3),(8.726203218652E-03,18.391273796781),
  .PIECEWISE_BEZIER_KNOTS.);
#9000 = CARTESIAN_POINT('',(0.,6.249048094728E-02));
#9001 = CARTESIAN_POINT('',(9.2,6.249048094728E-02));
#9002 = CARTESIAN_POINT('',(18.4,6.249048094728E-02));
#9003 = ( GEOMETRIC_REPRESENTATION_CONTEXT(2) 
PARAMETRIC_REPRESENTATION_CONTEXT() REPRESENTATION_CONTEXT('2D SPACE',''
  ) );
#9004 = ORIENTED_EDGE('',*,*,#9005,.F.);
#9005 = EDGE_CURVE('',#8706,#8976,#9006,.T.);
#9006 = SURFACE_CURVE('',#9007,(#9013,#9022),.PCURVE_S1.);
#9007 = B_SPLINE_CURVE_WITH_KNOTS('',4,(#9008,#9009,#9010,#9011,#9012),
  .UNSPECIFIED.,.F.,.F.,(5,5),(0.,1.),.PIECEWISE_BEZIER_KNOTS.);
#9008 = CARTESIAN_POINT('',(50.,9.6126242432,-16.7504464167));
#9009 = CARTESIAN_POINT('',(49.875019038106,9.786357472491,
    -16.70389473822));
#9010 = CARTESIAN_POINT('',(49.750038076206,9.96009070179,
    -16.65734305973));
#9011 = CARTESIAN_POINT('',(49.625057114316,10.133823931077,
    -16.61079138124));
#9012 = CARTESIAN_POINT('',(49.500076152422,10.307557160368,
    -16.56423970276));
#9013 = PCURVE('',#7625,#9014);
#9014 = DEFINITIONAL_REPRESENTATION('',(#9015),#9021);
#9015 = B_SPLINE_CURVE_WITH_KNOTS('',4,(#9016,#9017,#9018,#9019,#9020),
  .UNSPECIFIED.,.F.,.F.,(5,5),(0.,1.),.PIECEWISE_BEZIER_KNOTS.);
#9016 = CARTESIAN_POINT('',(0.,18.9));
#9017 = CARTESIAN_POINT('',(5.262624243164,18.772818449196));
#9018 = CARTESIAN_POINT('',(10.525248486594,18.645636898386));
#9019 = CARTESIAN_POINT('',(15.787872729636,18.518455347585));
#9020 = CARTESIAN_POINT('',(21.050496972801,18.391273796781));
#9021 = ( GEOMETRIC_REPRESENTATION_CONTEXT(2) 
PARAMETRIC_REPRESENTATION_CONTEXT() REPRESENTATION_CONTEXT('2D SPACE',''
  ) );
#9022 = PCURVE('',#7999,#9023);
#9023 = DEFINITIONAL_REPRESENTATION('',(#9024),#9030);
#9024 = B_SPLINE_CURVE_WITH_KNOTS('',4,(#9025,#9026,#9027,#9028,#9029),
  .UNSPECIFIED.,.F.,.F.,(5,5),(0.,1.),.PIECEWISE_BEZIER_KNOTS.);
#9025 = CARTESIAN_POINT('',(3.372799811088E-10,-0.499999999982));
#9026 = CARTESIAN_POINT('',(2.371500000321,-0.372818449178));
#9027 = CARTESIAN_POINT('',(4.742999999719,-0.245636898406));
#9028 = CARTESIAN_POINT('',(7.114499999974,-0.118455347587));
#9029 = CARTESIAN_POINT('',(9.485999999958,8.726203216374E-03));
#9030 = ( GEOMETRIC_REPRESENTATION_CONTEXT(2) 
PARAMETRIC_REPRESENTATION_CONTEXT() REPRESENTATION_CONTEXT('2D SPACE',''
  ) );
#9031 = ORIENTED_EDGE('',*,*,#8705,.F.);
#9032 = ORIENTED_EDGE('',*,*,#7605,.F.);
#9033 = ADVANCED_FACE('',(#9034),#7739,.F.);
#9034 = FACE_BOUND('',#9035,.F.);
#9035 = EDGE_LOOP('',(#9036,#9037,#9057,#9081,#9082));
#9036 = ORIENTED_EDGE('',*,*,#7723,.F.);
#9037 = ORIENTED_EDGE('',*,*,#9038,.T.);
#9038 = EDGE_CURVE('',#7724,#9039,#9041,.T.);
#9039 = VERTEX_POINT('',#9040);
#9040 = CARTESIAN_POINT('',(49.500076152422,-9.191273796781,
    24.991273796781));
#9041 = SURFACE_CURVE('',#9042,(#9045,#9051),.PCURVE_S1.);
#9042 = B_SPLINE_CURVE_WITH_KNOTS('',1,(#9043,#9044),.UNSPECIFIED.,.F.,
  .F.,(2,2),(0.,1.),.PIECEWISE_BEZIER_KNOTS.);
#9043 = CARTESIAN_POINT('',(50.,-9.7,25.5));
#9044 = CARTESIAN_POINT('',(49.500076152422,-9.191273796781,
    24.991273796781));
#9045 = PCURVE('',#7739,#9046);
#9046 = DEFINITIONAL_REPRESENTATION('',(#9047),#9050);
#9047 = B_SPLINE_CURVE_WITH_KNOTS('',1,(#9048,#9049),.UNSPECIFIED.,.F.,
  .F.,(2,2),(0.,1.),.PIECEWISE_BEZIER_KNOTS.);
#9048 = CARTESIAN_POINT('',(0.,-0.5));
#9049 = CARTESIAN_POINT('',(10.251,8.72620321864E-03));
#9050 = ( GEOMETRIC_REPRESENTATION_CONTEXT(2) 
PARAMETRIC_REPRESENTATION_CONTEXT() REPRESENTATION_CONTEXT('2D SPACE',''
  ) );
#9051 = PCURVE('',#8179,#9052);
#9052 = DEFINITIONAL_REPRESENTATION('',(#9053),#9056);
#9053 = B_SPLINE_CURVE_WITH_KNOTS('',1,(#9054,#9055),.UNSPECIFIED.,.F.,
  .F.,(2,2),(0.,1.),.PIECEWISE_BEZIER_KNOTS.);
#9054 = CARTESIAN_POINT('',(1.936202578693E-10,18.899999999995));
#9055 = CARTESIAN_POINT('',(21.062999999351,18.391273796797));
#9056 = ( GEOMETRIC_REPRESENTATION_CONTEXT(2) 
PARAMETRIC_REPRESENTATION_CONTEXT() REPRESENTATION_CONTEXT('2D SPACE',''
  ) );
#9057 = ORIENTED_EDGE('',*,*,#9058,.T.);
#9058 = EDGE_CURVE('',#9039,#8585,#9059,.T.);
#9059 = SURFACE_CURVE('',#9060,(#9063,#9070),.PCURVE_S1.);
#9060 = B_SPLINE_CURVE_WITH_KNOTS('',1,(#9061,#9062),.UNSPECIFIED.,.F.,
  .F.,(2,2),(-1.6005,8.6505),.PIECEWISE_BEZIER_KNOTS.);
#9061 = CARTESIAN_POINT('',(49.500076152422,-9.191273796781,26.6005));
#9062 = CARTESIAN_POINT('',(49.500076152422,-9.191273796781,16.3495));
#9063 = PCURVE('',#7739,#9064);
#9064 = DEFINITIONAL_REPRESENTATION('',(#9065),#9069);
#9065 = LINE('',#9066,#9067);
#9066 = CARTESIAN_POINT('',(10.251,0.));
#9067 = VECTOR('',#9068,1.);
#9068 = DIRECTION('',(0.,1.));
#9069 = ( GEOMETRIC_REPRESENTATION_CONTEXT(2) 
PARAMETRIC_REPRESENTATION_CONTEXT() REPRESENTATION_CONTEXT('2D SPACE',''
  ) );
#9070 = PCURVE('',#9071,#9076);
#9071 = B_SPLINE_SURFACE_WITH_KNOTS('',1,1,(
    (#9072,#9073)
    ,(#9074,#9075
    )),.UNSPECIFIED.,.F.,.F.,.F.,(2,2),(2,2),(0.,7.8),(0.,1.),
  .PIECEWISE_BEZIER_KNOTS.);
#9072 = CARTESIAN_POINT('',(50.,-9.2,25.));
#9073 = CARTESIAN_POINT('',(42.,-9.060359480574,24.860359480574));
#9074 = CARTESIAN_POINT('',(50.,-9.2,17.2));
#9075 = CARTESIAN_POINT('',(42.,-9.060359480574,17.339640519426));
#9076 = DEFINITIONAL_REPRESENTATION('',(#9077),#9080);
#9077 = B_SPLINE_CURVE_WITH_KNOTS('',1,(#9078,#9079),.UNSPECIFIED.,.F.,
  .F.,(2,2),(-1.6005,8.6505),.PIECEWISE_BEZIER_KNOTS.);
#9078 = CARTESIAN_POINT('',(-1.612834901965,6.249048094727E-02));
#9079 = CARTESIAN_POINT('',(8.661153022777,6.249048094727E-02));
#9080 = ( GEOMETRIC_REPRESENTATION_CONTEXT(2) 
PARAMETRIC_REPRESENTATION_CONTEXT() REPRESENTATION_CONTEXT('2D SPACE',''
  ) );
#9081 = ORIENTED_EDGE('',*,*,#8584,.F.);
#9082 = ORIENTED_EDGE('',*,*,#9083,.T.);
#9083 = EDGE_CURVE('',#8404,#7726,#9084,.T.);
#9084 = SURFACE_CURVE('',#9085,(#9088,#9094),.PCURVE_S1.);
#9085 = B_SPLINE_CURVE_WITH_KNOTS('',1,(#9086,#9087),.UNSPECIFIED.,.F.,
  .F.,(2,2),(0.,1.),.PIECEWISE_BEZIER_KNOTS.);
#9086 = CARTESIAN_POINT('',(49.94265492388,-9.64164522659,
    16.699819401008));
#9087 = CARTESIAN_POINT('',(50.,-9.7,16.800892833418));
#9088 = PCURVE('',#7739,#9089);
#9089 = DEFINITIONAL_REPRESENTATION('',(#9090),#9093);
#9090 = B_SPLINE_CURVE_WITH_KNOTS('',1,(#9091,#9092),.UNSPECIFIED.,.F.,
  .F.,(2,2),(0.,1.),.PIECEWISE_BEZIER_KNOTS.);
#9091 = CARTESIAN_POINT('',(1.175867840976,8.300180598992));
#9092 = CARTESIAN_POINT('',(0.,8.199107166582));
#9093 = ( GEOMETRIC_REPRESENTATION_CONTEXT(2) 
PARAMETRIC_REPRESENTATION_CONTEXT() REPRESENTATION_CONTEXT('2D SPACE',''
  ) );
#9094 = PCURVE('',#7765,#9095);
#9095 = DEFINITIONAL_REPRESENTATION('',(#9096),#9099);
#9096 = B_SPLINE_CURVE_WITH_KNOTS('',1,(#9097,#9098),.UNSPECIFIED.,.F.,
  .F.,(2,2),(0.,1.),.PIECEWISE_BEZIER_KNOTS.);
#9097 = CARTESIAN_POINT('',(1.088116509437,-0.500180598981));
#9098 = CARTESIAN_POINT('',(1.867942254178E-09,-0.399107166755));
#9099 = ( GEOMETRIC_REPRESENTATION_CONTEXT(2) 
PARAMETRIC_REPRESENTATION_CONTEXT() REPRESENTATION_CONTEXT('2D SPACE',''
  ) );
#9100 = ADVANCED_FACE('',(#9101),#8179,.F.);
#9101 = FACE_BOUND('',#9102,.F.);
#9102 = EDGE_LOOP('',(#9103,#9123,#9147,#9148));
#9103 = ORIENTED_EDGE('',*,*,#9104,.T.);
#9104 = EDGE_CURVE('',#8142,#9105,#9107,.T.);
#9105 = VERTEX_POINT('',#9106);
#9106 = CARTESIAN_POINT('',(49.500076152422,9.191273796781,
    24.991273796781));
#9107 = SURFACE_CURVE('',#9108,(#9111,#9117),.PCURVE_S1.);
#9108 = B_SPLINE_CURVE_WITH_KNOTS('',1,(#9109,#9110),.UNSPECIFIED.,.F.,
  .F.,(2,2),(0.,1.),.PIECEWISE_BEZIER_KNOTS.);
#9109 = CARTESIAN_POINT('',(50.,9.7,25.5));
#9110 = CARTESIAN_POINT('',(49.500076152422,9.191273796781,
    24.991273796781));
#9111 = PCURVE('',#8179,#9112);
#9112 = DEFINITIONAL_REPRESENTATION('',(#9113),#9116);
#9113 = B_SPLINE_CURVE_WITH_KNOTS('',1,(#9114,#9115),.UNSPECIFIED.,.F.,
  .F.,(2,2),(0.,1.),.PIECEWISE_BEZIER_KNOTS.);
#9114 = CARTESIAN_POINT('',(0.,-0.5));
#9115 = CARTESIAN_POINT('',(21.063,8.726203218658E-03));
#9116 = ( GEOMETRIC_REPRESENTATION_CONTEXT(2) 
PARAMETRIC_REPRESENTATION_CONTEXT() REPRESENTATION_CONTEXT('2D SPACE',''
  ) );
#9117 = PCURVE('',#8155,#9118);
#9118 = DEFINITIONAL_REPRESENTATION('',(#9119),#9122);
#9119 = B_SPLINE_CURVE_WITH_KNOTS('',1,(#9120,#9121),.UNSPECIFIED.,.F.,
  .F.,(2,2),(0.,1.),.PIECEWISE_BEZIER_KNOTS.);
#9120 = CARTESIAN_POINT('',(1.355268800571E-10,8.299999999993));
#9121 = CARTESIAN_POINT('',(9.485999999756,7.791273796794));
#9122 = ( GEOMETRIC_REPRESENTATION_CONTEXT(2) 
PARAMETRIC_REPRESENTATION_CONTEXT() REPRESENTATION_CONTEXT('2D SPACE',''
  ) );
#9123 = ORIENTED_EDGE('',*,*,#9124,.T.);
#9124 = EDGE_CURVE('',#9105,#9039,#9125,.T.);
#9125 = SURFACE_CURVE('',#9126,(#9129,#9136),.PCURVE_S1.);
#9126 = B_SPLINE_CURVE_WITH_KNOTS('',1,(#9127,#9128),.UNSPECIFIED.,.F.,
  .F.,(2,2),(-1.7065,19.3565),.PIECEWISE_BEZIER_KNOTS.);
#9127 = CARTESIAN_POINT('',(49.500076152422,10.9065,24.991273796781));
#9128 = CARTESIAN_POINT('',(49.500076152422,-10.1565,24.991273796781));
#9129 = PCURVE('',#8179,#9130);
#9130 = DEFINITIONAL_REPRESENTATION('',(#9131),#9135);
#9131 = LINE('',#9132,#9133);
#9132 = CARTESIAN_POINT('',(21.063,0.));
#9133 = VECTOR('',#9134,1.);
#9134 = DIRECTION('',(0.,1.));
#9135 = ( GEOMETRIC_REPRESENTATION_CONTEXT(2) 
PARAMETRIC_REPRESENTATION_CONTEXT() REPRESENTATION_CONTEXT('2D SPACE',''
  ) );
#9136 = PCURVE('',#9137,#9142);
#9137 = B_SPLINE_SURFACE_WITH_KNOTS('',1,1,(
    (#9138,#9139)
    ,(#9140,#9141
    )),.UNSPECIFIED.,.F.,.F.,.F.,(2,2),(2,2),(0.,18.4),(0.,1.),
  .PIECEWISE_BEZIER_KNOTS.);
#9138 = CARTESIAN_POINT('',(50.,9.2,25.));
#9139 = CARTESIAN_POINT('',(42.,9.060359480574,24.860359480574));
#9140 = CARTESIAN_POINT('',(50.,-9.2,25.));
#9141 = CARTESIAN_POINT('',(42.,-9.060359480574,24.860359480574));
#9142 = DEFINITIONAL_REPRESENTATION('',(#9143),#9146);
#9143 = B_SPLINE_CURVE_WITH_KNOTS('',1,(#9144,#9145),.UNSPECIFIED.,.F.,
  .F.,(2,2),(-1.7065,19.3565),.PIECEWISE_BEZIER_KNOTS.);
#9144 = CARTESIAN_POINT('',(-1.716854640446,6.249048094728E-02));
#9145 = CARTESIAN_POINT('',(19.366142589803,6.249048094728E-02));
#9146 = ( GEOMETRIC_REPRESENTATION_CONTEXT(2) 
PARAMETRIC_REPRESENTATION_CONTEXT() REPRESENTATION_CONTEXT('2D SPACE',''
  ) );
#9147 = ORIENTED_EDGE('',*,*,#9038,.F.);
#9148 = ORIENTED_EDGE('',*,*,#8167,.F.);
#9149 = ADVANCED_FACE('',(#9150),#8155,.F.);
#9150 = FACE_BOUND('',#9151,.F.);
#9151 = EDGE_LOOP('',(#9152,#9170,#9171,#9195,#9196));
#9152 = ORIENTED_EDGE('',*,*,#9153,.T.);
#9153 = EDGE_CURVE('',#8116,#8643,#9154,.T.);
#9154 = SURFACE_CURVE('',#9155,(#9158,#9164),.PCURVE_S1.);
#9155 = B_SPLINE_CURVE_WITH_KNOTS('',1,(#9156,#9157),.UNSPECIFIED.,.F.,
  .F.,(2,2),(0.,1.),.PIECEWISE_BEZIER_KNOTS.);
#9156 = CARTESIAN_POINT('',(50.,9.7,16.800892833418));
#9157 = CARTESIAN_POINT('',(49.94265492388,9.64164522659,16.699819401008
    ));
#9158 = PCURVE('',#8155,#9159);
#9159 = DEFINITIONAL_REPRESENTATION('',(#9160),#9163);
#9160 = B_SPLINE_CURVE_WITH_KNOTS('',1,(#9161,#9162),.UNSPECIFIED.,.F.,
  .F.,(2,2),(0.,1.),.PIECEWISE_BEZIER_KNOTS.);
#9161 = CARTESIAN_POINT('',(0.,-0.399107166582));
#9162 = CARTESIAN_POINT('',(1.08811650956,-0.500180598992));
#9163 = ( GEOMETRIC_REPRESENTATION_CONTEXT(2) 
PARAMETRIC_REPRESENTATION_CONTEXT() REPRESENTATION_CONTEXT('2D SPACE',''
  ) );
#9164 = PCURVE('',#8129,#9165);
#9165 = DEFINITIONAL_REPRESENTATION('',(#9166),#9169);
#9166 = B_SPLINE_CURVE_WITH_KNOTS('',1,(#9167,#9168),.UNSPECIFIED.,.F.,
  .F.,(2,2),(0.,1.),.PIECEWISE_BEZIER_KNOTS.);
#9167 = CARTESIAN_POINT('',(2.012909067315E-09,8.199107166755));
#9168 = CARTESIAN_POINT('',(1.175867840937,8.300180598989));
#9169 = ( GEOMETRIC_REPRESENTATION_CONTEXT(2) 
PARAMETRIC_REPRESENTATION_CONTEXT() REPRESENTATION_CONTEXT('2D SPACE',''
  ) );
#9170 = ORIENTED_EDGE('',*,*,#8642,.T.);
#9171 = ORIENTED_EDGE('',*,*,#9172,.T.);
#9172 = EDGE_CURVE('',#8614,#9105,#9173,.T.);
#9173 = SURFACE_CURVE('',#9174,(#9177,#9184),.PCURVE_S1.);
#9174 = B_SPLINE_CURVE_WITH_KNOTS('',1,(#9175,#9176),.UNSPECIFIED.,.F.,
  .F.,(2,2),(-0.843,8.643),.PIECEWISE_BEZIER_KNOTS.);
#9175 = CARTESIAN_POINT('',(49.500076152422,9.191273796781,16.357));
#9176 = CARTESIAN_POINT('',(49.500076152422,9.191273796781,25.843));
#9177 = PCURVE('',#8155,#9178);
#9178 = DEFINITIONAL_REPRESENTATION('',(#9179),#9183);
#9179 = LINE('',#9180,#9181);
#9180 = CARTESIAN_POINT('',(9.486,0.));
#9181 = VECTOR('',#9182,1.);
#9182 = DIRECTION('',(0.,1.));
#9183 = ( GEOMETRIC_REPRESENTATION_CONTEXT(2) 
PARAMETRIC_REPRESENTATION_CONTEXT() REPRESENTATION_CONTEXT('2D SPACE',''
  ) );
#9184 = PCURVE('',#9185,#9190);
#9185 = B_SPLINE_SURFACE_WITH_KNOTS('',1,1,(
    (#9186,#9187)
    ,(#9188,#9189
    )),.UNSPECIFIED.,.F.,.F.,.F.,(2,2),(2,2),(0.,7.8),(0.,1.),
  .PIECEWISE_BEZIER_KNOTS.);
#9186 = CARTESIAN_POINT('',(50.,9.2,17.2));
#9187 = CARTESIAN_POINT('',(42.,9.060359480574,17.339640519426));
#9188 = CARTESIAN_POINT('',(50.,9.2,25.));
#9189 = CARTESIAN_POINT('',(42.,9.060359480574,24.860359480574));
#9190 = DEFINITIONAL_REPRESENTATION('',(#9191),#9194);
#9191 = B_SPLINE_CURVE_WITH_KNOTS('',1,(#9192,#9193),.UNSPECIFIED.,.F.,
  .F.,(2,2),(-0.843,8.643),.PIECEWISE_BEZIER_KNOTS.);
#9192 = CARTESIAN_POINT('',(-0.853636203986,6.249048094727E-02));
#9193 = CARTESIAN_POINT('',(8.653636203986,6.249048094727E-02));
#9194 = ( GEOMETRIC_REPRESENTATION_CONTEXT(2) 
PARAMETRIC_REPRESENTATION_CONTEXT() REPRESENTATION_CONTEXT('2D SPACE',''
  ) );
#9195 = ORIENTED_EDGE('',*,*,#9104,.F.);
#9196 = ORIENTED_EDGE('',*,*,#8141,.F.);
#9197 = ADVANCED_FACE('',(#9198),#8129,.F.);
#9198 = FACE_BOUND('',#9199,.F.);
#9199 = EDGE_LOOP('',(#9200,#9201,#9221,#9246,#9247));
#9200 = ORIENTED_EDGE('',*,*,#8115,.F.);
#9201 = ORIENTED_EDGE('',*,*,#9202,.T.);
#9202 = EDGE_CURVE('',#8090,#9203,#9205,.T.);
#9203 = VERTEX_POINT('',#9204);
#9204 = CARTESIAN_POINT('',(49.500076152422,17.047441082554,
    20.455513499542));
#9205 = SURFACE_CURVE('',#9206,(#9209,#9215),.PCURVE_S1.);
#9206 = B_SPLINE_CURVE_WITH_KNOTS('',1,(#9207,#9208),.UNSPECIFIED.,.F.,
  .F.,(2,2),(0.,1.),.PIECEWISE_BEZIER_KNOTS.);
#9207 = CARTESIAN_POINT('',(50.,17.233647796503,21.150446416709));
#9208 = CARTESIAN_POINT('',(49.500076152422,17.047441082554,
    20.455513499542));
#9209 = PCURVE('',#8129,#9210);
#9210 = DEFINITIONAL_REPRESENTATION('',(#9211),#9214);
#9211 = B_SPLINE_CURVE_WITH_KNOTS('',1,(#9212,#9213),.UNSPECIFIED.,.F.,
  .F.,(2,2),(0.,1.),.PIECEWISE_BEZIER_KNOTS.);
#9212 = CARTESIAN_POINT('',(0.,-0.5));
#9213 = CARTESIAN_POINT('',(10.251,8.72620321864E-03));
#9214 = ( GEOMETRIC_REPRESENTATION_CONTEXT(2) 
PARAMETRIC_REPRESENTATION_CONTEXT() REPRESENTATION_CONTEXT('2D SPACE',''
  ) );
#9215 = PCURVE('',#8103,#9216);
#9216 = DEFINITIONAL_REPRESENTATION('',(#9217),#9220);
#9217 = B_SPLINE_CURVE_WITH_KNOTS('',1,(#9218,#9219),.UNSPECIFIED.,.F.,
  .F.,(2,2),(0.,1.),.PIECEWISE_BEZIER_KNOTS.);
#9218 = CARTESIAN_POINT('',(1.936202578693E-10,18.899999999995));
#9219 = CARTESIAN_POINT('',(21.062999999351,18.391273796797));
#9220 = ( GEOMETRIC_REPRESENTATION_CONTEXT(2) 
PARAMETRIC_REPRESENTATION_CONTEXT() REPRESENTATION_CONTEXT('2D SPACE',''
  ) );
#9221 = ORIENTED_EDGE('',*,*,#9222,.T.);
#9222 = EDGE_CURVE('',#9203,#8827,#9223,.T.);
#9223 = SURFACE_CURVE('',#9224,(#9227,#9234),.PCURVE_S1.);
#9224 = B_SPLINE_CURVE_WITH_KNOTS('',1,(#9225,#9226),.UNSPECIFIED.,.F.,
  .F.,(2,2),(-1.6005,8.6505),.PIECEWISE_BEZIER_KNOTS.);
#9225 = CARTESIAN_POINT('',(49.500076152422,18.441071854977,
    21.260126601151));
#9226 = CARTESIAN_POINT('',(49.500076152422,9.563445440783,
    16.134626601151));
#9227 = PCURVE('',#8129,#9228);
#9228 = DEFINITIONAL_REPRESENTATION('',(#9229),#9233);
#9229 = LINE('',#9230,#9231);
#9230 = CARTESIAN_POINT('',(10.251,0.));
#9231 = VECTOR('',#9232,1.);
#9232 = DIRECTION('',(0.,1.));
#9233 = ( GEOMETRIC_REPRESENTATION_CONTEXT(2) 
PARAMETRIC_REPRESENTATION_CONTEXT() REPRESENTATION_CONTEXT('2D SPACE',''
  ) );
#9234 = PCURVE('',#9235,#9240);
#9235 = B_SPLINE_SURFACE_WITH_KNOTS('',1,1,(
    (#9236,#9237)
    ,(#9238,#9239
    )),.UNSPECIFIED.,.F.,.F.,.F.,(2,2),(2,2),(0.,7.8),(0.,1.),
  .PIECEWISE_BEZIER_KNOTS.);
#9236 = CARTESIAN_POINT('',(50.,17.050635094611,20.467433714817));
#9237 = CARTESIAN_POINT('',(42.,16.999523117104,20.276681217884));
#9238 = CARTESIAN_POINT('',(50.,10.295636945092,16.567433714817));
#9239 = CARTESIAN_POINT('',(42.,10.486389442026,16.516321737309));
#9240 = DEFINITIONAL_REPRESENTATION('',(#9241),#9245);
#9241 = B_SPLINE_CURVE_WITH_KNOTS('',2,(#9242,#9243,#9244),
  .UNSPECIFIED.,.F.,.F.,(3,3),(8.726203218651E-03,7.791273796781),
  .PIECEWISE_BEZIER_KNOTS.);
#9242 = CARTESIAN_POINT('',(2.722578517654E-15,6.249048094727E-02));
#9243 = CARTESIAN_POINT('',(3.9,6.249048094727E-02));
#9244 = CARTESIAN_POINT('',(7.8,6.249048094727E-02));
#9245 = ( GEOMETRIC_REPRESENTATION_CONTEXT(2) 
PARAMETRIC_REPRESENTATION_CONTEXT() REPRESENTATION_CONTEXT('2D SPACE',''
  ) );
#9246 = ORIENTED_EDGE('',*,*,#8826,.F.);
#9247 = ORIENTED_EDGE('',*,*,#9153,.F.);
#9248 = ADVANCED_FACE('',(#9249),#8103,.F.);
#9249 = FACE_BOUND('',#9250,.F.);
#9250 = EDGE_LOOP('',(#9251,#9271,#9296,#9297));
#9251 = ORIENTED_EDGE('',*,*,#9252,.T.);
#9252 = EDGE_CURVE('',#8064,#9253,#9255,.T.);
#9253 = VERTEX_POINT('',#9254);
#9254 = CARTESIAN_POINT('',(49.500076152422,26.238714879336,
    4.53576029724));
#9255 = SURFACE_CURVE('',#9256,(#9259,#9265),.PCURVE_S1.);
#9256 = B_SPLINE_CURVE_WITH_KNOTS('',1,(#9257,#9258),.UNSPECIFIED.,.F.,
  .F.,(2,2),(0.,1.),.PIECEWISE_BEZIER_KNOTS.);
#9257 = CARTESIAN_POINT('',(50.,26.933647796503,4.349553583291));
#9258 = CARTESIAN_POINT('',(49.500076152422,26.238714879336,
    4.53576029724));
#9259 = PCURVE('',#8103,#9260);
#9260 = DEFINITIONAL_REPRESENTATION('',(#9261),#9264);
#9261 = B_SPLINE_CURVE_WITH_KNOTS('',1,(#9262,#9263),.UNSPECIFIED.,.F.,
  .F.,(2,2),(0.,1.),.PIECEWISE_BEZIER_KNOTS.);
#9262 = CARTESIAN_POINT('',(0.,-0.5));
#9263 = CARTESIAN_POINT('',(21.063,8.726203218658E-03));
#9264 = ( GEOMETRIC_REPRESENTATION_CONTEXT(2) 
PARAMETRIC_REPRESENTATION_CONTEXT() REPRESENTATION_CONTEXT('2D SPACE',''
  ) );
#9265 = PCURVE('',#8077,#9266);
#9266 = DEFINITIONAL_REPRESENTATION('',(#9267),#9270);
#9267 = B_SPLINE_CURVE_WITH_KNOTS('',1,(#9268,#9269),.UNSPECIFIED.,.F.,
  .F.,(2,2),(0.,1.),.PIECEWISE_BEZIER_KNOTS.);
#9268 = CARTESIAN_POINT('',(1.355268800571E-10,8.299999999993));
#9269 = CARTESIAN_POINT('',(9.485999999756,7.791273796794));
#9270 = ( GEOMETRIC_REPRESENTATION_CONTEXT(2) 
PARAMETRIC_REPRESENTATION_CONTEXT() REPRESENTATION_CONTEXT('2D SPACE',''
  ) );
#9271 = ORIENTED_EDGE('',*,*,#9272,.T.);
#9272 = EDGE_CURVE('',#9253,#9203,#9273,.T.);
#9273 = SURFACE_CURVE('',#9274,(#9277,#9284),.PCURVE_S1.);
#9274 = B_SPLINE_CURVE_WITH_KNOTS('',1,(#9275,#9276),.UNSPECIFIED.,.F.,
  .F.,(2,2),(-1.7065,19.3565),.PIECEWISE_BEZIER_KNOTS.);
#9275 = CARTESIAN_POINT('',(49.500076152422,27.096327980945,
    3.050330832016));
#9276 = CARTESIAN_POINT('',(49.500076152422,16.564827980945,
    21.291423911927));
#9277 = PCURVE('',#8103,#9278);
#9278 = DEFINITIONAL_REPRESENTATION('',(#9279),#9283);
#9279 = LINE('',#9280,#9281);
#9280 = CARTESIAN_POINT('',(21.063,0.));
#9281 = VECTOR('',#9282,1.);
#9282 = DIRECTION('',(0.,1.));
#9283 = ( GEOMETRIC_REPRESENTATION_CONTEXT(2) 
PARAMETRIC_REPRESENTATION_CONTEXT() REPRESENTATION_CONTEXT('2D SPACE',''
  ) );
#9284 = PCURVE('',#9285,#9290);
#9285 = B_SPLINE_SURFACE_WITH_KNOTS('',1,1,(
    (#9286,#9287)
    ,(#9288,#9289
    )),.UNSPECIFIED.,.F.,.F.,.F.,(2,2),(2,2),(0.,18.4),(0.,1.),
  .PIECEWISE_BEZIER_KNOTS.);
#9286 = CARTESIAN_POINT('',(50.,26.250635094611,4.532566285183));
#9287 = CARTESIAN_POINT('',(42.,26.059882597678,4.583678262691));
#9288 = CARTESIAN_POINT('',(50.,17.050635094611,20.467433714817));
#9289 = CARTESIAN_POINT('',(42.,16.999523117104,20.276681217884));
#9290 = DEFINITIONAL_REPRESENTATION('',(#9291),#9295);
#9291 = B_SPLINE_CURVE_WITH_KNOTS('',2,(#9292,#9293,#9294),
  .UNSPECIFIED.,.F.,.F.,(3,3),(8.726203218642E-03,18.391273796781),
  .PIECEWISE_BEZIER_KNOTS.);
#9292 = CARTESIAN_POINT('',(4.781854933826E-15,6.249048094728E-02));
#9293 = CARTESIAN_POINT('',(9.2,6.249048094728E-02));
#9294 = CARTESIAN_POINT('',(18.4,6.249048094728E-02));
#9295 = ( GEOMETRIC_REPRESENTATION_CONTEXT(2) 
PARAMETRIC_REPRESENTATION_CONTEXT() REPRESENTATION_CONTEXT('2D SPACE',''
  ) );
#9296 = ORIENTED_EDGE('',*,*,#9202,.F.);
#9297 = ORIENTED_EDGE('',*,*,#8089,.F.);
#9298 = ADVANCED_FACE('',(#9299),#8077,.F.);
#9299 = FACE_BOUND('',#9300,.F.);
#9300 = EDGE_LOOP('',(#9301,#9319,#9320,#9345,#9346));
#9301 = ORIENTED_EDGE('',*,*,#9302,.F.);
#9302 = EDGE_CURVE('',#8886,#8038,#9303,.T.);
#9303 = SURFACE_CURVE('',#9304,(#9307,#9313),.PCURVE_S1.);
#9304 = B_SPLINE_CURVE_WITH_KNOTS('',1,(#9305,#9306),.UNSPECIFIED.,.F.,
  .F.,(2,2),(0.,1.),.PIECEWISE_BEZIER_KNOTS.);
#9305 = CARTESIAN_POINT('',(49.94265492388,19.28329045318,
    -8.271161533457E-15));
#9306 = CARTESIAN_POINT('',(50.,19.4,-1.146305272925E-14));
#9307 = PCURVE('',#8077,#9308);
#9308 = DEFINITIONAL_REPRESENTATION('',(#9309),#9312);
#9309 = B_SPLINE_CURVE_WITH_KNOTS('',1,(#9310,#9311),.UNSPECIFIED.,.F.,
  .F.,(2,2),(0.,1.),.PIECEWISE_BEZIER_KNOTS.);
#9310 = CARTESIAN_POINT('',(1.088116509437,-0.500180598981));
#9311 = CARTESIAN_POINT('',(1.867942254302E-09,-0.399107166755));
#9312 = ( GEOMETRIC_REPRESENTATION_CONTEXT(2) 
PARAMETRIC_REPRESENTATION_CONTEXT() REPRESENTATION_CONTEXT('2D SPACE',''
  ) );
#9313 = PCURVE('',#8051,#9314);
#9314 = DEFINITIONAL_REPRESENTATION('',(#9315),#9318);
#9315 = B_SPLINE_CURVE_WITH_KNOTS('',1,(#9316,#9317),.UNSPECIFIED.,.F.,
  .F.,(2,2),(0.,1.),.PIECEWISE_BEZIER_KNOTS.);
#9316 = CARTESIAN_POINT('',(1.175867840976,8.300180598992));
#9317 = CARTESIAN_POINT('',(0.,8.199107166582));
#9318 = ( GEOMETRIC_REPRESENTATION_CONTEXT(2) 
PARAMETRIC_REPRESENTATION_CONTEXT() REPRESENTATION_CONTEXT('2D SPACE',''
  ) );
#9319 = ORIENTED_EDGE('',*,*,#8885,.T.);
#9320 = ORIENTED_EDGE('',*,*,#9321,.T.);
#9321 = EDGE_CURVE('',#8856,#9253,#9322,.T.);
#9322 = SURFACE_CURVE('',#9323,(#9326,#9333),.PCURVE_S1.);
#9323 = B_SPLINE_CURVE_WITH_KNOTS('',1,(#9324,#9325),.UNSPECIFIED.,.F.,
  .F.,(2,2),(-0.843,8.643),.PIECEWISE_BEZIER_KNOTS.);
#9324 = CARTESIAN_POINT('',(49.500076152422,18.761214428093,
    0.218623398849));
#9325 = CARTESIAN_POINT('',(49.500076152422,26.976331408392,
    4.961623398849));
#9326 = PCURVE('',#8077,#9327);
#9327 = DEFINITIONAL_REPRESENTATION('',(#9328),#9332);
#9328 = LINE('',#9329,#9330);
#9329 = CARTESIAN_POINT('',(9.486,0.));
#9330 = VECTOR('',#9331,1.);
#9331 = DIRECTION('',(0.,1.));
#9332 = ( GEOMETRIC_REPRESENTATION_CONTEXT(2) 
PARAMETRIC_REPRESENTATION_CONTEXT() REPRESENTATION_CONTEXT('2D SPACE',''
  ) );
#9333 = PCURVE('',#9334,#9339);
#9334 = B_SPLINE_SURFACE_WITH_KNOTS('',1,1,(
    (#9335,#9336)
    ,(#9337,#9338
    )),.UNSPECIFIED.,.F.,.F.,.F.,(2,2),(2,2),(0.,7.8),(0.,1.),
  .PIECEWISE_BEZIER_KNOTS.);
#9335 = CARTESIAN_POINT('',(50.,19.495636945092,0.632566285183));
#9336 = CARTESIAN_POINT('',(42.,19.5467489226,0.823318782116));
#9337 = CARTESIAN_POINT('',(50.,26.250635094611,4.532566285183));
#9338 = CARTESIAN_POINT('',(42.,26.059882597678,4.583678262691));
#9339 = DEFINITIONAL_REPRESENTATION('',(#9340),#9344);
#9340 = B_SPLINE_CURVE_WITH_KNOTS('',2,(#9341,#9342,#9343),
  .UNSPECIFIED.,.F.,.F.,(3,3),(8.726203218637E-03,7.791273796781),
  .PIECEWISE_BEZIER_KNOTS.);
#9341 = CARTESIAN_POINT('',(4.972640456236E-15,6.249048094727E-02));
#9342 = CARTESIAN_POINT('',(3.9,6.249048094727E-02));
#9343 = CARTESIAN_POINT('',(7.8,6.249048094727E-02));
#9344 = ( GEOMETRIC_REPRESENTATION_CONTEXT(2) 
PARAMETRIC_REPRESENTATION_CONTEXT() REPRESENTATION_CONTEXT('2D SPACE',''
  ) );
#9345 = ORIENTED_EDGE('',*,*,#9252,.F.);
#9346 = ORIENTED_EDGE('',*,*,#8063,.F.);
#9347 = ADVANCED_FACE('',(#9348),#8051,.F.);
#9348 = FACE_BOUND('',#9349,.F.);
#9349 = EDGE_LOOP('',(#9350,#9351,#9371,#9396,#9397));
#9350 = ORIENTED_EDGE('',*,*,#8037,.F.);
#9351 = ORIENTED_EDGE('',*,*,#9352,.T.);
#9352 = EDGE_CURVE('',#8012,#9353,#9355,.T.);
#9353 = VERTEX_POINT('',#9354);
#9354 = CARTESIAN_POINT('',(49.500076152422,26.238714879336,
    -4.53576029724));
#9355 = SURFACE_CURVE('',#9356,(#9359,#9365),.PCURVE_S1.);
#9356 = B_SPLINE_CURVE_WITH_KNOTS('',1,(#9357,#9358),.UNSPECIFIED.,.F.,
  .F.,(2,2),(0.,1.),.PIECEWISE_BEZIER_KNOTS.);
#9357 = CARTESIAN_POINT('',(50.,26.933647796503,-4.349553583291));
#9358 = CARTESIAN_POINT('',(49.500076152422,26.238714879336,
    -4.53576029724));
#9359 = PCURVE('',#8051,#9360);
#9360 = DEFINITIONAL_REPRESENTATION('',(#9361),#9364);
#9361 = B_SPLINE_CURVE_WITH_KNOTS('',1,(#9362,#9363),.UNSPECIFIED.,.F.,
  .F.,(2,2),(0.,1.),.PIECEWISE_BEZIER_KNOTS.);
#9362 = CARTESIAN_POINT('',(0.,-0.5));
#9363 = CARTESIAN_POINT('',(10.251,8.72620321864E-03));
#9364 = ( GEOMETRIC_REPRESENTATION_CONTEXT(2) 
PARAMETRIC_REPRESENTATION_CONTEXT() REPRESENTATION_CONTEXT('2D SPACE',''
  ) );
#9365 = PCURVE('',#8025,#9366);
#9366 = DEFINITIONAL_REPRESENTATION('',(#9367),#9370);
#9367 = B_SPLINE_CURVE_WITH_KNOTS('',1,(#9368,#9369),.UNSPECIFIED.,.F.,
  .F.,(2,2),(0.,1.),.PIECEWISE_BEZIER_KNOTS.);
#9368 = CARTESIAN_POINT('',(1.936202578693E-10,18.899999999995));
#9369 = CARTESIAN_POINT('',(21.062999999351,18.391273796797));
#9370 = ( GEOMETRIC_REPRESENTATION_CONTEXT(2) 
PARAMETRIC_REPRESENTATION_CONTEXT() REPRESENTATION_CONTEXT('2D SPACE',''
  ) );
#9371 = ORIENTED_EDGE('',*,*,#9372,.T.);
#9372 = EDGE_CURVE('',#9353,#8947,#9373,.T.);
#9373 = SURFACE_CURVE('',#9374,(#9377,#9384),.PCURVE_S1.);
#9374 = B_SPLINE_CURVE_WITH_KNOTS('',1,(#9375,#9376),.UNSPECIFIED.,.F.,
  .F.,(2,2),(-1.6005,8.6505),.PIECEWISE_BEZIER_KNOTS.);
#9375 = CARTESIAN_POINT('',(49.500076152422,27.632345651759,
    -5.340373398849));
#9376 = CARTESIAN_POINT('',(49.500076152422,18.754719237564,
    -0.214873398849));
#9377 = PCURVE('',#8051,#9378);
#9378 = DEFINITIONAL_REPRESENTATION('',(#9379),#9383);
#9379 = LINE('',#9380,#9381);
#9380 = CARTESIAN_POINT('',(10.251,0.));
#9381 = VECTOR('',#9382,1.);
#9382 = DIRECTION('',(0.,1.));
#9383 = ( GEOMETRIC_REPRESENTATION_CONTEXT(2) 
PARAMETRIC_REPRESENTATION_CONTEXT() REPRESENTATION_CONTEXT('2D SPACE',''
  ) );
#9384 = PCURVE('',#9385,#9390);
#9385 = B_SPLINE_SURFACE_WITH_KNOTS('',1,1,(
    (#9386,#9387)
    ,(#9388,#9389
    )),.UNSPECIFIED.,.F.,.F.,.F.,(2,2),(2,2),(0.,7.8),(0.,1.),
  .PIECEWISE_BEZIER_KNOTS.);
#9386 = CARTESIAN_POINT('',(50.,26.250635094611,-4.532566285183));
#9387 = CARTESIAN_POINT('',(42.,26.059882597678,-4.583678262691));
#9388 = CARTESIAN_POINT('',(50.,19.495636945092,-0.632566285183));
#9389 = CARTESIAN_POINT('',(42.,19.5467489226,-0.823318782116));
#9390 = DEFINITIONAL_REPRESENTATION('',(#9391),#9395);
#9391 = B_SPLINE_CURVE_WITH_KNOTS('',2,(#9392,#9393,#9394),
  .UNSPECIFIED.,.F.,.F.,(3,3),(8.726203218651E-03,7.791273796781),
  .PIECEWISE_BEZIER_KNOTS.);
#9392 = CARTESIAN_POINT('',(1.914917342995E-15,6.249048094727E-02));
#9393 = CARTESIAN_POINT('',(3.9,6.249048094727E-02));
#9394 = CARTESIAN_POINT('',(7.8,6.249048094727E-02));
#9395 = ( GEOMETRIC_REPRESENTATION_CONTEXT(2) 
PARAMETRIC_REPRESENTATION_CONTEXT() REPRESENTATION_CONTEXT('2D SPACE',''
  ) );
#9396 = ORIENTED_EDGE('',*,*,#8946,.F.);
#9397 = ORIENTED_EDGE('',*,*,#9302,.T.);
#9398 = ADVANCED_FACE('',(#9399),#8025,.F.);
#9399 = FACE_BOUND('',#9400,.F.);
#9400 = EDGE_LOOP('',(#9401,#9421,#9446,#9447));
#9401 = ORIENTED_EDGE('',*,*,#9402,.T.);
#9402 = EDGE_CURVE('',#7986,#9403,#9405,.T.);
#9403 = VERTEX_POINT('',#9404);
#9404 = CARTESIAN_POINT('',(49.500076152422,17.047441082554,
    -20.45551349954));
#9405 = SURFACE_CURVE('',#9406,(#9409,#9415),.PCURVE_S1.);
#9406 = B_SPLINE_CURVE_WITH_KNOTS('',1,(#9407,#9408),.UNSPECIFIED.,.F.,
  .F.,(2,2),(0.,1.),.PIECEWISE_BEZIER_KNOTS.);
#9407 = CARTESIAN_POINT('',(50.,17.233647796503,-21.1504464167));
#9408 = CARTESIAN_POINT('',(49.500076152422,17.047441082554,
    -20.45551349954));
#9409 = PCURVE('',#8025,#9410);
#9410 = DEFINITIONAL_REPRESENTATION('',(#9411),#9414);
#9411 = B_SPLINE_CURVE_WITH_KNOTS('',1,(#9412,#9413),.UNSPECIFIED.,.F.,
  .F.,(2,2),(0.,1.),.PIECEWISE_BEZIER_KNOTS.);
#9412 = CARTESIAN_POINT('',(0.,-0.5));
#9413 = CARTESIAN_POINT('',(21.063,8.726203218658E-03));
#9414 = ( GEOMETRIC_REPRESENTATION_CONTEXT(2) 
PARAMETRIC_REPRESENTATION_CONTEXT() REPRESENTATION_CONTEXT('2D SPACE',''
  ) );
#9415 = PCURVE('',#7999,#9416);
#9416 = DEFINITIONAL_REPRESENTATION('',(#9417),#9420);
#9417 = B_SPLINE_CURVE_WITH_KNOTS('',1,(#9418,#9419),.UNSPECIFIED.,.F.,
  .F.,(2,2),(0.,1.),.PIECEWISE_BEZIER_KNOTS.);
#9418 = CARTESIAN_POINT('',(1.355268800571E-10,8.299999999993));
#9419 = CARTESIAN_POINT('',(9.485999999756,7.791273796794));
#9420 = ( GEOMETRIC_REPRESENTATION_CONTEXT(2) 
PARAMETRIC_REPRESENTATION_CONTEXT() REPRESENTATION_CONTEXT('2D SPACE',''
  ) );
#9421 = ORIENTED_EDGE('',*,*,#9422,.T.);
#9422 = EDGE_CURVE('',#9403,#9353,#9423,.T.);
#9423 = SURFACE_CURVE('',#9424,(#9427,#9434),.PCURVE_S1.);
#9424 = B_SPLINE_CURVE_WITH_KNOTS('',1,(#9425,#9426),.UNSPECIFIED.,.F.,
  .F.,(2,2),(-1.7065,19.3565),.PIECEWISE_BEZIER_KNOTS.);
#9425 = CARTESIAN_POINT('',(49.500076152422,16.189827980945,
    -21.94094296476));
#9426 = CARTESIAN_POINT('',(49.500076152422,26.721327980945,
    -3.699849884854));
#9427 = PCURVE('',#8025,#9428);
#9428 = DEFINITIONAL_REPRESENTATION('',(#9429),#9433);
#9429 = LINE('',#9430,#9431);
#9430 = CARTESIAN_POINT('',(21.063,0.));
#9431 = VECTOR('',#9432,1.);
#9432 = DIRECTION('',(0.,1.));
#9433 = ( GEOMETRIC_REPRESENTATION_CONTEXT(2) 
PARAMETRIC_REPRESENTATION_CONTEXT() REPRESENTATION_CONTEXT('2D SPACE',''
  ) );
#9434 = PCURVE('',#9435,#9440);
#9435 = B_SPLINE_SURFACE_WITH_KNOTS('',1,1,(
    (#9436,#9437)
    ,(#9438,#9439
    )),.UNSPECIFIED.,.F.,.F.,.F.,(2,2),(2,2),(0.,18.4),(0.,1.),
  .PIECEWISE_BEZIER_KNOTS.);
#9436 = CARTESIAN_POINT('',(50.,17.050635094611,-20.46743371481));
#9437 = CARTESIAN_POINT('',(42.,16.999523117103,-20.27668121788));
#9438 = CARTESIAN_POINT('',(50.,26.250635094611,-4.532566285183));
#9439 = CARTESIAN_POINT('',(42.,26.059882597678,-4.583678262691));
#9440 = DEFINITIONAL_REPRESENTATION('',(#9441),#9445);
#9441 = B_SPLINE_CURVE_WITH_KNOTS('',2,(#9442,#9443,#9444),
  .UNSPECIFIED.,.F.,.F.,(3,3),(8.726203218642E-03,18.391273796781),
  .PIECEWISE_BEZIER_KNOTS.);
#9442 = CARTESIAN_POINT('',(0.,6.249048094728E-02));
#9443 = CARTESIAN_POINT('',(9.2,6.249048094728E-02));
#9444 = CARTESIAN_POINT('',(18.4,6.249048094728E-02));
#9445 = ( GEOMETRIC_REPRESENTATION_CONTEXT(2) 
PARAMETRIC_REPRESENTATION_CONTEXT() REPRESENTATION_CONTEXT('2D SPACE',''
  ) );
#9446 = ORIENTED_EDGE('',*,*,#9352,.F.);
#9447 = ORIENTED_EDGE('',*,*,#8011,.F.);
#9448 = ADVANCED_FACE('',(#9449),#7999,.F.);
#9449 = FACE_BOUND('',#9450,.F.);
#9450 = EDGE_LOOP('',(#9451,#9469,#9470,#9495,#9496));
#9451 = ORIENTED_EDGE('',*,*,#9452,.F.);
#9452 = EDGE_CURVE('',#8706,#7960,#9453,.T.);
#9453 = SURFACE_CURVE('',#9454,(#9457,#9463),.PCURVE_S1.);
#9454 = B_SPLINE_CURVE_WITH_KNOTS('',1,(#9455,#9456),.UNSPECIFIED.,.F.,
  .F.,(2,2),(0.,1.),.PIECEWISE_BEZIER_KNOTS.);
#9455 = CARTESIAN_POINT('',(49.94265492388,9.64164522659,-16.699819401)
  );
#9456 = CARTESIAN_POINT('',(50.,9.7,-16.80089283341));
#9457 = PCURVE('',#7999,#9458);
#9458 = DEFINITIONAL_REPRESENTATION('',(#9459),#9462);
#9459 = B_SPLINE_CURVE_WITH_KNOTS('',1,(#9460,#9461),.UNSPECIFIED.,.F.,
  .F.,(2,2),(0.,1.),.PIECEWISE_BEZIER_KNOTS.);
#9460 = CARTESIAN_POINT('',(1.088116509437,-0.500180598981));
#9461 = CARTESIAN_POINT('',(1.867942254149E-09,-0.399107166755));
#9462 = ( GEOMETRIC_REPRESENTATION_CONTEXT(2) 
PARAMETRIC_REPRESENTATION_CONTEXT() REPRESENTATION_CONTEXT('2D SPACE',''
  ) );
#9463 = PCURVE('',#7973,#9464);
#9464 = DEFINITIONAL_REPRESENTATION('',(#9465),#9468);
#9465 = B_SPLINE_CURVE_WITH_KNOTS('',1,(#9466,#9467),.UNSPECIFIED.,.F.,
  .F.,(2,2),(0.,1.),.PIECEWISE_BEZIER_KNOTS.);
#9466 = CARTESIAN_POINT('',(1.175867840976,8.300180598992));
#9467 = CARTESIAN_POINT('',(0.,8.199107166582));
#9468 = ( GEOMETRIC_REPRESENTATION_CONTEXT(2) 
PARAMETRIC_REPRESENTATION_CONTEXT() REPRESENTATION_CONTEXT('2D SPACE',''
  ) );
#9469 = ORIENTED_EDGE('',*,*,#9005,.T.);
#9470 = ORIENTED_EDGE('',*,*,#9471,.T.);
#9471 = EDGE_CURVE('',#8976,#9403,#9472,.T.);
#9472 = SURFACE_CURVE('',#9473,(#9476,#9483),.PCURVE_S1.);
#9473 = B_SPLINE_CURVE_WITH_KNOTS('',1,(#9474,#9475),.UNSPECIFIED.,.F.,
  .F.,(2,2),(-0.843,8.643),.PIECEWISE_BEZIER_KNOTS.);
#9474 = CARTESIAN_POINT('',(49.500076152422,9.569940631311,
    -16.13837660115));
#9475 = CARTESIAN_POINT('',(49.500076152422,17.785057611611,
    -20.88137660115));
#9476 = PCURVE('',#7999,#9477);
#9477 = DEFINITIONAL_REPRESENTATION('',(#9478),#9482);
#9478 = LINE('',#9479,#9480);
#9479 = CARTESIAN_POINT('',(9.486,0.));
#9480 = VECTOR('',#9481,1.);
#9481 = DIRECTION('',(0.,1.));
#9482 = ( GEOMETRIC_REPRESENTATION_CONTEXT(2) 
PARAMETRIC_REPRESENTATION_CONTEXT() REPRESENTATION_CONTEXT('2D SPACE',''
  ) );
#9483 = PCURVE('',#9484,#9489);
#9484 = B_SPLINE_SURFACE_WITH_KNOTS('',1,1,(
    (#9485,#9486)
    ,(#9487,#9488
    )),.UNSPECIFIED.,.F.,.F.,.F.,(2,2),(2,2),(0.,7.8),(0.,1.),
  .PIECEWISE_BEZIER_KNOTS.);
#9485 = CARTESIAN_POINT('',(50.,10.295636945092,-16.56743371481));
#9486 = CARTESIAN_POINT('',(42.,10.486389442026,-16.5163217373));
#9487 = CARTESIAN_POINT('',(50.,17.050635094611,-20.46743371481));
#9488 = CARTESIAN_POINT('',(42.,16.999523117103,-20.27668121788));
#9489 = DEFINITIONAL_REPRESENTATION('',(#9490),#9494);
#9490 = B_SPLINE_CURVE_WITH_KNOTS('',2,(#9491,#9492,#9493),
  .UNSPECIFIED.,.F.,.F.,(3,3),(8.726203218637E-03,7.791273796781),
  .PIECEWISE_BEZIER_KNOTS.);
#9491 = CARTESIAN_POINT('',(2.120405956343E-15,6.249048094727E-02));
#9492 = CARTESIAN_POINT('',(3.9,6.249048094727E-02));
#9493 = CARTESIAN_POINT('',(7.8,6.249048094727E-02));
#9494 = ( GEOMETRIC_REPRESENTATION_CONTEXT(2) 
PARAMETRIC_REPRESENTATION_CONTEXT() REPRESENTATION_CONTEXT('2D SPACE',''
  ) );
#9495 = ORIENTED_EDGE('',*,*,#9402,.F.);
#9496 = ORIENTED_EDGE('',*,*,#7985,.F.);
#9497 = ADVANCED_FACE('',(#9498),#7973,.F.);
#9498 = FACE_BOUND('',#9499,.F.);
#9499 = EDGE_LOOP('',(#9500,#9501,#9521,#9546,#9547));
#9500 = ORIENTED_EDGE('',*,*,#7959,.F.);
#9501 = ORIENTED_EDGE('',*,*,#9502,.T.);
#9502 = EDGE_CURVE('',#7934,#9503,#9505,.T.);
#9503 = VERTEX_POINT('',#9504);
#9504 = CARTESIAN_POINT('',(49.500076152422,9.191273796781,
    -24.99127379678));
#9505 = SURFACE_CURVE('',#9506,(#9509,#9515),.PCURVE_S1.);
#9506 = B_SPLINE_CURVE_WITH_KNOTS('',1,(#9507,#9508),.UNSPECIFIED.,.F.,
  .F.,(2,2),(0.,1.),.PIECEWISE_BEZIER_KNOTS.);
#9507 = CARTESIAN_POINT('',(50.,9.7,-25.5));
#9508 = CARTESIAN_POINT('',(49.500076152422,9.191273796781,
    -24.99127379678));
#9509 = PCURVE('',#7973,#9510);
#9510 = DEFINITIONAL_REPRESENTATION('',(#9511),#9514);
#9511 = B_SPLINE_CURVE_WITH_KNOTS('',1,(#9512,#9513),.UNSPECIFIED.,.F.,
  .F.,(2,2),(0.,1.),.PIECEWISE_BEZIER_KNOTS.);
#9512 = CARTESIAN_POINT('',(0.,-0.5));
#9513 = CARTESIAN_POINT('',(10.251,8.72620321864E-03));
#9514 = ( GEOMETRIC_REPRESENTATION_CONTEXT(2) 
PARAMETRIC_REPRESENTATION_CONTEXT() REPRESENTATION_CONTEXT('2D SPACE',''
  ) );
#9515 = PCURVE('',#7947,#9516);
#9516 = DEFINITIONAL_REPRESENTATION('',(#9517),#9520);
#9517 = B_SPLINE_CURVE_WITH_KNOTS('',1,(#9518,#9519),.UNSPECIFIED.,.F.,
  .F.,(2,2),(0.,1.),.PIECEWISE_BEZIER_KNOTS.);
#9518 = CARTESIAN_POINT('',(1.936202578693E-10,18.899999999995));
#9519 = CARTESIAN_POINT('',(21.062999999351,18.391273796797));
#9520 = ( GEOMETRIC_REPRESENTATION_CONTEXT(2) 
PARAMETRIC_REPRESENTATION_CONTEXT() REPRESENTATION_CONTEXT('2D SPACE',''
  ) );
#9521 = ORIENTED_EDGE('',*,*,#9522,.T.);
#9522 = EDGE_CURVE('',#9503,#8735,#9523,.T.);
#9523 = SURFACE_CURVE('',#9524,(#9527,#9534),.PCURVE_S1.);
#9524 = B_SPLINE_CURVE_WITH_KNOTS('',1,(#9525,#9526),.UNSPECIFIED.,.F.,
  .F.,(2,2),(-1.6005,8.6505),.PIECEWISE_BEZIER_KNOTS.);
#9525 = CARTESIAN_POINT('',(49.500076152422,9.191273796781,-26.6005));
#9526 = CARTESIAN_POINT('',(49.500076152422,9.191273796781,-16.3495));
#9527 = PCURVE('',#7973,#9528);
#9528 = DEFINITIONAL_REPRESENTATION('',(#9529),#9533);
#9529 = LINE('',#9530,#9531);
#9530 = CARTESIAN_POINT('',(10.251,0.));
#9531 = VECTOR('',#9532,1.);
#9532 = DIRECTION('',(0.,1.));
#9533 = ( GEOMETRIC_REPRESENTATION_CONTEXT(2) 
PARAMETRIC_REPRESENTATION_CONTEXT() REPRESENTATION_CONTEXT('2D SPACE',''
  ) );
#9534 = PCURVE('',#9535,#9540);
#9535 = B_SPLINE_SURFACE_WITH_KNOTS('',1,1,(
    (#9536,#9537)
    ,(#9538,#9539
    )),.UNSPECIFIED.,.F.,.F.,.F.,(2,2),(2,2),(0.,7.8),(0.,1.),
  .PIECEWISE_BEZIER_KNOTS.);
#9536 = CARTESIAN_POINT('',(50.,9.2,-25.));
#9537 = CARTESIAN_POINT('',(42.,9.060359480574,-24.86035948057));
#9538 = CARTESIAN_POINT('',(50.,9.2,-17.2));
#9539 = CARTESIAN_POINT('',(42.,9.060359480574,-17.33964051942));
#9540 = DEFINITIONAL_REPRESENTATION('',(#9541),#9545);
#9541 = B_SPLINE_CURVE_WITH_KNOTS('',2,(#9542,#9543,#9544),
  .UNSPECIFIED.,.F.,.F.,(3,3),(8.726203218651E-03,7.791273796781),
  .PIECEWISE_BEZIER_KNOTS.);
#9542 = CARTESIAN_POINT('',(4.72435667763E-15,6.249048094727E-02));
#9543 = CARTESIAN_POINT('',(3.9,6.249048094727E-02));
#9544 = CARTESIAN_POINT('',(7.8,6.249048094727E-02));
#9545 = ( GEOMETRIC_REPRESENTATION_CONTEXT(2) 
PARAMETRIC_REPRESENTATION_CONTEXT() REPRESENTATION_CONTEXT('2D SPACE',''
  ) );
#9546 = ORIENTED_EDGE('',*,*,#8734,.F.);
#9547 = ORIENTED_EDGE('',*,*,#9452,.T.);
#9548 = ADVANCED_FACE('',(#9549),#7947,.F.);
#9549 = FACE_BOUND('',#9550,.F.);
#9550 = EDGE_LOOP('',(#9551,#9571,#9596,#9597));
#9551 = ORIENTED_EDGE('',*,*,#9552,.T.);
#9552 = EDGE_CURVE('',#7908,#9553,#9555,.T.);
#9553 = VERTEX_POINT('',#9554);
#9554 = CARTESIAN_POINT('',(49.500076152422,-9.191273796781,
    -24.99127379678));
#9555 = SURFACE_CURVE('',#9556,(#9559,#9565),.PCURVE_S1.);
#9556 = B_SPLINE_CURVE_WITH_KNOTS('',1,(#9557,#9558),.UNSPECIFIED.,.F.,
  .F.,(2,2),(0.,1.),.PIECEWISE_BEZIER_KNOTS.);
#9557 = CARTESIAN_POINT('',(50.,-9.7,-25.5));
#9558 = CARTESIAN_POINT('',(49.500076152422,-9.191273796781,
    -24.99127379678));
#9559 = PCURVE('',#7947,#9560);
#9560 = DEFINITIONAL_REPRESENTATION('',(#9561),#9564);
#9561 = B_SPLINE_CURVE_WITH_KNOTS('',1,(#9562,#9563),.UNSPECIFIED.,.F.,
  .F.,(2,2),(0.,1.),.PIECEWISE_BEZIER_KNOTS.);
#9562 = CARTESIAN_POINT('',(0.,-0.5));
#9563 = CARTESIAN_POINT('',(21.063,8.726203218658E-03));
#9564 = ( GEOMETRIC_REPRESENTATION_CONTEXT(2) 
PARAMETRIC_REPRESENTATION_CONTEXT() REPRESENTATION_CONTEXT('2D SPACE',''
  ) );
#9565 = PCURVE('',#7921,#9566);
#9566 = DEFINITIONAL_REPRESENTATION('',(#9567),#9570);
#9567 = B_SPLINE_CURVE_WITH_KNOTS('',1,(#9568,#9569),.UNSPECIFIED.,.F.,
  .F.,(2,2),(0.,1.),.PIECEWISE_BEZIER_KNOTS.);
#9568 = CARTESIAN_POINT('',(1.355268800571E-10,8.299999999993));
#9569 = CARTESIAN_POINT('',(9.485999999756,7.791273796794));
#9570 = ( GEOMETRIC_REPRESENTATION_CONTEXT(2) 
PARAMETRIC_REPRESENTATION_CONTEXT() REPRESENTATION_CONTEXT('2D SPACE',''
  ) );
#9571 = ORIENTED_EDGE('',*,*,#9572,.T.);
#9572 = EDGE_CURVE('',#9553,#9503,#9573,.T.);
#9573 = SURFACE_CURVE('',#9574,(#9577,#9584),.PCURVE_S1.);
#9574 = B_SPLINE_CURVE_WITH_KNOTS('',1,(#9575,#9576),.UNSPECIFIED.,.F.,
  .F.,(2,2),(-1.7065,19.3565),.PIECEWISE_BEZIER_KNOTS.);
#9575 = CARTESIAN_POINT('',(49.500076152422,-10.9065,-24.99127379678));
#9576 = CARTESIAN_POINT('',(49.500076152422,10.1565,-24.99127379678));
#9577 = PCURVE('',#7947,#9578);
#9578 = DEFINITIONAL_REPRESENTATION('',(#9579),#9583);
#9579 = LINE('',#9580,#9581);
#9580 = CARTESIAN_POINT('',(21.063,0.));
#9581 = VECTOR('',#9582,1.);
#9582 = DIRECTION('',(0.,1.));
#9583 = ( GEOMETRIC_REPRESENTATION_CONTEXT(2) 
PARAMETRIC_REPRESENTATION_CONTEXT() REPRESENTATION_CONTEXT('2D SPACE',''
  ) );
#9584 = PCURVE('',#9585,#9590);
#9585 = B_SPLINE_SURFACE_WITH_KNOTS('',1,1,(
    (#9586,#9587)
    ,(#9588,#9589
    )),.UNSPECIFIED.,.F.,.F.,.F.,(2,2),(2,2),(0.,18.4),(0.,1.),
  .PIECEWISE_BEZIER_KNOTS.);
#9586 = CARTESIAN_POINT('',(50.,-9.2,-25.));
#9587 = CARTESIAN_POINT('',(42.,-9.060359480574,-24.86035948057));
#9588 = CARTESIAN_POINT('',(50.,9.2,-25.));
#9589 = CARTESIAN_POINT('',(42.,9.060359480574,-24.86035948057));
#9590 = DEFINITIONAL_REPRESENTATION('',(#9591),#9595);
#9591 = B_SPLINE_CURVE_WITH_KNOTS('',2,(#9592,#9593,#9594),
  .UNSPECIFIED.,.F.,.F.,(3,3),(8.726203218642E-03,18.391273796781),
  .PIECEWISE_BEZIER_KNOTS.);
#9592 = CARTESIAN_POINT('',(1.875373800415E-15,6.249048094728E-02));
#9593 = CARTESIAN_POINT('',(9.2,6.249048094728E-02));
#9594 = CARTESIAN_POINT('',(18.4,6.249048094728E-02));
#9595 = ( GEOMETRIC_REPRESENTATION_CONTEXT(2) 
PARAMETRIC_REPRESENTATION_CONTEXT() REPRESENTATION_CONTEXT('2D SPACE',''
  ) );
#9596 = ORIENTED_EDGE('',*,*,#9502,.F.);
#9597 = ORIENTED_EDGE('',*,*,#7933,.F.);
#9598 = ADVANCED_FACE('',(#9599),#7921,.F.);
#9599 = FACE_BOUND('',#9600,.F.);
#9600 = EDGE_LOOP('',(#9601,#9619,#9620,#9645,#9646));
#9601 = ORIENTED_EDGE('',*,*,#9602,.F.);
#9602 = EDGE_CURVE('',#8464,#7882,#9603,.T.);
#9603 = SURFACE_CURVE('',#9604,(#9607,#9613),.PCURVE_S1.);
#9604 = B_SPLINE_CURVE_WITH_KNOTS('',1,(#9605,#9606),.UNSPECIFIED.,.F.,
  .F.,(2,2),(0.,1.),.PIECEWISE_BEZIER_KNOTS.);
#9605 = CARTESIAN_POINT('',(49.94265492388,-9.64164522659,-16.699819401)
  );
#9606 = CARTESIAN_POINT('',(50.,-9.7,-16.80089283341));
#9607 = PCURVE('',#7921,#9608);
#9608 = DEFINITIONAL_REPRESENTATION('',(#9609),#9612);
#9609 = B_SPLINE_CURVE_WITH_KNOTS('',1,(#9610,#9611),.UNSPECIFIED.,.F.,
  .F.,(2,2),(0.,1.),.PIECEWISE_BEZIER_KNOTS.);
#9610 = CARTESIAN_POINT('',(1.088116509437,-0.500180598981));
#9611 = CARTESIAN_POINT('',(1.867942254598E-09,-0.399107166755));
#9612 = ( GEOMETRIC_REPRESENTATION_CONTEXT(2) 
PARAMETRIC_REPRESENTATION_CONTEXT() REPRESENTATION_CONTEXT('2D SPACE',''
  ) );
#9613 = PCURVE('',#7895,#9614);
#9614 = DEFINITIONAL_REPRESENTATION('',(#9615),#9618);
#9615 = B_SPLINE_CURVE_WITH_KNOTS('',1,(#9616,#9617),.UNSPECIFIED.,.F.,
  .F.,(2,2),(0.,1.),.PIECEWISE_BEZIER_KNOTS.);
#9616 = CARTESIAN_POINT('',(1.175867840976,8.300180598992));
#9617 = CARTESIAN_POINT('',(0.,8.199107166582));
#9618 = ( GEOMETRIC_REPRESENTATION_CONTEXT(2) 
PARAMETRIC_REPRESENTATION_CONTEXT() REPRESENTATION_CONTEXT('2D SPACE',''
  ) );
#9619 = ORIENTED_EDGE('',*,*,#8793,.T.);
#9620 = ORIENTED_EDGE('',*,*,#9621,.T.);
#9621 = EDGE_CURVE('',#8764,#9553,#9622,.T.);
#9622 = SURFACE_CURVE('',#9623,(#9626,#9633),.PCURVE_S1.);
#9623 = B_SPLINE_CURVE_WITH_KNOTS('',1,(#9624,#9625),.UNSPECIFIED.,.F.,
  .F.,(2,2),(-0.843,8.643),.PIECEWISE_BEZIER_KNOTS.);
#9624 = CARTESIAN_POINT('',(49.500076152422,-9.191273796781,-16.357));
#9625 = CARTESIAN_POINT('',(49.500076152422,-9.191273796781,-25.843));
#9626 = PCURVE('',#7921,#9627);
#9627 = DEFINITIONAL_REPRESENTATION('',(#9628),#9632);
#9628 = LINE('',#9629,#9630);
#9629 = CARTESIAN_POINT('',(9.486,0.));
#9630 = VECTOR('',#9631,1.);
#9631 = DIRECTION('',(0.,1.));
#9632 = ( GEOMETRIC_REPRESENTATION_CONTEXT(2) 
PARAMETRIC_REPRESENTATION_CONTEXT() REPRESENTATION_CONTEXT('2D SPACE',''
  ) );
#9633 = PCURVE('',#9634,#9639);
#9634 = B_SPLINE_SURFACE_WITH_KNOTS('',1,1,(
    (#9635,#9636)
    ,(#9637,#9638
    )),.UNSPECIFIED.,.F.,.F.,.F.,(2,2),(2,2),(0.,7.8),(0.,1.),
  .PIECEWISE_BEZIER_KNOTS.);
#9635 = CARTESIAN_POINT('',(50.,-9.2,-17.2));
#9636 = CARTESIAN_POINT('',(42.,-9.060359480574,-17.33964051942));
#9637 = CARTESIAN_POINT('',(50.,-9.2,-25.));
#9638 = CARTESIAN_POINT('',(42.,-9.060359480574,-24.86035948057));
#9639 = DEFINITIONAL_REPRESENTATION('',(#9640),#9644);
#9640 = B_SPLINE_CURVE_WITH_KNOTS('',2,(#9641,#9642,#9643),
  .UNSPECIFIED.,.F.,.F.,(3,3),(8.726203218637E-03,7.791273796781),
  .PIECEWISE_BEZIER_KNOTS.);
#9641 = CARTESIAN_POINT('',(0.,6.249048094727E-02));
#9642 = CARTESIAN_POINT('',(3.9,6.249048094727E-02));
#9643 = CARTESIAN_POINT('',(7.8,6.249048094727E-02));
#9644 = ( GEOMETRIC_REPRESENTATION_CONTEXT(2) 
PARAMETRIC_REPRESENTATION_CONTEXT() REPRESENTATION_CONTEXT('2D SPACE',''
  ) );
#9645 = ORIENTED_EDGE('',*,*,#9552,.F.);
#9646 = ORIENTED_EDGE('',*,*,#7907,.F.);
#9647 = ADVANCED_FACE('',(#9648),#7895,.F.);
#9648 = FACE_BOUND('',#9649,.F.);
#9649 = EDGE_LOOP('',(#9650,#9651,#9671,#9696,#9697));
#9650 = ORIENTED_EDGE('',*,*,#7881,.F.);
#9651 = ORIENTED_EDGE('',*,*,#9652,.T.);
#9652 = EDGE_CURVE('',#7856,#9653,#9655,.T.);
#9653 = VERTEX_POINT('',#9654);
#9654 = CARTESIAN_POINT('',(49.500076152422,-17.04744108255,
    -20.45551349954));
#9655 = SURFACE_CURVE('',#9656,(#9659,#9665),.PCURVE_S1.);
#9656 = B_SPLINE_CURVE_WITH_KNOTS('',1,(#9657,#9658),.UNSPECIFIED.,.F.,
  .F.,(2,2),(0.,1.),.PIECEWISE_BEZIER_KNOTS.);
#9657 = CARTESIAN_POINT('',(50.,-17.2336477965,-21.1504464167));
#9658 = CARTESIAN_POINT('',(49.500076152422,-17.04744108255,
    -20.45551349954));
#9659 = PCURVE('',#7895,#9660);
#9660 = DEFINITIONAL_REPRESENTATION('',(#9661),#9664);
#9661 = B_SPLINE_CURVE_WITH_KNOTS('',1,(#9662,#9663),.UNSPECIFIED.,.F.,
  .F.,(2,2),(0.,1.),.PIECEWISE_BEZIER_KNOTS.);
#9662 = CARTESIAN_POINT('',(0.,-0.5));
#9663 = CARTESIAN_POINT('',(10.251,8.72620321864E-03));
#9664 = ( GEOMETRIC_REPRESENTATION_CONTEXT(2) 
PARAMETRIC_REPRESENTATION_CONTEXT() REPRESENTATION_CONTEXT('2D SPACE',''
  ) );
#9665 = PCURVE('',#7869,#9666);
#9666 = DEFINITIONAL_REPRESENTATION('',(#9667),#9670);
#9667 = B_SPLINE_CURVE_WITH_KNOTS('',1,(#9668,#9669),.UNSPECIFIED.,.F.,
  .F.,(2,2),(0.,1.),.PIECEWISE_BEZIER_KNOTS.);
#9668 = CARTESIAN_POINT('',(1.936202578693E-10,18.899999999995));
#9669 = CARTESIAN_POINT('',(21.062999999351,18.391273796797));
#9670 = ( GEOMETRIC_REPRESENTATION_CONTEXT(2) 
PARAMETRIC_REPRESENTATION_CONTEXT() REPRESENTATION_CONTEXT('2D SPACE',''
  ) );
#9671 = ORIENTED_EDGE('',*,*,#9672,.T.);
#9672 = EDGE_CURVE('',#9653,#8493,#9673,.T.);
#9673 = SURFACE_CURVE('',#9674,(#9677,#9684),.PCURVE_S1.);
#9674 = B_SPLINE_CURVE_WITH_KNOTS('',1,(#9675,#9676),.UNSPECIFIED.,.F.,
  .F.,(2,2),(-1.6005,8.6505),.PIECEWISE_BEZIER_KNOTS.);
#9675 = CARTESIAN_POINT('',(49.500076152422,-18.44107185497,
    -21.26012660115));
#9676 = CARTESIAN_POINT('',(49.500076152422,-9.563445440783,
    -16.13462660115));
#9677 = PCURVE('',#7895,#9678);
#9678 = DEFINITIONAL_REPRESENTATION('',(#9679),#9683);
#9679 = LINE('',#9680,#9681);
#9680 = CARTESIAN_POINT('',(10.251,0.));
#9681 = VECTOR('',#9682,1.);
#9682 = DIRECTION('',(0.,1.));
#9683 = ( GEOMETRIC_REPRESENTATION_CONTEXT(2) 
PARAMETRIC_REPRESENTATION_CONTEXT() REPRESENTATION_CONTEXT('2D SPACE',''
  ) );
#9684 = PCURVE('',#9685,#9690);
#9685 = B_SPLINE_SURFACE_WITH_KNOTS('',1,1,(
    (#9686,#9687)
    ,(#9688,#9689
    )),.UNSPECIFIED.,.F.,.F.,.F.,(2,2),(2,2),(0.,7.8),(0.,1.),
  .PIECEWISE_BEZIER_KNOTS.);
#9686 = CARTESIAN_POINT('',(50.,-17.05063509461,-20.46743371481));
#9687 = CARTESIAN_POINT('',(42.,-16.9995231171,-20.27668121788));
#9688 = CARTESIAN_POINT('',(50.,-10.29563694509,-16.56743371481));
#9689 = CARTESIAN_POINT('',(42.,-10.48638944202,-16.5163217373));
#9690 = DEFINITIONAL_REPRESENTATION('',(#9691),#9695);
#9691 = B_SPLINE_CURVE_WITH_KNOTS('',2,(#9692,#9693,#9694),
  .UNSPECIFIED.,.F.,.F.,(3,3),(8.726203218651E-03,7.791273796781),
  .PIECEWISE_BEZIER_KNOTS.);
#9692 = CARTESIAN_POINT('',(4.501892607013E-15,6.249048094727E-02));
#9693 = CARTESIAN_POINT('',(3.9,6.249048094727E-02));
#9694 = CARTESIAN_POINT('',(7.8,6.249048094727E-02));
#9695 = ( GEOMETRIC_REPRESENTATION_CONTEXT(2) 
PARAMETRIC_REPRESENTATION_CONTEXT() REPRESENTATION_CONTEXT('2D SPACE',''
  ) );
#9696 = ORIENTED_EDGE('',*,*,#8492,.F.);
#9697 = ORIENTED_EDGE('',*,*,#9602,.T.);
#9698 = ADVANCED_FACE('',(#9699),#7869,.F.);
#9699 = FACE_BOUND('',#9700,.F.);
#9700 = EDGE_LOOP('',(#9701,#9721,#9746,#9747));
#9701 = ORIENTED_EDGE('',*,*,#9702,.T.);
#9702 = EDGE_CURVE('',#7830,#9703,#9705,.T.);
#9703 = VERTEX_POINT('',#9704);
#9704 = CARTESIAN_POINT('',(49.500076152422,-26.23871487933,
    -4.53576029724));
#9705 = SURFACE_CURVE('',#9706,(#9709,#9715),.PCURVE_S1.);
#9706 = B_SPLINE_CURVE_WITH_KNOTS('',1,(#9707,#9708),.UNSPECIFIED.,.F.,
  .F.,(2,2),(0.,1.),.PIECEWISE_BEZIER_KNOTS.);
#9707 = CARTESIAN_POINT('',(50.,-26.9336477965,-4.349553583291));
#9708 = CARTESIAN_POINT('',(49.500076152422,-26.23871487933,
    -4.53576029724));
#9709 = PCURVE('',#7869,#9710);
#9710 = DEFINITIONAL_REPRESENTATION('',(#9711),#9714);
#9711 = B_SPLINE_CURVE_WITH_KNOTS('',1,(#9712,#9713),.UNSPECIFIED.,.F.,
  .F.,(2,2),(0.,1.),.PIECEWISE_BEZIER_KNOTS.);
#9712 = CARTESIAN_POINT('',(0.,-0.5));
#9713 = CARTESIAN_POINT('',(21.063,8.726203218658E-03));
#9714 = ( GEOMETRIC_REPRESENTATION_CONTEXT(2) 
PARAMETRIC_REPRESENTATION_CONTEXT() REPRESENTATION_CONTEXT('2D SPACE',''
  ) );
#9715 = PCURVE('',#7843,#9716);
#9716 = DEFINITIONAL_REPRESENTATION('',(#9717),#9720);
#9717 = B_SPLINE_CURVE_WITH_KNOTS('',1,(#9718,#9719),.UNSPECIFIED.,.F.,
  .F.,(2,2),(0.,1.),.PIECEWISE_BEZIER_KNOTS.);
#9718 = CARTESIAN_POINT('',(1.355268800571E-10,8.299999999993));
#9719 = CARTESIAN_POINT('',(9.485999999756,7.791273796794));
#9720 = ( GEOMETRIC_REPRESENTATION_CONTEXT(2) 
PARAMETRIC_REPRESENTATION_CONTEXT() REPRESENTATION_CONTEXT('2D SPACE',''
  ) );
#9721 = ORIENTED_EDGE('',*,*,#9722,.T.);
#9722 = EDGE_CURVE('',#9703,#9653,#9723,.T.);
#9723 = SURFACE_CURVE('',#9724,(#9727,#9734),.PCURVE_S1.);
#9724 = B_SPLINE_CURVE_WITH_KNOTS('',1,(#9725,#9726),.UNSPECIFIED.,.F.,
  .F.,(2,2),(-1.7065,19.3565),.PIECEWISE_BEZIER_KNOTS.);
#9725 = CARTESIAN_POINT('',(49.500076152422,-27.09632798094,
    -3.050330832016));
#9726 = CARTESIAN_POINT('',(49.500076152422,-16.56482798094,
    -21.29142391192));
#9727 = PCURVE('',#7869,#9728);
#9728 = DEFINITIONAL_REPRESENTATION('',(#9729),#9733);
#9729 = LINE('',#9730,#9731);
#9730 = CARTESIAN_POINT('',(21.063,0.));
#9731 = VECTOR('',#9732,1.);
#9732 = DIRECTION('',(0.,1.));
#9733 = ( GEOMETRIC_REPRESENTATION_CONTEXT(2) 
PARAMETRIC_REPRESENTATION_CONTEXT() REPRESENTATION_CONTEXT('2D SPACE',''
  ) );
#9734 = PCURVE('',#9735,#9740);
#9735 = B_SPLINE_SURFACE_WITH_KNOTS('',1,1,(
    (#9736,#9737)
    ,(#9738,#9739
    )),.UNSPECIFIED.,.F.,.F.,.F.,(2,2),(2,2),(0.,18.4),(0.,1.),
  .PIECEWISE_BEZIER_KNOTS.);
#9736 = CARTESIAN_POINT('',(50.,-26.25063509461,-4.532566285183));
#9737 = CARTESIAN_POINT('',(42.,-26.05988259767,-4.583678262691));
#9738 = CARTESIAN_POINT('',(50.,-17.05063509461,-20.46743371481));
#9739 = CARTESIAN_POINT('',(42.,-16.9995231171,-20.27668121788));
#9740 = DEFINITIONAL_REPRESENTATION('',(#9741),#9745);
#9741 = B_SPLINE_CURVE_WITH_KNOTS('',2,(#9742,#9743,#9744),
  .UNSPECIFIED.,.F.,.F.,(3,3),(8.726203218642E-03,18.391273796781),
  .PIECEWISE_BEZIER_KNOTS.);
#9742 = CARTESIAN_POINT('',(3.478394946539E-15,6.249048094728E-02));
#9743 = CARTESIAN_POINT('',(9.2,6.249048094728E-02));
#9744 = CARTESIAN_POINT('',(18.4,6.249048094728E-02));
#9745 = ( GEOMETRIC_REPRESENTATION_CONTEXT(2) 
PARAMETRIC_REPRESENTATION_CONTEXT() REPRESENTATION_CONTEXT('2D SPACE',''
  ) );
#9746 = ORIENTED_EDGE('',*,*,#9652,.F.);
#9747 = ORIENTED_EDGE('',*,*,#7855,.F.);
#9748 = ADVANCED_FACE('',(#9749),#7843,.F.);
#9749 = FACE_BOUND('',#9750,.F.);
#9750 = EDGE_LOOP('',(#9751,#9769,#9770,#9795,#9796));
#9751 = ORIENTED_EDGE('',*,*,#9752,.F.);
#9752 = EDGE_CURVE('',#8316,#7804,#9753,.T.);
#9753 = SURFACE_CURVE('',#9754,(#9757,#9763),.PCURVE_S1.);
#9754 = B_SPLINE_CURVE_WITH_KNOTS('',1,(#9755,#9756),.UNSPECIFIED.,.F.,
  .F.,(2,2),(0.,1.),.PIECEWISE_BEZIER_KNOTS.);
#9755 = CARTESIAN_POINT('',(49.94265492388,-19.28329045318,
    3.635980405647E-15));
#9756 = CARTESIAN_POINT('',(50.,-19.4,1.915134717478E-15));
#9757 = PCURVE('',#7843,#9758);
#9758 = DEFINITIONAL_REPRESENTATION('',(#9759),#9762);
#9759 = B_SPLINE_CURVE_WITH_KNOTS('',1,(#9760,#9761),.UNSPECIFIED.,.F.,
  .F.,(2,2),(0.,1.),.PIECEWISE_BEZIER_KNOTS.);
#9760 = CARTESIAN_POINT('',(1.088116509437,-0.500180598981));
#9761 = CARTESIAN_POINT('',(1.86794225441E-09,-0.399107166755));
#9762 = ( GEOMETRIC_REPRESENTATION_CONTEXT(2) 
PARAMETRIC_REPRESENTATION_CONTEXT() REPRESENTATION_CONTEXT('2D SPACE',''
  ) );
#9763 = PCURVE('',#7817,#9764);
#9764 = DEFINITIONAL_REPRESENTATION('',(#9765),#9768);
#9765 = B_SPLINE_CURVE_WITH_KNOTS('',1,(#9766,#9767),.UNSPECIFIED.,.F.,
  .F.,(2,2),(0.,1.),.PIECEWISE_BEZIER_KNOTS.);
#9766 = CARTESIAN_POINT('',(1.175867840976,8.300180598992));
#9767 = CARTESIAN_POINT('',(0.,8.199107166582));
#9768 = ( GEOMETRIC_REPRESENTATION_CONTEXT(2) 
PARAMETRIC_REPRESENTATION_CONTEXT() REPRESENTATION_CONTEXT('2D SPACE',''
  ) );
#9769 = ORIENTED_EDGE('',*,*,#8551,.T.);
#9770 = ORIENTED_EDGE('',*,*,#9771,.T.);
#9771 = EDGE_CURVE('',#8522,#9703,#9772,.T.);
#9772 = SURFACE_CURVE('',#9773,(#9776,#9783),.PCURVE_S1.);
#9773 = B_SPLINE_CURVE_WITH_KNOTS('',1,(#9774,#9775),.UNSPECIFIED.,.F.,
  .F.,(2,2),(-0.843,8.643),.PIECEWISE_BEZIER_KNOTS.);
#9774 = CARTESIAN_POINT('',(49.500076152422,-18.76121442809,
    -0.218623398849));
#9775 = CARTESIAN_POINT('',(49.500076152422,-26.97633140839,
    -4.961623398849));
#9776 = PCURVE('',#7843,#9777);
#9777 = DEFINITIONAL_REPRESENTATION('',(#9778),#9782);
#9778 = LINE('',#9779,#9780);
#9779 = CARTESIAN_POINT('',(9.486,0.));
#9780 = VECTOR('',#9781,1.);
#9781 = DIRECTION('',(0.,1.));
#9782 = ( GEOMETRIC_REPRESENTATION_CONTEXT(2) 
PARAMETRIC_REPRESENTATION_CONTEXT() REPRESENTATION_CONTEXT('2D SPACE',''
  ) );
#9783 = PCURVE('',#9784,#9789);
#9784 = B_SPLINE_SURFACE_WITH_KNOTS('',1,1,(
    (#9785,#9786)
    ,(#9787,#9788
    )),.UNSPECIFIED.,.F.,.F.,.F.,(2,2),(2,2),(0.,7.8),(0.,1.),
  .PIECEWISE_BEZIER_KNOTS.);
#9785 = CARTESIAN_POINT('',(50.,-19.49563694509,-0.632566285183));
#9786 = CARTESIAN_POINT('',(42.,-19.5467489226,-0.823318782116));
#9787 = CARTESIAN_POINT('',(50.,-26.25063509461,-4.532566285183));
#9788 = CARTESIAN_POINT('',(42.,-26.05988259767,-4.583678262691));
#9789 = DEFINITIONAL_REPRESENTATION('',(#9790),#9794);
#9790 = B_SPLINE_CURVE_WITH_KNOTS('',2,(#9791,#9792,#9793),
  .UNSPECIFIED.,.F.,.F.,(3,3),(8.726203218637E-03,7.791273796781),
  .PIECEWISE_BEZIER_KNOTS.);
#9791 = CARTESIAN_POINT('',(2.457445290754E-15,6.249048094727E-02));
#9792 = CARTESIAN_POINT('',(3.9,6.249048094727E-02));
#9793 = CARTESIAN_POINT('',(7.8,6.249048094727E-02));
#9794 = ( GEOMETRIC_REPRESENTATION_CONTEXT(2) 
PARAMETRIC_REPRESENTATION_CONTEXT() REPRESENTATION_CONTEXT('2D SPACE',''
  ) );
#9795 = ORIENTED_EDGE('',*,*,#9702,.F.);
#9796 = ORIENTED_EDGE('',*,*,#7829,.F.);
#9797 = ADVANCED_FACE('',(#9798),#7817,.F.);
#9798 = FACE_BOUND('',#9799,.F.);
#9799 = EDGE_LOOP('',(#9800,#9801,#9821,#9846,#9847));
#9800 = ORIENTED_EDGE('',*,*,#7803,.F.);
#9801 = ORIENTED_EDGE('',*,*,#9802,.T.);
#9802 = EDGE_CURVE('',#7778,#9803,#9805,.T.);
#9803 = VERTEX_POINT('',#9804);
#9804 = CARTESIAN_POINT('',(49.500076152422,-26.23871487933,
    4.53576029724));
#9805 = SURFACE_CURVE('',#9806,(#9809,#9815),.PCURVE_S1.);
#9806 = B_SPLINE_CURVE_WITH_KNOTS('',1,(#9807,#9808),.UNSPECIFIED.,.F.,
  .F.,(2,2),(0.,1.),.PIECEWISE_BEZIER_KNOTS.);
#9807 = CARTESIAN_POINT('',(50.,-26.9336477965,4.349553583291));
#9808 = CARTESIAN_POINT('',(49.500076152422,-26.23871487933,
    4.53576029724));
#9809 = PCURVE('',#7817,#9810);
#9810 = DEFINITIONAL_REPRESENTATION('',(#9811),#9814);
#9811 = B_SPLINE_CURVE_WITH_KNOTS('',1,(#9812,#9813),.UNSPECIFIED.,.F.,
  .F.,(2,2),(0.,1.),.PIECEWISE_BEZIER_KNOTS.);
#9812 = CARTESIAN_POINT('',(0.,-0.5));
#9813 = CARTESIAN_POINT('',(10.251,8.72620321864E-03));
#9814 = ( GEOMETRIC_REPRESENTATION_CONTEXT(2) 
PARAMETRIC_REPRESENTATION_CONTEXT() REPRESENTATION_CONTEXT('2D SPACE',''
  ) );
#9815 = PCURVE('',#7791,#9816);
#9816 = DEFINITIONAL_REPRESENTATION('',(#9817),#9820);
#9817 = B_SPLINE_CURVE_WITH_KNOTS('',1,(#9818,#9819),.UNSPECIFIED.,.F.,
  .F.,(2,2),(0.,1.),.PIECEWISE_BEZIER_KNOTS.);
#9818 = CARTESIAN_POINT('',(1.936202578693E-10,18.899999999995));
#9819 = CARTESIAN_POINT('',(21.062999999351,18.391273796797));
#9820 = ( GEOMETRIC_REPRESENTATION_CONTEXT(2) 
PARAMETRIC_REPRESENTATION_CONTEXT() REPRESENTATION_CONTEXT('2D SPACE',''
  ) );
#9821 = ORIENTED_EDGE('',*,*,#9822,.T.);
#9822 = EDGE_CURVE('',#9803,#8345,#9823,.T.);
#9823 = SURFACE_CURVE('',#9824,(#9827,#9834),.PCURVE_S1.);
#9824 = B_SPLINE_CURVE_WITH_KNOTS('',1,(#9825,#9826),.UNSPECIFIED.,.F.,
  .F.,(2,2),(-1.6005,8.6505),.PIECEWISE_BEZIER_KNOTS.);
#9825 = CARTESIAN_POINT('',(49.500076152422,-27.63234565175,
    5.340373398849));
#9826 = CARTESIAN_POINT('',(49.500076152422,-18.75471923756,
    0.214873398849));
#9827 = PCURVE('',#7817,#9828);
#9828 = DEFINITIONAL_REPRESENTATION('',(#9829),#9833);
#9829 = LINE('',#9830,#9831);
#9830 = CARTESIAN_POINT('',(10.251,0.));
#9831 = VECTOR('',#9832,1.);
#9832 = DIRECTION('',(0.,1.));
#9833 = ( GEOMETRIC_REPRESENTATION_CONTEXT(2) 
PARAMETRIC_REPRESENTATION_CONTEXT() REPRESENTATION_CONTEXT('2D SPACE',''
  ) );
#9834 = PCURVE('',#9835,#9840);
#9835 = B_SPLINE_SURFACE_WITH_KNOTS('',1,1,(
    (#9836,#9837)
    ,(#9838,#9839
    )),.UNSPECIFIED.,.F.,.F.,.F.,(2,2),(2,2),(0.,7.8),(0.,1.),
  .PIECEWISE_BEZIER_KNOTS.);
#9836 = CARTESIAN_POINT('',(50.,-26.25063509461,4.532566285183));
#9837 = CARTESIAN_POINT('',(42.,-26.05988259767,4.583678262691));
#9838 = CARTESIAN_POINT('',(50.,-19.49563694509,0.632566285183));
#9839 = CARTESIAN_POINT('',(42.,-19.5467489226,0.823318782116));
#9840 = DEFINITIONAL_REPRESENTATION('',(#9841),#9845);
#9841 = B_SPLINE_CURVE_WITH_KNOTS('',2,(#9842,#9843,#9844),
  .UNSPECIFIED.,.F.,.F.,(3,3),(8.726203218651E-03,7.791273796781),
  .PIECEWISE_BEZIER_KNOTS.);
#9842 = CARTESIAN_POINT('',(1.058451463351E-15,6.249048094727E-02));
#9843 = CARTESIAN_POINT('',(3.9,6.249048094727E-02));
#9844 = CARTESIAN_POINT('',(7.8,6.249048094727E-02));
#9845 = ( GEOMETRIC_REPRESENTATION_CONTEXT(2) 
PARAMETRIC_REPRESENTATION_CONTEXT() REPRESENTATION_CONTEXT('2D SPACE',''
  ) );
#9846 = ORIENTED_EDGE('',*,*,#8344,.F.);
#9847 = ORIENTED_EDGE('',*,*,#9752,.T.);
#9848 = ADVANCED_FACE('',(#9849),#7791,.F.);
#9849 = FACE_BOUND('',#9850,.F.);
#9850 = EDGE_LOOP('',(#9851,#9871,#9896,#9897));
#9851 = ORIENTED_EDGE('',*,*,#9852,.T.);
#9852 = EDGE_CURVE('',#7752,#9853,#9855,.T.);
#9853 = VERTEX_POINT('',#9854);
#9854 = CARTESIAN_POINT('',(49.500076152422,-17.04744108255,
    20.455513499542));
#9855 = SURFACE_CURVE('',#9856,(#9859,#9865),.PCURVE_S1.);
#9856 = B_SPLINE_CURVE_WITH_KNOTS('',1,(#9857,#9858),.UNSPECIFIED.,.F.,
  .F.,(2,2),(0.,1.),.PIECEWISE_BEZIER_KNOTS.);
#9857 = CARTESIAN_POINT('',(50.,-17.2336477965,21.150446416709));
#9858 = CARTESIAN_POINT('',(49.500076152422,-17.04744108255,
    20.455513499542));
#9859 = PCURVE('',#7791,#9860);
#9860 = DEFINITIONAL_REPRESENTATION('',(#9861),#9864);
#9861 = B_SPLINE_CURVE_WITH_KNOTS('',1,(#9862,#9863),.UNSPECIFIED.,.F.,
  .F.,(2,2),(0.,1.),.PIECEWISE_BEZIER_KNOTS.);
#9862 = CARTESIAN_POINT('',(0.,-0.5));
#9863 = CARTESIAN_POINT('',(21.063,8.726203218658E-03));
#9864 = ( GEOMETRIC_REPRESENTATION_CONTEXT(2) 
PARAMETRIC_REPRESENTATION_CONTEXT() REPRESENTATION_CONTEXT('2D SPACE',''
  ) );
#9865 = PCURVE('',#7765,#9866);
#9866 = DEFINITIONAL_REPRESENTATION('',(#9867),#9870);
#9867 = B_SPLINE_CURVE_WITH_KNOTS('',1,(#9868,#9869),.UNSPECIFIED.,.F.,
  .F.,(2,2),(0.,1.),.PIECEWISE_BEZIER_KNOTS.);
#9868 = CARTESIAN_POINT('',(1.355268800571E-10,8.299999999993));
#9869 = CARTESIAN_POINT('',(9.485999999756,7.791273796794));
#9870 = ( GEOMETRIC_REPRESENTATION_CONTEXT(2) 
PARAMETRIC_REPRESENTATION_CONTEXT() REPRESENTATION_CONTEXT('2D SPACE',''
  ) );
#9871 = ORIENTED_EDGE('',*,*,#9872,.T.);
#9872 = EDGE_CURVE('',#9853,#9803,#9873,.T.);
#9873 = SURFACE_CURVE('',#9874,(#9877,#9884),.PCURVE_S1.);
#9874 = B_SPLINE_CURVE_WITH_KNOTS('',1,(#9875,#9876),.UNSPECIFIED.,.F.,
  .F.,(2,2),(-1.7065,19.3565),.PIECEWISE_BEZIER_KNOTS.);
#9875 = CARTESIAN_POINT('',(49.500076152422,-16.18982798094,
    21.940942964766));
#9876 = CARTESIAN_POINT('',(49.500076152422,-26.72132798094,
    3.699849884854));
#9877 = PCURVE('',#7791,#9878);
#9878 = DEFINITIONAL_REPRESENTATION('',(#9879),#9883);
#9879 = LINE('',#9880,#9881);
#9880 = CARTESIAN_POINT('',(21.063,0.));
#9881 = VECTOR('',#9882,1.);
#9882 = DIRECTION('',(0.,1.));
#9883 = ( GEOMETRIC_REPRESENTATION_CONTEXT(2) 
PARAMETRIC_REPRESENTATION_CONTEXT() REPRESENTATION_CONTEXT('2D SPACE',''
  ) );
#9884 = PCURVE('',#9885,#9890);
#9885 = B_SPLINE_SURFACE_WITH_KNOTS('',1,1,(
    (#9886,#9887)
    ,(#9888,#9889
    )),.UNSPECIFIED.,.F.,.F.,.F.,(2,2),(2,2),(0.,18.4),(0.,1.),
  .PIECEWISE_BEZIER_KNOTS.);
#9886 = CARTESIAN_POINT('',(50.,-17.05063509461,20.467433714817));
#9887 = CARTESIAN_POINT('',(42.,-16.9995231171,20.276681217884));
#9888 = CARTESIAN_POINT('',(50.,-26.25063509461,4.532566285183));
#9889 = CARTESIAN_POINT('',(42.,-26.05988259767,4.583678262691));
#9890 = DEFINITIONAL_REPRESENTATION('',(#9891),#9895);
#9891 = B_SPLINE_CURVE_WITH_KNOTS('',2,(#9892,#9893,#9894),
  .UNSPECIFIED.,.F.,.F.,(3,3),(8.726203218642E-03,18.391273796781),
  .PIECEWISE_BEZIER_KNOTS.);
#9892 = CARTESIAN_POINT('',(1.989836920694E-15,6.249048094728E-02));
#9893 = CARTESIAN_POINT('',(9.2,6.249048094728E-02));
#9894 = CARTESIAN_POINT('',(18.4,6.249048094728E-02));
#9895 = ( GEOMETRIC_REPRESENTATION_CONTEXT(2) 
PARAMETRIC_REPRESENTATION_CONTEXT() REPRESENTATION_CONTEXT('2D SPACE',''
  ) );
#9896 = ORIENTED_EDGE('',*,*,#9802,.F.);
#9897 = ORIENTED_EDGE('',*,*,#7777,.F.);
#9898 = ADVANCED_FACE('',(#9899),#7765,.F.);
#9899 = FACE_BOUND('',#9900,.F.);
#9900 = EDGE_LOOP('',(#9901,#9902,#9903,#9928,#9929));
#9901 = ORIENTED_EDGE('',*,*,#9083,.F.);
#9902 = ORIENTED_EDGE('',*,*,#8403,.T.);
#9903 = ORIENTED_EDGE('',*,*,#9904,.T.);
#9904 = EDGE_CURVE('',#8374,#9853,#9905,.T.);
#9905 = SURFACE_CURVE('',#9906,(#9909,#9916),.PCURVE_S1.);
#9906 = B_SPLINE_CURVE_WITH_KNOTS('',1,(#9907,#9908),.UNSPECIFIED.,.F.,
  .F.,(2,2),(-0.843,8.643),.PIECEWISE_BEZIER_KNOTS.);
#9907 = CARTESIAN_POINT('',(49.500076152422,-9.569940631311,
    16.138376601151));
#9908 = CARTESIAN_POINT('',(49.500076152422,-17.78505761161,
    20.881376601151));
#9909 = PCURVE('',#7765,#9910);
#9910 = DEFINITIONAL_REPRESENTATION('',(#9911),#9915);
#9911 = LINE('',#9912,#9913);
#9912 = CARTESIAN_POINT('',(9.486,0.));
#9913 = VECTOR('',#9914,1.);
#9914 = DIRECTION('',(0.,1.));
#9915 = ( GEOMETRIC_REPRESENTATION_CONTEXT(2) 
PARAMETRIC_REPRESENTATION_CONTEXT() REPRESENTATION_CONTEXT('2D SPACE',''
  ) );
#9916 = PCURVE('',#9917,#9922);
#9917 = B_SPLINE_SURFACE_WITH_KNOTS('',1,1,(
    (#9918,#9919)
    ,(#9920,#9921
    )),.UNSPECIFIED.,.F.,.F.,.F.,(2,2),(2,2),(0.,7.8),(0.,1.),
  .PIECEWISE_BEZIER_KNOTS.);
#9918 = CARTESIAN_POINT('',(50.,-10.29563694509,16.567433714817));
#9919 = CARTESIAN_POINT('',(42.,-10.48638944202,16.516321737309));
#9920 = CARTESIAN_POINT('',(50.,-17.05063509461,20.467433714817));
#9921 = CARTESIAN_POINT('',(42.,-16.9995231171,20.276681217884));
#9922 = DEFINITIONAL_REPRESENTATION('',(#9923),#9927);
#9923 = B_SPLINE_CURVE_WITH_KNOTS('',2,(#9924,#9925,#9926),
  .UNSPECIFIED.,.F.,.F.,(3,3),(8.726203218637E-03,7.791273796781),
  .PIECEWISE_BEZIER_KNOTS.);
#9924 = CARTESIAN_POINT('',(0.,6.249048094727E-02));
#9925 = CARTESIAN_POINT('',(3.9,6.249048094727E-02));
#9926 = CARTESIAN_POINT('',(7.8,6.249048094727E-02));
#9927 = ( GEOMETRIC_REPRESENTATION_CONTEXT(2) 
PARAMETRIC_REPRESENTATION_CONTEXT() REPRESENTATION_CONTEXT('2D SPACE',''
  ) );
#9928 = ORIENTED_EDGE('',*,*,#9852,.F.);
#9929 = ORIENTED_EDGE('',*,*,#7751,.F.);
#9930 = ADVANCED_FACE('',(#9931,#10003),#8391,.T.);
#9931 = FACE_BOUND('',#9932,.T.);
#9932 = EDGE_LOOP('',(#9933,#9955,#9956,#9978));
#9933 = ORIENTED_EDGE('',*,*,#9934,.F.);
#9934 = EDGE_CURVE('',#8345,#9935,#9937,.T.);
#9935 = VERTEX_POINT('',#9936);
#9936 = CARTESIAN_POINT('',(42.,-19.5467489226,0.823318782116));
#9937 = SURFACE_CURVE('',#9938,(#9941,#9948),.PCURVE_S1.);
#9938 = B_SPLINE_CURVE_WITH_KNOTS('',1,(#9939,#9940),.UNSPECIFIED.,.F.,
  .F.,(2,2),(0.,1.),.PIECEWISE_BEZIER_KNOTS.);
#9939 = CARTESIAN_POINT('',(50.,-19.49563694509,0.632566285183));
#9940 = CARTESIAN_POINT('',(42.,-19.5467489226,0.823318782116));
#9941 = PCURVE('',#8391,#9942);
#9942 = DEFINITIONAL_REPRESENTATION('',(#9943),#9947);
#9943 = LINE('',#9944,#9945);
#9944 = CARTESIAN_POINT('',(0.,0.));
#9945 = VECTOR('',#9946,1.);
#9946 = DIRECTION('',(0.,1.));
#9947 = ( GEOMETRIC_REPRESENTATION_CONTEXT(2) 
PARAMETRIC_REPRESENTATION_CONTEXT() REPRESENTATION_CONTEXT('2D SPACE',''
  ) );
#9948 = PCURVE('',#9835,#9949);
#9949 = DEFINITIONAL_REPRESENTATION('',(#9950),#9954);
#9950 = LINE('',#9951,#9952);
#9951 = CARTESIAN_POINT('',(7.8,0.));
#9952 = VECTOR('',#9953,1.);
#9953 = DIRECTION('',(0.,1.));
#9954 = ( GEOMETRIC_REPRESENTATION_CONTEXT(2) 
PARAMETRIC_REPRESENTATION_CONTEXT() REPRESENTATION_CONTEXT('2D SPACE',''
  ) );
#9955 = ORIENTED_EDGE('',*,*,#8373,.T.);
#9956 = ORIENTED_EDGE('',*,*,#9957,.T.);
#9957 = EDGE_CURVE('',#8374,#9958,#9960,.T.);
#9958 = VERTEX_POINT('',#9959);
#9959 = CARTESIAN_POINT('',(42.,-10.48638944202,16.516321737309));
#9960 = SURFACE_CURVE('',#9961,(#9964,#9971),.PCURVE_S1.);
#9961 = B_SPLINE_CURVE_WITH_KNOTS('',1,(#9962,#9963),.UNSPECIFIED.,.F.,
  .F.,(2,2),(0.,1.),.PIECEWISE_BEZIER_KNOTS.);
#9962 = CARTESIAN_POINT('',(50.,-10.29563694509,16.567433714817));
#9963 = CARTESIAN_POINT('',(42.,-10.48638944202,16.516321737309));
#9964 = PCURVE('',#8391,#9965);
#9965 = DEFINITIONAL_REPRESENTATION('',(#9966),#9970);
#9966 = LINE('',#9967,#9968);
#9967 = CARTESIAN_POINT('',(18.4,0.));
#9968 = VECTOR('',#9969,1.);
#9969 = DIRECTION('',(0.,1.));
#9970 = ( GEOMETRIC_REPRESENTATION_CONTEXT(2) 
PARAMETRIC_REPRESENTATION_CONTEXT() REPRESENTATION_CONTEXT('2D SPACE',''
  ) );
#9971 = PCURVE('',#9917,#9972);
#9972 = DEFINITIONAL_REPRESENTATION('',(#9973),#9977);
#9973 = LINE('',#9974,#9975);
#9974 = CARTESIAN_POINT('',(0.,0.));
#9975 = VECTOR('',#9976,1.);
#9976 = DIRECTION('',(0.,1.));
#9977 = ( GEOMETRIC_REPRESENTATION_CONTEXT(2) 
PARAMETRIC_REPRESENTATION_CONTEXT() REPRESENTATION_CONTEXT('2D SPACE',''
  ) );
#9978 = ORIENTED_EDGE('',*,*,#9979,.F.);
#9979 = EDGE_CURVE('',#9935,#9958,#9980,.T.);
#9980 = SURFACE_CURVE('',#9981,(#9985,#9991),.PCURVE_S1.);
#9981 = LINE('',#9982,#9983);
#9982 = CARTESIAN_POINT('',(42.,-19.61656918231,0.702386544896));
#9983 = VECTOR('',#9984,1.);
#9984 = DIRECTION('',(0.,0.5,0.866025403784));
#9985 = PCURVE('',#8391,#9986);
#9986 = DEFINITIONAL_REPRESENTATION('',(#9987),#9990);
#9987 = B_SPLINE_CURVE_WITH_KNOTS('',1,(#9988,#9989),.UNSPECIFIED.,.F.,
  .F.,(2,2),(0.139640519426,18.260359480574),.PIECEWISE_BEZIER_KNOTS.);
#9988 = CARTESIAN_POINT('',(0.,1.));
#9989 = CARTESIAN_POINT('',(18.4,1.));
#9990 = ( GEOMETRIC_REPRESENTATION_CONTEXT(2) 
PARAMETRIC_REPRESENTATION_CONTEXT() REPRESENTATION_CONTEXT('2D SPACE',''
  ) );
#9991 = PCURVE('',#9992,#9997);
#9992 = PLANE('',#9993);
#9993 = AXIS2_PLACEMENT_3D('',#9994,#9995,#9996);
#9994 = CARTESIAN_POINT('',(42.,-26.05988259767,4.583678262691));
#9995 = DIRECTION('',(-1.,0.,0.));
#9996 = DIRECTION('',(0.,0.79377945855,0.608205698085));
#9997 = DEFINITIONAL_REPRESENTATION('',(#9998),#10002);
#9998 = LINE('',#9999,#10000);
#9999 = CARTESIAN_POINT('',(2.753946095426,6.999749572001));
#10000 = VECTOR('',#10001,1.);
#10001 = DIRECTION('',(0.923611314543,-0.383330327064));
#10002 = ( GEOMETRIC_REPRESENTATION_CONTEXT(2) 
PARAMETRIC_REPRESENTATION_CONTEXT() REPRESENTATION_CONTEXT('2D SPACE',''
  ) );
#10003 = FACE_BOUND('',#10004,.T.);
#10004 = EDGE_LOOP('',(#10005,#10035,#10064,#10092));
#10005 = ORIENTED_EDGE('',*,*,#10006,.F.);
#10006 = EDGE_CURVE('',#10007,#10009,#10011,.T.);
#10007 = VERTEX_POINT('',#10008);
#10008 = CARTESIAN_POINT('',(42.308968192733,-10.51189865546,
    16.46135236384));
#10009 = VERTEX_POINT('',#10010);
#10010 = CARTESIAN_POINT('',(42.308968192733,-19.51189865546,
    0.87289509572));
#10011 = SURFACE_CURVE('',#10012,(#10016,#10023),.PCURVE_S1.);
#10012 = LINE('',#10013,#10014);
#10013 = CARTESIAN_POINT('',(42.308968192733,-10.51189865546,
    16.46135236384));
#10014 = VECTOR('',#10015,1.);
#10015 = DIRECTION('',(0.,-0.5,-0.866025403784));
#10016 = PCURVE('',#8391,#10017);
#10017 = DEFINITIONAL_REPRESENTATION('',(#10018),#10022);
#10018 = B_SPLINE_CURVE_WITH_KNOTS('',2,(#10019,#10020,#10021),
  .UNSPECIFIED.,.F.,.F.,(3,3),(0.,18.),.PIECEWISE_BEZIER_KNOTS.);
#10019 = CARTESIAN_POINT('',(18.333273782916,0.961378975908));
#10020 = CARTESIAN_POINT('',(9.2,0.961378975908));
#10021 = CARTESIAN_POINT('',(6.672621708368E-02,0.961378975908));
#10022 = ( GEOMETRIC_REPRESENTATION_CONTEXT(2) 
PARAMETRIC_REPRESENTATION_CONTEXT() REPRESENTATION_CONTEXT('2D SPACE',''
  ) );
#10023 = PCURVE('',#10024,#10029);
#10024 = PLANE('',#10025);
#10025 = AXIS2_PLACEMENT_3D('',#10026,#10027,#10028);
#10026 = CARTESIAN_POINT('',(42.308968192733,-10.51189865546,
    16.46135236384));
#10027 = DIRECTION('',(-0.999847695156,-1.511422733186E-02,
    8.726203218642E-03));
#10028 = DIRECTION('',(0.,-0.5,-0.866025403784));
#10029 = DEFINITIONAL_REPRESENTATION('',(#10030),#10034);
#10030 = LINE('',#10031,#10032);
#10031 = CARTESIAN_POINT('',(0.,0.));
#10032 = VECTOR('',#10033,1.);
#10033 = DIRECTION('',(1.,0.));
#10034 = ( GEOMETRIC_REPRESENTATION_CONTEXT(2) 
PARAMETRIC_REPRESENTATION_CONTEXT() REPRESENTATION_CONTEXT('2D SPACE',''
  ) );
#10035 = ORIENTED_EDGE('',*,*,#10036,.F.);
#10036 = EDGE_CURVE('',#10037,#10007,#10039,.T.);
#10037 = VERTEX_POINT('',#10038);
#10038 = CARTESIAN_POINT('',(48.308054363671,-10.42121329147,
    16.408995144529));
#10039 = SURFACE_CURVE('',#10040,(#10044,#10052),.PCURVE_S1.);
#10040 = LINE('',#10041,#10042);
#10041 = CARTESIAN_POINT('',(48.308054363671,-10.42121329147,
    16.408995144529));
#10042 = VECTOR('',#10043,1.);
#10043 = DIRECTION('',(-0.999847695156,-1.511422733186E-02,
    8.726203218642E-03));
#10044 = PCURVE('',#8391,#10045);
#10045 = DEFINITIONAL_REPRESENTATION('',(#10046),#10051);
#10046 = B_SPLINE_CURVE_WITH_KNOTS('',3,(#10047,#10048,#10049,#10050),
  .UNSPECIFIED.,.F.,.F.,(4,4),(0.,6.),.PIECEWISE_BEZIER_KNOTS.);
#10047 = CARTESIAN_POINT('',(18.22898404073,0.211493204541));
#10048 = CARTESIAN_POINT('',(18.263350349106,0.46145512833));
#10049 = CARTESIAN_POINT('',(18.298109011601,0.711417052119));
#10050 = CARTESIAN_POINT('',(18.333273782916,0.961378975908));
#10051 = ( GEOMETRIC_REPRESENTATION_CONTEXT(2) 
PARAMETRIC_REPRESENTATION_CONTEXT() REPRESENTATION_CONTEXT('2D SPACE',''
  ) );
#10052 = PCURVE('',#10053,#10058);
#10053 = PLANE('',#10054);
#10054 = AXIS2_PLACEMENT_3D('',#10055,#10056,#10057);
#10055 = CARTESIAN_POINT('',(48.308054363671,-10.42121329147,
    16.408995144529));
#10056 = DIRECTION('',(0.,0.5,0.866025403784));
#10057 = DIRECTION('',(-0.999847695156,-1.511422733186E-02,
    8.726203218642E-03));
#10058 = DEFINITIONAL_REPRESENTATION('',(#10059),#10063);
#10059 = LINE('',#10060,#10061);
#10060 = CARTESIAN_POINT('',(0.,0.));
#10061 = VECTOR('',#10062,1.);
#10062 = DIRECTION('',(1.,0.));
#10063 = ( GEOMETRIC_REPRESENTATION_CONTEXT(2) 
PARAMETRIC_REPRESENTATION_CONTEXT() REPRESENTATION_CONTEXT('2D SPACE',''
  ) );
#10064 = ORIENTED_EDGE('',*,*,#10065,.F.);
#10065 = EDGE_CURVE('',#10066,#10037,#10068,.T.);
#10066 = VERTEX_POINT('',#10067);
#10067 = CARTESIAN_POINT('',(48.308054363671,-19.42121329147,
    0.820537876409));
#10068 = SURFACE_CURVE('',#10069,(#10073,#10080),.PCURVE_S1.);
#10069 = LINE('',#10070,#10071);
#10070 = CARTESIAN_POINT('',(48.308054363671,-19.42121329147,
    0.820537876409));
#10071 = VECTOR('',#10072,1.);
#10072 = DIRECTION('',(0.,0.5,0.866025403784));
#10073 = PCURVE('',#8391,#10074);
#10074 = DEFINITIONAL_REPRESENTATION('',(#10075),#10079);
#10075 = B_SPLINE_CURVE_WITH_KNOTS('',2,(#10076,#10077,#10078),
  .UNSPECIFIED.,.F.,.F.,(3,3),(0.,18.),.PIECEWISE_BEZIER_KNOTS.);
#10076 = CARTESIAN_POINT('',(0.17101595927,0.211493204541));
#10077 = CARTESIAN_POINT('',(9.2,0.211493204541));
#10078 = CARTESIAN_POINT('',(18.22898404073,0.211493204541));
#10079 = ( GEOMETRIC_REPRESENTATION_CONTEXT(2) 
PARAMETRIC_REPRESENTATION_CONTEXT() REPRESENTATION_CONTEXT('2D SPACE',''
  ) );
#10080 = PCURVE('',#10081,#10086);
#10081 = PLANE('',#10082);
#10082 = AXIS2_PLACEMENT_3D('',#10083,#10084,#10085);
#10083 = CARTESIAN_POINT('',(48.308054363671,-19.42121329147,
    0.820537876409));
#10084 = DIRECTION('',(0.999847695156,1.511422733186E-02,
    -8.726203218642E-03));
#10085 = DIRECTION('',(0.,0.5,0.866025403784));
#10086 = DEFINITIONAL_REPRESENTATION('',(#10087),#10091);
#10087 = LINE('',#10088,#10089);
#10088 = CARTESIAN_POINT('',(0.,0.));
#10089 = VECTOR('',#10090,1.);
#10090 = DIRECTION('',(1.,0.));
#10091 = ( GEOMETRIC_REPRESENTATION_CONTEXT(2) 
PARAMETRIC_REPRESENTATION_CONTEXT() REPRESENTATION_CONTEXT('2D SPACE',''
  ) );
#10092 = ORIENTED_EDGE('',*,*,#10093,.F.);
#10093 = EDGE_CURVE('',#10009,#10066,#10094,.T.);
#10094 = SURFACE_CURVE('',#10095,(#10099,#10107),.PCURVE_S1.);
#10095 = LINE('',#10096,#10097);
#10096 = CARTESIAN_POINT('',(42.308968192733,-19.51189865546,
    0.87289509572));
#10097 = VECTOR('',#10098,1.);
#10098 = DIRECTION('',(0.999847695156,1.511422733186E-02,
    -8.726203218642E-03));
#10099 = PCURVE('',#8391,#10100);
#10100 = DEFINITIONAL_REPRESENTATION('',(#10101),#10106);
#10101 = B_SPLINE_CURVE_WITH_KNOTS('',3,(#10102,#10103,#10104,#10105),
  .UNSPECIFIED.,.F.,.F.,(4,4),(0.,6.),.PIECEWISE_BEZIER_KNOTS.);
#10102 = CARTESIAN_POINT('',(6.672621708368E-02,0.961378975908));
#10103 = CARTESIAN_POINT('',(0.101890988399,0.711417052119));
#10104 = CARTESIAN_POINT('',(0.136649650894,0.46145512833));
#10105 = CARTESIAN_POINT('',(0.17101595927,0.211493204541));
#10106 = ( GEOMETRIC_REPRESENTATION_CONTEXT(2) 
PARAMETRIC_REPRESENTATION_CONTEXT() REPRESENTATION_CONTEXT('2D SPACE',''
  ) );
#10107 = PCURVE('',#10108,#10113);
#10108 = PLANE('',#10109);
#10109 = AXIS2_PLACEMENT_3D('',#10110,#10111,#10112);
#10110 = CARTESIAN_POINT('',(42.308968192733,-19.51189865546,
    0.87289509572));
#10111 = DIRECTION('',(0.,-0.5,-0.866025403784));
#10112 = DIRECTION('',(0.999847695156,1.511422733186E-02,
    -8.726203218642E-03));
#10113 = DEFINITIONAL_REPRESENTATION('',(#10114),#10118);
#10114 = LINE('',#10115,#10116);
#10115 = CARTESIAN_POINT('',(0.,0.));
#10116 = VECTOR('',#10117,1.);
#10117 = DIRECTION('',(1.,0.));
#10118 = ( GEOMETRIC_REPRESENTATION_CONTEXT(2) 
PARAMETRIC_REPRESENTATION_CONTEXT() REPRESENTATION_CONTEXT('2D SPACE',''
  ) );
#10119 = ADVANCED_FACE('',(#10120,#10192),#8539,.T.);
#10120 = FACE_BOUND('',#10121,.T.);
#10121 = EDGE_LOOP('',(#10122,#10144,#10145,#10167));
#10122 = ORIENTED_EDGE('',*,*,#10123,.F.);
#10123 = EDGE_CURVE('',#8493,#10124,#10126,.T.);
#10124 = VERTEX_POINT('',#10125);
#10125 = CARTESIAN_POINT('',(42.,-10.48638944202,-16.5163217373));
#10126 = SURFACE_CURVE('',#10127,(#10130,#10137),.PCURVE_S1.);
#10127 = B_SPLINE_CURVE_WITH_KNOTS('',1,(#10128,#10129),.UNSPECIFIED.,
  .F.,.F.,(2,2),(0.,1.),.PIECEWISE_BEZIER_KNOTS.);
#10128 = CARTESIAN_POINT('',(50.,-10.29563694509,-16.56743371481));
#10129 = CARTESIAN_POINT('',(42.,-10.48638944202,-16.5163217373));
#10130 = PCURVE('',#8539,#10131);
#10131 = DEFINITIONAL_REPRESENTATION('',(#10132),#10136);
#10132 = LINE('',#10133,#10134);
#10133 = CARTESIAN_POINT('',(0.,0.));
#10134 = VECTOR('',#10135,1.);
#10135 = DIRECTION('',(0.,1.));
#10136 = ( GEOMETRIC_REPRESENTATION_CONTEXT(2) 
PARAMETRIC_REPRESENTATION_CONTEXT() REPRESENTATION_CONTEXT('2D SPACE',''
  ) );
#10137 = PCURVE('',#9685,#10138);
#10138 = DEFINITIONAL_REPRESENTATION('',(#10139),#10143);
#10139 = LINE('',#10140,#10141);
#10140 = CARTESIAN_POINT('',(7.8,0.));
#10141 = VECTOR('',#10142,1.);
#10142 = DIRECTION('',(0.,1.));
#10143 = ( GEOMETRIC_REPRESENTATION_CONTEXT(2) 
PARAMETRIC_REPRESENTATION_CONTEXT() REPRESENTATION_CONTEXT('2D SPACE',''
  ) );
#10144 = ORIENTED_EDGE('',*,*,#8521,.T.);
#10145 = ORIENTED_EDGE('',*,*,#10146,.T.);
#10146 = EDGE_CURVE('',#8522,#10147,#10149,.T.);
#10147 = VERTEX_POINT('',#10148);
#10148 = CARTESIAN_POINT('',(42.,-19.5467489226,-0.823318782116));
#10149 = SURFACE_CURVE('',#10150,(#10153,#10160),.PCURVE_S1.);
#10150 = B_SPLINE_CURVE_WITH_KNOTS('',1,(#10151,#10152),.UNSPECIFIED.,
  .F.,.F.,(2,2),(0.,1.),.PIECEWISE_BEZIER_KNOTS.);
#10151 = CARTESIAN_POINT('',(50.,-19.49563694509,-0.632566285183));
#10152 = CARTESIAN_POINT('',(42.,-19.5467489226,-0.823318782116));
#10153 = PCURVE('',#8539,#10154);
#10154 = DEFINITIONAL_REPRESENTATION('',(#10155),#10159);
#10155 = LINE('',#10156,#10157);
#10156 = CARTESIAN_POINT('',(18.4,0.));
#10157 = VECTOR('',#10158,1.);
#10158 = DIRECTION('',(0.,1.));
#10159 = ( GEOMETRIC_REPRESENTATION_CONTEXT(2) 
PARAMETRIC_REPRESENTATION_CONTEXT() REPRESENTATION_CONTEXT('2D SPACE',''
  ) );
#10160 = PCURVE('',#9784,#10161);
#10161 = DEFINITIONAL_REPRESENTATION('',(#10162),#10166);
#10162 = LINE('',#10163,#10164);
#10163 = CARTESIAN_POINT('',(0.,0.));
#10164 = VECTOR('',#10165,1.);
#10165 = DIRECTION('',(0.,1.));
#10166 = ( GEOMETRIC_REPRESENTATION_CONTEXT(2) 
PARAMETRIC_REPRESENTATION_CONTEXT() REPRESENTATION_CONTEXT('2D SPACE',''
  ) );
#10167 = ORIENTED_EDGE('',*,*,#10168,.F.);
#10168 = EDGE_CURVE('',#10124,#10147,#10169,.T.);
#10169 = SURFACE_CURVE('',#10170,(#10174,#10180),.PCURVE_S1.);
#10170 = LINE('',#10171,#10172);
#10171 = CARTESIAN_POINT('',(42.,-10.41656918231,-16.63725397453));
#10172 = VECTOR('',#10173,1.);
#10173 = DIRECTION('',(0.,-0.5,0.866025403784));
#10174 = PCURVE('',#8539,#10175);
#10175 = DEFINITIONAL_REPRESENTATION('',(#10176),#10179);
#10176 = B_SPLINE_CURVE_WITH_KNOTS('',1,(#10177,#10178),.UNSPECIFIED.,
  .F.,.F.,(2,2),(0.139640519426,18.260359480574),
  .PIECEWISE_BEZIER_KNOTS.);
#10177 = CARTESIAN_POINT('',(0.,1.));
#10178 = CARTESIAN_POINT('',(18.4,1.));
#10179 = ( GEOMETRIC_REPRESENTATION_CONTEXT(2) 
PARAMETRIC_REPRESENTATION_CONTEXT() REPRESENTATION_CONTEXT('2D SPACE',''
  ) );
#10180 = PCURVE('',#10181,#10186);
#10181 = PLANE('',#10182);
#10182 = AXIS2_PLACEMENT_3D('',#10183,#10184,#10185);
#10183 = CARTESIAN_POINT('',(42.,-16.9995231171,-20.27668121788));
#10184 = DIRECTION('',(-1.,-0.,0.));
#10185 = DIRECTION('',(0.,-0.129831855993,0.99153602515));
#10186 = DEFINITIONAL_REPRESENTATION('',(#10187),#10191);
#10187 = LINE('',#10188,#10189);
#10188 = CARTESIAN_POINT('',(2.753946095426,6.999749572001));
#10189 = VECTOR('',#10190,1.);
#10190 = DIRECTION('',(0.923611314543,-0.383330327064));
#10191 = ( GEOMETRIC_REPRESENTATION_CONTEXT(2) 
PARAMETRIC_REPRESENTATION_CONTEXT() REPRESENTATION_CONTEXT('2D SPACE',''
  ) );
#10192 = FACE_BOUND('',#10193,.T.);
#10193 = EDGE_LOOP('',(#10194,#10224,#10253,#10281));
#10194 = ORIENTED_EDGE('',*,*,#10195,.F.);
#10195 = EDGE_CURVE('',#10196,#10198,#10200,.T.);
#10196 = VERTEX_POINT('',#10197);
#10197 = CARTESIAN_POINT('',(42.308968192733,-19.51189865546,
    -0.87289509572));
#10198 = VERTEX_POINT('',#10199);
#10199 = CARTESIAN_POINT('',(42.308968192733,-10.51189865546,
    -16.46135236384));
#10200 = SURFACE_CURVE('',#10201,(#10205,#10212),.PCURVE_S1.);
#10201 = LINE('',#10202,#10203);
#10202 = CARTESIAN_POINT('',(42.308968192733,-19.51189865546,
    -0.87289509572));
#10203 = VECTOR('',#10204,1.);
#10204 = DIRECTION('',(-1.836032807684E-18,0.5,-0.866025403784));
#10205 = PCURVE('',#8539,#10206);
#10206 = DEFINITIONAL_REPRESENTATION('',(#10207),#10211);
#10207 = B_SPLINE_CURVE_WITH_KNOTS('',2,(#10208,#10209,#10210),
  .UNSPECIFIED.,.F.,.F.,(3,3),(0.,18.),.PIECEWISE_BEZIER_KNOTS.);
#10208 = CARTESIAN_POINT('',(18.333273782916,0.961378975908));
#10209 = CARTESIAN_POINT('',(9.2,0.961378975908));
#10210 = CARTESIAN_POINT('',(6.672621708367E-02,0.961378975908));
#10211 = ( GEOMETRIC_REPRESENTATION_CONTEXT(2) 
PARAMETRIC_REPRESENTATION_CONTEXT() REPRESENTATION_CONTEXT('2D SPACE',''
  ) );
#10212 = PCURVE('',#10213,#10218);
#10213 = PLANE('',#10214);
#10214 = AXIS2_PLACEMENT_3D('',#10215,#10216,#10217);
#10215 = CARTESIAN_POINT('',(42.308968192733,-19.51189865546,
    -0.87289509572));
#10216 = DIRECTION('',(-0.999847695156,-1.511422733186E-02,
    -8.726203218642E-03));
#10217 = DIRECTION('',(0.,0.5,-0.866025403784));
#10218 = DEFINITIONAL_REPRESENTATION('',(#10219),#10223);
#10219 = LINE('',#10220,#10221);
#10220 = CARTESIAN_POINT('',(0.,3.552172583299E-15));
#10221 = VECTOR('',#10222,1.);
#10222 = DIRECTION('',(1.,-5.551115123126E-17));
#10223 = ( GEOMETRIC_REPRESENTATION_CONTEXT(2) 
PARAMETRIC_REPRESENTATION_CONTEXT() REPRESENTATION_CONTEXT('2D SPACE',''
  ) );
#10224 = ORIENTED_EDGE('',*,*,#10225,.F.);
#10225 = EDGE_CURVE('',#10226,#10196,#10228,.T.);
#10226 = VERTEX_POINT('',#10227);
#10227 = CARTESIAN_POINT('',(48.308054363671,-19.42121329147,
    -0.820537876409));
#10228 = SURFACE_CURVE('',#10229,(#10233,#10241),.PCURVE_S1.);
#10229 = LINE('',#10230,#10231);
#10230 = CARTESIAN_POINT('',(48.308054363671,-19.42121329147,
    -0.820537876409));
#10231 = VECTOR('',#10232,1.);
#10232 = DIRECTION('',(-0.999847695156,-1.511422733186E-02,
    -8.726203218642E-03));
#10233 = PCURVE('',#8539,#10234);
#10234 = DEFINITIONAL_REPRESENTATION('',(#10235),#10240);
#10235 = B_SPLINE_CURVE_WITH_KNOTS('',3,(#10236,#10237,#10238,#10239),
  .UNSPECIFIED.,.F.,.F.,(4,4),(0.,6.),.PIECEWISE_BEZIER_KNOTS.);
#10236 = CARTESIAN_POINT('',(18.22898404073,0.211493204541));
#10237 = CARTESIAN_POINT('',(18.263350349106,0.46145512833));
#10238 = CARTESIAN_POINT('',(18.298109011601,0.711417052119));
#10239 = CARTESIAN_POINT('',(18.333273782916,0.961378975908));
#10240 = ( GEOMETRIC_REPRESENTATION_CONTEXT(2) 
PARAMETRIC_REPRESENTATION_CONTEXT() REPRESENTATION_CONTEXT('2D SPACE',''
  ) );
#10241 = PCURVE('',#10242,#10247);
#10242 = PLANE('',#10243);
#10243 = AXIS2_PLACEMENT_3D('',#10244,#10245,#10246);
#10244 = CARTESIAN_POINT('',(48.308054363671,-19.42121329147,
    -0.820537876409));
#10245 = DIRECTION('',(0.,-0.5,0.866025403784));
#10246 = DIRECTION('',(-0.999847695156,-1.511422733186E-02,
    -8.726203218642E-03));
#10247 = DEFINITIONAL_REPRESENTATION('',(#10248),#10252);
#10248 = LINE('',#10249,#10250);
#10249 = CARTESIAN_POINT('',(6.200340307772E-17,3.552172583299E-15));
#10250 = VECTOR('',#10251,1.);
#10251 = DIRECTION('',(1.,-3.469446951954E-18));
#10252 = ( GEOMETRIC_REPRESENTATION_CONTEXT(2) 
PARAMETRIC_REPRESENTATION_CONTEXT() REPRESENTATION_CONTEXT('2D SPACE',''
  ) );
#10253 = ORIENTED_EDGE('',*,*,#10254,.F.);
#10254 = EDGE_CURVE('',#10255,#10226,#10257,.T.);
#10255 = VERTEX_POINT('',#10256);
#10256 = CARTESIAN_POINT('',(48.308054363671,-10.42121329147,
    -16.40899514452));
#10257 = SURFACE_CURVE('',#10258,(#10262,#10269),.PCURVE_S1.);
#10258 = LINE('',#10259,#10260);
#10259 = CARTESIAN_POINT('',(48.308054363671,-10.42121329147,
    -16.40899514452));
#10260 = VECTOR('',#10261,1.);
#10261 = DIRECTION('',(1.836032807684E-18,-0.5,0.866025403784));
#10262 = PCURVE('',#8539,#10263);
#10263 = DEFINITIONAL_REPRESENTATION('',(#10264),#10268);
#10264 = B_SPLINE_CURVE_WITH_KNOTS('',2,(#10265,#10266,#10267),
  .UNSPECIFIED.,.F.,.F.,(3,3),(0.,18.),.PIECEWISE_BEZIER_KNOTS.);
#10265 = CARTESIAN_POINT('',(0.17101595927,0.211493204541));
#10266 = CARTESIAN_POINT('',(9.2,0.211493204541));
#10267 = CARTESIAN_POINT('',(18.22898404073,0.211493204541));
#10268 = ( GEOMETRIC_REPRESENTATION_CONTEXT(2) 
PARAMETRIC_REPRESENTATION_CONTEXT() REPRESENTATION_CONTEXT('2D SPACE',''
  ) );
#10269 = PCURVE('',#10270,#10275);
#10270 = PLANE('',#10271);
#10271 = AXIS2_PLACEMENT_3D('',#10272,#10273,#10274);
#10272 = CARTESIAN_POINT('',(48.308054363671,-10.42121329147,
    -16.40899514452));
#10273 = DIRECTION('',(0.999847695156,1.511422733186E-02,
    8.726203218642E-03));
#10274 = DIRECTION('',(0.,-0.5,0.866025403784));
#10275 = DEFINITIONAL_REPRESENTATION('',(#10276),#10280);
#10276 = LINE('',#10277,#10278);
#10277 = CARTESIAN_POINT('',(0.,3.552172583299E-15));
#10278 = VECTOR('',#10279,1.);
#10279 = DIRECTION('',(1.,5.551115123126E-17));
#10280 = ( GEOMETRIC_REPRESENTATION_CONTEXT(2) 
PARAMETRIC_REPRESENTATION_CONTEXT() REPRESENTATION_CONTEXT('2D SPACE',''
  ) );
#10281 = ORIENTED_EDGE('',*,*,#10282,.F.);
#10282 = EDGE_CURVE('',#10198,#10255,#10283,.T.);
#10283 = SURFACE_CURVE('',#10284,(#10288,#10296),.PCURVE_S1.);
#10284 = LINE('',#10285,#10286);
#10285 = CARTESIAN_POINT('',(42.308968192733,-10.51189865546,
    -16.46135236384));
#10286 = VECTOR('',#10287,1.);
#10287 = DIRECTION('',(0.999847695156,1.511422733186E-02,
    8.726203218642E-03));
#10288 = PCURVE('',#8539,#10289);
#10289 = DEFINITIONAL_REPRESENTATION('',(#10290),#10295);
#10290 = B_SPLINE_CURVE_WITH_KNOTS('',3,(#10291,#10292,#10293,#10294),
  .UNSPECIFIED.,.F.,.F.,(4,4),(0.,6.),.PIECEWISE_BEZIER_KNOTS.);
#10291 = CARTESIAN_POINT('',(6.672621708368E-02,0.961378975908));
#10292 = CARTESIAN_POINT('',(0.101890988399,0.711417052119));
#10293 = CARTESIAN_POINT('',(0.136649650894,0.46145512833));
#10294 = CARTESIAN_POINT('',(0.17101595927,0.211493204541));
#10295 = ( GEOMETRIC_REPRESENTATION_CONTEXT(2) 
PARAMETRIC_REPRESENTATION_CONTEXT() REPRESENTATION_CONTEXT('2D SPACE',''
  ) );
#10296 = PCURVE('',#10297,#10302);
#10297 = PLANE('',#10298);
#10298 = AXIS2_PLACEMENT_3D('',#10299,#10300,#10301);
#10299 = CARTESIAN_POINT('',(42.308968192733,-10.51189865546,
    -16.46135236384));
#10300 = DIRECTION('',(0.,0.5,-0.866025403784));
#10301 = DIRECTION('',(0.999847695156,1.511422733186E-02,
    8.726203218642E-03));
#10302 = DEFINITIONAL_REPRESENTATION('',(#10303),#10307);
#10303 = LINE('',#10304,#10305);
#10304 = CARTESIAN_POINT('',(-6.200340307772E-17,3.552172583299E-15));
#10305 = VECTOR('',#10306,1.);
#10306 = DIRECTION('',(1.,3.469446951954E-18));
#10307 = ( GEOMETRIC_REPRESENTATION_CONTEXT(2) 
PARAMETRIC_REPRESENTATION_CONTEXT() REPRESENTATION_CONTEXT('2D SPACE',''
  ) );
#10308 = ADVANCED_FACE('',(#10309,#10381),#8631,.T.);
#10309 = FACE_BOUND('',#10310,.T.);
#10310 = EDGE_LOOP('',(#10311,#10333,#10334,#10356));
#10311 = ORIENTED_EDGE('',*,*,#10312,.F.);
#10312 = EDGE_CURVE('',#8585,#10313,#10315,.T.);
#10313 = VERTEX_POINT('',#10314);
#10314 = CARTESIAN_POINT('',(42.,-9.060359480574,17.339640519426));
#10315 = SURFACE_CURVE('',#10316,(#10319,#10326),.PCURVE_S1.);
#10316 = B_SPLINE_CURVE_WITH_KNOTS('',1,(#10317,#10318),.UNSPECIFIED.,
  .F.,.F.,(2,2),(0.,1.),.PIECEWISE_BEZIER_KNOTS.);
#10317 = CARTESIAN_POINT('',(50.,-9.2,17.2));
#10318 = CARTESIAN_POINT('',(42.,-9.060359480574,17.339640519426));
#10319 = PCURVE('',#8631,#10320);
#10320 = DEFINITIONAL_REPRESENTATION('',(#10321),#10325);
#10321 = LINE('',#10322,#10323);
#10322 = CARTESIAN_POINT('',(0.,0.));
#10323 = VECTOR('',#10324,1.);
#10324 = DIRECTION('',(0.,1.));
#10325 = ( GEOMETRIC_REPRESENTATION_CONTEXT(2) 
PARAMETRIC_REPRESENTATION_CONTEXT() REPRESENTATION_CONTEXT('2D SPACE',''
  ) );
#10326 = PCURVE('',#9071,#10327);
#10327 = DEFINITIONAL_REPRESENTATION('',(#10328),#10332);
#10328 = LINE('',#10329,#10330);
#10329 = CARTESIAN_POINT('',(7.8,0.));
#10330 = VECTOR('',#10331,1.);
#10331 = DIRECTION('',(0.,1.));
#10332 = ( GEOMETRIC_REPRESENTATION_CONTEXT(2) 
PARAMETRIC_REPRESENTATION_CONTEXT() REPRESENTATION_CONTEXT('2D SPACE',''
  ) );
#10333 = ORIENTED_EDGE('',*,*,#8613,.T.);
#10334 = ORIENTED_EDGE('',*,*,#10335,.T.);
#10335 = EDGE_CURVE('',#8614,#10336,#10338,.T.);
#10336 = VERTEX_POINT('',#10337);
#10337 = CARTESIAN_POINT('',(42.,9.060359480574,17.339640519426));
#10338 = SURFACE_CURVE('',#10339,(#10342,#10349),.PCURVE_S1.);
#10339 = B_SPLINE_CURVE_WITH_KNOTS('',1,(#10340,#10341),.UNSPECIFIED.,
  .F.,.F.,(2,2),(0.,1.),.PIECEWISE_BEZIER_KNOTS.);
#10340 = CARTESIAN_POINT('',(50.,9.2,17.2));
#10341 = CARTESIAN_POINT('',(42.,9.060359480574,17.339640519426));
#10342 = PCURVE('',#8631,#10343);
#10343 = DEFINITIONAL_REPRESENTATION('',(#10344),#10348);
#10344 = LINE('',#10345,#10346);
#10345 = CARTESIAN_POINT('',(18.4,0.));
#10346 = VECTOR('',#10347,1.);
#10347 = DIRECTION('',(0.,1.));
#10348 = ( GEOMETRIC_REPRESENTATION_CONTEXT(2) 
PARAMETRIC_REPRESENTATION_CONTEXT() REPRESENTATION_CONTEXT('2D SPACE',''
  ) );
#10349 = PCURVE('',#9185,#10350);
#10350 = DEFINITIONAL_REPRESENTATION('',(#10351),#10355);
#10351 = LINE('',#10352,#10353);
#10352 = CARTESIAN_POINT('',(0.,0.));
#10353 = VECTOR('',#10354,1.);
#10354 = DIRECTION('',(0.,1.));
#10355 = ( GEOMETRIC_REPRESENTATION_CONTEXT(2) 
PARAMETRIC_REPRESENTATION_CONTEXT() REPRESENTATION_CONTEXT('2D SPACE',''
  ) );
#10356 = ORIENTED_EDGE('',*,*,#10357,.F.);
#10357 = EDGE_CURVE('',#10313,#10336,#10358,.T.);
#10358 = SURFACE_CURVE('',#10359,(#10363,#10369),.PCURVE_S1.);
#10359 = LINE('',#10360,#10361);
#10360 = CARTESIAN_POINT('',(42.,-9.2,17.339640519426));
#10361 = VECTOR('',#10362,1.);
#10362 = DIRECTION('',(0.,1.,0.));
#10363 = PCURVE('',#8631,#10364);
#10364 = DEFINITIONAL_REPRESENTATION('',(#10365),#10368);
#10365 = B_SPLINE_CURVE_WITH_KNOTS('',1,(#10366,#10367),.UNSPECIFIED.,
  .F.,.F.,(2,2),(0.139640519426,18.260359480574),
  .PIECEWISE_BEZIER_KNOTS.);
#10366 = CARTESIAN_POINT('',(0.,1.));
#10367 = CARTESIAN_POINT('',(18.4,1.));
#10368 = ( GEOMETRIC_REPRESENTATION_CONTEXT(2) 
PARAMETRIC_REPRESENTATION_CONTEXT() REPRESENTATION_CONTEXT('2D SPACE',''
  ) );
#10369 = PCURVE('',#10370,#10375);
#10370 = PLANE('',#10371);
#10371 = AXIS2_PLACEMENT_3D('',#10372,#10373,#10374);
#10372 = CARTESIAN_POINT('',(42.,-9.060359480574,24.860359480574));
#10373 = DIRECTION('',(-1.,0.,0.));
#10374 = DIRECTION('',(0.,0.923611314543,-0.383330327064));
#10375 = DEFINITIONAL_REPRESENTATION('',(#10376),#10380);
#10376 = LINE('',#10377,#10378);
#10377 = CARTESIAN_POINT('',(2.753946095426,6.999749572001));
#10378 = VECTOR('',#10379,1.);
#10379 = DIRECTION('',(0.923611314543,-0.383330327064));
#10380 = ( GEOMETRIC_REPRESENTATION_CONTEXT(2) 
PARAMETRIC_REPRESENTATION_CONTEXT() REPRESENTATION_CONTEXT('2D SPACE',''
  ) );
#10381 = FACE_BOUND('',#10382,.T.);
#10382 = EDGE_LOOP('',(#10383,#10413,#10442,#10470));
#10383 = ORIENTED_EDGE('',*,*,#10384,.F.);
#10384 = EDGE_CURVE('',#10385,#10387,#10389,.T.);
#10385 = VERTEX_POINT('',#10386);
#10386 = CARTESIAN_POINT('',(42.308968192733,9.,17.334247459561));
#10387 = VERTEX_POINT('',#10388);
#10388 = CARTESIAN_POINT('',(42.308968192733,-9.,17.334247459561));
#10389 = SURFACE_CURVE('',#10390,(#10394,#10401),.PCURVE_S1.);
#10390 = LINE('',#10391,#10392);
#10391 = CARTESIAN_POINT('',(42.308968192733,9.,17.334247459561));
#10392 = VECTOR('',#10393,1.);
#10393 = DIRECTION('',(0.,-1.,0.));
#10394 = PCURVE('',#8631,#10395);
#10395 = DEFINITIONAL_REPRESENTATION('',(#10396),#10400);
#10396 = B_SPLINE_CURVE_WITH_KNOTS('',2,(#10397,#10398,#10399),
  .UNSPECIFIED.,.F.,.F.,(3,3),(0.,18.),.PIECEWISE_BEZIER_KNOTS.);
#10397 = CARTESIAN_POINT('',(18.333273782916,0.961378975908));
#10398 = CARTESIAN_POINT('',(9.2,0.961378975908));
#10399 = CARTESIAN_POINT('',(6.672621708368E-02,0.961378975908));
#10400 = ( GEOMETRIC_REPRESENTATION_CONTEXT(2) 
PARAMETRIC_REPRESENTATION_CONTEXT() REPRESENTATION_CONTEXT('2D SPACE',''
  ) );
#10401 = PCURVE('',#10402,#10407);
#10402 = PLANE('',#10403);
#10403 = AXIS2_PLACEMENT_3D('',#10404,#10405,#10406);
#10404 = CARTESIAN_POINT('',(42.308968192733,9.,17.334247459561));
#10405 = DIRECTION('',(-0.999847695156,0.,1.745240643728E-02));
#10406 = DIRECTION('',(0.,-1.,0.));
#10407 = DEFINITIONAL_REPRESENTATION('',(#10408),#10412);
#10408 = LINE('',#10409,#10410);
#10409 = CARTESIAN_POINT('',(0.,0.));
#10410 = VECTOR('',#10411,1.);
#10411 = DIRECTION('',(1.,0.));
#10412 = ( GEOMETRIC_REPRESENTATION_CONTEXT(2) 
PARAMETRIC_REPRESENTATION_CONTEXT() REPRESENTATION_CONTEXT('2D SPACE',''
  ) );
#10413 = ORIENTED_EDGE('',*,*,#10414,.F.);
#10414 = EDGE_CURVE('',#10415,#10385,#10417,.T.);
#10415 = VERTEX_POINT('',#10416);
#10416 = CARTESIAN_POINT('',(48.308054363671,9.,17.229533020937));
#10417 = SURFACE_CURVE('',#10418,(#10422,#10430),.PCURVE_S1.);
#10418 = LINE('',#10419,#10420);
#10419 = CARTESIAN_POINT('',(48.308054363671,9.,17.229533020937));
#10420 = VECTOR('',#10421,1.);
#10421 = DIRECTION('',(-0.999847695156,0.,1.745240643728E-02));
#10422 = PCURVE('',#8631,#10423);
#10423 = DEFINITIONAL_REPRESENTATION('',(#10424),#10429);
#10424 = B_SPLINE_CURVE_WITH_KNOTS('',3,(#10425,#10426,#10427,#10428),
  .UNSPECIFIED.,.F.,.F.,(4,4),(0.,6.),.PIECEWISE_BEZIER_KNOTS.);
#10425 = CARTESIAN_POINT('',(18.22898404073,0.211493204541));
#10426 = CARTESIAN_POINT('',(18.263350349106,0.46145512833));
#10427 = CARTESIAN_POINT('',(18.298109011601,0.711417052119));
#10428 = CARTESIAN_POINT('',(18.333273782916,0.961378975908));
#10429 = ( GEOMETRIC_REPRESENTATION_CONTEXT(2) 
PARAMETRIC_REPRESENTATION_CONTEXT() REPRESENTATION_CONTEXT('2D SPACE',''
  ) );
#10430 = PCURVE('',#10431,#10436);
#10431 = PLANE('',#10432);
#10432 = AXIS2_PLACEMENT_3D('',#10433,#10434,#10435);
#10433 = CARTESIAN_POINT('',(48.308054363671,9.,17.229533020937));
#10434 = DIRECTION('',(0.,1.,0.));
#10435 = DIRECTION('',(-0.999847695156,0.,1.745240643728E-02));
#10436 = DEFINITIONAL_REPRESENTATION('',(#10437),#10441);
#10437 = LINE('',#10438,#10439);
#10438 = CARTESIAN_POINT('',(0.,0.));
#10439 = VECTOR('',#10440,1.);
#10440 = DIRECTION('',(1.,0.));
#10441 = ( GEOMETRIC_REPRESENTATION_CONTEXT(2) 
PARAMETRIC_REPRESENTATION_CONTEXT() REPRESENTATION_CONTEXT('2D SPACE',''
  ) );
#10442 = ORIENTED_EDGE('',*,*,#10443,.F.);
#10443 = EDGE_CURVE('',#10444,#10415,#10446,.T.);
#10444 = VERTEX_POINT('',#10445);
#10445 = CARTESIAN_POINT('',(48.308054363671,-9.,17.229533020937));
#10446 = SURFACE_CURVE('',#10447,(#10451,#10458),.PCURVE_S1.);
#10447 = LINE('',#10448,#10449);
#10448 = CARTESIAN_POINT('',(48.308054363671,-9.,17.229533020937));
#10449 = VECTOR('',#10450,1.);
#10450 = DIRECTION('',(0.,1.,0.));
#10451 = PCURVE('',#8631,#10452);
#10452 = DEFINITIONAL_REPRESENTATION('',(#10453),#10457);
#10453 = B_SPLINE_CURVE_WITH_KNOTS('',2,(#10454,#10455,#10456),
  .UNSPECIFIED.,.F.,.F.,(3,3),(0.,18.),.PIECEWISE_BEZIER_KNOTS.);
#10454 = CARTESIAN_POINT('',(0.17101595927,0.211493204541));
#10455 = CARTESIAN_POINT('',(9.2,0.211493204541));
#10456 = CARTESIAN_POINT('',(18.22898404073,0.211493204541));
#10457 = ( GEOMETRIC_REPRESENTATION_CONTEXT(2) 
PARAMETRIC_REPRESENTATION_CONTEXT() REPRESENTATION_CONTEXT('2D SPACE',''
  ) );
#10458 = PCURVE('',#10459,#10464);
#10459 = PLANE('',#10460);
#10460 = AXIS2_PLACEMENT_3D('',#10461,#10462,#10463);
#10461 = CARTESIAN_POINT('',(48.308054363671,-9.,17.229533020937));
#10462 = DIRECTION('',(0.999847695156,0.,-1.745240643728E-02));
#10463 = DIRECTION('',(0.,1.,0.));
#10464 = DEFINITIONAL_REPRESENTATION('',(#10465),#10469);
#10465 = LINE('',#10466,#10467);
#10466 = CARTESIAN_POINT('',(0.,0.));
#10467 = VECTOR('',#10468,1.);
#10468 = DIRECTION('',(1.,0.));
#10469 = ( GEOMETRIC_REPRESENTATION_CONTEXT(2) 
PARAMETRIC_REPRESENTATION_CONTEXT() REPRESENTATION_CONTEXT('2D SPACE',''
  ) );
#10470 = ORIENTED_EDGE('',*,*,#10471,.F.);
#10471 = EDGE_CURVE('',#10387,#10444,#10472,.T.);
#10472 = SURFACE_CURVE('',#10473,(#10477,#10485),.PCURVE_S1.);
#10473 = LINE('',#10474,#10475);
#10474 = CARTESIAN_POINT('',(42.308968192733,-9.,17.334247459561));
#10475 = VECTOR('',#10476,1.);
#10476 = DIRECTION('',(0.999847695156,0.,-1.745240643728E-02));
#10477 = PCURVE('',#8631,#10478);
#10478 = DEFINITIONAL_REPRESENTATION('',(#10479),#10484);
#10479 = B_SPLINE_CURVE_WITH_KNOTS('',3,(#10480,#10481,#10482,#10483),
  .UNSPECIFIED.,.F.,.F.,(4,4),(0.,6.),.PIECEWISE_BEZIER_KNOTS.);
#10480 = CARTESIAN_POINT('',(6.672621708368E-02,0.961378975908));
#10481 = CARTESIAN_POINT('',(0.101890988399,0.711417052119));
#10482 = CARTESIAN_POINT('',(0.136649650894,0.46145512833));
#10483 = CARTESIAN_POINT('',(0.17101595927,0.211493204541));
#10484 = ( GEOMETRIC_REPRESENTATION_CONTEXT(2) 
PARAMETRIC_REPRESENTATION_CONTEXT() REPRESENTATION_CONTEXT('2D SPACE',''
  ) );
#10485 = PCURVE('',#10486,#10491);
#10486 = PLANE('',#10487);
#10487 = AXIS2_PLACEMENT_3D('',#10488,#10489,#10490);
#10488 = CARTESIAN_POINT('',(42.308968192733,-9.,17.334247459561));
#10489 = DIRECTION('',(0.,-1.,0.));
#10490 = DIRECTION('',(0.999847695156,0.,-1.745240643728E-02));
#10491 = DEFINITIONAL_REPRESENTATION('',(#10492),#10496);
#10492 = LINE('',#10493,#10494);
#10493 = CARTESIAN_POINT('',(0.,0.));
#10494 = VECTOR('',#10495,1.);
#10495 = DIRECTION('',(1.,0.));
#10496 = ( GEOMETRIC_REPRESENTATION_CONTEXT(2) 
PARAMETRIC_REPRESENTATION_CONTEXT() REPRESENTATION_CONTEXT('2D SPACE',''
  ) );
#10497 = ADVANCED_FACE('',(#10498,#10570),#8781,.T.);
#10498 = FACE_BOUND('',#10499,.T.);
#10499 = EDGE_LOOP('',(#10500,#10522,#10523,#10545));
#10500 = ORIENTED_EDGE('',*,*,#10501,.F.);
#10501 = EDGE_CURVE('',#8735,#10502,#10504,.T.);
#10502 = VERTEX_POINT('',#10503);
#10503 = CARTESIAN_POINT('',(42.,9.060359480574,-17.33964051942));
#10504 = SURFACE_CURVE('',#10505,(#10508,#10515),.PCURVE_S1.);
#10505 = B_SPLINE_CURVE_WITH_KNOTS('',1,(#10506,#10507),.UNSPECIFIED.,
  .F.,.F.,(2,2),(0.,1.),.PIECEWISE_BEZIER_KNOTS.);
#10506 = CARTESIAN_POINT('',(50.,9.2,-17.2));
#10507 = CARTESIAN_POINT('',(42.,9.060359480574,-17.33964051942));
#10508 = PCURVE('',#8781,#10509);
#10509 = DEFINITIONAL_REPRESENTATION('',(#10510),#10514);
#10510 = LINE('',#10511,#10512);
#10511 = CARTESIAN_POINT('',(0.,0.));
#10512 = VECTOR('',#10513,1.);
#10513 = DIRECTION('',(0.,1.));
#10514 = ( GEOMETRIC_REPRESENTATION_CONTEXT(2) 
PARAMETRIC_REPRESENTATION_CONTEXT() REPRESENTATION_CONTEXT('2D SPACE',''
  ) );
#10515 = PCURVE('',#9535,#10516);
#10516 = DEFINITIONAL_REPRESENTATION('',(#10517),#10521);
#10517 = LINE('',#10518,#10519);
#10518 = CARTESIAN_POINT('',(7.8,0.));
#10519 = VECTOR('',#10520,1.);
#10520 = DIRECTION('',(0.,1.));
#10521 = ( GEOMETRIC_REPRESENTATION_CONTEXT(2) 
PARAMETRIC_REPRESENTATION_CONTEXT() REPRESENTATION_CONTEXT('2D SPACE',''
  ) );
#10522 = ORIENTED_EDGE('',*,*,#8763,.T.);
#10523 = ORIENTED_EDGE('',*,*,#10524,.T.);
#10524 = EDGE_CURVE('',#8764,#10525,#10527,.T.);
#10525 = VERTEX_POINT('',#10526);
#10526 = CARTESIAN_POINT('',(42.,-9.060359480574,-17.33964051942));
#10527 = SURFACE_CURVE('',#10528,(#10531,#10538),.PCURVE_S1.);
#10528 = B_SPLINE_CURVE_WITH_KNOTS('',1,(#10529,#10530),.UNSPECIFIED.,
  .F.,.F.,(2,2),(0.,1.),.PIECEWISE_BEZIER_KNOTS.);
#10529 = CARTESIAN_POINT('',(50.,-9.2,-17.2));
#10530 = CARTESIAN_POINT('',(42.,-9.060359480574,-17.33964051942));
#10531 = PCURVE('',#8781,#10532);
#10532 = DEFINITIONAL_REPRESENTATION('',(#10533),#10537);
#10533 = LINE('',#10534,#10535);
#10534 = CARTESIAN_POINT('',(18.4,0.));
#10535 = VECTOR('',#10536,1.);
#10536 = DIRECTION('',(0.,1.));
#10537 = ( GEOMETRIC_REPRESENTATION_CONTEXT(2) 
PARAMETRIC_REPRESENTATION_CONTEXT() REPRESENTATION_CONTEXT('2D SPACE',''
  ) );
#10538 = PCURVE('',#9634,#10539);
#10539 = DEFINITIONAL_REPRESENTATION('',(#10540),#10544);
#10540 = LINE('',#10541,#10542);
#10541 = CARTESIAN_POINT('',(0.,0.));
#10542 = VECTOR('',#10543,1.);
#10543 = DIRECTION('',(0.,1.));
#10544 = ( GEOMETRIC_REPRESENTATION_CONTEXT(2) 
PARAMETRIC_REPRESENTATION_CONTEXT() REPRESENTATION_CONTEXT('2D SPACE',''
  ) );
#10545 = ORIENTED_EDGE('',*,*,#10546,.F.);
#10546 = EDGE_CURVE('',#10502,#10525,#10547,.T.);
#10547 = SURFACE_CURVE('',#10548,(#10552,#10558),.PCURVE_S1.);
#10548 = LINE('',#10549,#10550);
#10549 = CARTESIAN_POINT('',(42.,9.2,-17.33964051942));
#10550 = VECTOR('',#10551,1.);
#10551 = DIRECTION('',(0.,-1.,1.224646799147E-16));
#10552 = PCURVE('',#8781,#10553);
#10553 = DEFINITIONAL_REPRESENTATION('',(#10554),#10557);
#10554 = B_SPLINE_CURVE_WITH_KNOTS('',1,(#10555,#10556),.UNSPECIFIED.,
  .F.,.F.,(2,2),(0.139640519426,18.260359480574),
  .PIECEWISE_BEZIER_KNOTS.);
#10555 = CARTESIAN_POINT('',(0.,1.));
#10556 = CARTESIAN_POINT('',(18.4,1.));
#10557 = ( GEOMETRIC_REPRESENTATION_CONTEXT(2) 
PARAMETRIC_REPRESENTATION_CONTEXT() REPRESENTATION_CONTEXT('2D SPACE',''
  ) );
#10558 = PCURVE('',#10559,#10564);
#10559 = PLANE('',#10560);
#10560 = AXIS2_PLACEMENT_3D('',#10561,#10562,#10563);
#10561 = CARTESIAN_POINT('',(42.,9.060359480574,-24.86035948057));
#10562 = DIRECTION('',(-1.,-0.,0.));
#10563 = DIRECTION('',(0.,-0.923611314543,0.383330327064));
#10564 = DEFINITIONAL_REPRESENTATION('',(#10565),#10569);
#10565 = LINE('',#10566,#10567);
#10566 = CARTESIAN_POINT('',(2.753946095426,6.999749572001));
#10567 = VECTOR('',#10568,1.);
#10568 = DIRECTION('',(0.923611314543,-0.383330327064));
#10569 = ( GEOMETRIC_REPRESENTATION_CONTEXT(2) 
PARAMETRIC_REPRESENTATION_CONTEXT() REPRESENTATION_CONTEXT('2D SPACE',''
  ) );
#10570 = FACE_BOUND('',#10571,.T.);
#10571 = EDGE_LOOP('',(#10572,#10602,#10631,#10659));
#10572 = ORIENTED_EDGE('',*,*,#10573,.F.);
#10573 = EDGE_CURVE('',#10574,#10576,#10578,.T.);
#10574 = VERTEX_POINT('',#10575);
#10575 = CARTESIAN_POINT('',(42.308968192733,-9.,-17.33424745956));
#10576 = VERTEX_POINT('',#10577);
#10577 = CARTESIAN_POINT('',(42.308968192733,9.,-17.33424745956));
#10578 = SURFACE_CURVE('',#10579,(#10583,#10590),.PCURVE_S1.);
#10579 = LINE('',#10580,#10581);
#10580 = CARTESIAN_POINT('',(42.308968192733,-9.,-17.33424745956));
#10581 = VECTOR('',#10582,1.);
#10582 = DIRECTION('',(0.,1.,-1.224646799147E-16));
#10583 = PCURVE('',#8781,#10584);
#10584 = DEFINITIONAL_REPRESENTATION('',(#10585),#10589);
#10585 = B_SPLINE_CURVE_WITH_KNOTS('',2,(#10586,#10587,#10588),
  .UNSPECIFIED.,.F.,.F.,(3,3),(0.,18.),.PIECEWISE_BEZIER_KNOTS.);
#10586 = CARTESIAN_POINT('',(18.333273782916,0.961378975908));
#10587 = CARTESIAN_POINT('',(9.2,0.961378975908));
#10588 = CARTESIAN_POINT('',(6.672621708368E-02,0.961378975908));
#10589 = ( GEOMETRIC_REPRESENTATION_CONTEXT(2) 
PARAMETRIC_REPRESENTATION_CONTEXT() REPRESENTATION_CONTEXT('2D SPACE',''
  ) );
#10590 = PCURVE('',#10591,#10596);
#10591 = PLANE('',#10592);
#10592 = AXIS2_PLACEMENT_3D('',#10593,#10594,#10595);
#10593 = CARTESIAN_POINT('',(42.308968192733,-9.,-17.33424745956));
#10594 = DIRECTION('',(-0.999847695156,-2.137303368084E-18,
    -1.745240643728E-02));
#10595 = DIRECTION('',(0.,1.,-1.224646799147E-16));
#10596 = DEFINITIONAL_REPRESENTATION('',(#10597),#10601);
#10597 = LINE('',#10598,#10599);
#10598 = CARTESIAN_POINT('',(0.,0.));
#10599 = VECTOR('',#10600,1.);
#10600 = DIRECTION('',(1.,0.));
#10601 = ( GEOMETRIC_REPRESENTATION_CONTEXT(2) 
PARAMETRIC_REPRESENTATION_CONTEXT() REPRESENTATION_CONTEXT('2D SPACE',''
  ) );
#10602 = ORIENTED_EDGE('',*,*,#10603,.F.);
#10603 = EDGE_CURVE('',#10604,#10574,#10606,.T.);
#10604 = VERTEX_POINT('',#10605);
#10605 = CARTESIAN_POINT('',(48.308054363671,-9.,-17.22953302093));
#10606 = SURFACE_CURVE('',#10607,(#10611,#10619),.PCURVE_S1.);
#10607 = LINE('',#10608,#10609);
#10608 = CARTESIAN_POINT('',(48.308054363671,-9.,-17.22953302093));
#10609 = VECTOR('',#10610,1.);
#10610 = DIRECTION('',(-0.999847695156,-2.137303368084E-18,
    -1.745240643728E-02));
#10611 = PCURVE('',#8781,#10612);
#10612 = DEFINITIONAL_REPRESENTATION('',(#10613),#10618);
#10613 = B_SPLINE_CURVE_WITH_KNOTS('',3,(#10614,#10615,#10616,#10617),
  .UNSPECIFIED.,.F.,.F.,(4,4),(0.,6.),.PIECEWISE_BEZIER_KNOTS.);
#10614 = CARTESIAN_POINT('',(18.22898404073,0.211493204541));
#10615 = CARTESIAN_POINT('',(18.263350349106,0.46145512833));
#10616 = CARTESIAN_POINT('',(18.298109011601,0.711417052119));
#10617 = CARTESIAN_POINT('',(18.333273782916,0.961378975908));
#10618 = ( GEOMETRIC_REPRESENTATION_CONTEXT(2) 
PARAMETRIC_REPRESENTATION_CONTEXT() REPRESENTATION_CONTEXT('2D SPACE',''
  ) );
#10619 = PCURVE('',#10620,#10625);
#10620 = PLANE('',#10621);
#10621 = AXIS2_PLACEMENT_3D('',#10622,#10623,#10624);
#10622 = CARTESIAN_POINT('',(48.308054363671,-9.,-17.22953302093));
#10623 = DIRECTION('',(0.,-1.,1.224646799147E-16));
#10624 = DIRECTION('',(-0.999847695156,-2.137303368084E-18,
    -1.745240643728E-02));
#10625 = DEFINITIONAL_REPRESENTATION('',(#10626),#10630);
#10626 = LINE('',#10627,#10628);
#10627 = CARTESIAN_POINT('',(0.,0.));
#10628 = VECTOR('',#10629,1.);
#10629 = DIRECTION('',(1.,0.));
#10630 = ( GEOMETRIC_REPRESENTATION_CONTEXT(2) 
PARAMETRIC_REPRESENTATION_CONTEXT() REPRESENTATION_CONTEXT('2D SPACE',''
  ) );
#10631 = ORIENTED_EDGE('',*,*,#10632,.F.);
#10632 = EDGE_CURVE('',#10633,#10604,#10635,.T.);
#10633 = VERTEX_POINT('',#10634);
#10634 = CARTESIAN_POINT('',(48.308054363671,9.,-17.22953302093));
#10635 = SURFACE_CURVE('',#10636,(#10640,#10647),.PCURVE_S1.);
#10636 = LINE('',#10637,#10638);
#10637 = CARTESIAN_POINT('',(48.308054363671,9.,-17.22953302093));
#10638 = VECTOR('',#10639,1.);
#10639 = DIRECTION('',(0.,-1.,1.224646799147E-16));
#10640 = PCURVE('',#8781,#10641);
#10641 = DEFINITIONAL_REPRESENTATION('',(#10642),#10646);
#10642 = B_SPLINE_CURVE_WITH_KNOTS('',2,(#10643,#10644,#10645),
  .UNSPECIFIED.,.F.,.F.,(3,3),(0.,18.),.PIECEWISE_BEZIER_KNOTS.);
#10643 = CARTESIAN_POINT('',(0.17101595927,0.211493204541));
#10644 = CARTESIAN_POINT('',(9.2,0.211493204541));
#10645 = CARTESIAN_POINT('',(18.22898404073,0.211493204541));
#10646 = ( GEOMETRIC_REPRESENTATION_CONTEXT(2) 
PARAMETRIC_REPRESENTATION_CONTEXT() REPRESENTATION_CONTEXT('2D SPACE',''
  ) );
#10647 = PCURVE('',#10648,#10653);
#10648 = PLANE('',#10649);
#10649 = AXIS2_PLACEMENT_3D('',#10650,#10651,#10652);
#10650 = CARTESIAN_POINT('',(48.308054363671,9.,-17.22953302093));
#10651 = DIRECTION('',(0.999847695156,2.137303368084E-18,
    1.745240643728E-02));
#10652 = DIRECTION('',(0.,-1.,1.224646799147E-16));
#10653 = DEFINITIONAL_REPRESENTATION('',(#10654),#10658);
#10654 = LINE('',#10655,#10656);
#10655 = CARTESIAN_POINT('',(0.,0.));
#10656 = VECTOR('',#10657,1.);
#10657 = DIRECTION('',(1.,0.));
#10658 = ( GEOMETRIC_REPRESENTATION_CONTEXT(2) 
PARAMETRIC_REPRESENTATION_CONTEXT() REPRESENTATION_CONTEXT('2D SPACE',''
  ) );
#10659 = ORIENTED_EDGE('',*,*,#10660,.F.);
#10660 = EDGE_CURVE('',#10576,#10633,#10661,.T.);
#10661 = SURFACE_CURVE('',#10662,(#10666,#10674),.PCURVE_S1.);
#10662 = LINE('',#10663,#10664);
#10663 = CARTESIAN_POINT('',(42.308968192733,9.,-17.33424745956));
#10664 = VECTOR('',#10665,1.);
#10665 = DIRECTION('',(0.999847695156,2.137303368084E-18,
    1.745240643728E-02));
#10666 = PCURVE('',#8781,#10667);
#10667 = DEFINITIONAL_REPRESENTATION('',(#10668),#10673);
#10668 = B_SPLINE_CURVE_WITH_KNOTS('',3,(#10669,#10670,#10671,#10672),
  .UNSPECIFIED.,.F.,.F.,(4,4),(0.,6.),.PIECEWISE_BEZIER_KNOTS.);
#10669 = CARTESIAN_POINT('',(6.672621708368E-02,0.961378975908));
#10670 = CARTESIAN_POINT('',(0.101890988399,0.711417052119));
#10671 = CARTESIAN_POINT('',(0.136649650894,0.46145512833));
#10672 = CARTESIAN_POINT('',(0.17101595927,0.211493204541));
#10673 = ( GEOMETRIC_REPRESENTATION_CONTEXT(2) 
PARAMETRIC_REPRESENTATION_CONTEXT() REPRESENTATION_CONTEXT('2D SPACE',''
  ) );
#10674 = PCURVE('',#10675,#10680);
#10675 = PLANE('',#10676);
#10676 = AXIS2_PLACEMENT_3D('',#10677,#10678,#10679);
#10677 = CARTESIAN_POINT('',(42.308968192733,9.,-17.33424745956));
#10678 = DIRECTION('',(0.,1.,-1.224646799147E-16));
#10679 = DIRECTION('',(0.999847695156,2.137303368084E-18,
    1.745240643728E-02));
#10680 = DEFINITIONAL_REPRESENTATION('',(#10681),#10685);
#10681 = LINE('',#10682,#10683);
#10682 = CARTESIAN_POINT('',(0.,0.));
#10683 = VECTOR('',#10684,1.);
#10684 = DIRECTION('',(1.,0.));
#10685 = ( GEOMETRIC_REPRESENTATION_CONTEXT(2) 
PARAMETRIC_REPRESENTATION_CONTEXT() REPRESENTATION_CONTEXT('2D SPACE',''
  ) );
#10686 = ADVANCED_FACE('',(#10687,#10759),#8873,.T.);
#10687 = FACE_BOUND('',#10688,.T.);
#10688 = EDGE_LOOP('',(#10689,#10711,#10712,#10734));
#10689 = ORIENTED_EDGE('',*,*,#10690,.F.);
#10690 = EDGE_CURVE('',#8827,#10691,#10693,.T.);
#10691 = VERTEX_POINT('',#10692);
#10692 = CARTESIAN_POINT('',(42.,10.486389442026,16.516321737309));
#10693 = SURFACE_CURVE('',#10694,(#10697,#10704),.PCURVE_S1.);
#10694 = B_SPLINE_CURVE_WITH_KNOTS('',1,(#10695,#10696),.UNSPECIFIED.,
  .F.,.F.,(2,2),(0.,1.),.PIECEWISE_BEZIER_KNOTS.);
#10695 = CARTESIAN_POINT('',(50.,10.295636945092,16.567433714817));
#10696 = CARTESIAN_POINT('',(42.,10.486389442026,16.516321737309));
#10697 = PCURVE('',#8873,#10698);
#10698 = DEFINITIONAL_REPRESENTATION('',(#10699),#10703);
#10699 = LINE('',#10700,#10701);
#10700 = CARTESIAN_POINT('',(0.,0.));
#10701 = VECTOR('',#10702,1.);
#10702 = DIRECTION('',(0.,1.));
#10703 = ( GEOMETRIC_REPRESENTATION_CONTEXT(2) 
PARAMETRIC_REPRESENTATION_CONTEXT() REPRESENTATION_CONTEXT('2D SPACE',''
  ) );
#10704 = PCURVE('',#9235,#10705);
#10705 = DEFINITIONAL_REPRESENTATION('',(#10706),#10710);
#10706 = LINE('',#10707,#10708);
#10707 = CARTESIAN_POINT('',(7.8,0.));
#10708 = VECTOR('',#10709,1.);
#10709 = DIRECTION('',(0.,1.));
#10710 = ( GEOMETRIC_REPRESENTATION_CONTEXT(2) 
PARAMETRIC_REPRESENTATION_CONTEXT() REPRESENTATION_CONTEXT('2D SPACE',''
  ) );
#10711 = ORIENTED_EDGE('',*,*,#8855,.T.);
#10712 = ORIENTED_EDGE('',*,*,#10713,.T.);
#10713 = EDGE_CURVE('',#8856,#10714,#10716,.T.);
#10714 = VERTEX_POINT('',#10715);
#10715 = CARTESIAN_POINT('',(42.,19.5467489226,0.823318782116));
#10716 = SURFACE_CURVE('',#10717,(#10720,#10727),.PCURVE_S1.);
#10717 = B_SPLINE_CURVE_WITH_KNOTS('',1,(#10718,#10719),.UNSPECIFIED.,
  .F.,.F.,(2,2),(0.,1.),.PIECEWISE_BEZIER_KNOTS.);
#10718 = CARTESIAN_POINT('',(50.,19.495636945092,0.632566285183));
#10719 = CARTESIAN_POINT('',(42.,19.5467489226,0.823318782116));
#10720 = PCURVE('',#8873,#10721);
#10721 = DEFINITIONAL_REPRESENTATION('',(#10722),#10726);
#10722 = LINE('',#10723,#10724);
#10723 = CARTESIAN_POINT('',(18.4,0.));
#10724 = VECTOR('',#10725,1.);
#10725 = DIRECTION('',(0.,1.));
#10726 = ( GEOMETRIC_REPRESENTATION_CONTEXT(2) 
PARAMETRIC_REPRESENTATION_CONTEXT() REPRESENTATION_CONTEXT('2D SPACE',''
  ) );
#10727 = PCURVE('',#9334,#10728);
#10728 = DEFINITIONAL_REPRESENTATION('',(#10729),#10733);
#10729 = LINE('',#10730,#10731);
#10730 = CARTESIAN_POINT('',(0.,0.));
#10731 = VECTOR('',#10732,1.);
#10732 = DIRECTION('',(0.,1.));
#10733 = ( GEOMETRIC_REPRESENTATION_CONTEXT(2) 
PARAMETRIC_REPRESENTATION_CONTEXT() REPRESENTATION_CONTEXT('2D SPACE',''
  ) );
#10734 = ORIENTED_EDGE('',*,*,#10735,.F.);
#10735 = EDGE_CURVE('',#10691,#10714,#10736,.T.);
#10736 = SURFACE_CURVE('',#10737,(#10741,#10747),.PCURVE_S1.);
#10737 = LINE('',#10738,#10739);
#10738 = CARTESIAN_POINT('',(42.,10.416569182313,16.63725397453));
#10739 = VECTOR('',#10740,1.);
#10740 = DIRECTION('',(0.,0.5,-0.866025403784));
#10741 = PCURVE('',#8873,#10742);
#10742 = DEFINITIONAL_REPRESENTATION('',(#10743),#10746);
#10743 = B_SPLINE_CURVE_WITH_KNOTS('',1,(#10744,#10745),.UNSPECIFIED.,
  .F.,.F.,(2,2),(0.139640519426,18.260359480574),
  .PIECEWISE_BEZIER_KNOTS.);
#10744 = CARTESIAN_POINT('',(0.,1.));
#10745 = CARTESIAN_POINT('',(18.4,1.));
#10746 = ( GEOMETRIC_REPRESENTATION_CONTEXT(2) 
PARAMETRIC_REPRESENTATION_CONTEXT() REPRESENTATION_CONTEXT('2D SPACE',''
  ) );
#10747 = PCURVE('',#10748,#10753);
#10748 = PLANE('',#10749);
#10749 = AXIS2_PLACEMENT_3D('',#10750,#10751,#10752);
#10750 = CARTESIAN_POINT('',(42.,16.999523117104,20.276681217884));
#10751 = DIRECTION('',(-1.,0.,0.));
#10752 = DIRECTION('',(0.,0.129831855993,-0.99153602515));
#10753 = DEFINITIONAL_REPRESENTATION('',(#10754),#10758);
#10754 = LINE('',#10755,#10756);
#10755 = CARTESIAN_POINT('',(2.753946095426,6.999749572001));
#10756 = VECTOR('',#10757,1.);
#10757 = DIRECTION('',(0.923611314543,-0.383330327064));
#10758 = ( GEOMETRIC_REPRESENTATION_CONTEXT(2) 
PARAMETRIC_REPRESENTATION_CONTEXT() REPRESENTATION_CONTEXT('2D SPACE',''
  ) );
#10759 = FACE_BOUND('',#10760,.T.);
#10760 = EDGE_LOOP('',(#10761,#10791,#10820,#10848));
#10761 = ORIENTED_EDGE('',*,*,#10762,.F.);
#10762 = EDGE_CURVE('',#10763,#10765,#10767,.T.);
#10763 = VERTEX_POINT('',#10764);
#10764 = CARTESIAN_POINT('',(42.308968192733,19.511898655466,
    0.87289509572));
#10765 = VERTEX_POINT('',#10766);
#10766 = CARTESIAN_POINT('',(42.308968192733,10.511898655466,
    16.46135236384));
#10767 = SURFACE_CURVE('',#10768,(#10772,#10779),.PCURVE_S1.);
#10768 = LINE('',#10769,#10770);
#10769 = CARTESIAN_POINT('',(42.308968192733,19.511898655466,
    0.87289509572));
#10770 = VECTOR('',#10771,1.);
#10771 = DIRECTION('',(-9.688031730894E-19,-0.5,0.866025403784));
#10772 = PCURVE('',#8873,#10773);
#10773 = DEFINITIONAL_REPRESENTATION('',(#10774),#10778);
#10774 = B_SPLINE_CURVE_WITH_KNOTS('',2,(#10775,#10776,#10777),
  .UNSPECIFIED.,.F.,.F.,(3,3),(0.,18.),.PIECEWISE_BEZIER_KNOTS.);
#10775 = CARTESIAN_POINT('',(18.333273782916,0.961378975908));
#10776 = CARTESIAN_POINT('',(9.2,0.961378975908));
#10777 = CARTESIAN_POINT('',(6.672621708368E-02,0.961378975908));
#10778 = ( GEOMETRIC_REPRESENTATION_CONTEXT(2) 
PARAMETRIC_REPRESENTATION_CONTEXT() REPRESENTATION_CONTEXT('2D SPACE',''
  ) );
#10779 = PCURVE('',#10780,#10785);
#10780 = PLANE('',#10781);
#10781 = AXIS2_PLACEMENT_3D('',#10782,#10783,#10784);
#10782 = CARTESIAN_POINT('',(42.308968192733,19.511898655466,
    0.87289509572));
#10783 = DIRECTION('',(-0.999847695156,1.511422733186E-02,
    8.726203218642E-03));
#10784 = DIRECTION('',(0.,-0.5,0.866025403784));
#10785 = DEFINITIONAL_REPRESENTATION('',(#10786),#10790);
#10786 = LINE('',#10787,#10788);
#10787 = CARTESIAN_POINT('',(0.,0.));
#10788 = VECTOR('',#10789,1.);
#10789 = DIRECTION('',(1.,-5.551115123126E-17));
#10790 = ( GEOMETRIC_REPRESENTATION_CONTEXT(2) 
PARAMETRIC_REPRESENTATION_CONTEXT() REPRESENTATION_CONTEXT('2D SPACE',''
  ) );
#10791 = ORIENTED_EDGE('',*,*,#10792,.F.);
#10792 = EDGE_CURVE('',#10793,#10763,#10795,.T.);
#10793 = VERTEX_POINT('',#10794);
#10794 = CARTESIAN_POINT('',(48.308054363671,19.421213291474,
    0.820537876409));
#10795 = SURFACE_CURVE('',#10796,(#10800,#10808),.PCURVE_S1.);
#10796 = LINE('',#10797,#10798);
#10797 = CARTESIAN_POINT('',(48.308054363671,19.421213291474,
    0.820537876409));
#10798 = VECTOR('',#10799,1.);
#10799 = DIRECTION('',(-0.999847695156,1.511422733186E-02,
    8.726203218642E-03));
#10800 = PCURVE('',#8873,#10801);
#10801 = DEFINITIONAL_REPRESENTATION('',(#10802),#10807);
#10802 = B_SPLINE_CURVE_WITH_KNOTS('',3,(#10803,#10804,#10805,#10806),
  .UNSPECIFIED.,.F.,.F.,(4,4),(0.,6.),.PIECEWISE_BEZIER_KNOTS.);
#10803 = CARTESIAN_POINT('',(18.22898404073,0.211493204541));
#10804 = CARTESIAN_POINT('',(18.263350349106,0.46145512833));
#10805 = CARTESIAN_POINT('',(18.298109011601,0.711417052119));
#10806 = CARTESIAN_POINT('',(18.333273782916,0.961378975908));
#10807 = ( GEOMETRIC_REPRESENTATION_CONTEXT(2) 
PARAMETRIC_REPRESENTATION_CONTEXT() REPRESENTATION_CONTEXT('2D SPACE',''
  ) );
#10808 = PCURVE('',#10809,#10814);
#10809 = PLANE('',#10810);
#10810 = AXIS2_PLACEMENT_3D('',#10811,#10812,#10813);
#10811 = CARTESIAN_POINT('',(48.308054363671,19.421213291474,
    0.820537876409));
#10812 = DIRECTION('',(0.,0.5,-0.866025403784));
#10813 = DIRECTION('',(-0.999847695156,1.511422733186E-02,
    8.726203218642E-03));
#10814 = DEFINITIONAL_REPRESENTATION('',(#10815),#10819);
#10815 = LINE('',#10816,#10817);
#10816 = CARTESIAN_POINT('',(0.,0.));
#10817 = VECTOR('',#10818,1.);
#10818 = DIRECTION('',(1.,0.));
#10819 = ( GEOMETRIC_REPRESENTATION_CONTEXT(2) 
PARAMETRIC_REPRESENTATION_CONTEXT() REPRESENTATION_CONTEXT('2D SPACE',''
  ) );
#10820 = ORIENTED_EDGE('',*,*,#10821,.F.);
#10821 = EDGE_CURVE('',#10822,#10793,#10824,.T.);
#10822 = VERTEX_POINT('',#10823);
#10823 = CARTESIAN_POINT('',(48.308054363671,10.421213291474,
    16.408995144529));
#10824 = SURFACE_CURVE('',#10825,(#10829,#10836),.PCURVE_S1.);
#10825 = LINE('',#10826,#10827);
#10826 = CARTESIAN_POINT('',(48.308054363671,10.421213291474,
    16.408995144529));
#10827 = VECTOR('',#10828,1.);
#10828 = DIRECTION('',(9.688031730894E-19,0.5,-0.866025403784));
#10829 = PCURVE('',#8873,#10830);
#10830 = DEFINITIONAL_REPRESENTATION('',(#10831),#10835);
#10831 = B_SPLINE_CURVE_WITH_KNOTS('',2,(#10832,#10833,#10834),
  .UNSPECIFIED.,.F.,.F.,(3,3),(0.,18.),.PIECEWISE_BEZIER_KNOTS.);
#10832 = CARTESIAN_POINT('',(0.17101595927,0.211493204541));
#10833 = CARTESIAN_POINT('',(9.2,0.211493204541));
#10834 = CARTESIAN_POINT('',(18.22898404073,0.211493204541));
#10835 = ( GEOMETRIC_REPRESENTATION_CONTEXT(2) 
PARAMETRIC_REPRESENTATION_CONTEXT() REPRESENTATION_CONTEXT('2D SPACE',''
  ) );
#10836 = PCURVE('',#10837,#10842);
#10837 = PLANE('',#10838);
#10838 = AXIS2_PLACEMENT_3D('',#10839,#10840,#10841);
#10839 = CARTESIAN_POINT('',(48.308054363671,10.421213291474,
    16.408995144529));
#10840 = DIRECTION('',(0.999847695156,-1.511422733186E-02,
    -8.726203218642E-03));
#10841 = DIRECTION('',(0.,0.5,-0.866025403784));
#10842 = DEFINITIONAL_REPRESENTATION('',(#10843),#10847);
#10843 = LINE('',#10844,#10845);
#10844 = CARTESIAN_POINT('',(0.,0.));
#10845 = VECTOR('',#10846,1.);
#10846 = DIRECTION('',(1.,5.551115123126E-17));
#10847 = ( GEOMETRIC_REPRESENTATION_CONTEXT(2) 
PARAMETRIC_REPRESENTATION_CONTEXT() REPRESENTATION_CONTEXT('2D SPACE',''
  ) );
#10848 = ORIENTED_EDGE('',*,*,#10849,.F.);
#10849 = EDGE_CURVE('',#10765,#10822,#10850,.T.);
#10850 = SURFACE_CURVE('',#10851,(#10855,#10863),.PCURVE_S1.);
#10851 = LINE('',#10852,#10853);
#10852 = CARTESIAN_POINT('',(42.308968192733,10.511898655466,
    16.46135236384));
#10853 = VECTOR('',#10854,1.);
#10854 = DIRECTION('',(0.999847695156,-1.511422733186E-02,
    -8.726203218642E-03));
#10855 = PCURVE('',#8873,#10856);
#10856 = DEFINITIONAL_REPRESENTATION('',(#10857),#10862);
#10857 = B_SPLINE_CURVE_WITH_KNOTS('',3,(#10858,#10859,#10860,#10861),
  .UNSPECIFIED.,.F.,.F.,(4,4),(0.,6.),.PIECEWISE_BEZIER_KNOTS.);
#10858 = CARTESIAN_POINT('',(6.672621708368E-02,0.961378975908));
#10859 = CARTESIAN_POINT('',(0.101890988399,0.711417052119));
#10860 = CARTESIAN_POINT('',(0.136649650894,0.46145512833));
#10861 = CARTESIAN_POINT('',(0.17101595927,0.211493204541));
#10862 = ( GEOMETRIC_REPRESENTATION_CONTEXT(2) 
PARAMETRIC_REPRESENTATION_CONTEXT() REPRESENTATION_CONTEXT('2D SPACE',''
  ) );
#10863 = PCURVE('',#10864,#10869);
#10864 = PLANE('',#10865);
#10865 = AXIS2_PLACEMENT_3D('',#10866,#10867,#10868);
#10866 = CARTESIAN_POINT('',(42.308968192733,10.511898655466,
    16.46135236384));
#10867 = DIRECTION('',(0.,-0.5,0.866025403784));
#10868 = DIRECTION('',(0.999847695156,-1.511422733186E-02,
    -8.726203218642E-03));
#10869 = DEFINITIONAL_REPRESENTATION('',(#10870),#10874);
#10870 = LINE('',#10871,#10872);
#10871 = CARTESIAN_POINT('',(0.,0.));
#10872 = VECTOR('',#10873,1.);
#10873 = DIRECTION('',(1.,0.));
#10874 = ( GEOMETRIC_REPRESENTATION_CONTEXT(2) 
PARAMETRIC_REPRESENTATION_CONTEXT() REPRESENTATION_CONTEXT('2D SPACE',''
  ) );
#10875 = ADVANCED_FACE('',(#10876,#10948),#8993,.T.);
#10876 = FACE_BOUND('',#10877,.T.);
#10877 = EDGE_LOOP('',(#10878,#10900,#10901,#10923));
#10878 = ORIENTED_EDGE('',*,*,#10879,.F.);
#10879 = EDGE_CURVE('',#8947,#10880,#10882,.T.);
#10880 = VERTEX_POINT('',#10881);
#10881 = CARTESIAN_POINT('',(42.,19.5467489226,-0.823318782116));
#10882 = SURFACE_CURVE('',#10883,(#10886,#10893),.PCURVE_S1.);
#10883 = B_SPLINE_CURVE_WITH_KNOTS('',1,(#10884,#10885),.UNSPECIFIED.,
  .F.,.F.,(2,2),(0.,1.),.PIECEWISE_BEZIER_KNOTS.);
#10884 = CARTESIAN_POINT('',(50.,19.495636945092,-0.632566285183));
#10885 = CARTESIAN_POINT('',(42.,19.5467489226,-0.823318782116));
#10886 = PCURVE('',#8993,#10887);
#10887 = DEFINITIONAL_REPRESENTATION('',(#10888),#10892);
#10888 = LINE('',#10889,#10890);
#10889 = CARTESIAN_POINT('',(0.,0.));
#10890 = VECTOR('',#10891,1.);
#10891 = DIRECTION('',(0.,1.));
#10892 = ( GEOMETRIC_REPRESENTATION_CONTEXT(2) 
PARAMETRIC_REPRESENTATION_CONTEXT() REPRESENTATION_CONTEXT('2D SPACE',''
  ) );
#10893 = PCURVE('',#9385,#10894);
#10894 = DEFINITIONAL_REPRESENTATION('',(#10895),#10899);
#10895 = LINE('',#10896,#10897);
#10896 = CARTESIAN_POINT('',(7.8,0.));
#10897 = VECTOR('',#10898,1.);
#10898 = DIRECTION('',(0.,1.));
#10899 = ( GEOMETRIC_REPRESENTATION_CONTEXT(2) 
PARAMETRIC_REPRESENTATION_CONTEXT() REPRESENTATION_CONTEXT('2D SPACE',''
  ) );
#10900 = ORIENTED_EDGE('',*,*,#8975,.T.);
#10901 = ORIENTED_EDGE('',*,*,#10902,.T.);
#10902 = EDGE_CURVE('',#8976,#10903,#10905,.T.);
#10903 = VERTEX_POINT('',#10904);
#10904 = CARTESIAN_POINT('',(42.,10.486389442026,-16.5163217373));
#10905 = SURFACE_CURVE('',#10906,(#10909,#10916),.PCURVE_S1.);
#10906 = B_SPLINE_CURVE_WITH_KNOTS('',1,(#10907,#10908),.UNSPECIFIED.,
  .F.,.F.,(2,2),(0.,1.),.PIECEWISE_BEZIER_KNOTS.);
#10907 = CARTESIAN_POINT('',(50.,10.295636945092,-16.56743371481));
#10908 = CARTESIAN_POINT('',(42.,10.486389442026,-16.5163217373));
#10909 = PCURVE('',#8993,#10910);
#10910 = DEFINITIONAL_REPRESENTATION('',(#10911),#10915);
#10911 = LINE('',#10912,#10913);
#10912 = CARTESIAN_POINT('',(18.4,0.));
#10913 = VECTOR('',#10914,1.);
#10914 = DIRECTION('',(0.,1.));
#10915 = ( GEOMETRIC_REPRESENTATION_CONTEXT(2) 
PARAMETRIC_REPRESENTATION_CONTEXT() REPRESENTATION_CONTEXT('2D SPACE',''
  ) );
#10916 = PCURVE('',#9484,#10917);
#10917 = DEFINITIONAL_REPRESENTATION('',(#10918),#10922);
#10918 = LINE('',#10919,#10920);
#10919 = CARTESIAN_POINT('',(0.,0.));
#10920 = VECTOR('',#10921,1.);
#10921 = DIRECTION('',(0.,1.));
#10922 = ( GEOMETRIC_REPRESENTATION_CONTEXT(2) 
PARAMETRIC_REPRESENTATION_CONTEXT() REPRESENTATION_CONTEXT('2D SPACE',''
  ) );
#10923 = ORIENTED_EDGE('',*,*,#10924,.F.);
#10924 = EDGE_CURVE('',#10880,#10903,#10925,.T.);
#10925 = SURFACE_CURVE('',#10926,(#10930,#10936),.PCURVE_S1.);
#10926 = LINE('',#10927,#10928);
#10927 = CARTESIAN_POINT('',(42.,19.616569182313,-0.702386544896));
#10928 = VECTOR('',#10929,1.);
#10929 = DIRECTION('',(0.,-0.5,-0.866025403784));
#10930 = PCURVE('',#8993,#10931);
#10931 = DEFINITIONAL_REPRESENTATION('',(#10932),#10935);
#10932 = B_SPLINE_CURVE_WITH_KNOTS('',1,(#10933,#10934),.UNSPECIFIED.,
  .F.,.F.,(2,2),(0.139640519426,18.260359480574),
  .PIECEWISE_BEZIER_KNOTS.);
#10933 = CARTESIAN_POINT('',(0.,1.));
#10934 = CARTESIAN_POINT('',(18.4,1.));
#10935 = ( GEOMETRIC_REPRESENTATION_CONTEXT(2) 
PARAMETRIC_REPRESENTATION_CONTEXT() REPRESENTATION_CONTEXT('2D SPACE',''
  ) );
#10936 = PCURVE('',#10937,#10942);
#10937 = PLANE('',#10938);
#10938 = AXIS2_PLACEMENT_3D('',#10939,#10940,#10941);
#10939 = CARTESIAN_POINT('',(42.,26.059882597678,-4.583678262691));
#10940 = DIRECTION('',(-1.,0.,-0.));
#10941 = DIRECTION('',(0.,-0.79377945855,-0.608205698085));
#10942 = DEFINITIONAL_REPRESENTATION('',(#10943),#10947);
#10943 = LINE('',#10944,#10945);
#10944 = CARTESIAN_POINT('',(2.753946095426,6.999749572001));
#10945 = VECTOR('',#10946,1.);
#10946 = DIRECTION('',(0.923611314543,-0.383330327064));
#10947 = ( GEOMETRIC_REPRESENTATION_CONTEXT(2) 
PARAMETRIC_REPRESENTATION_CONTEXT() REPRESENTATION_CONTEXT('2D SPACE',''
  ) );
#10948 = FACE_BOUND('',#10949,.T.);
#10949 = EDGE_LOOP('',(#10950,#10980,#11009,#11037));
#10950 = ORIENTED_EDGE('',*,*,#10951,.F.);
#10951 = EDGE_CURVE('',#10952,#10954,#10956,.T.);
#10952 = VERTEX_POINT('',#10953);
#10953 = CARTESIAN_POINT('',(42.308968192733,10.511898655466,
    -16.46135236384));
#10954 = VERTEX_POINT('',#10955);
#10955 = CARTESIAN_POINT('',(42.308968192733,19.511898655466,
    -0.87289509572));
#10956 = SURFACE_CURVE('',#10957,(#10961,#10968),.PCURVE_S1.);
#10957 = LINE('',#10958,#10959);
#10958 = CARTESIAN_POINT('',(42.308968192733,10.511898655466,
    -16.46135236384));
#10959 = VECTOR('',#10960,1.);
#10960 = DIRECTION('',(-8.672296345945E-19,0.5,0.866025403784));
#10961 = PCURVE('',#8993,#10962);
#10962 = DEFINITIONAL_REPRESENTATION('',(#10963),#10967);
#10963 = B_SPLINE_CURVE_WITH_KNOTS('',2,(#10964,#10965,#10966),
  .UNSPECIFIED.,.F.,.F.,(3,3),(0.,18.),.PIECEWISE_BEZIER_KNOTS.);
#10964 = CARTESIAN_POINT('',(18.333273782916,0.961378975908));
#10965 = CARTESIAN_POINT('',(9.2,0.961378975908));
#10966 = CARTESIAN_POINT('',(6.672621708368E-02,0.961378975908));
#10967 = ( GEOMETRIC_REPRESENTATION_CONTEXT(2) 
PARAMETRIC_REPRESENTATION_CONTEXT() REPRESENTATION_CONTEXT('2D SPACE',''
  ) );
#10968 = PCURVE('',#10969,#10974);
#10969 = PLANE('',#10970);
#10970 = AXIS2_PLACEMENT_3D('',#10971,#10972,#10973);
#10971 = CARTESIAN_POINT('',(42.308968192733,10.511898655466,
    -16.46135236384));
#10972 = DIRECTION('',(-0.999847695156,1.511422733186E-02,
    -8.726203218642E-03));
#10973 = DIRECTION('',(0.,0.5,0.866025403784));
#10974 = DEFINITIONAL_REPRESENTATION('',(#10975),#10979);
#10975 = LINE('',#10976,#10977);
#10976 = CARTESIAN_POINT('',(0.,0.));
#10977 = VECTOR('',#10978,1.);
#10978 = DIRECTION('',(1.,0.));
#10979 = ( GEOMETRIC_REPRESENTATION_CONTEXT(2) 
PARAMETRIC_REPRESENTATION_CONTEXT() REPRESENTATION_CONTEXT('2D SPACE',''
  ) );
#10980 = ORIENTED_EDGE('',*,*,#10981,.F.);
#10981 = EDGE_CURVE('',#10982,#10952,#10984,.T.);
#10982 = VERTEX_POINT('',#10983);
#10983 = CARTESIAN_POINT('',(48.308054363671,10.421213291474,
    -16.40899514452));
#10984 = SURFACE_CURVE('',#10985,(#10989,#10997),.PCURVE_S1.);
#10985 = LINE('',#10986,#10987);
#10986 = CARTESIAN_POINT('',(48.308054363671,10.421213291474,
    -16.40899514452));
#10987 = VECTOR('',#10988,1.);
#10988 = DIRECTION('',(-0.999847695156,1.511422733186E-02,
    -8.726203218642E-03));
#10989 = PCURVE('',#8993,#10990);
#10990 = DEFINITIONAL_REPRESENTATION('',(#10991),#10996);
#10991 = B_SPLINE_CURVE_WITH_KNOTS('',3,(#10992,#10993,#10994,#10995),
  .UNSPECIFIED.,.F.,.F.,(4,4),(0.,6.),.PIECEWISE_BEZIER_KNOTS.);
#10992 = CARTESIAN_POINT('',(18.22898404073,0.211493204541));
#10993 = CARTESIAN_POINT('',(18.263350349106,0.46145512833));
#10994 = CARTESIAN_POINT('',(18.298109011601,0.711417052119));
#10995 = CARTESIAN_POINT('',(18.333273782916,0.961378975908));
#10996 = ( GEOMETRIC_REPRESENTATION_CONTEXT(2) 
PARAMETRIC_REPRESENTATION_CONTEXT() REPRESENTATION_CONTEXT('2D SPACE',''
  ) );
#10997 = PCURVE('',#10998,#11003);
#10998 = PLANE('',#10999);
#10999 = AXIS2_PLACEMENT_3D('',#11000,#11001,#11002);
#11000 = CARTESIAN_POINT('',(48.308054363671,10.421213291474,
    -16.40899514452));
#11001 = DIRECTION('',(0.,-0.5,-0.866025403784));
#11002 = DIRECTION('',(-0.999847695156,1.511422733186E-02,
    -8.726203218642E-03));
#11003 = DEFINITIONAL_REPRESENTATION('',(#11004),#11008);
#11004 = LINE('',#11005,#11006);
#11005 = CARTESIAN_POINT('',(0.,0.));
#11006 = VECTOR('',#11007,1.);
#11007 = DIRECTION('',(1.,0.));
#11008 = ( GEOMETRIC_REPRESENTATION_CONTEXT(2) 
PARAMETRIC_REPRESENTATION_CONTEXT() REPRESENTATION_CONTEXT('2D SPACE',''
  ) );
#11009 = ORIENTED_EDGE('',*,*,#11010,.F.);
#11010 = EDGE_CURVE('',#11011,#10982,#11013,.T.);
#11011 = VERTEX_POINT('',#11012);
#11012 = CARTESIAN_POINT('',(48.308054363671,19.421213291474,
    -0.820537876409));
#11013 = SURFACE_CURVE('',#11014,(#11018,#11025),.PCURVE_S1.);
#11014 = LINE('',#11015,#11016);
#11015 = CARTESIAN_POINT('',(48.308054363671,19.421213291474,
    -0.820537876409));
#11016 = VECTOR('',#11017,1.);
#11017 = DIRECTION('',(8.672296345945E-19,-0.5,-0.866025403784));
#11018 = PCURVE('',#8993,#11019);
#11019 = DEFINITIONAL_REPRESENTATION('',(#11020),#11024);
#11020 = B_SPLINE_CURVE_WITH_KNOTS('',2,(#11021,#11022,#11023),
  .UNSPECIFIED.,.F.,.F.,(3,3),(0.,18.),.PIECEWISE_BEZIER_KNOTS.);
#11021 = CARTESIAN_POINT('',(0.17101595927,0.211493204541));
#11022 = CARTESIAN_POINT('',(9.2,0.211493204541));
#11023 = CARTESIAN_POINT('',(18.22898404073,0.211493204541));
#11024 = ( GEOMETRIC_REPRESENTATION_CONTEXT(2) 
PARAMETRIC_REPRESENTATION_CONTEXT() REPRESENTATION_CONTEXT('2D SPACE',''
  ) );
#11025 = PCURVE('',#11026,#11031);
#11026 = PLANE('',#11027);
#11027 = AXIS2_PLACEMENT_3D('',#11028,#11029,#11030);
#11028 = CARTESIAN_POINT('',(48.308054363671,19.421213291474,
    -0.820537876409));
#11029 = DIRECTION('',(0.999847695156,-1.511422733186E-02,
    8.726203218642E-03));
#11030 = DIRECTION('',(0.,-0.5,-0.866025403784));
#11031 = DEFINITIONAL_REPRESENTATION('',(#11032),#11036);
#11032 = LINE('',#11033,#11034);
#11033 = CARTESIAN_POINT('',(0.,0.));
#11034 = VECTOR('',#11035,1.);
#11035 = DIRECTION('',(1.,0.));
#11036 = ( GEOMETRIC_REPRESENTATION_CONTEXT(2) 
PARAMETRIC_REPRESENTATION_CONTEXT() REPRESENTATION_CONTEXT('2D SPACE',''
  ) );
#11037 = ORIENTED_EDGE('',*,*,#11038,.F.);
#11038 = EDGE_CURVE('',#10954,#11011,#11039,.T.);
#11039 = SURFACE_CURVE('',#11040,(#11044,#11052),.PCURVE_S1.);
#11040 = LINE('',#11041,#11042);
#11041 = CARTESIAN_POINT('',(42.308968192733,19.511898655466,
    -0.87289509572));
#11042 = VECTOR('',#11043,1.);
#11043 = DIRECTION('',(0.999847695156,-1.511422733186E-02,
    8.726203218642E-03));
#11044 = PCURVE('',#8993,#11045);
#11045 = DEFINITIONAL_REPRESENTATION('',(#11046),#11051);
#11046 = B_SPLINE_CURVE_WITH_KNOTS('',3,(#11047,#11048,#11049,#11050),
  .UNSPECIFIED.,.F.,.F.,(4,4),(0.,6.),.PIECEWISE_BEZIER_KNOTS.);
#11047 = CARTESIAN_POINT('',(6.672621708368E-02,0.961378975908));
#11048 = CARTESIAN_POINT('',(0.101890988399,0.711417052119));
#11049 = CARTESIAN_POINT('',(0.136649650894,0.46145512833));
#11050 = CARTESIAN_POINT('',(0.17101595927,0.211493204541));
#11051 = ( GEOMETRIC_REPRESENTATION_CONTEXT(2) 
PARAMETRIC_REPRESENTATION_CONTEXT() REPRESENTATION_CONTEXT('2D SPACE',''
  ) );
#11052 = PCURVE('',#11053,#11058);
#11053 = PLANE('',#11054);
#11054 = AXIS2_PLACEMENT_3D('',#11055,#11056,#11057);
#11055 = CARTESIAN_POINT('',(42.308968192733,19.511898655466,
    -0.87289509572));
#11056 = DIRECTION('',(0.,0.5,0.866025403784));
#11057 = DIRECTION('',(0.999847695156,-1.511422733186E-02,
    8.726203218642E-03));
#11058 = DEFINITIONAL_REPRESENTATION('',(#11059),#11063);
#11059 = LINE('',#11060,#11061);
#11060 = CARTESIAN_POINT('',(0.,0.));
#11061 = VECTOR('',#11062,1.);
#11062 = DIRECTION('',(1.,0.));
#11063 = ( GEOMETRIC_REPRESENTATION_CONTEXT(2) 
PARAMETRIC_REPRESENTATION_CONTEXT() REPRESENTATION_CONTEXT('2D SPACE',''
  ) );
#11064 = ADVANCED_FACE('',(#11065),#9071,.T.);
#11065 = FACE_BOUND('',#11066,.T.);
#11066 = EDGE_LOOP('',(#11067,#11068,#11090,#11110));
#11067 = ORIENTED_EDGE('',*,*,#10312,.T.);
#11068 = ORIENTED_EDGE('',*,*,#11069,.F.);
#11069 = EDGE_CURVE('',#11070,#10313,#11072,.T.);
#11070 = VERTEX_POINT('',#11071);
#11071 = CARTESIAN_POINT('',(42.,-9.060359480574,24.860359480574));
#11072 = SURFACE_CURVE('',#11073,(#11077,#11083),.PCURVE_S1.);
#11073 = LINE('',#11074,#11075);
#11074 = CARTESIAN_POINT('',(42.,-9.060359480574,25.));
#11075 = VECTOR('',#11076,1.);
#11076 = DIRECTION('',(0.,0.,-1.));
#11077 = PCURVE('',#9071,#11078);
#11078 = DEFINITIONAL_REPRESENTATION('',(#11079),#11082);
#11079 = B_SPLINE_CURVE_WITH_KNOTS('',1,(#11080,#11081),.UNSPECIFIED.,
  .F.,.F.,(2,2),(0.139640519426,7.660359480574),
  .PIECEWISE_BEZIER_KNOTS.);
#11080 = CARTESIAN_POINT('',(0.,1.));
#11081 = CARTESIAN_POINT('',(7.8,1.));
#11082 = ( GEOMETRIC_REPRESENTATION_CONTEXT(2) 
PARAMETRIC_REPRESENTATION_CONTEXT() REPRESENTATION_CONTEXT('2D SPACE',''
  ) );
#11083 = PCURVE('',#10370,#11084);
#11084 = DEFINITIONAL_REPRESENTATION('',(#11085),#11089);
#11085 = LINE('',#11086,#11087);
#11086 = CARTESIAN_POINT('',(-5.352844598291E-02,-0.12897356371));
#11087 = VECTOR('',#11088,1.);
#11088 = DIRECTION('',(0.383330327064,0.923611314543));
#11089 = ( GEOMETRIC_REPRESENTATION_CONTEXT(2) 
PARAMETRIC_REPRESENTATION_CONTEXT() REPRESENTATION_CONTEXT('2D SPACE',''
  ) );
#11090 = ORIENTED_EDGE('',*,*,#11091,.F.);
#11091 = EDGE_CURVE('',#9039,#11070,#11092,.T.);
#11092 = SURFACE_CURVE('',#11093,(#11096,#11103),.PCURVE_S1.);
#11093 = B_SPLINE_CURVE_WITH_KNOTS('',1,(#11094,#11095),.UNSPECIFIED.,
  .F.,.F.,(2,2),(0.,1.),.PIECEWISE_BEZIER_KNOTS.);
#11094 = CARTESIAN_POINT('',(50.,-9.2,25.));
#11095 = CARTESIAN_POINT('',(42.,-9.060359480574,24.860359480574));
#11096 = PCURVE('',#9071,#11097);
#11097 = DEFINITIONAL_REPRESENTATION('',(#11098),#11102);
#11098 = LINE('',#11099,#11100);
#11099 = CARTESIAN_POINT('',(0.,0.));
#11100 = VECTOR('',#11101,1.);
#11101 = DIRECTION('',(0.,1.));
#11102 = ( GEOMETRIC_REPRESENTATION_CONTEXT(2) 
PARAMETRIC_REPRESENTATION_CONTEXT() REPRESENTATION_CONTEXT('2D SPACE',''
  ) );
#11103 = PCURVE('',#9137,#11104);
#11104 = DEFINITIONAL_REPRESENTATION('',(#11105),#11109);
#11105 = LINE('',#11106,#11107);
#11106 = CARTESIAN_POINT('',(18.4,0.));
#11107 = VECTOR('',#11108,1.);
#11108 = DIRECTION('',(0.,1.));
#11109 = ( GEOMETRIC_REPRESENTATION_CONTEXT(2) 
PARAMETRIC_REPRESENTATION_CONTEXT() REPRESENTATION_CONTEXT('2D SPACE',''
  ) );
#11110 = ORIENTED_EDGE('',*,*,#9058,.T.);
#11111 = ADVANCED_FACE('',(#11112,#11158),#9137,.T.);
#11112 = FACE_BOUND('',#11113,.T.);
#11113 = EDGE_LOOP('',(#11114,#11136,#11137,#11138));
#11114 = ORIENTED_EDGE('',*,*,#11115,.F.);
#11115 = EDGE_CURVE('',#9105,#11116,#11118,.T.);
#11116 = VERTEX_POINT('',#11117);
#11117 = CARTESIAN_POINT('',(42.,9.060359480574,24.860359480574));
#11118 = SURFACE_CURVE('',#11119,(#11122,#11129),.PCURVE_S1.);
#11119 = B_SPLINE_CURVE_WITH_KNOTS('',1,(#11120,#11121),.UNSPECIFIED.,
  .F.,.F.,(2,2),(0.,1.),.PIECEWISE_BEZIER_KNOTS.);
#11120 = CARTESIAN_POINT('',(50.,9.2,25.));
#11121 = CARTESIAN_POINT('',(42.,9.060359480574,24.860359480574));
#11122 = PCURVE('',#9137,#11123);
#11123 = DEFINITIONAL_REPRESENTATION('',(#11124),#11128);
#11124 = LINE('',#11125,#11126);
#11125 = CARTESIAN_POINT('',(0.,0.));
#11126 = VECTOR('',#11127,1.);
#11127 = DIRECTION('',(0.,1.));
#11128 = ( GEOMETRIC_REPRESENTATION_CONTEXT(2) 
PARAMETRIC_REPRESENTATION_CONTEXT() REPRESENTATION_CONTEXT('2D SPACE',''
  ) );
#11129 = PCURVE('',#9185,#11130);
#11130 = DEFINITIONAL_REPRESENTATION('',(#11131),#11135);
#11131 = LINE('',#11132,#11133);
#11132 = CARTESIAN_POINT('',(7.8,0.));
#11133 = VECTOR('',#11134,1.);
#11134 = DIRECTION('',(0.,1.));
#11135 = ( GEOMETRIC_REPRESENTATION_CONTEXT(2) 
PARAMETRIC_REPRESENTATION_CONTEXT() REPRESENTATION_CONTEXT('2D SPACE',''
  ) );
#11136 = ORIENTED_EDGE('',*,*,#9124,.T.);
#11137 = ORIENTED_EDGE('',*,*,#11091,.T.);
#11138 = ORIENTED_EDGE('',*,*,#11139,.F.);
#11139 = EDGE_CURVE('',#11116,#11070,#11140,.T.);
#11140 = SURFACE_CURVE('',#11141,(#11145,#11151),.PCURVE_S1.);
#11141 = LINE('',#11142,#11143);
#11142 = CARTESIAN_POINT('',(42.,9.2,24.860359480574));
#11143 = VECTOR('',#11144,1.);
#11144 = DIRECTION('',(0.,-1.,0.));
#11145 = PCURVE('',#9137,#11146);
#11146 = DEFINITIONAL_REPRESENTATION('',(#11147),#11150);
#11147 = B_SPLINE_CURVE_WITH_KNOTS('',1,(#11148,#11149),.UNSPECIFIED.,
  .F.,.F.,(2,2),(0.139640519426,18.260359480574),
  .PIECEWISE_BEZIER_KNOTS.);
#11148 = CARTESIAN_POINT('',(0.,1.));
#11149 = CARTESIAN_POINT('',(18.4,1.));
#11150 = ( GEOMETRIC_REPRESENTATION_CONTEXT(2) 
PARAMETRIC_REPRESENTATION_CONTEXT() REPRESENTATION_CONTEXT('2D SPACE',''
  ) );
#11151 = PCURVE('',#10370,#11152);
#11152 = DEFINITIONAL_REPRESENTATION('',(#11153),#11157);
#11153 = LINE('',#11154,#11155);
#11154 = CARTESIAN_POINT('',(16.86547462389,-6.999749572001));
#11155 = VECTOR('',#11156,1.);
#11156 = DIRECTION('',(-0.923611314543,0.383330327064));
#11157 = ( GEOMETRIC_REPRESENTATION_CONTEXT(2) 
PARAMETRIC_REPRESENTATION_CONTEXT() REPRESENTATION_CONTEXT('2D SPACE',''
  ) );
#11158 = FACE_BOUND('',#11159,.T.);
#11159 = EDGE_LOOP('',(#11160,#11190,#11219,#11247));
#11160 = ORIENTED_EDGE('',*,*,#11161,.F.);
#11161 = EDGE_CURVE('',#11162,#11164,#11166,.T.);
#11162 = VERTEX_POINT('',#11163);
#11163 = CARTESIAN_POINT('',(42.072512659888,-9.,24.861625193761));
#11164 = VERTEX_POINT('',#11165);
#11165 = CARTESIAN_POINT('',(42.072512659888,9.,24.861625193761));
#11166 = SURFACE_CURVE('',#11167,(#11171,#11178),.PCURVE_S1.);
#11167 = LINE('',#11168,#11169);
#11168 = CARTESIAN_POINT('',(42.072512659888,-9.,24.861625193761));
#11169 = VECTOR('',#11170,1.);
#11170 = DIRECTION('',(0.,1.,0.));
#11171 = PCURVE('',#9137,#11172);
#11172 = DEFINITIONAL_REPRESENTATION('',(#11173),#11177);
#11173 = B_SPLINE_CURVE_WITH_KNOTS('',2,(#11174,#11175,#11176),
  .UNSPECIFIED.,.F.,.F.,(3,3),(0.,18.),.PIECEWISE_BEZIER_KNOTS.);
#11174 = CARTESIAN_POINT('',(18.337433763759,0.990935917514));
#11175 = CARTESIAN_POINT('',(9.2,0.990935917514));
#11176 = CARTESIAN_POINT('',(6.256623624083E-02,0.990935917514));
#11177 = ( GEOMETRIC_REPRESENTATION_CONTEXT(2) 
PARAMETRIC_REPRESENTATION_CONTEXT() REPRESENTATION_CONTEXT('2D SPACE',''
  ) );
#11178 = PCURVE('',#11179,#11184);
#11179 = PLANE('',#11180);
#11180 = AXIS2_PLACEMENT_3D('',#11181,#11182,#11183);
#11181 = CARTESIAN_POINT('',(42.072512659888,-9.,24.861625193761));
#11182 = DIRECTION('',(-0.999847695156,0.,-1.745240643728E-02));
#11183 = DIRECTION('',(0.,1.,0.));
#11184 = DEFINITIONAL_REPRESENTATION('',(#11185),#11189);
#11185 = LINE('',#11186,#11187);
#11186 = CARTESIAN_POINT('',(0.,0.));
#11187 = VECTOR('',#11188,1.);
#11188 = DIRECTION('',(1.,0.));
#11189 = ( GEOMETRIC_REPRESENTATION_CONTEXT(2) 
PARAMETRIC_REPRESENTATION_CONTEXT() REPRESENTATION_CONTEXT('2D SPACE',''
  ) );
#11190 = ORIENTED_EDGE('',*,*,#11191,.F.);
#11191 = EDGE_CURVE('',#11192,#11162,#11194,.T.);
#11192 = VERTEX_POINT('',#11193);
#11193 = CARTESIAN_POINT('',(48.071598830826,-9.,24.966339632384));
#11194 = SURFACE_CURVE('',#11195,(#11199,#11207),.PCURVE_S1.);
#11195 = LINE('',#11196,#11197);
#11196 = CARTESIAN_POINT('',(48.071598830826,-9.,24.966339632384));
#11197 = VECTOR('',#11198,1.);
#11198 = DIRECTION('',(-0.999847695156,0.,-1.745240643728E-02));
#11199 = PCURVE('',#9137,#11200);
#11200 = DEFINITIONAL_REPRESENTATION('',(#11201),#11206);
#11201 = B_SPLINE_CURVE_WITH_KNOTS('',3,(#11202,#11203,#11204,#11205),
  .UNSPECIFIED.,.F.,.F.,(4,4),(0.,6.),.PIECEWISE_BEZIER_KNOTS.);
#11202 = CARTESIAN_POINT('',(18.233049540022,0.241050146147));
#11203 = CARTESIAN_POINT('',(18.267446803758,0.491012069936));
#11204 = CARTESIAN_POINT('',(18.302236951792,0.740973993725));
#11205 = CARTESIAN_POINT('',(18.337433763759,0.990935917514));
#11206 = ( GEOMETRIC_REPRESENTATION_CONTEXT(2) 
PARAMETRIC_REPRESENTATION_CONTEXT() REPRESENTATION_CONTEXT('2D SPACE',''
  ) );
#11207 = PCURVE('',#11208,#11213);
#11208 = PLANE('',#11209);
#11209 = AXIS2_PLACEMENT_3D('',#11210,#11211,#11212);
#11210 = CARTESIAN_POINT('',(48.071598830826,-9.,24.966339632384));
#11211 = DIRECTION('',(0.,-1.,0.));
#11212 = DIRECTION('',(-0.999847695156,0.,-1.745240643728E-02));
#11213 = DEFINITIONAL_REPRESENTATION('',(#11214),#11218);
#11214 = LINE('',#11215,#11216);
#11215 = CARTESIAN_POINT('',(0.,0.));
#11216 = VECTOR('',#11217,1.);
#11217 = DIRECTION('',(1.,0.));
#11218 = ( GEOMETRIC_REPRESENTATION_CONTEXT(2) 
PARAMETRIC_REPRESENTATION_CONTEXT() REPRESENTATION_CONTEXT('2D SPACE',''
  ) );
#11219 = ORIENTED_EDGE('',*,*,#11220,.F.);
#11220 = EDGE_CURVE('',#11221,#11192,#11223,.T.);
#11221 = VERTEX_POINT('',#11222);
#11222 = CARTESIAN_POINT('',(48.071598830826,9.,24.966339632384));
#11223 = SURFACE_CURVE('',#11224,(#11228,#11235),.PCURVE_S1.);
#11224 = LINE('',#11225,#11226);
#11225 = CARTESIAN_POINT('',(48.071598830826,9.,24.966339632384));
#11226 = VECTOR('',#11227,1.);
#11227 = DIRECTION('',(0.,-1.,0.));
#11228 = PCURVE('',#9137,#11229);
#11229 = DEFINITIONAL_REPRESENTATION('',(#11230),#11234);
#11230 = B_SPLINE_CURVE_WITH_KNOTS('',2,(#11231,#11232,#11233),
  .UNSPECIFIED.,.F.,.F.,(3,3),(0.,18.),.PIECEWISE_BEZIER_KNOTS.);
#11231 = CARTESIAN_POINT('',(0.166950459978,0.241050146147));
#11232 = CARTESIAN_POINT('',(9.2,0.241050146147));
#11233 = CARTESIAN_POINT('',(18.233049540022,0.241050146147));
#11234 = ( GEOMETRIC_REPRESENTATION_CONTEXT(2) 
PARAMETRIC_REPRESENTATION_CONTEXT() REPRESENTATION_CONTEXT('2D SPACE',''
  ) );
#11235 = PCURVE('',#11236,#11241);
#11236 = PLANE('',#11237);
#11237 = AXIS2_PLACEMENT_3D('',#11238,#11239,#11240);
#11238 = CARTESIAN_POINT('',(48.071598830826,9.,24.966339632384));
#11239 = DIRECTION('',(0.999847695156,0.,1.745240643728E-02));
#11240 = DIRECTION('',(0.,-1.,0.));
#11241 = DEFINITIONAL_REPRESENTATION('',(#11242),#11246);
#11242 = LINE('',#11243,#11244);
#11243 = CARTESIAN_POINT('',(0.,0.));
#11244 = VECTOR('',#11245,1.);
#11245 = DIRECTION('',(1.,0.));
#11246 = ( GEOMETRIC_REPRESENTATION_CONTEXT(2) 
PARAMETRIC_REPRESENTATION_CONTEXT() REPRESENTATION_CONTEXT('2D SPACE',''
  ) );
#11247 = ORIENTED_EDGE('',*,*,#11248,.F.);
#11248 = EDGE_CURVE('',#11164,#11221,#11249,.T.);
#11249 = SURFACE_CURVE('',#11250,(#11254,#11262),.PCURVE_S1.);
#11250 = LINE('',#11251,#11252);
#11251 = CARTESIAN_POINT('',(42.072512659888,9.,24.861625193761));
#11252 = VECTOR('',#11253,1.);
#11253 = DIRECTION('',(0.999847695156,0.,1.745240643728E-02));
#11254 = PCURVE('',#9137,#11255);
#11255 = DEFINITIONAL_REPRESENTATION('',(#11256),#11261);
#11256 = B_SPLINE_CURVE_WITH_KNOTS('',3,(#11257,#11258,#11259,#11260),
  .UNSPECIFIED.,.F.,.F.,(4,4),(0.,6.),.PIECEWISE_BEZIER_KNOTS.);
#11257 = CARTESIAN_POINT('',(6.256623624083E-02,0.990935917514));
#11258 = CARTESIAN_POINT('',(9.776304820776E-02,0.740973993725));
#11259 = CARTESIAN_POINT('',(0.132553196242,0.491012069936));
#11260 = CARTESIAN_POINT('',(0.166950459978,0.241050146147));
#11261 = ( GEOMETRIC_REPRESENTATION_CONTEXT(2) 
PARAMETRIC_REPRESENTATION_CONTEXT() REPRESENTATION_CONTEXT('2D SPACE',''
  ) );
#11262 = PCURVE('',#11263,#11268);
#11263 = PLANE('',#11264);
#11264 = AXIS2_PLACEMENT_3D('',#11265,#11266,#11267);
#11265 = CARTESIAN_POINT('',(42.072512659888,9.,24.861625193761));
#11266 = DIRECTION('',(0.,1.,0.));
#11267 = DIRECTION('',(0.999847695156,0.,1.745240643728E-02));
#11268 = DEFINITIONAL_REPRESENTATION('',(#11269),#11273);
#11269 = LINE('',#11270,#11271);
#11270 = CARTESIAN_POINT('',(0.,0.));
#11271 = VECTOR('',#11272,1.);
#11272 = DIRECTION('',(1.,0.));
#11273 = ( GEOMETRIC_REPRESENTATION_CONTEXT(2) 
PARAMETRIC_REPRESENTATION_CONTEXT() REPRESENTATION_CONTEXT('2D SPACE',''
  ) );
#11274 = ADVANCED_FACE('',(#11275),#9185,.T.);
#11275 = FACE_BOUND('',#11276,.T.);
#11276 = EDGE_LOOP('',(#11277,#11278,#11298,#11299));
#11277 = ORIENTED_EDGE('',*,*,#11115,.T.);
#11278 = ORIENTED_EDGE('',*,*,#11279,.F.);
#11279 = EDGE_CURVE('',#10336,#11116,#11280,.T.);
#11280 = SURFACE_CURVE('',#11281,(#11285,#11291),.PCURVE_S1.);
#11281 = LINE('',#11282,#11283);
#11282 = CARTESIAN_POINT('',(42.,9.060359480574,17.2));
#11283 = VECTOR('',#11284,1.);
#11284 = DIRECTION('',(0.,0.,1.));
#11285 = PCURVE('',#9185,#11286);
#11286 = DEFINITIONAL_REPRESENTATION('',(#11287),#11290);
#11287 = B_SPLINE_CURVE_WITH_KNOTS('',1,(#11288,#11289),.UNSPECIFIED.,
  .F.,.F.,(2,2),(0.139640519426,7.660359480574),
  .PIECEWISE_BEZIER_KNOTS.);
#11288 = CARTESIAN_POINT('',(0.,1.));
#11289 = CARTESIAN_POINT('',(7.8,1.));
#11290 = ( GEOMETRIC_REPRESENTATION_CONTEXT(2) 
PARAMETRIC_REPRESENTATION_CONTEXT() REPRESENTATION_CONTEXT('2D SPACE',''
  ) );
#11291 = PCURVE('',#10370,#11292);
#11292 = DEFINITIONAL_REPRESENTATION('',(#11293),#11297);
#11293 = LINE('',#11294,#11295);
#11294 = CARTESIAN_POINT('',(19.672949165298,0.12897356371));
#11295 = VECTOR('',#11296,1.);
#11296 = DIRECTION('',(-0.383330327064,-0.923611314543));
#11297 = ( GEOMETRIC_REPRESENTATION_CONTEXT(2) 
PARAMETRIC_REPRESENTATION_CONTEXT() REPRESENTATION_CONTEXT('2D SPACE',''
  ) );
#11298 = ORIENTED_EDGE('',*,*,#10335,.F.);
#11299 = ORIENTED_EDGE('',*,*,#9172,.T.);
#11300 = ADVANCED_FACE('',(#11301),#9235,.T.);
#11301 = FACE_BOUND('',#11302,.T.);
#11302 = EDGE_LOOP('',(#11303,#11325,#11326,#11327));
#11303 = ORIENTED_EDGE('',*,*,#11304,.F.);
#11304 = EDGE_CURVE('',#9203,#11305,#11307,.T.);
#11305 = VERTEX_POINT('',#11306);
#11306 = CARTESIAN_POINT('',(42.,16.999523117104,20.276681217884));
#11307 = SURFACE_CURVE('',#11308,(#11311,#11318),.PCURVE_S1.);
#11308 = B_SPLINE_CURVE_WITH_KNOTS('',1,(#11309,#11310),.UNSPECIFIED.,
  .F.,.F.,(2,2),(0.,1.),.PIECEWISE_BEZIER_KNOTS.);
#11309 = CARTESIAN_POINT('',(50.,17.050635094611,20.467433714817));
#11310 = CARTESIAN_POINT('',(42.,16.999523117104,20.276681217884));
#11311 = PCURVE('',#9235,#11312);
#11312 = DEFINITIONAL_REPRESENTATION('',(#11313),#11317);
#11313 = LINE('',#11314,#11315);
#11314 = CARTESIAN_POINT('',(0.,0.));
#11315 = VECTOR('',#11316,1.);
#11316 = DIRECTION('',(0.,1.));
#11317 = ( GEOMETRIC_REPRESENTATION_CONTEXT(2) 
PARAMETRIC_REPRESENTATION_CONTEXT() REPRESENTATION_CONTEXT('2D SPACE',''
  ) );
#11318 = PCURVE('',#9285,#11319);
#11319 = DEFINITIONAL_REPRESENTATION('',(#11320),#11324);
#11320 = LINE('',#11321,#11322);
#11321 = CARTESIAN_POINT('',(18.4,0.));
#11322 = VECTOR('',#11323,1.);
#11323 = DIRECTION('',(0.,1.));
#11324 = ( GEOMETRIC_REPRESENTATION_CONTEXT(2) 
PARAMETRIC_REPRESENTATION_CONTEXT() REPRESENTATION_CONTEXT('2D SPACE',''
  ) );
#11325 = ORIENTED_EDGE('',*,*,#9222,.T.);
#11326 = ORIENTED_EDGE('',*,*,#10690,.T.);
#11327 = ORIENTED_EDGE('',*,*,#11328,.F.);
#11328 = EDGE_CURVE('',#11305,#10691,#11329,.T.);
#11329 = SURFACE_CURVE('',#11330,(#11334,#11340),.PCURVE_S1.);
#11330 = LINE('',#11331,#11332);
#11331 = CARTESIAN_POINT('',(42.,17.120455354324,20.346501477596));
#11332 = VECTOR('',#11333,1.);
#11333 = DIRECTION('',(0.,-0.866025403784,-0.5));
#11334 = PCURVE('',#9235,#11335);
#11335 = DEFINITIONAL_REPRESENTATION('',(#11336),#11339);
#11336 = B_SPLINE_CURVE_WITH_KNOTS('',1,(#11337,#11338),.UNSPECIFIED.,
  .F.,.F.,(2,2),(0.139640519426,7.660359480574),
  .PIECEWISE_BEZIER_KNOTS.);
#11337 = CARTESIAN_POINT('',(0.,1.));
#11338 = CARTESIAN_POINT('',(7.8,1.));
#11339 = ( GEOMETRIC_REPRESENTATION_CONTEXT(2) 
PARAMETRIC_REPRESENTATION_CONTEXT() REPRESENTATION_CONTEXT('2D SPACE',''
  ) );
#11340 = PCURVE('',#10748,#11341);
#11341 = DEFINITIONAL_REPRESENTATION('',(#11342),#11346);
#11342 = LINE('',#11343,#11344);
#11343 = CARTESIAN_POINT('',(-5.352844598291E-02,-0.12897356371));
#11344 = VECTOR('',#11345,1.);
#11345 = DIRECTION('',(0.383330327064,0.923611314543));
#11346 = ( GEOMETRIC_REPRESENTATION_CONTEXT(2) 
PARAMETRIC_REPRESENTATION_CONTEXT() REPRESENTATION_CONTEXT('2D SPACE',''
  ) );
#11347 = ADVANCED_FACE('',(#11348,#11394),#9285,.T.);
#11348 = FACE_BOUND('',#11349,.T.);
#11349 = EDGE_LOOP('',(#11350,#11372,#11373,#11374));
#11350 = ORIENTED_EDGE('',*,*,#11351,.F.);
#11351 = EDGE_CURVE('',#9253,#11352,#11354,.T.);
#11352 = VERTEX_POINT('',#11353);
#11353 = CARTESIAN_POINT('',(42.,26.059882597678,4.583678262691));
#11354 = SURFACE_CURVE('',#11355,(#11358,#11365),.PCURVE_S1.);
#11355 = B_SPLINE_CURVE_WITH_KNOTS('',1,(#11356,#11357),.UNSPECIFIED.,
  .F.,.F.,(2,2),(0.,1.),.PIECEWISE_BEZIER_KNOTS.);
#11356 = CARTESIAN_POINT('',(50.,26.250635094611,4.532566285183));
#11357 = CARTESIAN_POINT('',(42.,26.059882597678,4.583678262691));
#11358 = PCURVE('',#9285,#11359);
#11359 = DEFINITIONAL_REPRESENTATION('',(#11360),#11364);
#11360 = LINE('',#11361,#11362);
#11361 = CARTESIAN_POINT('',(0.,0.));
#11362 = VECTOR('',#11363,1.);
#11363 = DIRECTION('',(0.,1.));
#11364 = ( GEOMETRIC_REPRESENTATION_CONTEXT(2) 
PARAMETRIC_REPRESENTATION_CONTEXT() REPRESENTATION_CONTEXT('2D SPACE',''
  ) );
#11365 = PCURVE('',#9334,#11366);
#11366 = DEFINITIONAL_REPRESENTATION('',(#11367),#11371);
#11367 = LINE('',#11368,#11369);
#11368 = CARTESIAN_POINT('',(7.8,0.));
#11369 = VECTOR('',#11370,1.);
#11370 = DIRECTION('',(0.,1.));
#11371 = ( GEOMETRIC_REPRESENTATION_CONTEXT(2) 
PARAMETRIC_REPRESENTATION_CONTEXT() REPRESENTATION_CONTEXT('2D SPACE',''
  ) );
#11372 = ORIENTED_EDGE('',*,*,#9272,.T.);
#11373 = ORIENTED_EDGE('',*,*,#11304,.T.);
#11374 = ORIENTED_EDGE('',*,*,#11375,.F.);
#11375 = EDGE_CURVE('',#11352,#11305,#11376,.T.);
#11376 = SURFACE_CURVE('',#11377,(#11381,#11387),.PCURVE_S1.);
#11377 = LINE('',#11378,#11379);
#11378 = CARTESIAN_POINT('',(42.,26.129702857391,4.46274602547));
#11379 = VECTOR('',#11380,1.);
#11380 = DIRECTION('',(0.,-0.5,0.866025403784));
#11381 = PCURVE('',#9285,#11382);
#11382 = DEFINITIONAL_REPRESENTATION('',(#11383),#11386);
#11383 = B_SPLINE_CURVE_WITH_KNOTS('',1,(#11384,#11385),.UNSPECIFIED.,
  .F.,.F.,(2,2),(0.139640519426,18.260359480574),
  .PIECEWISE_BEZIER_KNOTS.);
#11384 = CARTESIAN_POINT('',(0.,1.));
#11385 = CARTESIAN_POINT('',(18.4,1.));
#11386 = ( GEOMETRIC_REPRESENTATION_CONTEXT(2) 
PARAMETRIC_REPRESENTATION_CONTEXT() REPRESENTATION_CONTEXT('2D SPACE',''
  ) );
#11387 = PCURVE('',#10748,#11388);
#11388 = DEFINITIONAL_REPRESENTATION('',(#11389),#11393);
#11389 = LINE('',#11390,#11391);
#11390 = CARTESIAN_POINT('',(16.86547462389,-6.999749572001));
#11391 = VECTOR('',#11392,1.);
#11392 = DIRECTION('',(-0.923611314543,0.383330327064));
#11393 = ( GEOMETRIC_REPRESENTATION_CONTEXT(2) 
PARAMETRIC_REPRESENTATION_CONTEXT() REPRESENTATION_CONTEXT('2D SPACE',''
  ) );
#11394 = FACE_BOUND('',#11395,.T.);
#11395 = EDGE_LOOP('',(#11396,#11426,#11455,#11483));
#11396 = ORIENTED_EDGE('',*,*,#11397,.F.);
#11397 = EDGE_CURVE('',#11398,#11400,#11402,.T.);
#11398 = VERTEX_POINT('',#11399);
#11399 = CARTESIAN_POINT('',(42.072512659888,17.030798997164,
    20.22504123094));
#11400 = VERTEX_POINT('',#11401);
#11401 = CARTESIAN_POINT('',(42.072512659888,26.030798997164,
    4.63658396282));
#11402 = SURFACE_CURVE('',#11403,(#11407,#11414),.PCURVE_S1.);
#11403 = LINE('',#11404,#11405);
#11404 = CARTESIAN_POINT('',(42.072512659888,17.030798997164,
    20.22504123094));
#11405 = VECTOR('',#11406,1.);
#11406 = DIRECTION('',(-9.688031730894E-19,0.5,-0.866025403784));
#11407 = PCURVE('',#9285,#11408);
#11408 = DEFINITIONAL_REPRESENTATION('',(#11409),#11413);
#11409 = B_SPLINE_CURVE_WITH_KNOTS('',2,(#11410,#11411,#11412),
  .UNSPECIFIED.,.F.,.F.,(3,3),(0.,18.),.PIECEWISE_BEZIER_KNOTS.);
#11410 = CARTESIAN_POINT('',(18.337433763759,0.990935917514));
#11411 = CARTESIAN_POINT('',(9.2,0.990935917514));
#11412 = CARTESIAN_POINT('',(6.256623624082E-02,0.990935917514));
#11413 = ( GEOMETRIC_REPRESENTATION_CONTEXT(2) 
PARAMETRIC_REPRESENTATION_CONTEXT() REPRESENTATION_CONTEXT('2D SPACE',''
  ) );
#11414 = PCURVE('',#11415,#11420);
#11415 = PLANE('',#11416);
#11416 = AXIS2_PLACEMENT_3D('',#11417,#11418,#11419);
#11417 = CARTESIAN_POINT('',(42.072512659888,17.030798997164,
    20.22504123094));
#11418 = DIRECTION('',(-0.999847695156,-1.511422733186E-02,
    -8.726203218642E-03));
#11419 = DIRECTION('',(0.,0.5,-0.866025403784));
#11420 = DEFINITIONAL_REPRESENTATION('',(#11421),#11425);
#11421 = LINE('',#11422,#11423);
#11422 = CARTESIAN_POINT('',(0.,0.));
#11423 = VECTOR('',#11424,1.);
#11424 = DIRECTION('',(1.,-5.551115123126E-17));
#11425 = ( GEOMETRIC_REPRESENTATION_CONTEXT(2) 
PARAMETRIC_REPRESENTATION_CONTEXT() REPRESENTATION_CONTEXT('2D SPACE',''
  ) );
#11426 = ORIENTED_EDGE('',*,*,#11427,.F.);
#11427 = EDGE_CURVE('',#11428,#11398,#11430,.T.);
#11428 = VERTEX_POINT('',#11429);
#11429 = CARTESIAN_POINT('',(48.071598830826,17.121484361155,
    20.277398450252));
#11430 = SURFACE_CURVE('',#11431,(#11435,#11443),.PCURVE_S1.);
#11431 = LINE('',#11432,#11433);
#11432 = CARTESIAN_POINT('',(48.071598830826,17.121484361155,
    20.277398450252));
#11433 = VECTOR('',#11434,1.);
#11434 = DIRECTION('',(-0.999847695156,-1.511422733186E-02,
    -8.726203218642E-03));
#11435 = PCURVE('',#9285,#11436);
#11436 = DEFINITIONAL_REPRESENTATION('',(#11437),#11442);
#11437 = B_SPLINE_CURVE_WITH_KNOTS('',3,(#11438,#11439,#11440,#11441),
  .UNSPECIFIED.,.F.,.F.,(4,4),(0.,6.),.PIECEWISE_BEZIER_KNOTS.);
#11438 = CARTESIAN_POINT('',(18.233049540022,0.241050146147));
#11439 = CARTESIAN_POINT('',(18.267446803758,0.491012069936));
#11440 = CARTESIAN_POINT('',(18.302236951792,0.740973993725));
#11441 = CARTESIAN_POINT('',(18.337433763759,0.990935917514));
#11442 = ( GEOMETRIC_REPRESENTATION_CONTEXT(2) 
PARAMETRIC_REPRESENTATION_CONTEXT() REPRESENTATION_CONTEXT('2D SPACE',''
  ) );
#11443 = PCURVE('',#11444,#11449);
#11444 = PLANE('',#11445);
#11445 = AXIS2_PLACEMENT_3D('',#11446,#11447,#11448);
#11446 = CARTESIAN_POINT('',(48.071598830826,17.121484361155,
    20.277398450252));
#11447 = DIRECTION('',(0.,-0.5,0.866025403784));
#11448 = DIRECTION('',(-0.999847695156,-1.511422733186E-02,
    -8.726203218642E-03));
#11449 = DEFINITIONAL_REPRESENTATION('',(#11450),#11454);
#11450 = LINE('',#11451,#11452);
#11451 = CARTESIAN_POINT('',(0.,0.));
#11452 = VECTOR('',#11453,1.);
#11453 = DIRECTION('',(1.,0.));
#11454 = ( GEOMETRIC_REPRESENTATION_CONTEXT(2) 
PARAMETRIC_REPRESENTATION_CONTEXT() REPRESENTATION_CONTEXT('2D SPACE',''
  ) );
#11455 = ORIENTED_EDGE('',*,*,#11456,.F.);
#11456 = EDGE_CURVE('',#11457,#11428,#11459,.T.);
#11457 = VERTEX_POINT('',#11458);
#11458 = CARTESIAN_POINT('',(48.071598830826,26.121484361155,
    4.688941182132));
#11459 = SURFACE_CURVE('',#11460,(#11464,#11471),.PCURVE_S1.);
#11460 = LINE('',#11461,#11462);
#11461 = CARTESIAN_POINT('',(48.071598830826,26.121484361155,
    4.688941182132));
#11462 = VECTOR('',#11463,1.);
#11463 = DIRECTION('',(9.688031730894E-19,-0.5,0.866025403784));
#11464 = PCURVE('',#9285,#11465);
#11465 = DEFINITIONAL_REPRESENTATION('',(#11466),#11470);
#11466 = B_SPLINE_CURVE_WITH_KNOTS('',2,(#11467,#11468,#11469),
  .UNSPECIFIED.,.F.,.F.,(3,3),(0.,18.),.PIECEWISE_BEZIER_KNOTS.);
#11467 = CARTESIAN_POINT('',(0.166950459978,0.241050146147));
#11468 = CARTESIAN_POINT('',(9.2,0.241050146147));
#11469 = CARTESIAN_POINT('',(18.233049540022,0.241050146147));
#11470 = ( GEOMETRIC_REPRESENTATION_CONTEXT(2) 
PARAMETRIC_REPRESENTATION_CONTEXT() REPRESENTATION_CONTEXT('2D SPACE',''
  ) );
#11471 = PCURVE('',#11472,#11477);
#11472 = PLANE('',#11473);
#11473 = AXIS2_PLACEMENT_3D('',#11474,#11475,#11476);
#11474 = CARTESIAN_POINT('',(48.071598830826,26.121484361155,
    4.688941182132));
#11475 = DIRECTION('',(0.999847695156,1.511422733186E-02,
    8.726203218642E-03));
#11476 = DIRECTION('',(0.,-0.5,0.866025403784));
#11477 = DEFINITIONAL_REPRESENTATION('',(#11478),#11482);
#11478 = LINE('',#11479,#11480);
#11479 = CARTESIAN_POINT('',(0.,0.));
#11480 = VECTOR('',#11481,1.);
#11481 = DIRECTION('',(1.,5.551115123126E-17));
#11482 = ( GEOMETRIC_REPRESENTATION_CONTEXT(2) 
PARAMETRIC_REPRESENTATION_CONTEXT() REPRESENTATION_CONTEXT('2D SPACE',''
  ) );
#11483 = ORIENTED_EDGE('',*,*,#11484,.F.);
#11484 = EDGE_CURVE('',#11400,#11457,#11485,.T.);
#11485 = SURFACE_CURVE('',#11486,(#11490,#11498),.PCURVE_S1.);
#11486 = LINE('',#11487,#11488);
#11487 = CARTESIAN_POINT('',(42.072512659888,26.030798997164,
    4.63658396282));
#11488 = VECTOR('',#11489,1.);
#11489 = DIRECTION('',(0.999847695156,1.511422733186E-02,
    8.726203218642E-03));
#11490 = PCURVE('',#9285,#11491);
#11491 = DEFINITIONAL_REPRESENTATION('',(#11492),#11497);
#11492 = B_SPLINE_CURVE_WITH_KNOTS('',3,(#11493,#11494,#11495,#11496),
  .UNSPECIFIED.,.F.,.F.,(4,4),(0.,6.),.PIECEWISE_BEZIER_KNOTS.);
#11493 = CARTESIAN_POINT('',(6.256623624082E-02,0.990935917514));
#11494 = CARTESIAN_POINT('',(9.776304820776E-02,0.740973993725));
#11495 = CARTESIAN_POINT('',(0.132553196242,0.491012069936));
#11496 = CARTESIAN_POINT('',(0.166950459978,0.241050146147));
#11497 = ( GEOMETRIC_REPRESENTATION_CONTEXT(2) 
PARAMETRIC_REPRESENTATION_CONTEXT() REPRESENTATION_CONTEXT('2D SPACE',''
  ) );
#11498 = PCURVE('',#11499,#11504);
#11499 = PLANE('',#11500);
#11500 = AXIS2_PLACEMENT_3D('',#11501,#11502,#11503);
#11501 = CARTESIAN_POINT('',(42.072512659888,26.030798997164,
    4.63658396282));
#11502 = DIRECTION('',(0.,0.5,-0.866025403784));
#11503 = DIRECTION('',(0.999847695156,1.511422733186E-02,
    8.726203218642E-03));
#11504 = DEFINITIONAL_REPRESENTATION('',(#11505),#11509);
#11505 = LINE('',#11506,#11507);
#11506 = CARTESIAN_POINT('',(0.,0.));
#11507 = VECTOR('',#11508,1.);
#11508 = DIRECTION('',(1.,0.));
#11509 = ( GEOMETRIC_REPRESENTATION_CONTEXT(2) 
PARAMETRIC_REPRESENTATION_CONTEXT() REPRESENTATION_CONTEXT('2D SPACE',''
  ) );
#11510 = ADVANCED_FACE('',(#11511),#9334,.T.);
#11511 = FACE_BOUND('',#11512,.T.);
#11512 = EDGE_LOOP('',(#11513,#11514,#11515,#11516));
#11513 = ORIENTED_EDGE('',*,*,#10713,.F.);
#11514 = ORIENTED_EDGE('',*,*,#9321,.T.);
#11515 = ORIENTED_EDGE('',*,*,#11351,.T.);
#11516 = ORIENTED_EDGE('',*,*,#11517,.F.);
#11517 = EDGE_CURVE('',#10714,#11352,#11518,.T.);
#11518 = SURFACE_CURVE('',#11519,(#11523,#11529),.PCURVE_S1.);
#11519 = LINE('',#11520,#11521);
#11520 = CARTESIAN_POINT('',(42.,19.425816685379,0.753498522403));
#11521 = VECTOR('',#11522,1.);
#11522 = DIRECTION('',(0.,0.866025403784,0.5));
#11523 = PCURVE('',#9334,#11524);
#11524 = DEFINITIONAL_REPRESENTATION('',(#11525),#11528);
#11525 = B_SPLINE_CURVE_WITH_KNOTS('',1,(#11526,#11527),.UNSPECIFIED.,
  .F.,.F.,(2,2),(0.139640519426,7.660359480574),
  .PIECEWISE_BEZIER_KNOTS.);
#11526 = CARTESIAN_POINT('',(0.,1.));
#11527 = CARTESIAN_POINT('',(7.8,1.));
#11528 = ( GEOMETRIC_REPRESENTATION_CONTEXT(2) 
PARAMETRIC_REPRESENTATION_CONTEXT() REPRESENTATION_CONTEXT('2D SPACE',''
  ) );
#11529 = PCURVE('',#10748,#11530);
#11530 = DEFINITIONAL_REPRESENTATION('',(#11531),#11535);
#11531 = LINE('',#11532,#11533);
#11532 = CARTESIAN_POINT('',(19.672949165298,0.12897356371));
#11533 = VECTOR('',#11534,1.);
#11534 = DIRECTION('',(-0.383330327064,-0.923611314543));
#11535 = ( GEOMETRIC_REPRESENTATION_CONTEXT(2) 
PARAMETRIC_REPRESENTATION_CONTEXT() REPRESENTATION_CONTEXT('2D SPACE',''
  ) );
#11536 = ADVANCED_FACE('',(#11537),#9385,.T.);
#11537 = FACE_BOUND('',#11538,.T.);
#11538 = EDGE_LOOP('',(#11539,#11561,#11562,#11563));
#11539 = ORIENTED_EDGE('',*,*,#11540,.F.);
#11540 = EDGE_CURVE('',#9353,#11541,#11543,.T.);
#11541 = VERTEX_POINT('',#11542);
#11542 = CARTESIAN_POINT('',(42.,26.059882597678,-4.583678262691));
#11543 = SURFACE_CURVE('',#11544,(#11547,#11554),.PCURVE_S1.);
#11544 = B_SPLINE_CURVE_WITH_KNOTS('',1,(#11545,#11546),.UNSPECIFIED.,
  .F.,.F.,(2,2),(0.,1.),.PIECEWISE_BEZIER_KNOTS.);
#11545 = CARTESIAN_POINT('',(50.,26.250635094611,-4.532566285183));
#11546 = CARTESIAN_POINT('',(42.,26.059882597678,-4.583678262691));
#11547 = PCURVE('',#9385,#11548);
#11548 = DEFINITIONAL_REPRESENTATION('',(#11549),#11553);
#11549 = LINE('',#11550,#11551);
#11550 = CARTESIAN_POINT('',(0.,0.));
#11551 = VECTOR('',#11552,1.);
#11552 = DIRECTION('',(0.,1.));
#11553 = ( GEOMETRIC_REPRESENTATION_CONTEXT(2) 
PARAMETRIC_REPRESENTATION_CONTEXT() REPRESENTATION_CONTEXT('2D SPACE',''
  ) );
#11554 = PCURVE('',#9435,#11555);
#11555 = DEFINITIONAL_REPRESENTATION('',(#11556),#11560);
#11556 = LINE('',#11557,#11558);
#11557 = CARTESIAN_POINT('',(18.4,0.));
#11558 = VECTOR('',#11559,1.);
#11559 = DIRECTION('',(0.,1.));
#11560 = ( GEOMETRIC_REPRESENTATION_CONTEXT(2) 
PARAMETRIC_REPRESENTATION_CONTEXT() REPRESENTATION_CONTEXT('2D SPACE',''
  ) );
#11561 = ORIENTED_EDGE('',*,*,#9372,.T.);
#11562 = ORIENTED_EDGE('',*,*,#10879,.T.);
#11563 = ORIENTED_EDGE('',*,*,#11564,.F.);
#11564 = EDGE_CURVE('',#11541,#10880,#11565,.T.);
#11565 = SURFACE_CURVE('',#11566,(#11570,#11576),.PCURVE_S1.);
#11566 = LINE('',#11567,#11568);
#11567 = CARTESIAN_POINT('',(42.,26.180814834898,-4.653498522404));
#11568 = VECTOR('',#11569,1.);
#11569 = DIRECTION('',(0.,-0.866025403784,0.5));
#11570 = PCURVE('',#9385,#11571);
#11571 = DEFINITIONAL_REPRESENTATION('',(#11572),#11575);
#11572 = B_SPLINE_CURVE_WITH_KNOTS('',1,(#11573,#11574),.UNSPECIFIED.,
  .F.,.F.,(2,2),(0.139640519426,7.660359480574),
  .PIECEWISE_BEZIER_KNOTS.);
#11573 = CARTESIAN_POINT('',(0.,1.));
#11574 = CARTESIAN_POINT('',(7.8,1.));
#11575 = ( GEOMETRIC_REPRESENTATION_CONTEXT(2) 
PARAMETRIC_REPRESENTATION_CONTEXT() REPRESENTATION_CONTEXT('2D SPACE',''
  ) );
#11576 = PCURVE('',#10937,#11577);
#11577 = DEFINITIONAL_REPRESENTATION('',(#11578),#11582);
#11578 = LINE('',#11579,#11580);
#11579 = CARTESIAN_POINT('',(-5.352844598291E-02,-0.12897356371));
#11580 = VECTOR('',#11581,1.);
#11581 = DIRECTION('',(0.383330327064,0.923611314543));
#11582 = ( GEOMETRIC_REPRESENTATION_CONTEXT(2) 
PARAMETRIC_REPRESENTATION_CONTEXT() REPRESENTATION_CONTEXT('2D SPACE',''
  ) );
#11583 = ADVANCED_FACE('',(#11584,#11630),#9435,.T.);
#11584 = FACE_BOUND('',#11585,.T.);
#11585 = EDGE_LOOP('',(#11586,#11608,#11609,#11610));
#11586 = ORIENTED_EDGE('',*,*,#11587,.F.);
#11587 = EDGE_CURVE('',#9403,#11588,#11590,.T.);
#11588 = VERTEX_POINT('',#11589);
#11589 = CARTESIAN_POINT('',(42.,16.999523117103,-20.27668121788));
#11590 = SURFACE_CURVE('',#11591,(#11594,#11601),.PCURVE_S1.);
#11591 = B_SPLINE_CURVE_WITH_KNOTS('',1,(#11592,#11593),.UNSPECIFIED.,
  .F.,.F.,(2,2),(0.,1.),.PIECEWISE_BEZIER_KNOTS.);
#11592 = CARTESIAN_POINT('',(50.,17.050635094611,-20.46743371481));
#11593 = CARTESIAN_POINT('',(42.,16.999523117103,-20.27668121788));
#11594 = PCURVE('',#9435,#11595);
#11595 = DEFINITIONAL_REPRESENTATION('',(#11596),#11600);
#11596 = LINE('',#11597,#11598);
#11597 = CARTESIAN_POINT('',(0.,0.));
#11598 = VECTOR('',#11599,1.);
#11599 = DIRECTION('',(0.,1.));
#11600 = ( GEOMETRIC_REPRESENTATION_CONTEXT(2) 
PARAMETRIC_REPRESENTATION_CONTEXT() REPRESENTATION_CONTEXT('2D SPACE',''
  ) );
#11601 = PCURVE('',#9484,#11602);
#11602 = DEFINITIONAL_REPRESENTATION('',(#11603),#11607);
#11603 = LINE('',#11604,#11605);
#11604 = CARTESIAN_POINT('',(7.8,0.));
#11605 = VECTOR('',#11606,1.);
#11606 = DIRECTION('',(0.,1.));
#11607 = ( GEOMETRIC_REPRESENTATION_CONTEXT(2) 
PARAMETRIC_REPRESENTATION_CONTEXT() REPRESENTATION_CONTEXT('2D SPACE',''
  ) );
#11608 = ORIENTED_EDGE('',*,*,#9422,.T.);
#11609 = ORIENTED_EDGE('',*,*,#11540,.T.);
#11610 = ORIENTED_EDGE('',*,*,#11611,.F.);
#11611 = EDGE_CURVE('',#11588,#11541,#11612,.T.);
#11612 = SURFACE_CURVE('',#11613,(#11617,#11623),.PCURVE_S1.);
#11613 = LINE('',#11614,#11615);
#11614 = CARTESIAN_POINT('',(42.,16.929702857391,-20.3976134551));
#11615 = VECTOR('',#11616,1.);
#11616 = DIRECTION('',(0.,0.5,0.866025403784));
#11617 = PCURVE('',#9435,#11618);
#11618 = DEFINITIONAL_REPRESENTATION('',(#11619),#11622);
#11619 = B_SPLINE_CURVE_WITH_KNOTS('',1,(#11620,#11621),.UNSPECIFIED.,
  .F.,.F.,(2,2),(0.139640519426,18.260359480574),
  .PIECEWISE_BEZIER_KNOTS.);
#11620 = CARTESIAN_POINT('',(0.,1.));
#11621 = CARTESIAN_POINT('',(18.4,1.));
#11622 = ( GEOMETRIC_REPRESENTATION_CONTEXT(2) 
PARAMETRIC_REPRESENTATION_CONTEXT() REPRESENTATION_CONTEXT('2D SPACE',''
  ) );
#11623 = PCURVE('',#10937,#11624);
#11624 = DEFINITIONAL_REPRESENTATION('',(#11625),#11629);
#11625 = LINE('',#11626,#11627);
#11626 = CARTESIAN_POINT('',(16.86547462389,-6.999749572001));
#11627 = VECTOR('',#11628,1.);
#11628 = DIRECTION('',(-0.923611314543,0.383330327064));
#11629 = ( GEOMETRIC_REPRESENTATION_CONTEXT(2) 
PARAMETRIC_REPRESENTATION_CONTEXT() REPRESENTATION_CONTEXT('2D SPACE',''
  ) );
#11630 = FACE_BOUND('',#11631,.T.);
#11631 = EDGE_LOOP('',(#11632,#11662,#11691,#11719));
#11632 = ORIENTED_EDGE('',*,*,#11633,.F.);
#11633 = EDGE_CURVE('',#11634,#11636,#11638,.T.);
#11634 = VERTEX_POINT('',#11635);
#11635 = CARTESIAN_POINT('',(42.072512659888,26.030798997164,
    -4.63658396282));
#11636 = VERTEX_POINT('',#11637);
#11637 = CARTESIAN_POINT('',(42.072512659888,17.030798997164,
    -20.22504123094));
#11638 = SURFACE_CURVE('',#11639,(#11643,#11650),.PCURVE_S1.);
#11639 = LINE('',#11640,#11641);
#11640 = CARTESIAN_POINT('',(42.072512659888,26.030798997164,
    -4.63658396282));
#11641 = VECTOR('',#11642,1.);
#11642 = DIRECTION('',(-8.672296345945E-19,-0.5,-0.866025403784));
#11643 = PCURVE('',#9435,#11644);
#11644 = DEFINITIONAL_REPRESENTATION('',(#11645),#11649);
#11645 = B_SPLINE_CURVE_WITH_KNOTS('',2,(#11646,#11647,#11648),
  .UNSPECIFIED.,.F.,.F.,(3,3),(0.,18.),.PIECEWISE_BEZIER_KNOTS.);
#11646 = CARTESIAN_POINT('',(18.337433763759,0.990935917514));
#11647 = CARTESIAN_POINT('',(9.2,0.990935917514));
#11648 = CARTESIAN_POINT('',(6.256623624083E-02,0.990935917514));
#11649 = ( GEOMETRIC_REPRESENTATION_CONTEXT(2) 
PARAMETRIC_REPRESENTATION_CONTEXT() REPRESENTATION_CONTEXT('2D SPACE',''
  ) );
#11650 = PCURVE('',#11651,#11656);
#11651 = PLANE('',#11652);
#11652 = AXIS2_PLACEMENT_3D('',#11653,#11654,#11655);
#11653 = CARTESIAN_POINT('',(42.072512659888,26.030798997164,
    -4.63658396282));
#11654 = DIRECTION('',(-0.999847695156,-1.511422733186E-02,
    8.726203218642E-03));
#11655 = DIRECTION('',(0.,-0.5,-0.866025403784));
#11656 = DEFINITIONAL_REPRESENTATION('',(#11657),#11661);
#11657 = LINE('',#11658,#11659);
#11658 = CARTESIAN_POINT('',(0.,0.));
#11659 = VECTOR('',#11660,1.);
#11660 = DIRECTION('',(1.,0.));
#11661 = ( GEOMETRIC_REPRESENTATION_CONTEXT(2) 
PARAMETRIC_REPRESENTATION_CONTEXT() REPRESENTATION_CONTEXT('2D SPACE',''
  ) );
#11662 = ORIENTED_EDGE('',*,*,#11663,.F.);
#11663 = EDGE_CURVE('',#11664,#11634,#11666,.T.);
#11664 = VERTEX_POINT('',#11665);
#11665 = CARTESIAN_POINT('',(48.071598830826,26.121484361155,
    -4.688941182132));
#11666 = SURFACE_CURVE('',#11667,(#11671,#11679),.PCURVE_S1.);
#11667 = LINE('',#11668,#11669);
#11668 = CARTESIAN_POINT('',(48.071598830826,26.121484361155,
    -4.688941182132));
#11669 = VECTOR('',#11670,1.);
#11670 = DIRECTION('',(-0.999847695156,-1.511422733186E-02,
    8.726203218642E-03));
#11671 = PCURVE('',#9435,#11672);
#11672 = DEFINITIONAL_REPRESENTATION('',(#11673),#11678);
#11673 = B_SPLINE_CURVE_WITH_KNOTS('',3,(#11674,#11675,#11676,#11677),
  .UNSPECIFIED.,.F.,.F.,(4,4),(0.,6.),.PIECEWISE_BEZIER_KNOTS.);
#11674 = CARTESIAN_POINT('',(18.233049540022,0.241050146147));
#11675 = CARTESIAN_POINT('',(18.267446803758,0.491012069936));
#11676 = CARTESIAN_POINT('',(18.302236951792,0.740973993725));
#11677 = CARTESIAN_POINT('',(18.337433763759,0.990935917514));
#11678 = ( GEOMETRIC_REPRESENTATION_CONTEXT(2) 
PARAMETRIC_REPRESENTATION_CONTEXT() REPRESENTATION_CONTEXT('2D SPACE',''
  ) );
#11679 = PCURVE('',#11680,#11685);
#11680 = PLANE('',#11681);
#11681 = AXIS2_PLACEMENT_3D('',#11682,#11683,#11684);
#11682 = CARTESIAN_POINT('',(48.071598830826,26.121484361155,
    -4.688941182132));
#11683 = DIRECTION('',(0.,0.5,0.866025403784));
#11684 = DIRECTION('',(-0.999847695156,-1.511422733186E-02,
    8.726203218642E-03));
#11685 = DEFINITIONAL_REPRESENTATION('',(#11686),#11690);
#11686 = LINE('',#11687,#11688);
#11687 = CARTESIAN_POINT('',(0.,0.));
#11688 = VECTOR('',#11689,1.);
#11689 = DIRECTION('',(1.,0.));
#11690 = ( GEOMETRIC_REPRESENTATION_CONTEXT(2) 
PARAMETRIC_REPRESENTATION_CONTEXT() REPRESENTATION_CONTEXT('2D SPACE',''
  ) );
#11691 = ORIENTED_EDGE('',*,*,#11692,.F.);
#11692 = EDGE_CURVE('',#11693,#11664,#11695,.T.);
#11693 = VERTEX_POINT('',#11694);
#11694 = CARTESIAN_POINT('',(48.071598830826,17.121484361155,
    -20.27739845025));
#11695 = SURFACE_CURVE('',#11696,(#11700,#11707),.PCURVE_S1.);
#11696 = LINE('',#11697,#11698);
#11697 = CARTESIAN_POINT('',(48.071598830826,17.121484361155,
    -20.27739845025));
#11698 = VECTOR('',#11699,1.);
#11699 = DIRECTION('',(8.672296345945E-19,0.5,0.866025403784));
#11700 = PCURVE('',#9435,#11701);
#11701 = DEFINITIONAL_REPRESENTATION('',(#11702),#11706);
#11702 = B_SPLINE_CURVE_WITH_KNOTS('',2,(#11703,#11704,#11705),
  .UNSPECIFIED.,.F.,.F.,(3,3),(0.,18.),.PIECEWISE_BEZIER_KNOTS.);
#11703 = CARTESIAN_POINT('',(0.166950459978,0.241050146147));
#11704 = CARTESIAN_POINT('',(9.2,0.241050146147));
#11705 = CARTESIAN_POINT('',(18.233049540022,0.241050146147));
#11706 = ( GEOMETRIC_REPRESENTATION_CONTEXT(2) 
PARAMETRIC_REPRESENTATION_CONTEXT() REPRESENTATION_CONTEXT('2D SPACE',''
  ) );
#11707 = PCURVE('',#11708,#11713);
#11708 = PLANE('',#11709);
#11709 = AXIS2_PLACEMENT_3D('',#11710,#11711,#11712);
#11710 = CARTESIAN_POINT('',(48.071598830826,17.121484361155,
    -20.27739845025));
#11711 = DIRECTION('',(0.999847695156,1.511422733186E-02,
    -8.726203218642E-03));
#11712 = DIRECTION('',(0.,0.5,0.866025403784));
#11713 = DEFINITIONAL_REPRESENTATION('',(#11714),#11718);
#11714 = LINE('',#11715,#11716);
#11715 = CARTESIAN_POINT('',(0.,0.));
#11716 = VECTOR('',#11717,1.);
#11717 = DIRECTION('',(1.,0.));
#11718 = ( GEOMETRIC_REPRESENTATION_CONTEXT(2) 
PARAMETRIC_REPRESENTATION_CONTEXT() REPRESENTATION_CONTEXT('2D SPACE',''
  ) );
#11719 = ORIENTED_EDGE('',*,*,#11720,.F.);
#11720 = EDGE_CURVE('',#11636,#11693,#11721,.T.);
#11721 = SURFACE_CURVE('',#11722,(#11726,#11734),.PCURVE_S1.);
#11722 = LINE('',#11723,#11724);
#11723 = CARTESIAN_POINT('',(42.072512659888,17.030798997164,
    -20.22504123094));
#11724 = VECTOR('',#11725,1.);
#11725 = DIRECTION('',(0.999847695156,1.511422733186E-02,
    -8.726203218642E-03));
#11726 = PCURVE('',#9435,#11727);
#11727 = DEFINITIONAL_REPRESENTATION('',(#11728),#11733);
#11728 = B_SPLINE_CURVE_WITH_KNOTS('',3,(#11729,#11730,#11731,#11732),
  .UNSPECIFIED.,.F.,.F.,(4,4),(0.,6.),.PIECEWISE_BEZIER_KNOTS.);
#11729 = CARTESIAN_POINT('',(6.256623624083E-02,0.990935917514));
#11730 = CARTESIAN_POINT('',(9.776304820776E-02,0.740973993725));
#11731 = CARTESIAN_POINT('',(0.132553196242,0.491012069936));
#11732 = CARTESIAN_POINT('',(0.166950459978,0.241050146147));
#11733 = ( GEOMETRIC_REPRESENTATION_CONTEXT(2) 
PARAMETRIC_REPRESENTATION_CONTEXT() REPRESENTATION_CONTEXT('2D SPACE',''
  ) );
#11734 = PCURVE('',#11735,#11740);
#11735 = PLANE('',#11736);
#11736 = AXIS2_PLACEMENT_3D('',#11737,#11738,#11739);
#11737 = CARTESIAN_POINT('',(42.072512659888,17.030798997164,
    -20.22504123094));
#11738 = DIRECTION('',(0.,-0.5,-0.866025403784));
#11739 = DIRECTION('',(0.999847695156,1.511422733186E-02,
    -8.726203218642E-03));
#11740 = DEFINITIONAL_REPRESENTATION('',(#11741),#11745);
#11741 = LINE('',#11742,#11743);
#11742 = CARTESIAN_POINT('',(0.,0.));
#11743 = VECTOR('',#11744,1.);
#11744 = DIRECTION('',(1.,0.));
#11745 = ( GEOMETRIC_REPRESENTATION_CONTEXT(2) 
PARAMETRIC_REPRESENTATION_CONTEXT() REPRESENTATION_CONTEXT('2D SPACE',''
  ) );
#11746 = ADVANCED_FACE('',(#11747),#9484,.T.);
#11747 = FACE_BOUND('',#11748,.T.);
#11748 = EDGE_LOOP('',(#11749,#11750,#11751,#11752));
#11749 = ORIENTED_EDGE('',*,*,#10902,.F.);
#11750 = ORIENTED_EDGE('',*,*,#9471,.T.);
#11751 = ORIENTED_EDGE('',*,*,#11587,.T.);
#11752 = ORIENTED_EDGE('',*,*,#11753,.F.);
#11753 = EDGE_CURVE('',#10903,#11588,#11754,.T.);
#11754 = SURFACE_CURVE('',#11755,(#11759,#11765),.PCURVE_S1.);
#11755 = LINE('',#11756,#11757);
#11756 = CARTESIAN_POINT('',(42.,10.365457204805,-16.44650147759));
#11757 = VECTOR('',#11758,1.);
#11758 = DIRECTION('',(0.,0.866025403784,-0.5));
#11759 = PCURVE('',#9484,#11760);
#11760 = DEFINITIONAL_REPRESENTATION('',(#11761),#11764);
#11761 = B_SPLINE_CURVE_WITH_KNOTS('',1,(#11762,#11763),.UNSPECIFIED.,
  .F.,.F.,(2,2),(0.139640519426,7.660359480574),
  .PIECEWISE_BEZIER_KNOTS.);
#11762 = CARTESIAN_POINT('',(0.,1.));
#11763 = CARTESIAN_POINT('',(7.8,1.));
#11764 = ( GEOMETRIC_REPRESENTATION_CONTEXT(2) 
PARAMETRIC_REPRESENTATION_CONTEXT() REPRESENTATION_CONTEXT('2D SPACE',''
  ) );
#11765 = PCURVE('',#10937,#11766);
#11766 = DEFINITIONAL_REPRESENTATION('',(#11767),#11771);
#11767 = LINE('',#11768,#11769);
#11768 = CARTESIAN_POINT('',(19.672949165298,0.12897356371));
#11769 = VECTOR('',#11770,1.);
#11770 = DIRECTION('',(-0.383330327064,-0.923611314543));
#11771 = ( GEOMETRIC_REPRESENTATION_CONTEXT(2) 
PARAMETRIC_REPRESENTATION_CONTEXT() REPRESENTATION_CONTEXT('2D SPACE',''
  ) );
#11772 = ADVANCED_FACE('',(#11773),#9535,.T.);
#11773 = FACE_BOUND('',#11774,.T.);
#11774 = EDGE_LOOP('',(#11775,#11797,#11798,#11799));
#11775 = ORIENTED_EDGE('',*,*,#11776,.F.);
#11776 = EDGE_CURVE('',#9503,#11777,#11779,.T.);
#11777 = VERTEX_POINT('',#11778);
#11778 = CARTESIAN_POINT('',(42.,9.060359480574,-24.86035948057));
#11779 = SURFACE_CURVE('',#11780,(#11783,#11790),.PCURVE_S1.);
#11780 = B_SPLINE_CURVE_WITH_KNOTS('',1,(#11781,#11782),.UNSPECIFIED.,
  .F.,.F.,(2,2),(0.,1.),.PIECEWISE_BEZIER_KNOTS.);
#11781 = CARTESIAN_POINT('',(50.,9.2,-25.));
#11782 = CARTESIAN_POINT('',(42.,9.060359480574,-24.86035948057));
#11783 = PCURVE('',#9535,#11784);
#11784 = DEFINITIONAL_REPRESENTATION('',(#11785),#11789);
#11785 = LINE('',#11786,#11787);
#11786 = CARTESIAN_POINT('',(0.,0.));
#11787 = VECTOR('',#11788,1.);
#11788 = DIRECTION('',(0.,1.));
#11789 = ( GEOMETRIC_REPRESENTATION_CONTEXT(2) 
PARAMETRIC_REPRESENTATION_CONTEXT() REPRESENTATION_CONTEXT('2D SPACE',''
  ) );
#11790 = PCURVE('',#9585,#11791);
#11791 = DEFINITIONAL_REPRESENTATION('',(#11792),#11796);
#11792 = LINE('',#11793,#11794);
#11793 = CARTESIAN_POINT('',(18.4,0.));
#11794 = VECTOR('',#11795,1.);
#11795 = DIRECTION('',(0.,1.));
#11796 = ( GEOMETRIC_REPRESENTATION_CONTEXT(2) 
PARAMETRIC_REPRESENTATION_CONTEXT() REPRESENTATION_CONTEXT('2D SPACE',''
  ) );
#11797 = ORIENTED_EDGE('',*,*,#9522,.T.);
#11798 = ORIENTED_EDGE('',*,*,#10501,.T.);
#11799 = ORIENTED_EDGE('',*,*,#11800,.F.);
#11800 = EDGE_CURVE('',#11777,#10502,#11801,.T.);
#11801 = SURFACE_CURVE('',#11802,(#11806,#11812),.PCURVE_S1.);
#11802 = LINE('',#11803,#11804);
#11803 = CARTESIAN_POINT('',(42.,9.060359480574,-25.));
#11804 = VECTOR('',#11805,1.);
#11805 = DIRECTION('',(0.,1.224646799147E-16,1.));
#11806 = PCURVE('',#9535,#11807);
#11807 = DEFINITIONAL_REPRESENTATION('',(#11808),#11811);
#11808 = B_SPLINE_CURVE_WITH_KNOTS('',1,(#11809,#11810),.UNSPECIFIED.,
  .F.,.F.,(2,2),(0.139640519426,7.660359480574),
  .PIECEWISE_BEZIER_KNOTS.);
#11809 = CARTESIAN_POINT('',(0.,1.));
#11810 = CARTESIAN_POINT('',(7.8,1.));
#11811 = ( GEOMETRIC_REPRESENTATION_CONTEXT(2) 
PARAMETRIC_REPRESENTATION_CONTEXT() REPRESENTATION_CONTEXT('2D SPACE',''
  ) );
#11812 = PCURVE('',#10559,#11813);
#11813 = DEFINITIONAL_REPRESENTATION('',(#11814),#11818);
#11814 = LINE('',#11815,#11816);
#11815 = CARTESIAN_POINT('',(-5.352844598291E-02,-0.12897356371));
#11816 = VECTOR('',#11817,1.);
#11817 = DIRECTION('',(0.383330327064,0.923611314543));
#11818 = ( GEOMETRIC_REPRESENTATION_CONTEXT(2) 
PARAMETRIC_REPRESENTATION_CONTEXT() REPRESENTATION_CONTEXT('2D SPACE',''
  ) );
#11819 = ADVANCED_FACE('',(#11820,#11866),#9585,.T.);
#11820 = FACE_BOUND('',#11821,.T.);
#11821 = EDGE_LOOP('',(#11822,#11844,#11845,#11846));
#11822 = ORIENTED_EDGE('',*,*,#11823,.F.);
#11823 = EDGE_CURVE('',#9553,#11824,#11826,.T.);
#11824 = VERTEX_POINT('',#11825);
#11825 = CARTESIAN_POINT('',(42.,-9.060359480574,-24.86035948057));
#11826 = SURFACE_CURVE('',#11827,(#11830,#11837),.PCURVE_S1.);
#11827 = B_SPLINE_CURVE_WITH_KNOTS('',1,(#11828,#11829),.UNSPECIFIED.,
  .F.,.F.,(2,2),(0.,1.),.PIECEWISE_BEZIER_KNOTS.);
#11828 = CARTESIAN_POINT('',(50.,-9.2,-25.));
#11829 = CARTESIAN_POINT('',(42.,-9.060359480574,-24.86035948057));
#11830 = PCURVE('',#9585,#11831);
#11831 = DEFINITIONAL_REPRESENTATION('',(#11832),#11836);
#11832 = LINE('',#11833,#11834);
#11833 = CARTESIAN_POINT('',(0.,0.));
#11834 = VECTOR('',#11835,1.);
#11835 = DIRECTION('',(0.,1.));
#11836 = ( GEOMETRIC_REPRESENTATION_CONTEXT(2) 
PARAMETRIC_REPRESENTATION_CONTEXT() REPRESENTATION_CONTEXT('2D SPACE',''
  ) );
#11837 = PCURVE('',#9634,#11838);
#11838 = DEFINITIONAL_REPRESENTATION('',(#11839),#11843);
#11839 = LINE('',#11840,#11841);
#11840 = CARTESIAN_POINT('',(7.8,0.));
#11841 = VECTOR('',#11842,1.);
#11842 = DIRECTION('',(0.,1.));
#11843 = ( GEOMETRIC_REPRESENTATION_CONTEXT(2) 
PARAMETRIC_REPRESENTATION_CONTEXT() REPRESENTATION_CONTEXT('2D SPACE',''
  ) );
#11844 = ORIENTED_EDGE('',*,*,#9572,.T.);
#11845 = ORIENTED_EDGE('',*,*,#11776,.T.);
#11846 = ORIENTED_EDGE('',*,*,#11847,.F.);
#11847 = EDGE_CURVE('',#11824,#11777,#11848,.T.);
#11848 = SURFACE_CURVE('',#11849,(#11853,#11859),.PCURVE_S1.);
#11849 = LINE('',#11850,#11851);
#11850 = CARTESIAN_POINT('',(42.,-9.2,-24.86035948057));
#11851 = VECTOR('',#11852,1.);
#11852 = DIRECTION('',(0.,1.,-1.224646799147E-16));
#11853 = PCURVE('',#9585,#11854);
#11854 = DEFINITIONAL_REPRESENTATION('',(#11855),#11858);
#11855 = B_SPLINE_CURVE_WITH_KNOTS('',1,(#11856,#11857),.UNSPECIFIED.,
  .F.,.F.,(2,2),(0.139640519426,18.260359480574),
  .PIECEWISE_BEZIER_KNOTS.);
#11856 = CARTESIAN_POINT('',(0.,1.));
#11857 = CARTESIAN_POINT('',(18.4,1.));
#11858 = ( GEOMETRIC_REPRESENTATION_CONTEXT(2) 
PARAMETRIC_REPRESENTATION_CONTEXT() REPRESENTATION_CONTEXT('2D SPACE',''
  ) );
#11859 = PCURVE('',#10559,#11860);
#11860 = DEFINITIONAL_REPRESENTATION('',(#11861),#11865);
#11861 = LINE('',#11862,#11863);
#11862 = CARTESIAN_POINT('',(16.86547462389,-6.999749572001));
#11863 = VECTOR('',#11864,1.);
#11864 = DIRECTION('',(-0.923611314543,0.383330327064));
#11865 = ( GEOMETRIC_REPRESENTATION_CONTEXT(2) 
PARAMETRIC_REPRESENTATION_CONTEXT() REPRESENTATION_CONTEXT('2D SPACE',''
  ) );
#11866 = FACE_BOUND('',#11867,.T.);
#11867 = EDGE_LOOP('',(#11868,#11898,#11927,#11955));
#11868 = ORIENTED_EDGE('',*,*,#11869,.F.);
#11869 = EDGE_CURVE('',#11870,#11872,#11874,.T.);
#11870 = VERTEX_POINT('',#11871);
#11871 = CARTESIAN_POINT('',(42.072512659888,9.,-24.86162519376));
#11872 = VERTEX_POINT('',#11873);
#11873 = CARTESIAN_POINT('',(42.072512659888,-9.,-24.86162519376));
#11874 = SURFACE_CURVE('',#11875,(#11879,#11886),.PCURVE_S1.);
#11875 = LINE('',#11876,#11877);
#11876 = CARTESIAN_POINT('',(42.072512659888,9.,-24.86162519376));
#11877 = VECTOR('',#11878,1.);
#11878 = DIRECTION('',(0.,-1.,1.224646799147E-16));
#11879 = PCURVE('',#9585,#11880);
#11880 = DEFINITIONAL_REPRESENTATION('',(#11881),#11885);
#11881 = B_SPLINE_CURVE_WITH_KNOTS('',2,(#11882,#11883,#11884),
  .UNSPECIFIED.,.F.,.F.,(3,3),(0.,18.),.PIECEWISE_BEZIER_KNOTS.);
#11882 = CARTESIAN_POINT('',(18.337433763759,0.990935917514));
#11883 = CARTESIAN_POINT('',(9.2,0.990935917514));
#11884 = CARTESIAN_POINT('',(6.256623624083E-02,0.990935917514));
#11885 = ( GEOMETRIC_REPRESENTATION_CONTEXT(2) 
PARAMETRIC_REPRESENTATION_CONTEXT() REPRESENTATION_CONTEXT('2D SPACE',''
  ) );
#11886 = PCURVE('',#11887,#11892);
#11887 = PLANE('',#11888);
#11888 = AXIS2_PLACEMENT_3D('',#11889,#11890,#11891);
#11889 = CARTESIAN_POINT('',(42.072512659888,9.,-24.86162519376));
#11890 = DIRECTION('',(-0.999847695156,2.137303368084E-18,
    1.745240643728E-02));
#11891 = DIRECTION('',(0.,-1.,1.224646799147E-16));
#11892 = DEFINITIONAL_REPRESENTATION('',(#11893),#11897);
#11893 = LINE('',#11894,#11895);
#11894 = CARTESIAN_POINT('',(0.,0.));
#11895 = VECTOR('',#11896,1.);
#11896 = DIRECTION('',(1.,0.));
#11897 = ( GEOMETRIC_REPRESENTATION_CONTEXT(2) 
PARAMETRIC_REPRESENTATION_CONTEXT() REPRESENTATION_CONTEXT('2D SPACE',''
  ) );
#11898 = ORIENTED_EDGE('',*,*,#11899,.F.);
#11899 = EDGE_CURVE('',#11900,#11870,#11902,.T.);
#11900 = VERTEX_POINT('',#11901);
#11901 = CARTESIAN_POINT('',(48.071598830826,9.,-24.96633963238));
#11902 = SURFACE_CURVE('',#11903,(#11907,#11915),.PCURVE_S1.);
#11903 = LINE('',#11904,#11905);
#11904 = CARTESIAN_POINT('',(48.071598830826,9.,-24.96633963238));
#11905 = VECTOR('',#11906,1.);
#11906 = DIRECTION('',(-0.999847695156,2.137303368084E-18,
    1.745240643728E-02));
#11907 = PCURVE('',#9585,#11908);
#11908 = DEFINITIONAL_REPRESENTATION('',(#11909),#11914);
#11909 = B_SPLINE_CURVE_WITH_KNOTS('',3,(#11910,#11911,#11912,#11913),
  .UNSPECIFIED.,.F.,.F.,(4,4),(0.,6.),.PIECEWISE_BEZIER_KNOTS.);
#11910 = CARTESIAN_POINT('',(18.233049540022,0.241050146147));
#11911 = CARTESIAN_POINT('',(18.267446803758,0.491012069936));
#11912 = CARTESIAN_POINT('',(18.302236951792,0.740973993725));
#11913 = CARTESIAN_POINT('',(18.337433763759,0.990935917514));
#11914 = ( GEOMETRIC_REPRESENTATION_CONTEXT(2) 
PARAMETRIC_REPRESENTATION_CONTEXT() REPRESENTATION_CONTEXT('2D SPACE',''
  ) );
#11915 = PCURVE('',#11916,#11921);
#11916 = PLANE('',#11917);
#11917 = AXIS2_PLACEMENT_3D('',#11918,#11919,#11920);
#11918 = CARTESIAN_POINT('',(48.071598830826,9.,-24.96633963238));
#11919 = DIRECTION('',(0.,1.,-1.224646799147E-16));
#11920 = DIRECTION('',(-0.999847695156,2.137303368084E-18,
    1.745240643728E-02));
#11921 = DEFINITIONAL_REPRESENTATION('',(#11922),#11926);
#11922 = LINE('',#11923,#11924);
#11923 = CARTESIAN_POINT('',(0.,0.));
#11924 = VECTOR('',#11925,1.);
#11925 = DIRECTION('',(1.,0.));
#11926 = ( GEOMETRIC_REPRESENTATION_CONTEXT(2) 
PARAMETRIC_REPRESENTATION_CONTEXT() REPRESENTATION_CONTEXT('2D SPACE',''
  ) );
#11927 = ORIENTED_EDGE('',*,*,#11928,.F.);
#11928 = EDGE_CURVE('',#11929,#11900,#11931,.T.);
#11929 = VERTEX_POINT('',#11930);
#11930 = CARTESIAN_POINT('',(48.071598830826,-9.,-24.96633963238));
#11931 = SURFACE_CURVE('',#11932,(#11936,#11943),.PCURVE_S1.);
#11932 = LINE('',#11933,#11934);
#11933 = CARTESIAN_POINT('',(48.071598830826,-9.,-24.96633963238));
#11934 = VECTOR('',#11935,1.);
#11935 = DIRECTION('',(0.,1.,-1.224646799147E-16));
#11936 = PCURVE('',#9585,#11937);
#11937 = DEFINITIONAL_REPRESENTATION('',(#11938),#11942);
#11938 = B_SPLINE_CURVE_WITH_KNOTS('',2,(#11939,#11940,#11941),
  .UNSPECIFIED.,.F.,.F.,(3,3),(0.,18.),.PIECEWISE_BEZIER_KNOTS.);
#11939 = CARTESIAN_POINT('',(0.166950459978,0.241050146147));
#11940 = CARTESIAN_POINT('',(9.2,0.241050146147));
#11941 = CARTESIAN_POINT('',(18.233049540022,0.241050146147));
#11942 = ( GEOMETRIC_REPRESENTATION_CONTEXT(2) 
PARAMETRIC_REPRESENTATION_CONTEXT() REPRESENTATION_CONTEXT('2D SPACE',''
  ) );
#11943 = PCURVE('',#11944,#11949);
#11944 = PLANE('',#11945);
#11945 = AXIS2_PLACEMENT_3D('',#11946,#11947,#11948);
#11946 = CARTESIAN_POINT('',(48.071598830826,-9.,-24.96633963238));
#11947 = DIRECTION('',(0.999847695156,-2.137303368084E-18,
    -1.745240643728E-02));
#11948 = DIRECTION('',(0.,1.,-1.224646799147E-16));
#11949 = DEFINITIONAL_REPRESENTATION('',(#11950),#11954);
#11950 = LINE('',#11951,#11952);
#11951 = CARTESIAN_POINT('',(0.,0.));
#11952 = VECTOR('',#11953,1.);
#11953 = DIRECTION('',(1.,0.));
#11954 = ( GEOMETRIC_REPRESENTATION_CONTEXT(2) 
PARAMETRIC_REPRESENTATION_CONTEXT() REPRESENTATION_CONTEXT('2D SPACE',''
  ) );
#11955 = ORIENTED_EDGE('',*,*,#11956,.F.);
#11956 = EDGE_CURVE('',#11872,#11929,#11957,.T.);
#11957 = SURFACE_CURVE('',#11958,(#11962,#11970),.PCURVE_S1.);
#11958 = LINE('',#11959,#11960);
#11959 = CARTESIAN_POINT('',(42.072512659888,-9.,-24.86162519376));
#11960 = VECTOR('',#11961,1.);
#11961 = DIRECTION('',(0.999847695156,-2.137303368084E-18,
    -1.745240643728E-02));
#11962 = PCURVE('',#9585,#11963);
#11963 = DEFINITIONAL_REPRESENTATION('',(#11964),#11969);
#11964 = B_SPLINE_CURVE_WITH_KNOTS('',3,(#11965,#11966,#11967,#11968),
  .UNSPECIFIED.,.F.,.F.,(4,4),(0.,6.),.PIECEWISE_BEZIER_KNOTS.);
#11965 = CARTESIAN_POINT('',(6.256623624083E-02,0.990935917514));
#11966 = CARTESIAN_POINT('',(9.776304820776E-02,0.740973993725));
#11967 = CARTESIAN_POINT('',(0.132553196242,0.491012069936));
#11968 = CARTESIAN_POINT('',(0.166950459978,0.241050146147));
#11969 = ( GEOMETRIC_REPRESENTATION_CONTEXT(2) 
PARAMETRIC_REPRESENTATION_CONTEXT() REPRESENTATION_CONTEXT('2D SPACE',''
  ) );
#11970 = PCURVE('',#11971,#11976);
#11971 = PLANE('',#11972);
#11972 = AXIS2_PLACEMENT_3D('',#11973,#11974,#11975);
#11973 = CARTESIAN_POINT('',(42.072512659888,-9.,-24.86162519376));
#11974 = DIRECTION('',(0.,-1.,1.224646799147E-16));
#11975 = DIRECTION('',(0.999847695156,-2.137303368084E-18,
    -1.745240643728E-02));
#11976 = DEFINITIONAL_REPRESENTATION('',(#11977),#11981);
#11977 = LINE('',#11978,#11979);
#11978 = CARTESIAN_POINT('',(0.,0.));
#11979 = VECTOR('',#11980,1.);
#11980 = DIRECTION('',(1.,0.));
#11981 = ( GEOMETRIC_REPRESENTATION_CONTEXT(2) 
PARAMETRIC_REPRESENTATION_CONTEXT() REPRESENTATION_CONTEXT('2D SPACE',''
  ) );
#11982 = ADVANCED_FACE('',(#11983),#9634,.T.);
#11983 = FACE_BOUND('',#11984,.T.);
#11984 = EDGE_LOOP('',(#11985,#11986,#11987,#11988));
#11985 = ORIENTED_EDGE('',*,*,#10524,.F.);
#11986 = ORIENTED_EDGE('',*,*,#9621,.T.);
#11987 = ORIENTED_EDGE('',*,*,#11823,.T.);
#11988 = ORIENTED_EDGE('',*,*,#11989,.F.);
#11989 = EDGE_CURVE('',#10525,#11824,#11990,.T.);
#11990 = SURFACE_CURVE('',#11991,(#11995,#12001),.PCURVE_S1.);
#11991 = LINE('',#11992,#11993);
#11992 = CARTESIAN_POINT('',(42.,-9.060359480574,-17.2));
#11993 = VECTOR('',#11994,1.);
#11994 = DIRECTION('',(0.,-1.224646799147E-16,-1.));
#11995 = PCURVE('',#9634,#11996);
#11996 = DEFINITIONAL_REPRESENTATION('',(#11997),#12000);
#11997 = B_SPLINE_CURVE_WITH_KNOTS('',1,(#11998,#11999),.UNSPECIFIED.,
  .F.,.F.,(2,2),(0.139640519426,7.660359480574),
  .PIECEWISE_BEZIER_KNOTS.);
#11998 = CARTESIAN_POINT('',(0.,1.));
#11999 = CARTESIAN_POINT('',(7.8,1.));
#12000 = ( GEOMETRIC_REPRESENTATION_CONTEXT(2) 
PARAMETRIC_REPRESENTATION_CONTEXT() REPRESENTATION_CONTEXT('2D SPACE',''
  ) );
#12001 = PCURVE('',#10559,#12002);
#12002 = DEFINITIONAL_REPRESENTATION('',(#12003),#12007);
#12003 = LINE('',#12004,#12005);
#12004 = CARTESIAN_POINT('',(19.672949165298,0.12897356371));
#12005 = VECTOR('',#12006,1.);
#12006 = DIRECTION('',(-0.383330327064,-0.923611314543));
#12007 = ( GEOMETRIC_REPRESENTATION_CONTEXT(2) 
PARAMETRIC_REPRESENTATION_CONTEXT() REPRESENTATION_CONTEXT('2D SPACE',''
  ) );
#12008 = ADVANCED_FACE('',(#12009),#9685,.T.);
#12009 = FACE_BOUND('',#12010,.T.);
#12010 = EDGE_LOOP('',(#12011,#12033,#12034,#12035));
#12011 = ORIENTED_EDGE('',*,*,#12012,.F.);
#12012 = EDGE_CURVE('',#9653,#12013,#12015,.T.);
#12013 = VERTEX_POINT('',#12014);
#12014 = CARTESIAN_POINT('',(42.,-16.9995231171,-20.27668121788));
#12015 = SURFACE_CURVE('',#12016,(#12019,#12026),.PCURVE_S1.);
#12016 = B_SPLINE_CURVE_WITH_KNOTS('',1,(#12017,#12018),.UNSPECIFIED.,
  .F.,.F.,(2,2),(0.,1.),.PIECEWISE_BEZIER_KNOTS.);
#12017 = CARTESIAN_POINT('',(50.,-17.05063509461,-20.46743371481));
#12018 = CARTESIAN_POINT('',(42.,-16.9995231171,-20.27668121788));
#12019 = PCURVE('',#9685,#12020);
#12020 = DEFINITIONAL_REPRESENTATION('',(#12021),#12025);
#12021 = LINE('',#12022,#12023);
#12022 = CARTESIAN_POINT('',(0.,0.));
#12023 = VECTOR('',#12024,1.);
#12024 = DIRECTION('',(0.,1.));
#12025 = ( GEOMETRIC_REPRESENTATION_CONTEXT(2) 
PARAMETRIC_REPRESENTATION_CONTEXT() REPRESENTATION_CONTEXT('2D SPACE',''
  ) );
#12026 = PCURVE('',#9735,#12027);
#12027 = DEFINITIONAL_REPRESENTATION('',(#12028),#12032);
#12028 = LINE('',#12029,#12030);
#12029 = CARTESIAN_POINT('',(18.4,0.));
#12030 = VECTOR('',#12031,1.);
#12031 = DIRECTION('',(0.,1.));
#12032 = ( GEOMETRIC_REPRESENTATION_CONTEXT(2) 
PARAMETRIC_REPRESENTATION_CONTEXT() REPRESENTATION_CONTEXT('2D SPACE',''
  ) );
#12033 = ORIENTED_EDGE('',*,*,#9672,.T.);
#12034 = ORIENTED_EDGE('',*,*,#10123,.T.);
#12035 = ORIENTED_EDGE('',*,*,#12036,.F.);
#12036 = EDGE_CURVE('',#12013,#10124,#12037,.T.);
#12037 = SURFACE_CURVE('',#12038,(#12042,#12048),.PCURVE_S1.);
#12038 = LINE('',#12039,#12040);
#12039 = CARTESIAN_POINT('',(42.,-17.12045535432,-20.34650147759));
#12040 = VECTOR('',#12041,1.);
#12041 = DIRECTION('',(0.,0.866025403784,0.5));
#12042 = PCURVE('',#9685,#12043);
#12043 = DEFINITIONAL_REPRESENTATION('',(#12044),#12047);
#12044 = B_SPLINE_CURVE_WITH_KNOTS('',1,(#12045,#12046),.UNSPECIFIED.,
  .F.,.F.,(2,2),(0.139640519426,7.660359480574),
  .PIECEWISE_BEZIER_KNOTS.);
#12045 = CARTESIAN_POINT('',(0.,1.));
#12046 = CARTESIAN_POINT('',(7.8,1.));
#12047 = ( GEOMETRIC_REPRESENTATION_CONTEXT(2) 
PARAMETRIC_REPRESENTATION_CONTEXT() REPRESENTATION_CONTEXT('2D SPACE',''
  ) );
#12048 = PCURVE('',#10181,#12049);
#12049 = DEFINITIONAL_REPRESENTATION('',(#12050),#12054);
#12050 = LINE('',#12051,#12052);
#12051 = CARTESIAN_POINT('',(-5.352844598291E-02,-0.12897356371));
#12052 = VECTOR('',#12053,1.);
#12053 = DIRECTION('',(0.383330327064,0.923611314543));
#12054 = ( GEOMETRIC_REPRESENTATION_CONTEXT(2) 
PARAMETRIC_REPRESENTATION_CONTEXT() REPRESENTATION_CONTEXT('2D SPACE',''
  ) );
#12055 = ADVANCED_FACE('',(#12056,#12102),#9735,.T.);
#12056 = FACE_BOUND('',#12057,.T.);
#12057 = EDGE_LOOP('',(#12058,#12080,#12081,#12082));
#12058 = ORIENTED_EDGE('',*,*,#12059,.F.);
#12059 = EDGE_CURVE('',#9703,#12060,#12062,.T.);
#12060 = VERTEX_POINT('',#12061);
#12061 = CARTESIAN_POINT('',(42.,-26.05988259767,-4.583678262691));
#12062 = SURFACE_CURVE('',#12063,(#12066,#12073),.PCURVE_S1.);
#12063 = B_SPLINE_CURVE_WITH_KNOTS('',1,(#12064,#12065),.UNSPECIFIED.,
  .F.,.F.,(2,2),(0.,1.),.PIECEWISE_BEZIER_KNOTS.);
#12064 = CARTESIAN_POINT('',(50.,-26.25063509461,-4.532566285183));
#12065 = CARTESIAN_POINT('',(42.,-26.05988259767,-4.583678262691));
#12066 = PCURVE('',#9735,#12067);
#12067 = DEFINITIONAL_REPRESENTATION('',(#12068),#12072);
#12068 = LINE('',#12069,#12070);
#12069 = CARTESIAN_POINT('',(0.,0.));
#12070 = VECTOR('',#12071,1.);
#12071 = DIRECTION('',(0.,1.));
#12072 = ( GEOMETRIC_REPRESENTATION_CONTEXT(2) 
PARAMETRIC_REPRESENTATION_CONTEXT() REPRESENTATION_CONTEXT('2D SPACE',''
  ) );
#12073 = PCURVE('',#9784,#12074);
#12074 = DEFINITIONAL_REPRESENTATION('',(#12075),#12079);
#12075 = LINE('',#12076,#12077);
#12076 = CARTESIAN_POINT('',(7.8,0.));
#12077 = VECTOR('',#12078,1.);
#12078 = DIRECTION('',(0.,1.));
#12079 = ( GEOMETRIC_REPRESENTATION_CONTEXT(2) 
PARAMETRIC_REPRESENTATION_CONTEXT() REPRESENTATION_CONTEXT('2D SPACE',''
  ) );
#12080 = ORIENTED_EDGE('',*,*,#9722,.T.);
#12081 = ORIENTED_EDGE('',*,*,#12012,.T.);
#12082 = ORIENTED_EDGE('',*,*,#12083,.F.);
#12083 = EDGE_CURVE('',#12060,#12013,#12084,.T.);
#12084 = SURFACE_CURVE('',#12085,(#12089,#12095),.PCURVE_S1.);
#12085 = LINE('',#12086,#12087);
#12086 = CARTESIAN_POINT('',(42.,-26.12970285739,-4.46274602547));
#12087 = VECTOR('',#12088,1.);
#12088 = DIRECTION('',(0.,0.5,-0.866025403784));
#12089 = PCURVE('',#9735,#12090);
#12090 = DEFINITIONAL_REPRESENTATION('',(#12091),#12094);
#12091 = B_SPLINE_CURVE_WITH_KNOTS('',1,(#12092,#12093),.UNSPECIFIED.,
  .F.,.F.,(2,2),(0.139640519426,18.260359480574),
  .PIECEWISE_BEZIER_KNOTS.);
#12092 = CARTESIAN_POINT('',(0.,1.));
#12093 = CARTESIAN_POINT('',(18.4,1.));
#12094 = ( GEOMETRIC_REPRESENTATION_CONTEXT(2) 
PARAMETRIC_REPRESENTATION_CONTEXT() REPRESENTATION_CONTEXT('2D SPACE',''
  ) );
#12095 = PCURVE('',#10181,#12096);
#12096 = DEFINITIONAL_REPRESENTATION('',(#12097),#12101);
#12097 = LINE('',#12098,#12099);
#12098 = CARTESIAN_POINT('',(16.86547462389,-6.999749572001));
#12099 = VECTOR('',#12100,1.);
#12100 = DIRECTION('',(-0.923611314543,0.383330327064));
#12101 = ( GEOMETRIC_REPRESENTATION_CONTEXT(2) 
PARAMETRIC_REPRESENTATION_CONTEXT() REPRESENTATION_CONTEXT('2D SPACE',''
  ) );
#12102 = FACE_BOUND('',#12103,.T.);
#12103 = EDGE_LOOP('',(#12104,#12134,#12163,#12191));
#12104 = ORIENTED_EDGE('',*,*,#12105,.F.);
#12105 = EDGE_CURVE('',#12106,#12108,#12110,.T.);
#12106 = VERTEX_POINT('',#12107);
#12107 = CARTESIAN_POINT('',(42.072512659888,-17.03079899716,
    -20.22504123094));
#12108 = VERTEX_POINT('',#12109);
#12109 = CARTESIAN_POINT('',(42.072512659888,-26.03079899716,
    -4.63658396282));
#12110 = SURFACE_CURVE('',#12111,(#12115,#12122),.PCURVE_S1.);
#12111 = LINE('',#12112,#12113);
#12112 = CARTESIAN_POINT('',(42.072512659888,-17.03079899716,
    -20.22504123094));
#12113 = VECTOR('',#12114,1.);
#12114 = DIRECTION('',(-9.688031730894E-19,-0.5,0.866025403784));
#12115 = PCURVE('',#9735,#12116);
#12116 = DEFINITIONAL_REPRESENTATION('',(#12117),#12121);
#12117 = B_SPLINE_CURVE_WITH_KNOTS('',2,(#12118,#12119,#12120),
  .UNSPECIFIED.,.F.,.F.,(3,3),(0.,18.),.PIECEWISE_BEZIER_KNOTS.);
#12118 = CARTESIAN_POINT('',(18.337433763759,0.990935917514));
#12119 = CARTESIAN_POINT('',(9.2,0.990935917514));
#12120 = CARTESIAN_POINT('',(6.256623624082E-02,0.990935917514));
#12121 = ( GEOMETRIC_REPRESENTATION_CONTEXT(2) 
PARAMETRIC_REPRESENTATION_CONTEXT() REPRESENTATION_CONTEXT('2D SPACE',''
  ) );
#12122 = PCURVE('',#12123,#12128);
#12123 = PLANE('',#12124);
#12124 = AXIS2_PLACEMENT_3D('',#12125,#12126,#12127);
#12125 = CARTESIAN_POINT('',(42.072512659888,-17.03079899716,
    -20.22504123094));
#12126 = DIRECTION('',(-0.999847695156,1.511422733186E-02,
    8.726203218642E-03));
#12127 = DIRECTION('',(0.,-0.5,0.866025403784));
#12128 = DEFINITIONAL_REPRESENTATION('',(#12129),#12133);
#12129 = LINE('',#12130,#12131);
#12130 = CARTESIAN_POINT('',(0.,-3.552172583299E-15));
#12131 = VECTOR('',#12132,1.);
#12132 = DIRECTION('',(1.,-5.551115123126E-17));
#12133 = ( GEOMETRIC_REPRESENTATION_CONTEXT(2) 
PARAMETRIC_REPRESENTATION_CONTEXT() REPRESENTATION_CONTEXT('2D SPACE',''
  ) );
#12134 = ORIENTED_EDGE('',*,*,#12135,.F.);
#12135 = EDGE_CURVE('',#12136,#12106,#12138,.T.);
#12136 = VERTEX_POINT('',#12137);
#12137 = CARTESIAN_POINT('',(48.071598830826,-17.12148436115,
    -20.27739845025));
#12138 = SURFACE_CURVE('',#12139,(#12143,#12151),.PCURVE_S1.);
#12139 = LINE('',#12140,#12141);
#12140 = CARTESIAN_POINT('',(48.071598830826,-17.12148436115,
    -20.27739845025));
#12141 = VECTOR('',#12142,1.);
#12142 = DIRECTION('',(-0.999847695156,1.511422733186E-02,
    8.726203218642E-03));
#12143 = PCURVE('',#9735,#12144);
#12144 = DEFINITIONAL_REPRESENTATION('',(#12145),#12150);
#12145 = B_SPLINE_CURVE_WITH_KNOTS('',3,(#12146,#12147,#12148,#12149),
  .UNSPECIFIED.,.F.,.F.,(4,4),(0.,6.),.PIECEWISE_BEZIER_KNOTS.);
#12146 = CARTESIAN_POINT('',(18.233049540022,0.241050146147));
#12147 = CARTESIAN_POINT('',(18.267446803758,0.491012069936));
#12148 = CARTESIAN_POINT('',(18.302236951792,0.740973993725));
#12149 = CARTESIAN_POINT('',(18.337433763759,0.990935917514));
#12150 = ( GEOMETRIC_REPRESENTATION_CONTEXT(2) 
PARAMETRIC_REPRESENTATION_CONTEXT() REPRESENTATION_CONTEXT('2D SPACE',''
  ) );
#12151 = PCURVE('',#12152,#12157);
#12152 = PLANE('',#12153);
#12153 = AXIS2_PLACEMENT_3D('',#12154,#12155,#12156);
#12154 = CARTESIAN_POINT('',(48.071598830826,-17.12148436115,
    -20.27739845025));
#12155 = DIRECTION('',(0.,0.5,-0.866025403784));
#12156 = DIRECTION('',(-0.999847695156,1.511422733186E-02,
    8.726203218642E-03));
#12157 = DEFINITIONAL_REPRESENTATION('',(#12158),#12162);
#12158 = LINE('',#12159,#12160);
#12159 = CARTESIAN_POINT('',(-6.200340307772E-17,-3.552172583299E-15));
#12160 = VECTOR('',#12161,1.);
#12161 = DIRECTION('',(1.,-3.469446951954E-18));
#12162 = ( GEOMETRIC_REPRESENTATION_CONTEXT(2) 
PARAMETRIC_REPRESENTATION_CONTEXT() REPRESENTATION_CONTEXT('2D SPACE',''
  ) );
#12163 = ORIENTED_EDGE('',*,*,#12164,.F.);
#12164 = EDGE_CURVE('',#12165,#12136,#12167,.T.);
#12165 = VERTEX_POINT('',#12166);
#12166 = CARTESIAN_POINT('',(48.071598830826,-26.12148436115,
    -4.688941182132));
#12167 = SURFACE_CURVE('',#12168,(#12172,#12179),.PCURVE_S1.);
#12168 = LINE('',#12169,#12170);
#12169 = CARTESIAN_POINT('',(48.071598830826,-26.12148436115,
    -4.688941182132));
#12170 = VECTOR('',#12171,1.);
#12171 = DIRECTION('',(9.688031730894E-19,0.5,-0.866025403784));
#12172 = PCURVE('',#9735,#12173);
#12173 = DEFINITIONAL_REPRESENTATION('',(#12174),#12178);
#12174 = B_SPLINE_CURVE_WITH_KNOTS('',2,(#12175,#12176,#12177),
  .UNSPECIFIED.,.F.,.F.,(3,3),(0.,18.),.PIECEWISE_BEZIER_KNOTS.);
#12175 = CARTESIAN_POINT('',(0.166950459978,0.241050146147));
#12176 = CARTESIAN_POINT('',(9.2,0.241050146147));
#12177 = CARTESIAN_POINT('',(18.233049540022,0.241050146147));
#12178 = ( GEOMETRIC_REPRESENTATION_CONTEXT(2) 
PARAMETRIC_REPRESENTATION_CONTEXT() REPRESENTATION_CONTEXT('2D SPACE',''
  ) );
#12179 = PCURVE('',#12180,#12185);
#12180 = PLANE('',#12181);
#12181 = AXIS2_PLACEMENT_3D('',#12182,#12183,#12184);
#12182 = CARTESIAN_POINT('',(48.071598830826,-26.12148436115,
    -4.688941182132));
#12183 = DIRECTION('',(0.999847695156,-1.511422733186E-02,
    -8.726203218642E-03));
#12184 = DIRECTION('',(0.,0.5,-0.866025403784));
#12185 = DEFINITIONAL_REPRESENTATION('',(#12186),#12190);
#12186 = LINE('',#12187,#12188);
#12187 = CARTESIAN_POINT('',(0.,-3.552172583299E-15));
#12188 = VECTOR('',#12189,1.);
#12189 = DIRECTION('',(1.,5.551115123126E-17));
#12190 = ( GEOMETRIC_REPRESENTATION_CONTEXT(2) 
PARAMETRIC_REPRESENTATION_CONTEXT() REPRESENTATION_CONTEXT('2D SPACE',''
  ) );
#12191 = ORIENTED_EDGE('',*,*,#12192,.F.);
#12192 = EDGE_CURVE('',#12108,#12165,#12193,.T.);
#12193 = SURFACE_CURVE('',#12194,(#12198,#12206),.PCURVE_S1.);
#12194 = LINE('',#12195,#12196);
#12195 = CARTESIAN_POINT('',(42.072512659888,-26.03079899716,
    -4.63658396282));
#12196 = VECTOR('',#12197,1.);
#12197 = DIRECTION('',(0.999847695156,-1.511422733186E-02,
    -8.726203218642E-03));
#12198 = PCURVE('',#9735,#12199);
#12199 = DEFINITIONAL_REPRESENTATION('',(#12200),#12205);
#12200 = B_SPLINE_CURVE_WITH_KNOTS('',3,(#12201,#12202,#12203,#12204),
  .UNSPECIFIED.,.F.,.F.,(4,4),(0.,6.),.PIECEWISE_BEZIER_KNOTS.);
#12201 = CARTESIAN_POINT('',(6.256623624083E-02,0.990935917514));
#12202 = CARTESIAN_POINT('',(9.776304820776E-02,0.740973993725));
#12203 = CARTESIAN_POINT('',(0.132553196242,0.491012069936));
#12204 = CARTESIAN_POINT('',(0.166950459978,0.241050146147));
#12205 = ( GEOMETRIC_REPRESENTATION_CONTEXT(2) 
PARAMETRIC_REPRESENTATION_CONTEXT() REPRESENTATION_CONTEXT('2D SPACE',''
  ) );
#12206 = PCURVE('',#12207,#12212);
#12207 = PLANE('',#12208);
#12208 = AXIS2_PLACEMENT_3D('',#12209,#12210,#12211);
#12209 = CARTESIAN_POINT('',(42.072512659888,-26.03079899716,
    -4.63658396282));
#12210 = DIRECTION('',(0.,-0.5,0.866025403784));
#12211 = DIRECTION('',(0.999847695156,-1.511422733186E-02,
    -8.726203218642E-03));
#12212 = DEFINITIONAL_REPRESENTATION('',(#12213),#12217);
#12213 = LINE('',#12214,#12215);
#12214 = CARTESIAN_POINT('',(6.200340307772E-17,-3.552172583299E-15));
#12215 = VECTOR('',#12216,1.);
#12216 = DIRECTION('',(1.,3.469446951954E-18));
#12217 = ( GEOMETRIC_REPRESENTATION_CONTEXT(2) 
PARAMETRIC_REPRESENTATION_CONTEXT() REPRESENTATION_CONTEXT('2D SPACE',''
  ) );
#12218 = ADVANCED_FACE('',(#12219),#9784,.T.);
#12219 = FACE_BOUND('',#12220,.T.);
#12220 = EDGE_LOOP('',(#12221,#12222,#12223,#12224));
#12221 = ORIENTED_EDGE('',*,*,#10146,.F.);
#12222 = ORIENTED_EDGE('',*,*,#9771,.T.);
#12223 = ORIENTED_EDGE('',*,*,#12059,.T.);
#12224 = ORIENTED_EDGE('',*,*,#12225,.F.);
#12225 = EDGE_CURVE('',#10147,#12060,#12226,.T.);
#12226 = SURFACE_CURVE('',#12227,(#12231,#12237),.PCURVE_S1.);
#12227 = LINE('',#12228,#12229);
#12228 = CARTESIAN_POINT('',(42.,-19.42581668537,-0.753498522404));
#12229 = VECTOR('',#12230,1.);
#12230 = DIRECTION('',(0.,-0.866025403784,-0.5));
#12231 = PCURVE('',#9784,#12232);
#12232 = DEFINITIONAL_REPRESENTATION('',(#12233),#12236);
#12233 = B_SPLINE_CURVE_WITH_KNOTS('',1,(#12234,#12235),.UNSPECIFIED.,
  .F.,.F.,(2,2),(0.139640519426,7.660359480574),
  .PIECEWISE_BEZIER_KNOTS.);
#12234 = CARTESIAN_POINT('',(0.,1.));
#12235 = CARTESIAN_POINT('',(7.8,1.));
#12236 = ( GEOMETRIC_REPRESENTATION_CONTEXT(2) 
PARAMETRIC_REPRESENTATION_CONTEXT() REPRESENTATION_CONTEXT('2D SPACE',''
  ) );
#12237 = PCURVE('',#10181,#12238);
#12238 = DEFINITIONAL_REPRESENTATION('',(#12239),#12243);
#12239 = LINE('',#12240,#12241);
#12240 = CARTESIAN_POINT('',(19.672949165298,0.12897356371));
#12241 = VECTOR('',#12242,1.);
#12242 = DIRECTION('',(-0.383330327064,-0.923611314543));
#12243 = ( GEOMETRIC_REPRESENTATION_CONTEXT(2) 
PARAMETRIC_REPRESENTATION_CONTEXT() REPRESENTATION_CONTEXT('2D SPACE',''
  ) );
#12244 = ADVANCED_FACE('',(#12245),#9835,.T.);
#12245 = FACE_BOUND('',#12246,.T.);
#12246 = EDGE_LOOP('',(#12247,#12269,#12270,#12271));
#12247 = ORIENTED_EDGE('',*,*,#12248,.F.);
#12248 = EDGE_CURVE('',#9803,#12249,#12251,.T.);
#12249 = VERTEX_POINT('',#12250);
#12250 = CARTESIAN_POINT('',(42.,-26.05988259767,4.583678262691));
#12251 = SURFACE_CURVE('',#12252,(#12255,#12262),.PCURVE_S1.);
#12252 = B_SPLINE_CURVE_WITH_KNOTS('',1,(#12253,#12254),.UNSPECIFIED.,
  .F.,.F.,(2,2),(0.,1.),.PIECEWISE_BEZIER_KNOTS.);
#12253 = CARTESIAN_POINT('',(50.,-26.25063509461,4.532566285183));
#12254 = CARTESIAN_POINT('',(42.,-26.05988259767,4.583678262691));
#12255 = PCURVE('',#9835,#12256);
#12256 = DEFINITIONAL_REPRESENTATION('',(#12257),#12261);
#12257 = LINE('',#12258,#12259);
#12258 = CARTESIAN_POINT('',(0.,0.));
#12259 = VECTOR('',#12260,1.);
#12260 = DIRECTION('',(0.,1.));
#12261 = ( GEOMETRIC_REPRESENTATION_CONTEXT(2) 
PARAMETRIC_REPRESENTATION_CONTEXT() REPRESENTATION_CONTEXT('2D SPACE',''
  ) );
#12262 = PCURVE('',#9885,#12263);
#12263 = DEFINITIONAL_REPRESENTATION('',(#12264),#12268);
#12264 = LINE('',#12265,#12266);
#12265 = CARTESIAN_POINT('',(18.4,0.));
#12266 = VECTOR('',#12267,1.);
#12267 = DIRECTION('',(0.,1.));
#12268 = ( GEOMETRIC_REPRESENTATION_CONTEXT(2) 
PARAMETRIC_REPRESENTATION_CONTEXT() REPRESENTATION_CONTEXT('2D SPACE',''
  ) );
#12269 = ORIENTED_EDGE('',*,*,#9822,.T.);
#12270 = ORIENTED_EDGE('',*,*,#9934,.T.);
#12271 = ORIENTED_EDGE('',*,*,#12272,.F.);
#12272 = EDGE_CURVE('',#12249,#9935,#12273,.T.);
#12273 = SURFACE_CURVE('',#12274,(#12278,#12284),.PCURVE_S1.);
#12274 = LINE('',#12275,#12276);
#12275 = CARTESIAN_POINT('',(42.,-26.18081483489,4.653498522404));
#12276 = VECTOR('',#12277,1.);
#12277 = DIRECTION('',(0.,0.866025403784,-0.5));
#12278 = PCURVE('',#9835,#12279);
#12279 = DEFINITIONAL_REPRESENTATION('',(#12280),#12283);
#12280 = B_SPLINE_CURVE_WITH_KNOTS('',1,(#12281,#12282),.UNSPECIFIED.,
  .F.,.F.,(2,2),(0.139640519426,7.660359480574),
  .PIECEWISE_BEZIER_KNOTS.);
#12281 = CARTESIAN_POINT('',(0.,1.));
#12282 = CARTESIAN_POINT('',(7.8,1.));
#12283 = ( GEOMETRIC_REPRESENTATION_CONTEXT(2) 
PARAMETRIC_REPRESENTATION_CONTEXT() REPRESENTATION_CONTEXT('2D SPACE',''
  ) );
#12284 = PCURVE('',#9992,#12285);
#12285 = DEFINITIONAL_REPRESENTATION('',(#12286),#12290);
#12286 = LINE('',#12287,#12288);
#12287 = CARTESIAN_POINT('',(-5.352844598291E-02,-0.12897356371));
#12288 = VECTOR('',#12289,1.);
#12289 = DIRECTION('',(0.383330327064,0.923611314543));
#12290 = ( GEOMETRIC_REPRESENTATION_CONTEXT(2) 
PARAMETRIC_REPRESENTATION_CONTEXT() REPRESENTATION_CONTEXT('2D SPACE',''
  ) );
#12291 = ADVANCED_FACE('',(#12292,#12338),#9885,.T.);
#12292 = FACE_BOUND('',#12293,.T.);
#12293 = EDGE_LOOP('',(#12294,#12316,#12317,#12318));
#12294 = ORIENTED_EDGE('',*,*,#12295,.F.);
#12295 = EDGE_CURVE('',#9853,#12296,#12298,.T.);
#12296 = VERTEX_POINT('',#12297);
#12297 = CARTESIAN_POINT('',(42.,-16.9995231171,20.276681217884));
#12298 = SURFACE_CURVE('',#12299,(#12302,#12309),.PCURVE_S1.);
#12299 = B_SPLINE_CURVE_WITH_KNOTS('',1,(#12300,#12301),.UNSPECIFIED.,
  .F.,.F.,(2,2),(0.,1.),.PIECEWISE_BEZIER_KNOTS.);
#12300 = CARTESIAN_POINT('',(50.,-17.05063509461,20.467433714817));
#12301 = CARTESIAN_POINT('',(42.,-16.9995231171,20.276681217884));
#12302 = PCURVE('',#9885,#12303);
#12303 = DEFINITIONAL_REPRESENTATION('',(#12304),#12308);
#12304 = LINE('',#12305,#12306);
#12305 = CARTESIAN_POINT('',(0.,0.));
#12306 = VECTOR('',#12307,1.);
#12307 = DIRECTION('',(0.,1.));
#12308 = ( GEOMETRIC_REPRESENTATION_CONTEXT(2) 
PARAMETRIC_REPRESENTATION_CONTEXT() REPRESENTATION_CONTEXT('2D SPACE',''
  ) );
#12309 = PCURVE('',#9917,#12310);
#12310 = DEFINITIONAL_REPRESENTATION('',(#12311),#12315);
#12311 = LINE('',#12312,#12313);
#12312 = CARTESIAN_POINT('',(7.8,0.));
#12313 = VECTOR('',#12314,1.);
#12314 = DIRECTION('',(0.,1.));
#12315 = ( GEOMETRIC_REPRESENTATION_CONTEXT(2) 
PARAMETRIC_REPRESENTATION_CONTEXT() REPRESENTATION_CONTEXT('2D SPACE',''
  ) );
#12316 = ORIENTED_EDGE('',*,*,#9872,.T.);
#12317 = ORIENTED_EDGE('',*,*,#12248,.T.);
#12318 = ORIENTED_EDGE('',*,*,#12319,.F.);
#12319 = EDGE_CURVE('',#12296,#12249,#12320,.T.);
#12320 = SURFACE_CURVE('',#12321,(#12325,#12331),.PCURVE_S1.);
#12321 = LINE('',#12322,#12323);
#12322 = CARTESIAN_POINT('',(42.,-16.92970285739,20.397613455104));
#12323 = VECTOR('',#12324,1.);
#12324 = DIRECTION('',(0.,-0.5,-0.866025403784));
#12325 = PCURVE('',#9885,#12326);
#12326 = DEFINITIONAL_REPRESENTATION('',(#12327),#12330);
#12327 = B_SPLINE_CURVE_WITH_KNOTS('',1,(#12328,#12329),.UNSPECIFIED.,
  .F.,.F.,(2,2),(0.139640519426,18.260359480574),
  .PIECEWISE_BEZIER_KNOTS.);
#12328 = CARTESIAN_POINT('',(0.,1.));
#12329 = CARTESIAN_POINT('',(18.4,1.));
#12330 = ( GEOMETRIC_REPRESENTATION_CONTEXT(2) 
PARAMETRIC_REPRESENTATION_CONTEXT() REPRESENTATION_CONTEXT('2D SPACE',''
  ) );
#12331 = PCURVE('',#9992,#12332);
#12332 = DEFINITIONAL_REPRESENTATION('',(#12333),#12337);
#12333 = LINE('',#12334,#12335);
#12334 = CARTESIAN_POINT('',(16.86547462389,-6.999749572001));
#12335 = VECTOR('',#12336,1.);
#12336 = DIRECTION('',(-0.923611314543,0.383330327064));
#12337 = ( GEOMETRIC_REPRESENTATION_CONTEXT(2) 
PARAMETRIC_REPRESENTATION_CONTEXT() REPRESENTATION_CONTEXT('2D SPACE',''
  ) );
#12338 = FACE_BOUND('',#12339,.T.);
#12339 = EDGE_LOOP('',(#12340,#12370,#12399,#12427));
#12340 = ORIENTED_EDGE('',*,*,#12341,.F.);
#12341 = EDGE_CURVE('',#12342,#12344,#12346,.T.);
#12342 = VERTEX_POINT('',#12343);
#12343 = CARTESIAN_POINT('',(42.072512659888,-26.03079899716,
    4.63658396282));
#12344 = VERTEX_POINT('',#12345);
#12345 = CARTESIAN_POINT('',(42.072512659888,-17.03079899716,
    20.22504123094));
#12346 = SURFACE_CURVE('',#12347,(#12351,#12358),.PCURVE_S1.);
#12347 = LINE('',#12348,#12349);
#12348 = CARTESIAN_POINT('',(42.072512659888,-26.03079899716,
    4.63658396282));
#12349 = VECTOR('',#12350,1.);
#12350 = DIRECTION('',(0.,0.5,0.866025403784));
#12351 = PCURVE('',#9885,#12352);
#12352 = DEFINITIONAL_REPRESENTATION('',(#12353),#12357);
#12353 = B_SPLINE_CURVE_WITH_KNOTS('',2,(#12354,#12355,#12356),
  .UNSPECIFIED.,.F.,.F.,(3,3),(0.,18.),.PIECEWISE_BEZIER_KNOTS.);
#12354 = CARTESIAN_POINT('',(18.337433763759,0.990935917514));
#12355 = CARTESIAN_POINT('',(9.2,0.990935917514));
#12356 = CARTESIAN_POINT('',(6.256623624082E-02,0.990935917514));
#12357 = ( GEOMETRIC_REPRESENTATION_CONTEXT(2) 
PARAMETRIC_REPRESENTATION_CONTEXT() REPRESENTATION_CONTEXT('2D SPACE',''
  ) );
#12358 = PCURVE('',#12359,#12364);
#12359 = PLANE('',#12360);
#12360 = AXIS2_PLACEMENT_3D('',#12361,#12362,#12363);
#12361 = CARTESIAN_POINT('',(42.072512659888,-26.03079899716,
    4.63658396282));
#12362 = DIRECTION('',(-0.999847695156,1.511422733186E-02,
    -8.726203218642E-03));
#12363 = DIRECTION('',(0.,0.5,0.866025403784));
#12364 = DEFINITIONAL_REPRESENTATION('',(#12365),#12369);
#12365 = LINE('',#12366,#12367);
#12366 = CARTESIAN_POINT('',(0.,0.));
#12367 = VECTOR('',#12368,1.);
#12368 = DIRECTION('',(1.,0.));
#12369 = ( GEOMETRIC_REPRESENTATION_CONTEXT(2) 
PARAMETRIC_REPRESENTATION_CONTEXT() REPRESENTATION_CONTEXT('2D SPACE',''
  ) );
#12370 = ORIENTED_EDGE('',*,*,#12371,.F.);
#12371 = EDGE_CURVE('',#12372,#12342,#12374,.T.);
#12372 = VERTEX_POINT('',#12373);
#12373 = CARTESIAN_POINT('',(48.071598830826,-26.12148436115,
    4.688941182132));
#12374 = SURFACE_CURVE('',#12375,(#12379,#12387),.PCURVE_S1.);
#12375 = LINE('',#12376,#12377);
#12376 = CARTESIAN_POINT('',(48.071598830826,-26.12148436115,
    4.688941182132));
#12377 = VECTOR('',#12378,1.);
#12378 = DIRECTION('',(-0.999847695156,1.511422733186E-02,
    -8.726203218642E-03));
#12379 = PCURVE('',#9885,#12380);
#12380 = DEFINITIONAL_REPRESENTATION('',(#12381),#12386);
#12381 = B_SPLINE_CURVE_WITH_KNOTS('',3,(#12382,#12383,#12384,#12385),
  .UNSPECIFIED.,.F.,.F.,(4,4),(0.,6.),.PIECEWISE_BEZIER_KNOTS.);
#12382 = CARTESIAN_POINT('',(18.233049540022,0.241050146147));
#12383 = CARTESIAN_POINT('',(18.267446803758,0.491012069936));
#12384 = CARTESIAN_POINT('',(18.302236951792,0.740973993725));
#12385 = CARTESIAN_POINT('',(18.337433763759,0.990935917514));
#12386 = ( GEOMETRIC_REPRESENTATION_CONTEXT(2) 
PARAMETRIC_REPRESENTATION_CONTEXT() REPRESENTATION_CONTEXT('2D SPACE',''
  ) );
#12387 = PCURVE('',#12388,#12393);
#12388 = PLANE('',#12389);
#12389 = AXIS2_PLACEMENT_3D('',#12390,#12391,#12392);
#12390 = CARTESIAN_POINT('',(48.071598830826,-26.12148436115,
    4.688941182132));
#12391 = DIRECTION('',(0.,-0.5,-0.866025403784));
#12392 = DIRECTION('',(-0.999847695156,1.511422733186E-02,
    -8.726203218642E-03));
#12393 = DEFINITIONAL_REPRESENTATION('',(#12394),#12398);
#12394 = LINE('',#12395,#12396);
#12395 = CARTESIAN_POINT('',(0.,0.));
#12396 = VECTOR('',#12397,1.);
#12397 = DIRECTION('',(1.,0.));
#12398 = ( GEOMETRIC_REPRESENTATION_CONTEXT(2) 
PARAMETRIC_REPRESENTATION_CONTEXT() REPRESENTATION_CONTEXT('2D SPACE',''
  ) );
#12399 = ORIENTED_EDGE('',*,*,#12400,.F.);
#12400 = EDGE_CURVE('',#12401,#12372,#12403,.T.);
#12401 = VERTEX_POINT('',#12402);
#12402 = CARTESIAN_POINT('',(48.071598830826,-17.12148436115,
    20.277398450252));
#12403 = SURFACE_CURVE('',#12404,(#12408,#12415),.PCURVE_S1.);
#12404 = LINE('',#12405,#12406);
#12405 = CARTESIAN_POINT('',(48.071598830826,-17.12148436115,
    20.277398450252));
#12406 = VECTOR('',#12407,1.);
#12407 = DIRECTION('',(0.,-0.5,-0.866025403784));
#12408 = PCURVE('',#9885,#12409);
#12409 = DEFINITIONAL_REPRESENTATION('',(#12410),#12414);
#12410 = B_SPLINE_CURVE_WITH_KNOTS('',2,(#12411,#12412,#12413),
  .UNSPECIFIED.,.F.,.F.,(3,3),(0.,18.),.PIECEWISE_BEZIER_KNOTS.);
#12411 = CARTESIAN_POINT('',(0.166950459978,0.241050146147));
#12412 = CARTESIAN_POINT('',(9.2,0.241050146147));
#12413 = CARTESIAN_POINT('',(18.233049540022,0.241050146147));
#12414 = ( GEOMETRIC_REPRESENTATION_CONTEXT(2) 
PARAMETRIC_REPRESENTATION_CONTEXT() REPRESENTATION_CONTEXT('2D SPACE',''
  ) );
#12415 = PCURVE('',#12416,#12421);
#12416 = PLANE('',#12417);
#12417 = AXIS2_PLACEMENT_3D('',#12418,#12419,#12420);
#12418 = CARTESIAN_POINT('',(48.071598830826,-17.12148436115,
    20.277398450252));
#12419 = DIRECTION('',(0.999847695156,-1.511422733186E-02,
    8.726203218642E-03));
#12420 = DIRECTION('',(0.,-0.5,-0.866025403784));
#12421 = DEFINITIONAL_REPRESENTATION('',(#12422),#12426);
#12422 = LINE('',#12423,#12424);
#12423 = CARTESIAN_POINT('',(0.,0.));
#12424 = VECTOR('',#12425,1.);
#12425 = DIRECTION('',(1.,0.));
#12426 = ( GEOMETRIC_REPRESENTATION_CONTEXT(2) 
PARAMETRIC_REPRESENTATION_CONTEXT() REPRESENTATION_CONTEXT('2D SPACE',''
  ) );
#12427 = ORIENTED_EDGE('',*,*,#12428,.F.);
#12428 = EDGE_CURVE('',#12344,#12401,#12429,.T.);
#12429 = SURFACE_CURVE('',#12430,(#12434,#12442),.PCURVE_S1.);
#12430 = LINE('',#12431,#12432);
#12431 = CARTESIAN_POINT('',(42.072512659888,-17.03079899716,
    20.22504123094));
#12432 = VECTOR('',#12433,1.);
#12433 = DIRECTION('',(0.999847695156,-1.511422733186E-02,
    8.726203218642E-03));
#12434 = PCURVE('',#9885,#12435);
#12435 = DEFINITIONAL_REPRESENTATION('',(#12436),#12441);
#12436 = B_SPLINE_CURVE_WITH_KNOTS('',3,(#12437,#12438,#12439,#12440),
  .UNSPECIFIED.,.F.,.F.,(4,4),(0.,6.),.PIECEWISE_BEZIER_KNOTS.);
#12437 = CARTESIAN_POINT('',(6.256623624083E-02,0.990935917514));
#12438 = CARTESIAN_POINT('',(9.776304820775E-02,0.740973993725));
#12439 = CARTESIAN_POINT('',(0.132553196242,0.491012069936));
#12440 = CARTESIAN_POINT('',(0.166950459978,0.241050146147));
#12441 = ( GEOMETRIC_REPRESENTATION_CONTEXT(2) 
PARAMETRIC_REPRESENTATION_CONTEXT() REPRESENTATION_CONTEXT('2D SPACE',''
  ) );
#12442 = PCURVE('',#12443,#12448);
#12443 = PLANE('',#12444);
#12444 = AXIS2_PLACEMENT_3D('',#12445,#12446,#12447);
#12445 = CARTESIAN_POINT('',(42.072512659888,-17.03079899716,
    20.22504123094));
#12446 = DIRECTION('',(0.,0.5,0.866025403784));
#12447 = DIRECTION('',(0.999847695156,-1.511422733186E-02,
    8.726203218642E-03));
#12448 = DEFINITIONAL_REPRESENTATION('',(#12449),#12453);
#12449 = LINE('',#12450,#12451);
#12450 = CARTESIAN_POINT('',(0.,0.));
#12451 = VECTOR('',#12452,1.);
#12452 = DIRECTION('',(1.,0.));
#12453 = ( GEOMETRIC_REPRESENTATION_CONTEXT(2) 
PARAMETRIC_REPRESENTATION_CONTEXT() REPRESENTATION_CONTEXT('2D SPACE',''
  ) );
#12454 = ADVANCED_FACE('',(#12455),#9917,.T.);
#12455 = FACE_BOUND('',#12456,.T.);
#12456 = EDGE_LOOP('',(#12457,#12458,#12459,#12460));
#12457 = ORIENTED_EDGE('',*,*,#9957,.F.);
#12458 = ORIENTED_EDGE('',*,*,#9904,.T.);
#12459 = ORIENTED_EDGE('',*,*,#12295,.T.);
#12460 = ORIENTED_EDGE('',*,*,#12461,.F.);
#12461 = EDGE_CURVE('',#9958,#12296,#12462,.T.);
#12462 = SURFACE_CURVE('',#12463,(#12467,#12473),.PCURVE_S1.);
#12463 = LINE('',#12464,#12465);
#12464 = CARTESIAN_POINT('',(42.,-10.3654572048,16.446501477596));
#12465 = VECTOR('',#12466,1.);
#12466 = DIRECTION('',(0.,-0.866025403784,0.5));
#12467 = PCURVE('',#9917,#12468);
#12468 = DEFINITIONAL_REPRESENTATION('',(#12469),#12472);
#12469 = B_SPLINE_CURVE_WITH_KNOTS('',1,(#12470,#12471),.UNSPECIFIED.,
  .F.,.F.,(2,2),(0.139640519426,7.660359480574),
  .PIECEWISE_BEZIER_KNOTS.);
#12470 = CARTESIAN_POINT('',(0.,1.));
#12471 = CARTESIAN_POINT('',(7.8,1.));
#12472 = ( GEOMETRIC_REPRESENTATION_CONTEXT(2) 
PARAMETRIC_REPRESENTATION_CONTEXT() REPRESENTATION_CONTEXT('2D SPACE',''
  ) );
#12473 = PCURVE('',#9992,#12474);
#12474 = DEFINITIONAL_REPRESENTATION('',(#12475),#12479);
#12475 = LINE('',#12476,#12477);
#12476 = CARTESIAN_POINT('',(19.672949165298,0.12897356371));
#12477 = VECTOR('',#12478,1.);
#12478 = DIRECTION('',(-0.383330327064,-0.923611314543));
#12479 = ( GEOMETRIC_REPRESENTATION_CONTEXT(2) 
PARAMETRIC_REPRESENTATION_CONTEXT() REPRESENTATION_CONTEXT('2D SPACE',''
  ) );
#12480 = ADVANCED_FACE('',(#12481),#9992,.F.);
#12481 = FACE_BOUND('',#12482,.T.);
#12482 = EDGE_LOOP('',(#12483,#12484,#12485,#12486));
#12483 = ORIENTED_EDGE('',*,*,#12272,.T.);
#12484 = ORIENTED_EDGE('',*,*,#9979,.T.);
#12485 = ORIENTED_EDGE('',*,*,#12461,.T.);
#12486 = ORIENTED_EDGE('',*,*,#12319,.T.);
#12487 = ADVANCED_FACE('',(#12488),#10024,.F.);
#12488 = FACE_BOUND('',#12489,.F.);
#12489 = EDGE_LOOP('',(#12490,#12491,#12514,#12542,#12570,#12598,#12626,
    #12654));
#12490 = ORIENTED_EDGE('',*,*,#10006,.F.);
#12491 = ORIENTED_EDGE('',*,*,#12492,.T.);
#12492 = EDGE_CURVE('',#10007,#12493,#12495,.T.);
#12493 = VERTEX_POINT('',#12494);
#12494 = CARTESIAN_POINT('',(42.27849531159,-9.,15.58845726812));
#12495 = SURFACE_CURVE('',#12496,(#12500,#12507),.PCURVE_S1.);
#12496 = LINE('',#12497,#12498);
#12497 = CARTESIAN_POINT('',(42.308968192733,-10.51189865546,
    16.46135236384));
#12498 = VECTOR('',#12499,1.);
#12499 = DIRECTION('',(-1.745240643728E-02,0.865893503921,
    -0.499923847578));
#12500 = PCURVE('',#10024,#12501);
#12501 = DEFINITIONAL_REPRESENTATION('',(#12502),#12506);
#12502 = LINE('',#12503,#12504);
#12503 = CARTESIAN_POINT('',(0.,0.));
#12504 = VECTOR('',#12505,1.);
#12505 = DIRECTION('',(0.,-1.));
#12506 = ( GEOMETRIC_REPRESENTATION_CONTEXT(2) 
PARAMETRIC_REPRESENTATION_CONTEXT() REPRESENTATION_CONTEXT('2D SPACE',''
  ) );
#12507 = PCURVE('',#10053,#12508);
#12508 = DEFINITIONAL_REPRESENTATION('',(#12509),#12513);
#12509 = LINE('',#12510,#12511);
#12510 = CARTESIAN_POINT('',(6.,-1.471045507628E-15));
#12511 = VECTOR('',#12512,1.);
#12512 = DIRECTION('',(0.,-1.));
#12513 = ( GEOMETRIC_REPRESENTATION_CONTEXT(2) 
PARAMETRIC_REPRESENTATION_CONTEXT() REPRESENTATION_CONTEXT('2D SPACE',''
  ) );
#12514 = ORIENTED_EDGE('',*,*,#12515,.T.);
#12515 = EDGE_CURVE('',#12493,#12516,#12518,.T.);
#12516 = VERTEX_POINT('',#12517);
#12517 = CARTESIAN_POINT('',(42.276279008196,-9.,15.334513395312));
#12518 = SURFACE_CURVE('',#12519,(#12523,#12530),.PCURVE_S1.);
#12519 = LINE('',#12520,#12521);
#12520 = CARTESIAN_POINT('',(42.289924092604,-9.,16.897966119703));
#12521 = VECTOR('',#12522,1.);
#12522 = DIRECTION('',(-8.727200095795E-03,-0.,-0.999961917264));
#12523 = PCURVE('',#10024,#12524);
#12524 = DEFINITIONAL_REPRESENTATION('',(#12525),#12529);
#12525 = LINE('',#12526,#12527);
#12526 = CARTESIAN_POINT('',(-1.134067931951,-1.091201960994));
#12527 = VECTOR('',#12528,1.);
#12528 = DIRECTION('',(0.865992423168,-0.500057119753));
#12529 = ( GEOMETRIC_REPRESENTATION_CONTEXT(2) 
PARAMETRIC_REPRESENTATION_CONTEXT() REPRESENTATION_CONTEXT('2D SPACE',''
  ) );
#12530 = PCURVE('',#12531,#12536);
#12531 = PLANE('',#12532);
#12532 = AXIS2_PLACEMENT_3D('',#12533,#12534,#12535);
#12533 = CARTESIAN_POINT('',(42.308968192733,-9.,17.334247459561));
#12534 = DIRECTION('',(0.,-1.,0.));
#12535 = DIRECTION('',(0.999847695156,0.,-1.745240643728E-02));
#12536 = DEFINITIONAL_REPRESENTATION('',(#12537),#12541);
#12537 = LINE('',#12538,#12539);
#12538 = CARTESIAN_POINT('',(-1.142704035552E-02,-0.436547257473));
#12539 = VECTOR('',#12540,1.);
#12540 = DIRECTION('',(8.725870900949E-03,-0.999961928864));
#12541 = ( GEOMETRIC_REPRESENTATION_CONTEXT(2) 
PARAMETRIC_REPRESENTATION_CONTEXT() REPRESENTATION_CONTEXT('2D SPACE',''
  ) );
#12542 = ORIENTED_EDGE('',*,*,#12543,.F.);
#12543 = EDGE_CURVE('',#12544,#12516,#12546,.T.);
#12544 = VERTEX_POINT('',#12545);
#12545 = CARTESIAN_POINT('',(42.274063379858,-8.853407765083,
    15.334552069248));
#12546 = SURFACE_CURVE('',#12547,(#12551,#12558),.PCURVE_S1.);
#12547 = LINE('',#12548,#12549);
#12548 = CARTESIAN_POINT('',(42.220047371315,-5.279555924427,
    15.335494922184));
#12549 = VECTOR('',#12550,1.);
#12550 = DIRECTION('',(1.511250058046E-02,-0.999885764846,
    -2.637896788597E-04));
#12551 = PCURVE('',#10024,#12552);
#12552 = DEFINITIONAL_REPRESENTATION('',(#12553),#12557);
#12553 = LINE('',#12554,#12555);
#12554 = CARTESIAN_POINT('',(-1.641150220005,-5.095046447467));
#12555 = VECTOR('',#12556,1.);
#12556 = DIRECTION('',(0.500171330986,0.865926463194));
#12557 = ( GEOMETRIC_REPRESENTATION_CONTEXT(2) 
PARAMETRIC_REPRESENTATION_CONTEXT() REPRESENTATION_CONTEXT('2D SPACE',''
  ) );
#12558 = PCURVE('',#12559,#12564);
#12559 = PLANE('',#12560);
#12560 = AXIS2_PLACEMENT_3D('',#12561,#12562,#12563);
#12561 = CARTESIAN_POINT('',(45.273606465327,1.480297366167E-16,
    15.282194849936));
#12562 = DIRECTION('',(1.745240643728E-02,0.,0.999847695156));
#12563 = DIRECTION('',(0.999847695156,0.,-1.745240643728E-02));
#12564 = DEFINITIONAL_REPRESENTATION('',(#12565),#12569);
#12565 = LINE('',#12566,#12567);
#12566 = CARTESIAN_POINT('',(-3.054024236696,-5.279555924427));
#12567 = VECTOR('',#12568,1.);
#12568 = DIRECTION('',(1.511480263811E-02,-0.999885764846));
#12569 = ( GEOMETRIC_REPRESENTATION_CONTEXT(2) 
PARAMETRIC_REPRESENTATION_CONTEXT() REPRESENTATION_CONTEXT('2D SPACE',''
  ) );
#12570 = ORIENTED_EDGE('',*,*,#12571,.T.);
#12571 = EDGE_CURVE('',#12544,#12572,#12574,.T.);
#12572 = VERTEX_POINT('',#12573);
#12573 = CARTESIAN_POINT('',(42.274063379858,-17.70681553016,
    2.817190924986E-15));
#12574 = SURFACE_CURVE('',#12575,(#12579,#12586),.PCURVE_S1.);
#12575 = LINE('',#12576,#12577);
#12576 = CARTESIAN_POINT('',(42.274063379858,-8.780111647624,
    15.461504668684));
#12577 = VECTOR('',#12578,1.);
#12578 = DIRECTION('',(0.,-0.5,-0.866025403784));
#12579 = PCURVE('',#10024,#12580);
#12580 = DEFINITIONAL_REPRESENTATION('',(#12581),#12585);
#12581 = LINE('',#12582,#12583);
#12582 = CARTESIAN_POINT('',(-0.,-2.));
#12583 = VECTOR('',#12584,1.);
#12584 = DIRECTION('',(1.,0.));
#12585 = ( GEOMETRIC_REPRESENTATION_CONTEXT(2) 
PARAMETRIC_REPRESENTATION_CONTEXT() REPRESENTATION_CONTEXT('2D SPACE',''
  ) );
#12586 = PCURVE('',#12587,#12592);
#12587 = PLANE('',#12588);
#12588 = AXIS2_PLACEMENT_3D('',#12589,#12590,#12591);
#12589 = CARTESIAN_POINT('',(45.273606465327,-13.23476896562,
    7.641097424968));
#12590 = DIRECTION('',(1.745240643728E-02,-0.865893503921,0.499923847578
    ));
#12591 = DIRECTION('',(0.999847695156,1.511422733186E-02,
    -8.726203218642E-03));
#12592 = DEFINITIONAL_REPRESENTATION('',(#12593),#12597);
#12593 = LINE('',#12594,#12595);
#12594 = CARTESIAN_POINT('',(-3.,9.));
#12595 = VECTOR('',#12596,1.);
#12596 = DIRECTION('',(0.,-1.));
#12597 = ( GEOMETRIC_REPRESENTATION_CONTEXT(2) 
PARAMETRIC_REPRESENTATION_CONTEXT() REPRESENTATION_CONTEXT('2D SPACE',''
  ) );
#12598 = ORIENTED_EDGE('',*,*,#12599,.T.);
#12599 = EDGE_CURVE('',#12572,#12600,#12602,.T.);
#12600 = VERTEX_POINT('',#12601);
#12601 = CARTESIAN_POINT('',(42.276279008196,-17.78007815501,
    0.126971936404));
#12602 = SURFACE_CURVE('',#12603,(#12607,#12614),.PCURVE_S1.);
#12603 = LINE('',#12604,#12605);
#12604 = CARTESIAN_POINT('',(42.288076927083,-18.1701916459,
    0.803080190222));
#12605 = VECTOR('',#12606,1.);
#12606 = DIRECTION('',(1.511250058046E-02,-0.49971443386,0.866058368078)
  );
#12607 = PCURVE('',#10024,#12608);
#12608 = DEFINITIONAL_REPRESENTATION('',(#12609),#12613);
#12609 = LINE('',#12610,#12611);
#12610 = CARTESIAN_POINT('',(17.389607976942,-1.197042122781));
#12611 = VECTOR('',#12612,1.);
#12612 = DIRECTION('',(-0.500171330986,0.865926463194));
#12613 = ( GEOMETRIC_REPRESENTATION_CONTEXT(2) 
PARAMETRIC_REPRESENTATION_CONTEXT() REPRESENTATION_CONTEXT('2D SPACE',''
  ) );
#12614 = PCURVE('',#12615,#12620);
#12615 = PLANE('',#12616);
#12616 = AXIS2_PLACEMENT_3D('',#12617,#12618,#12619);
#12617 = CARTESIAN_POINT('',(45.273606465327,-13.23476896562,
    -7.641097424968));
#12618 = DIRECTION('',(1.745240643728E-02,-0.865893503921,
    -0.499923847578));
#12619 = DIRECTION('',(0.999847695156,1.511422733186E-02,
    8.726203218642E-03));
#12620 = DEFINITIONAL_REPRESENTATION('',(#12621),#12625);
#12621 = LINE('',#12622,#12623);
#12622 = CARTESIAN_POINT('',(-2.985984318119,9.780583668959));
#12623 = VECTOR('',#12624,1.);
#12624 = DIRECTION('',(1.511480263811E-02,0.999885764846));
#12625 = ( GEOMETRIC_REPRESENTATION_CONTEXT(2) 
PARAMETRIC_REPRESENTATION_CONTEXT() REPRESENTATION_CONTEXT('2D SPACE',''
  ) );
#12626 = ORIENTED_EDGE('',*,*,#12627,.F.);
#12627 = EDGE_CURVE('',#12628,#12600,#12630,.T.);
#12628 = VERTEX_POINT('',#12629);
#12629 = CARTESIAN_POINT('',(42.27849531159,-18.,2.775557561563E-15));
#12630 = SURFACE_CURVE('',#12631,(#12635,#12642),.PCURVE_S1.);
#12631 = LINE('',#12632,#12633);
#12632 = CARTESIAN_POINT('',(42.221676432914,-12.36191242483,
    3.255151379234));
#12633 = VECTOR('',#12634,1.);
#12634 = DIRECTION('',(-8.727200095795E-03,0.865992423168,0.499980958632
    ));
#12635 = PCURVE('',#10024,#12636);
#12636 = DEFINITIONAL_REPRESENTATION('',(#12637),#12641);
#12637 = LINE('',#12638,#12639);
#12638 = CARTESIAN_POINT('',(12.361912424839,-5.001703354322));
#12639 = VECTOR('',#12640,1.);
#12640 = DIRECTION('',(-0.865992423168,-0.500057119753));
#12641 = ( GEOMETRIC_REPRESENTATION_CONTEXT(2) 
PARAMETRIC_REPRESENTATION_CONTEXT() REPRESENTATION_CONTEXT('2D SPACE',''
  ) );
#12642 = PCURVE('',#12643,#12648);
#12643 = PLANE('',#12644);
#12644 = AXIS2_PLACEMENT_3D('',#12645,#12646,#12647);
#12645 = CARTESIAN_POINT('',(48.308054363671,-19.42121329147,
    -0.820537876409));
#12646 = DIRECTION('',(0.,-0.5,0.866025403784));
#12647 = DIRECTION('',(-0.999847695156,-1.511422733186E-02,
    -8.726203218642E-03));
#12648 = DEFINITIONAL_REPRESENTATION('',(#12649),#12653);
#12649 = LINE('',#12650,#12651);
#12650 = CARTESIAN_POINT('',(5.943189775115,-8.256358958234));
#12651 = VECTOR('',#12652,1.);
#12652 = DIRECTION('',(-8.725870900949E-03,-0.999961928864));
#12653 = ( GEOMETRIC_REPRESENTATION_CONTEXT(2) 
PARAMETRIC_REPRESENTATION_CONTEXT() REPRESENTATION_CONTEXT('2D SPACE',''
  ) );
#12654 = ORIENTED_EDGE('',*,*,#12655,.F.);
#12655 = EDGE_CURVE('',#10009,#12628,#12656,.T.);
#12656 = SURFACE_CURVE('',#12657,(#12661,#12668),.PCURVE_S1.);
#12657 = LINE('',#12658,#12659);
#12658 = CARTESIAN_POINT('',(42.308968192733,-19.51189865546,
    0.87289509572));
#12659 = VECTOR('',#12660,1.);
#12660 = DIRECTION('',(-1.745240643728E-02,0.865893503921,
    -0.499923847578));
#12661 = PCURVE('',#10024,#12662);
#12662 = DEFINITIONAL_REPRESENTATION('',(#12663),#12667);
#12663 = LINE('',#12664,#12665);
#12664 = CARTESIAN_POINT('',(18.,0.));
#12665 = VECTOR('',#12666,1.);
#12666 = DIRECTION('',(0.,-1.));
#12667 = ( GEOMETRIC_REPRESENTATION_CONTEXT(2) 
PARAMETRIC_REPRESENTATION_CONTEXT() REPRESENTATION_CONTEXT('2D SPACE',''
  ) );
#12668 = PCURVE('',#10108,#12669);
#12669 = DEFINITIONAL_REPRESENTATION('',(#12670),#12674);
#12670 = LINE('',#12671,#12672);
#12671 = CARTESIAN_POINT('',(0.,0.));
#12672 = VECTOR('',#12673,1.);
#12673 = DIRECTION('',(0.,-1.));
#12674 = ( GEOMETRIC_REPRESENTATION_CONTEXT(2) 
PARAMETRIC_REPRESENTATION_CONTEXT() REPRESENTATION_CONTEXT('2D SPACE',''
  ) );
#12675 = ADVANCED_FACE('',(#12676),#10108,.F.);
#12676 = FACE_BOUND('',#12677,.F.);
#12677 = EDGE_LOOP('',(#12678,#12679,#12680,#12703));
#12678 = ORIENTED_EDGE('',*,*,#10093,.F.);
#12679 = ORIENTED_EDGE('',*,*,#12655,.T.);
#12680 = ORIENTED_EDGE('',*,*,#12681,.F.);
#12681 = EDGE_CURVE('',#12682,#12628,#12684,.T.);
#12682 = VERTEX_POINT('',#12683);
#12683 = CARTESIAN_POINT('',(48.279409279853,-18.,2.609024107869E-15));
#12684 = SURFACE_CURVE('',#12685,(#12689,#12696),.PCURVE_S1.);
#12685 = LINE('',#12686,#12687);
#12686 = CARTESIAN_POINT('',(45.308511278202,-18.,2.942091015257E-15));
#12687 = VECTOR('',#12688,1.);
#12688 = DIRECTION('',(-1.,0.,0.));
#12689 = PCURVE('',#10108,#12690);
#12690 = DEFINITIONAL_REPRESENTATION('',(#12691),#12695);
#12691 = LINE('',#12692,#12693);
#12692 = CARTESIAN_POINT('',(3.029554480504,-1.693175054085));
#12693 = VECTOR('',#12694,1.);
#12694 = DIRECTION('',(-0.999847695156,-1.745240643728E-02));
#12695 = ( GEOMETRIC_REPRESENTATION_CONTEXT(2) 
PARAMETRIC_REPRESENTATION_CONTEXT() REPRESENTATION_CONTEXT('2D SPACE',''
  ) );
#12696 = PCURVE('',#10242,#12697);
#12697 = DEFINITIONAL_REPRESENTATION('',(#12698),#12702);
#12698 = LINE('',#12699,#12700);
#12699 = CARTESIAN_POINT('',(2.970445519496,-1.693175054085));
#12700 = VECTOR('',#12701,1.);
#12701 = DIRECTION('',(0.999847695156,-1.745240643728E-02));
#12702 = ( GEOMETRIC_REPRESENTATION_CONTEXT(2) 
PARAMETRIC_REPRESENTATION_CONTEXT() REPRESENTATION_CONTEXT('2D SPACE',''
  ) );
#12703 = ORIENTED_EDGE('',*,*,#12704,.F.);
#12704 = EDGE_CURVE('',#10066,#12682,#12705,.T.);
#12705 = SURFACE_CURVE('',#12706,(#12710,#12717),.PCURVE_S1.);
#12706 = LINE('',#12707,#12708);
#12707 = CARTESIAN_POINT('',(48.308054363671,-19.42121329147,
    0.820537876409));
#12708 = VECTOR('',#12709,1.);
#12709 = DIRECTION('',(-1.745240643728E-02,0.865893503921,
    -0.499923847578));
#12710 = PCURVE('',#10108,#12711);
#12711 = DEFINITIONAL_REPRESENTATION('',(#12712),#12716);
#12712 = LINE('',#12713,#12714);
#12713 = CARTESIAN_POINT('',(6.,1.471045507628E-15));
#12714 = VECTOR('',#12715,1.);
#12715 = DIRECTION('',(0.,-1.));
#12716 = ( GEOMETRIC_REPRESENTATION_CONTEXT(2) 
PARAMETRIC_REPRESENTATION_CONTEXT() REPRESENTATION_CONTEXT('2D SPACE',''
  ) );
#12717 = PCURVE('',#10081,#12718);
#12718 = DEFINITIONAL_REPRESENTATION('',(#12719),#12723);
#12719 = LINE('',#12720,#12721);
#12720 = CARTESIAN_POINT('',(0.,0.));
#12721 = VECTOR('',#12722,1.);
#12722 = DIRECTION('',(-0.,-1.));
#12723 = ( GEOMETRIC_REPRESENTATION_CONTEXT(2) 
PARAMETRIC_REPRESENTATION_CONTEXT() REPRESENTATION_CONTEXT('2D SPACE',''
  ) );
#12724 = ADVANCED_FACE('',(#12725),#10081,.F.);
#12725 = FACE_BOUND('',#12726,.F.);
#12726 = EDGE_LOOP('',(#12727,#12728,#12729,#12752,#12775,#12798));
#12727 = ORIENTED_EDGE('',*,*,#10065,.F.);
#12728 = ORIENTED_EDGE('',*,*,#12704,.T.);
#12729 = ORIENTED_EDGE('',*,*,#12730,.F.);
#12730 = EDGE_CURVE('',#12731,#12682,#12733,.T.);
#12731 = VERTEX_POINT('',#12732);
#12732 = CARTESIAN_POINT('',(48.273149550796,-17.58590171151,
    3.760880495918E-15));
#12733 = SURFACE_CURVE('',#12734,(#12738,#12745),.PCURVE_S1.);
#12734 = LINE('',#12735,#12736);
#12735 = CARTESIAN_POINT('',(48.232885885989,-14.92234957799,
    1.723843290335E-12));
#12736 = VECTOR('',#12737,1.);
#12737 = DIRECTION('',(1.511480281341E-02,-0.999885764843,
    9.940116468465E-17));
#12738 = PCURVE('',#10081,#12739);
#12739 = DEFINITIONAL_REPRESENTATION('',(#12740),#12744);
#12740 = LINE('',#12741,#12742);
#12741 = CARTESIAN_POINT('',(1.538825211003,-4.307055187606));
#12742 = VECTOR('',#12743,1.);
#12743 = DIRECTION('',(-0.499942882422,0.866058378122));
#12744 = ( GEOMETRIC_REPRESENTATION_CONTEXT(2) 
PARAMETRIC_REPRESENTATION_CONTEXT() REPRESENTATION_CONTEXT('2D SPACE',''
  ) );
#12745 = PCURVE('',#10270,#12746);
#12746 = DEFINITIONAL_REPRESENTATION('',(#12747),#12751);
#12747 = LINE('',#12748,#12749);
#12748 = CARTESIAN_POINT('',(16.461174789,-4.307055187608));
#12749 = VECTOR('',#12750,1.);
#12750 = DIRECTION('',(0.499942882422,0.866058378122));
#12751 = ( GEOMETRIC_REPRESENTATION_CONTEXT(2) 
PARAMETRIC_REPRESENTATION_CONTEXT() REPRESENTATION_CONTEXT('2D SPACE',''
  ) );
#12752 = ORIENTED_EDGE('',*,*,#12753,.T.);
#12753 = EDGE_CURVE('',#12731,#12754,#12756,.T.);
#12754 = VERTEX_POINT('',#12755);
#12755 = CARTESIAN_POINT('',(48.273149550796,-8.792950855755,
    15.229837630624));
#12756 = SURFACE_CURVE('',#12757,(#12761,#12768),.PCURVE_S1.);
#12757 = LINE('',#12758,#12759);
#12758 = CARTESIAN_POINT('',(48.273149550796,-17.68942628363,
    -0.179309818748));
#12759 = VECTOR('',#12760,1.);
#12760 = DIRECTION('',(0.,0.5,0.866025403784));
#12761 = PCURVE('',#10081,#12762);
#12762 = DEFINITIONAL_REPRESENTATION('',(#12763),#12767);
#12763 = LINE('',#12764,#12765);
#12764 = CARTESIAN_POINT('',(0.,-2.));
#12765 = VECTOR('',#12766,1.);
#12766 = DIRECTION('',(1.,0.));
#12767 = ( GEOMETRIC_REPRESENTATION_CONTEXT(2) 
PARAMETRIC_REPRESENTATION_CONTEXT() REPRESENTATION_CONTEXT('2D SPACE',''
  ) );
#12768 = PCURVE('',#12587,#12769);
#12769 = DEFINITIONAL_REPRESENTATION('',(#12770),#12774);
#12770 = LINE('',#12771,#12772);
#12771 = CARTESIAN_POINT('',(3.,-9.));
#12772 = VECTOR('',#12773,1.);
#12773 = DIRECTION('',(0.,1.));
#12774 = ( GEOMETRIC_REPRESENTATION_CONTEXT(2) 
PARAMETRIC_REPRESENTATION_CONTEXT() REPRESENTATION_CONTEXT('2D SPACE',''
  ) );
#12775 = ORIENTED_EDGE('',*,*,#12776,.T.);
#12776 = EDGE_CURVE('',#12754,#12777,#12779,.T.);
#12777 = VERTEX_POINT('',#12778);
#12778 = CARTESIAN_POINT('',(48.279409279853,-9.,15.58845726812));
#12779 = SURFACE_CURVE('',#12780,(#12784,#12791),.PCURVE_S1.);
#12780 = LINE('',#12781,#12782);
#12781 = CARTESIAN_POINT('',(48.232885885989,-7.461174788996,
    12.923133818698));
#12782 = VECTOR('',#12783,1.);
#12783 = DIRECTION('',(1.511480281341E-02,-0.499942882422,0.865926473237
    ));
#12784 = PCURVE('',#10081,#12785);
#12785 = DEFINITIONAL_REPRESENTATION('',(#12786),#12790);
#12786 = LINE('',#12787,#12788);
#12787 = CARTESIAN_POINT('',(16.461174789,-4.307055187608));
#12788 = VECTOR('',#12789,1.);
#12789 = DIRECTION('',(0.499942882422,0.866058378122));
#12790 = ( GEOMETRIC_REPRESENTATION_CONTEXT(2) 
PARAMETRIC_REPRESENTATION_CONTEXT() REPRESENTATION_CONTEXT('2D SPACE',''
  ) );
#12791 = PCURVE('',#10459,#12792);
#12792 = DEFINITIONAL_REPRESENTATION('',(#12793),#12797);
#12793 = LINE('',#12794,#12795);
#12794 = CARTESIAN_POINT('',(1.538825211004,-4.307055187606));
#12795 = VECTOR('',#12796,1.);
#12796 = DIRECTION('',(-0.499942882422,0.866058378122));
#12797 = ( GEOMETRIC_REPRESENTATION_CONTEXT(2) 
PARAMETRIC_REPRESENTATION_CONTEXT() REPRESENTATION_CONTEXT('2D SPACE',''
  ) );
#12798 = ORIENTED_EDGE('',*,*,#12799,.F.);
#12799 = EDGE_CURVE('',#10037,#12777,#12800,.T.);
#12800 = SURFACE_CURVE('',#12801,(#12805,#12812),.PCURVE_S1.);
#12801 = LINE('',#12802,#12803);
#12802 = CARTESIAN_POINT('',(48.308054363671,-10.42121329147,
    16.408995144529));
#12803 = VECTOR('',#12804,1.);
#12804 = DIRECTION('',(-1.745240643728E-02,0.865893503921,
    -0.499923847578));
#12805 = PCURVE('',#10081,#12806);
#12806 = DEFINITIONAL_REPRESENTATION('',(#12807),#12811);
#12807 = LINE('',#12808,#12809);
#12808 = CARTESIAN_POINT('',(18.,0.));
#12809 = VECTOR('',#12810,1.);
#12810 = DIRECTION('',(-0.,-1.));
#12811 = ( GEOMETRIC_REPRESENTATION_CONTEXT(2) 
PARAMETRIC_REPRESENTATION_CONTEXT() REPRESENTATION_CONTEXT('2D SPACE',''
  ) );
#12812 = PCURVE('',#10053,#12813);
#12813 = DEFINITIONAL_REPRESENTATION('',(#12814),#12818);
#12814 = LINE('',#12815,#12816);
#12815 = CARTESIAN_POINT('',(0.,0.));
#12816 = VECTOR('',#12817,1.);
#12817 = DIRECTION('',(0.,-1.));
#12818 = ( GEOMETRIC_REPRESENTATION_CONTEXT(2) 
PARAMETRIC_REPRESENTATION_CONTEXT() REPRESENTATION_CONTEXT('2D SPACE',''
  ) );
#12819 = ADVANCED_FACE('',(#12820),#10053,.F.);
#12820 = FACE_BOUND('',#12821,.F.);
#12821 = EDGE_LOOP('',(#12822,#12823,#12824,#12845));
#12822 = ORIENTED_EDGE('',*,*,#10036,.F.);
#12823 = ORIENTED_EDGE('',*,*,#12799,.T.);
#12824 = ORIENTED_EDGE('',*,*,#12825,.T.);
#12825 = EDGE_CURVE('',#12777,#12493,#12826,.T.);
#12826 = SURFACE_CURVE('',#12827,(#12831,#12838),.PCURVE_S1.);
#12827 = LINE('',#12828,#12829);
#12828 = CARTESIAN_POINT('',(45.308511278202,-9.,15.58845726812));
#12829 = VECTOR('',#12830,1.);
#12830 = DIRECTION('',(-1.,0.,0.));
#12831 = PCURVE('',#10053,#12832);
#12832 = DEFINITIONAL_REPRESENTATION('',(#12833),#12837);
#12833 = LINE('',#12834,#12835);
#12834 = CARTESIAN_POINT('',(2.970445519496,-1.693175054085));
#12835 = VECTOR('',#12836,1.);
#12836 = DIRECTION('',(0.999847695156,-1.745240643728E-02));
#12837 = ( GEOMETRIC_REPRESENTATION_CONTEXT(2) 
PARAMETRIC_REPRESENTATION_CONTEXT() REPRESENTATION_CONTEXT('2D SPACE',''
  ) );
#12838 = PCURVE('',#10486,#12839);
#12839 = DEFINITIONAL_REPRESENTATION('',(#12840),#12844);
#12840 = LINE('',#12841,#12842);
#12841 = CARTESIAN_POINT('',(3.029554480504,-1.693175054085));
#12842 = VECTOR('',#12843,1.);
#12843 = DIRECTION('',(-0.999847695156,-1.745240643728E-02));
#12844 = ( GEOMETRIC_REPRESENTATION_CONTEXT(2) 
PARAMETRIC_REPRESENTATION_CONTEXT() REPRESENTATION_CONTEXT('2D SPACE',''
  ) );
#12845 = ORIENTED_EDGE('',*,*,#12492,.F.);
#12846 = ADVANCED_FACE('',(#12847),#10181,.F.);
#12847 = FACE_BOUND('',#12848,.T.);
#12848 = EDGE_LOOP('',(#12849,#12850,#12851,#12852));
#12849 = ORIENTED_EDGE('',*,*,#12036,.T.);
#12850 = ORIENTED_EDGE('',*,*,#10168,.T.);
#12851 = ORIENTED_EDGE('',*,*,#12225,.T.);
#12852 = ORIENTED_EDGE('',*,*,#12083,.T.);
#12853 = ADVANCED_FACE('',(#12854),#10213,.F.);
#12854 = FACE_BOUND('',#12855,.F.);
#12855 = EDGE_LOOP('',(#12856,#12857,#12878,#12906,#12932,#12960,#12988,
    #13016));
#12856 = ORIENTED_EDGE('',*,*,#10195,.F.);
#12857 = ORIENTED_EDGE('',*,*,#12858,.T.);
#12858 = EDGE_CURVE('',#10196,#12628,#12859,.T.);
#12859 = SURFACE_CURVE('',#12860,(#12864,#12871),.PCURVE_S1.);
#12860 = LINE('',#12861,#12862);
#12861 = CARTESIAN_POINT('',(42.308968192733,-19.51189865546,
    -0.87289509572));
#12862 = VECTOR('',#12863,1.);
#12863 = DIRECTION('',(-1.745240643728E-02,0.865893503921,0.499923847578
    ));
#12864 = PCURVE('',#10213,#12865);
#12865 = DEFINITIONAL_REPRESENTATION('',(#12866),#12870);
#12866 = LINE('',#12867,#12868);
#12867 = CARTESIAN_POINT('',(0.,0.));
#12868 = VECTOR('',#12869,1.);
#12869 = DIRECTION('',(0.,-1.));
#12870 = ( GEOMETRIC_REPRESENTATION_CONTEXT(2) 
PARAMETRIC_REPRESENTATION_CONTEXT() REPRESENTATION_CONTEXT('2D SPACE',''
  ) );
#12871 = PCURVE('',#10242,#12872);
#12872 = DEFINITIONAL_REPRESENTATION('',(#12873),#12877);
#12873 = LINE('',#12874,#12875);
#12874 = CARTESIAN_POINT('',(6.,-1.484923295436E-15));
#12875 = VECTOR('',#12876,1.);
#12876 = DIRECTION('',(6.938893903907E-18,-1.));
#12877 = ( GEOMETRIC_REPRESENTATION_CONTEXT(2) 
PARAMETRIC_REPRESENTATION_CONTEXT() REPRESENTATION_CONTEXT('2D SPACE',''
  ) );
#12878 = ORIENTED_EDGE('',*,*,#12879,.T.);
#12879 = EDGE_CURVE('',#12628,#12880,#12882,.T.);
#12880 = VERTEX_POINT('',#12881);
#12881 = CARTESIAN_POINT('',(42.276279008196,-17.78007815501,
    -0.126971936404));
#12882 = SURFACE_CURVE('',#12883,(#12887,#12894),.PCURVE_S1.);
#12883 = LINE('',#12884,#12885);
#12884 = CARTESIAN_POINT('',(42.289924092604,-19.13406793195,
    0.654754425791));
#12885 = VECTOR('',#12886,1.);
#12886 = DIRECTION('',(-8.727200095795E-03,0.865992423168,
    -0.499980958632));
#12887 = PCURVE('',#10213,#12888);
#12888 = DEFINITIONAL_REPRESENTATION('',(#12889),#12893);
#12889 = LINE('',#12890,#12891);
#12890 = CARTESIAN_POINT('',(-1.134067931951,-1.091201960994));
#12891 = VECTOR('',#12892,1.);
#12892 = DIRECTION('',(0.865992423168,-0.500057119753));
#12893 = ( GEOMETRIC_REPRESENTATION_CONTEXT(2) 
PARAMETRIC_REPRESENTATION_CONTEXT() REPRESENTATION_CONTEXT('2D SPACE',''
  ) );
#12894 = PCURVE('',#12895,#12900);
#12895 = PLANE('',#12896);
#12896 = AXIS2_PLACEMENT_3D('',#12897,#12898,#12899);
#12897 = CARTESIAN_POINT('',(42.308968192733,-19.51189865546,
    0.87289509572));
#12898 = DIRECTION('',(0.,-0.5,-0.866025403784));
#12899 = DIRECTION('',(0.999847695156,1.511422733186E-02,
    -8.726203218642E-03));
#12900 = DEFINITIONAL_REPRESENTATION('',(#12901),#12905);
#12901 = LINE('',#12902,#12903);
#12902 = CARTESIAN_POINT('',(-1.142704035552E-02,-0.436547257473));
#12903 = VECTOR('',#12904,1.);
#12904 = DIRECTION('',(8.725870900949E-03,-0.999961928864));
#12905 = ( GEOMETRIC_REPRESENTATION_CONTEXT(2) 
PARAMETRIC_REPRESENTATION_CONTEXT() REPRESENTATION_CONTEXT('2D SPACE',''
  ) );
#12906 = ORIENTED_EDGE('',*,*,#12907,.F.);
#12907 = EDGE_CURVE('',#12572,#12880,#12908,.T.);
#12908 = SURFACE_CURVE('',#12909,(#12913,#12920),.PCURVE_S1.);
#12909 = LINE('',#12910,#12911);
#12910 = CARTESIAN_POINT('',(42.220047371315,-15.92070614443,
    3.095517909838));
#12911 = VECTOR('',#12912,1.);
#12912 = DIRECTION('',(1.511250058046E-02,-0.49971443386,-0.866058368078
    ));
#12913 = PCURVE('',#10213,#12914);
#12914 = DEFINITIONAL_REPRESENTATION('',(#12915),#12919);
#12915 = LINE('',#12916,#12917);
#12916 = CARTESIAN_POINT('',(-1.641150220005,-5.095046447467));
#12917 = VECTOR('',#12918,1.);
#12918 = DIRECTION('',(0.500171330986,0.865926463194));
#12919 = ( GEOMETRIC_REPRESENTATION_CONTEXT(2) 
PARAMETRIC_REPRESENTATION_CONTEXT() REPRESENTATION_CONTEXT('2D SPACE',''
  ) );
#12920 = PCURVE('',#12921,#12926);
#12921 = PLANE('',#12922);
#12922 = AXIS2_PLACEMENT_3D('',#12923,#12924,#12925);
#12923 = CARTESIAN_POINT('',(45.273606465327,-13.23476896562,
    7.641097424968));
#12924 = DIRECTION('',(1.745240643728E-02,-0.865893503921,0.499923847578
    ));
#12925 = DIRECTION('',(0.999847695156,1.511422733186E-02,
    -8.726203218642E-03));
#12926 = DEFINITIONAL_REPRESENTATION('',(#12927),#12931);
#12927 = LINE('',#12928,#12929);
#12928 = CARTESIAN_POINT('',(-3.054024236696,-5.279555924427));
#12929 = VECTOR('',#12930,1.);
#12930 = DIRECTION('',(1.511480263811E-02,-0.999885764846));
#12931 = ( GEOMETRIC_REPRESENTATION_CONTEXT(2) 
PARAMETRIC_REPRESENTATION_CONTEXT() REPRESENTATION_CONTEXT('2D SPACE',''
  ) );
#12932 = ORIENTED_EDGE('',*,*,#12933,.T.);
#12933 = EDGE_CURVE('',#12572,#12934,#12936,.T.);
#12934 = VERTEX_POINT('',#12935);
#12935 = CARTESIAN_POINT('',(42.274063379858,-8.853407765083,
    -15.33455206924));
#12936 = SURFACE_CURVE('',#12937,(#12941,#12948),.PCURVE_S1.);
#12937 = LINE('',#12938,#12939);
#12938 = CARTESIAN_POINT('',(42.274063379858,-17.78011164762,
    0.126952599436));
#12939 = VECTOR('',#12940,1.);
#12940 = DIRECTION('',(-1.836032807684E-18,0.5,-0.866025403784));
#12941 = PCURVE('',#10213,#12942);
#12942 = DEFINITIONAL_REPRESENTATION('',(#12943),#12947);
#12943 = LINE('',#12944,#12945);
#12944 = CARTESIAN_POINT('',(-0.,-2.));
#12945 = VECTOR('',#12946,1.);
#12946 = DIRECTION('',(1.,-5.551115123126E-17));
#12947 = ( GEOMETRIC_REPRESENTATION_CONTEXT(2) 
PARAMETRIC_REPRESENTATION_CONTEXT() REPRESENTATION_CONTEXT('2D SPACE',''
  ) );
#12948 = PCURVE('',#12949,#12954);
#12949 = PLANE('',#12950);
#12950 = AXIS2_PLACEMENT_3D('',#12951,#12952,#12953);
#12951 = CARTESIAN_POINT('',(45.273606465327,-13.23476896562,
    -7.641097424968));
#12952 = DIRECTION('',(1.745240643728E-02,-0.865893503921,
    -0.499923847578));
#12953 = DIRECTION('',(0.999847695156,1.511422733186E-02,
    8.726203218642E-03));
#12954 = DEFINITIONAL_REPRESENTATION('',(#12955),#12959);
#12955 = LINE('',#12956,#12957);
#12956 = CARTESIAN_POINT('',(-3.,9.));
#12957 = VECTOR('',#12958,1.);
#12958 = DIRECTION('',(-8.673617379884E-19,-1.));
#12959 = ( GEOMETRIC_REPRESENTATION_CONTEXT(2) 
PARAMETRIC_REPRESENTATION_CONTEXT() REPRESENTATION_CONTEXT('2D SPACE',''
  ) );
#12960 = ORIENTED_EDGE('',*,*,#12961,.T.);
#12961 = EDGE_CURVE('',#12934,#12962,#12964,.T.);
#12962 = VERTEX_POINT('',#12963);
#12963 = CARTESIAN_POINT('',(42.276279008196,-9.,-15.33451339531));
#12964 = SURFACE_CURVE('',#12965,(#12969,#12976),.PCURVE_S1.);
#12965 = LINE('',#12966,#12967);
#12966 = CARTESIAN_POINT('',(42.288076927083,-9.780583668959,
    -15.33430746187));
#12967 = VECTOR('',#12968,1.);
#12968 = DIRECTION('',(1.511250058046E-02,-0.999885764846,
    2.637896788598E-04));
#12969 = PCURVE('',#10213,#12970);
#12970 = DEFINITIONAL_REPRESENTATION('',(#12971),#12975);
#12971 = LINE('',#12972,#12973);
#12972 = CARTESIAN_POINT('',(17.389607976942,-1.197042122781));
#12973 = VECTOR('',#12974,1.);
#12974 = DIRECTION('',(-0.500171330986,0.865926463194));
#12975 = ( GEOMETRIC_REPRESENTATION_CONTEXT(2) 
PARAMETRIC_REPRESENTATION_CONTEXT() REPRESENTATION_CONTEXT('2D SPACE',''
  ) );
#12976 = PCURVE('',#12977,#12982);
#12977 = PLANE('',#12978);
#12978 = AXIS2_PLACEMENT_3D('',#12979,#12980,#12981);
#12979 = CARTESIAN_POINT('',(45.273606465327,-2.019558837309E-15,
    -15.28219484993));
#12980 = DIRECTION('',(1.745240643728E-02,-1.224460279508E-16,
    -0.999847695156));
#12981 = DIRECTION('',(0.999847695156,2.137303368084E-18,
    1.745240643728E-02));
#12982 = DEFINITIONAL_REPRESENTATION('',(#12983),#12987);
#12983 = LINE('',#12984,#12985);
#12984 = CARTESIAN_POINT('',(-2.985984318119,9.780583668959));
#12985 = VECTOR('',#12986,1.);
#12986 = DIRECTION('',(1.511480263811E-02,0.999885764846));
#12987 = ( GEOMETRIC_REPRESENTATION_CONTEXT(2) 
PARAMETRIC_REPRESENTATION_CONTEXT() REPRESENTATION_CONTEXT('2D SPACE',''
  ) );
#12988 = ORIENTED_EDGE('',*,*,#12989,.F.);
#12989 = EDGE_CURVE('',#12990,#12962,#12992,.T.);
#12990 = VERTEX_POINT('',#12991);
#12991 = CARTESIAN_POINT('',(42.27849531159,-9.,-15.58845726812));
#12992 = SURFACE_CURVE('',#12993,(#12997,#13004),.PCURVE_S1.);
#12993 = LINE('',#12994,#12995);
#12994 = CARTESIAN_POINT('',(42.221676432914,-9.,-9.078154509652));
#12995 = VECTOR('',#12996,1.);
#12996 = DIRECTION('',(-8.727200095795E-03,1.224600161247E-16,
    0.999961917264));
#12997 = PCURVE('',#10213,#12998);
#12998 = DEFINITIONAL_REPRESENTATION('',(#12999),#13003);
#12999 = LINE('',#13000,#13001);
#13000 = CARTESIAN_POINT('',(12.361912424839,-5.001703354322));
#13001 = VECTOR('',#13002,1.);
#13002 = DIRECTION('',(-0.865992423168,-0.500057119753));
#13003 = ( GEOMETRIC_REPRESENTATION_CONTEXT(2) 
PARAMETRIC_REPRESENTATION_CONTEXT() REPRESENTATION_CONTEXT('2D SPACE',''
  ) );
#13004 = PCURVE('',#13005,#13010);
#13005 = PLANE('',#13006);
#13006 = AXIS2_PLACEMENT_3D('',#13007,#13008,#13009);
#13007 = CARTESIAN_POINT('',(48.308054363671,-9.,-17.22953302093));
#13008 = DIRECTION('',(0.,-1.,1.224646799147E-16));
#13009 = DIRECTION('',(-0.999847695156,-2.137303368084E-18,
    -1.745240643728E-02));
#13010 = DEFINITIONAL_REPRESENTATION('',(#13011),#13015);
#13011 = LINE('',#13012,#13013);
#13012 = CARTESIAN_POINT('',(5.943189775115,-8.256358958234));
#13013 = VECTOR('',#13014,1.);
#13014 = DIRECTION('',(-8.725870900949E-03,-0.999961928864));
#13015 = ( GEOMETRIC_REPRESENTATION_CONTEXT(2) 
PARAMETRIC_REPRESENTATION_CONTEXT() REPRESENTATION_CONTEXT('2D SPACE',''
  ) );
#13016 = ORIENTED_EDGE('',*,*,#13017,.F.);
#13017 = EDGE_CURVE('',#10198,#12990,#13018,.T.);
#13018 = SURFACE_CURVE('',#13019,(#13023,#13030),.PCURVE_S1.);
#13019 = LINE('',#13020,#13021);
#13020 = CARTESIAN_POINT('',(42.308968192733,-10.51189865546,
    -16.46135236384));
#13021 = VECTOR('',#13022,1.);
#13022 = DIRECTION('',(-1.745240643728E-02,0.865893503921,0.499923847578
    ));
#13023 = PCURVE('',#10213,#13024);
#13024 = DEFINITIONAL_REPRESENTATION('',(#13025),#13029);
#13025 = LINE('',#13026,#13027);
#13026 = CARTESIAN_POINT('',(18.,0.));
#13027 = VECTOR('',#13028,1.);
#13028 = DIRECTION('',(0.,-1.));
#13029 = ( GEOMETRIC_REPRESENTATION_CONTEXT(2) 
PARAMETRIC_REPRESENTATION_CONTEXT() REPRESENTATION_CONTEXT('2D SPACE',''
  ) );
#13030 = PCURVE('',#10297,#13031);
#13031 = DEFINITIONAL_REPRESENTATION('',(#13032),#13036);
#13032 = LINE('',#13033,#13034);
#13033 = CARTESIAN_POINT('',(0.,0.));
#13034 = VECTOR('',#13035,1.);
#13035 = DIRECTION('',(-6.938893903907E-18,-1.));
#13036 = ( GEOMETRIC_REPRESENTATION_CONTEXT(2) 
PARAMETRIC_REPRESENTATION_CONTEXT() REPRESENTATION_CONTEXT('2D SPACE',''
  ) );
#13037 = ADVANCED_FACE('',(#13038),#10297,.F.);
#13038 = FACE_BOUND('',#13039,.F.);
#13039 = EDGE_LOOP('',(#13040,#13041,#13042,#13065));
#13040 = ORIENTED_EDGE('',*,*,#10282,.F.);
#13041 = ORIENTED_EDGE('',*,*,#13017,.T.);
#13042 = ORIENTED_EDGE('',*,*,#13043,.F.);
#13043 = EDGE_CURVE('',#13044,#12990,#13046,.T.);
#13044 = VERTEX_POINT('',#13045);
#13045 = CARTESIAN_POINT('',(48.279409279853,-9.,-15.58845726812));
#13046 = SURFACE_CURVE('',#13047,(#13051,#13058),.PCURVE_S1.);
#13047 = LINE('',#13048,#13049);
#13048 = CARTESIAN_POINT('',(45.308511278202,-9.,-15.58845726812));
#13049 = VECTOR('',#13050,1.);
#13050 = DIRECTION('',(-1.,-0.,-0.));
#13051 = PCURVE('',#10297,#13052);
#13052 = DEFINITIONAL_REPRESENTATION('',(#13053),#13057);
#13053 = LINE('',#13054,#13055);
#13054 = CARTESIAN_POINT('',(3.029554480504,-1.693175054085));
#13055 = VECTOR('',#13056,1.);
#13056 = DIRECTION('',(-0.999847695156,-1.745240643728E-02));
#13057 = ( GEOMETRIC_REPRESENTATION_CONTEXT(2) 
PARAMETRIC_REPRESENTATION_CONTEXT() REPRESENTATION_CONTEXT('2D SPACE',''
  ) );
#13058 = PCURVE('',#10620,#13059);
#13059 = DEFINITIONAL_REPRESENTATION('',(#13060),#13064);
#13060 = LINE('',#13061,#13062);
#13061 = CARTESIAN_POINT('',(2.970445519496,-1.693175054085));
#13062 = VECTOR('',#13063,1.);
#13063 = DIRECTION('',(0.999847695156,-1.745240643728E-02));
#13064 = ( GEOMETRIC_REPRESENTATION_CONTEXT(2) 
PARAMETRIC_REPRESENTATION_CONTEXT() REPRESENTATION_CONTEXT('2D SPACE',''
  ) );
#13065 = ORIENTED_EDGE('',*,*,#13066,.F.);
#13066 = EDGE_CURVE('',#10255,#13044,#13067,.T.);
#13067 = SURFACE_CURVE('',#13068,(#13072,#13079),.PCURVE_S1.);
#13068 = LINE('',#13069,#13070);
#13069 = CARTESIAN_POINT('',(48.308054363671,-10.42121329147,
    -16.40899514452));
#13070 = VECTOR('',#13071,1.);
#13071 = DIRECTION('',(-1.745240643728E-02,0.865893503921,0.499923847578
    ));
#13072 = PCURVE('',#10297,#13073);
#13073 = DEFINITIONAL_REPRESENTATION('',(#13074),#13078);
#13074 = LINE('',#13075,#13076);
#13075 = CARTESIAN_POINT('',(6.,1.484923295436E-15));
#13076 = VECTOR('',#13077,1.);
#13077 = DIRECTION('',(-6.938893903907E-18,-1.));
#13078 = ( GEOMETRIC_REPRESENTATION_CONTEXT(2) 
PARAMETRIC_REPRESENTATION_CONTEXT() REPRESENTATION_CONTEXT('2D SPACE',''
  ) );
#13079 = PCURVE('',#10270,#13080);
#13080 = DEFINITIONAL_REPRESENTATION('',(#13081),#13085);
#13081 = LINE('',#13082,#13083);
#13082 = CARTESIAN_POINT('',(0.,0.));
#13083 = VECTOR('',#13084,1.);
#13084 = DIRECTION('',(0.,-1.));
#13085 = ( GEOMETRIC_REPRESENTATION_CONTEXT(2) 
PARAMETRIC_REPRESENTATION_CONTEXT() REPRESENTATION_CONTEXT('2D SPACE',''
  ) );
#13086 = ADVANCED_FACE('',(#13087),#10270,.F.);
#13087 = FACE_BOUND('',#13088,.F.);
#13088 = EDGE_LOOP('',(#13089,#13090,#13091,#13114,#13135,#13136));
#13089 = ORIENTED_EDGE('',*,*,#10254,.F.);
#13090 = ORIENTED_EDGE('',*,*,#13066,.T.);
#13091 = ORIENTED_EDGE('',*,*,#13092,.F.);
#13092 = EDGE_CURVE('',#13093,#13044,#13095,.T.);
#13093 = VERTEX_POINT('',#13094);
#13094 = CARTESIAN_POINT('',(48.273149550796,-8.792950855755,
    -15.22983763062));
#13095 = SURFACE_CURVE('',#13096,(#13100,#13107),.PCURVE_S1.);
#13096 = LINE('',#13097,#13098);
#13097 = CARTESIAN_POINT('',(48.232885885989,-7.461174789,
    -12.92313381869));
#13098 = VECTOR('',#13099,1.);
#13099 = DIRECTION('',(1.511480281341E-02,-0.499942882422,
    -0.865926473237));
#13100 = PCURVE('',#10270,#13101);
#13101 = DEFINITIONAL_REPRESENTATION('',(#13102),#13106);
#13102 = LINE('',#13103,#13104);
#13103 = CARTESIAN_POINT('',(1.538825211004,-4.307055187606));
#13104 = VECTOR('',#13105,1.);
#13105 = DIRECTION('',(-0.499942882422,0.866058378122));
#13106 = ( GEOMETRIC_REPRESENTATION_CONTEXT(2) 
PARAMETRIC_REPRESENTATION_CONTEXT() REPRESENTATION_CONTEXT('2D SPACE',''
  ) );
#13107 = PCURVE('',#10648,#13108);
#13108 = DEFINITIONAL_REPRESENTATION('',(#13109),#13113);
#13109 = LINE('',#13110,#13111);
#13110 = CARTESIAN_POINT('',(16.461174789,-4.307055187608));
#13111 = VECTOR('',#13112,1.);
#13112 = DIRECTION('',(0.499942882422,0.866058378122));
#13113 = ( GEOMETRIC_REPRESENTATION_CONTEXT(2) 
PARAMETRIC_REPRESENTATION_CONTEXT() REPRESENTATION_CONTEXT('2D SPACE',''
  ) );
#13114 = ORIENTED_EDGE('',*,*,#13115,.T.);
#13115 = EDGE_CURVE('',#13093,#12731,#13116,.T.);
#13116 = SURFACE_CURVE('',#13117,(#13121,#13128),.PCURVE_S1.);
#13117 = LINE('',#13118,#13119);
#13118 = CARTESIAN_POINT('',(48.273149550796,-8.689426283633,
    -15.40914744937));
#13119 = VECTOR('',#13120,1.);
#13120 = DIRECTION('',(1.836032807684E-18,-0.5,0.866025403784));
#13121 = PCURVE('',#10270,#13122);
#13122 = DEFINITIONAL_REPRESENTATION('',(#13123),#13127);
#13123 = LINE('',#13124,#13125);
#13124 = CARTESIAN_POINT('',(0.,-2.));
#13125 = VECTOR('',#13126,1.);
#13126 = DIRECTION('',(1.,5.551115123126E-17));
#13127 = ( GEOMETRIC_REPRESENTATION_CONTEXT(2) 
PARAMETRIC_REPRESENTATION_CONTEXT() REPRESENTATION_CONTEXT('2D SPACE',''
  ) );
#13128 = PCURVE('',#12949,#13129);
#13129 = DEFINITIONAL_REPRESENTATION('',(#13130),#13134);
#13130 = LINE('',#13131,#13132);
#13131 = CARTESIAN_POINT('',(3.,-9.));
#13132 = VECTOR('',#13133,1.);
#13133 = DIRECTION('',(8.673617379884E-19,1.));
#13134 = ( GEOMETRIC_REPRESENTATION_CONTEXT(2) 
PARAMETRIC_REPRESENTATION_CONTEXT() REPRESENTATION_CONTEXT('2D SPACE',''
  ) );
#13135 = ORIENTED_EDGE('',*,*,#12730,.T.);
#13136 = ORIENTED_EDGE('',*,*,#13137,.F.);
#13137 = EDGE_CURVE('',#10226,#12682,#13138,.T.);
#13138 = SURFACE_CURVE('',#13139,(#13143,#13150),.PCURVE_S1.);
#13139 = LINE('',#13140,#13141);
#13140 = CARTESIAN_POINT('',(48.308054363671,-19.42121329147,
    -0.820537876409));
#13141 = VECTOR('',#13142,1.);
#13142 = DIRECTION('',(-1.745240643728E-02,0.865893503921,0.499923847578
    ));
#13143 = PCURVE('',#10270,#13144);
#13144 = DEFINITIONAL_REPRESENTATION('',(#13145),#13149);
#13145 = LINE('',#13146,#13147);
#13146 = CARTESIAN_POINT('',(18.,0.));
#13147 = VECTOR('',#13148,1.);
#13148 = DIRECTION('',(0.,-1.));
#13149 = ( GEOMETRIC_REPRESENTATION_CONTEXT(2) 
PARAMETRIC_REPRESENTATION_CONTEXT() REPRESENTATION_CONTEXT('2D SPACE',''
  ) );
#13150 = PCURVE('',#10242,#13151);
#13151 = DEFINITIONAL_REPRESENTATION('',(#13152),#13156);
#13152 = LINE('',#13153,#13154);
#13153 = CARTESIAN_POINT('',(0.,0.));
#13154 = VECTOR('',#13155,1.);
#13155 = DIRECTION('',(6.938893903907E-18,-1.));
#13156 = ( GEOMETRIC_REPRESENTATION_CONTEXT(2) 
PARAMETRIC_REPRESENTATION_CONTEXT() REPRESENTATION_CONTEXT('2D SPACE',''
  ) );
#13157 = ADVANCED_FACE('',(#13158),#10242,.F.);
#13158 = FACE_BOUND('',#13159,.F.);
#13159 = EDGE_LOOP('',(#13160,#13161,#13162,#13163));
#13160 = ORIENTED_EDGE('',*,*,#10225,.F.);
#13161 = ORIENTED_EDGE('',*,*,#13137,.T.);
#13162 = ORIENTED_EDGE('',*,*,#12681,.T.);
#13163 = ORIENTED_EDGE('',*,*,#12858,.F.);
#13164 = ADVANCED_FACE('',(#13165),#10370,.F.);
#13165 = FACE_BOUND('',#13166,.T.);
#13166 = EDGE_LOOP('',(#13167,#13168,#13169,#13170));
#13167 = ORIENTED_EDGE('',*,*,#11069,.T.);
#13168 = ORIENTED_EDGE('',*,*,#10357,.T.);
#13169 = ORIENTED_EDGE('',*,*,#11279,.T.);
#13170 = ORIENTED_EDGE('',*,*,#11139,.T.);
#13171 = ADVANCED_FACE('',(#13172),#10402,.F.);
#13172 = FACE_BOUND('',#13173,.F.);
#13173 = EDGE_LOOP('',(#13174,#13175,#13198,#13226,#13254,#13280,#13308,
    #13334));
#13174 = ORIENTED_EDGE('',*,*,#10384,.F.);
#13175 = ORIENTED_EDGE('',*,*,#13176,.T.);
#13176 = EDGE_CURVE('',#10385,#13177,#13179,.T.);
#13177 = VERTEX_POINT('',#13178);
#13178 = CARTESIAN_POINT('',(42.27849531159,9.,15.58845726812));
#13179 = SURFACE_CURVE('',#13180,(#13184,#13191),.PCURVE_S1.);
#13180 = LINE('',#13181,#13182);
#13181 = CARTESIAN_POINT('',(42.308968192733,9.,17.334247459561));
#13182 = VECTOR('',#13183,1.);
#13183 = DIRECTION('',(-1.745240643728E-02,-0.,-0.999847695156));
#13184 = PCURVE('',#10402,#13185);
#13185 = DEFINITIONAL_REPRESENTATION('',(#13186),#13190);
#13186 = LINE('',#13187,#13188);
#13187 = CARTESIAN_POINT('',(0.,0.));
#13188 = VECTOR('',#13189,1.);
#13189 = DIRECTION('',(0.,-1.));
#13190 = ( GEOMETRIC_REPRESENTATION_CONTEXT(2) 
PARAMETRIC_REPRESENTATION_CONTEXT() REPRESENTATION_CONTEXT('2D SPACE',''
  ) );
#13191 = PCURVE('',#10431,#13192);
#13192 = DEFINITIONAL_REPRESENTATION('',(#13193),#13197);
#13193 = LINE('',#13194,#13195);
#13194 = CARTESIAN_POINT('',(6.,-1.471045507628E-15));
#13195 = VECTOR('',#13196,1.);
#13196 = DIRECTION('',(0.,-1.));
#13197 = ( GEOMETRIC_REPRESENTATION_CONTEXT(2) 
PARAMETRIC_REPRESENTATION_CONTEXT() REPRESENTATION_CONTEXT('2D SPACE',''
  ) );
#13198 = ORIENTED_EDGE('',*,*,#13199,.F.);
#13199 = EDGE_CURVE('',#13200,#13177,#13202,.T.);
#13200 = VERTEX_POINT('',#13201);
#13201 = CARTESIAN_POINT('',(42.276279008196,8.780078155013,
    15.461485331716));
#13202 = SURFACE_CURVE('',#13203,(#13207,#13214),.PCURVE_S1.);
#13203 = LINE('',#13204,#13205);
#13204 = CARTESIAN_POINT('',(42.289924092604,10.134067931951,
    16.243211693911));
#13205 = VECTOR('',#13206,1.);
#13206 = DIRECTION('',(8.727200095795E-03,0.865992423168,0.499980958632)
  );
#13207 = PCURVE('',#10402,#13208);
#13208 = DEFINITIONAL_REPRESENTATION('',(#13209),#13213);
#13209 = LINE('',#13210,#13211);
#13210 = CARTESIAN_POINT('',(-1.134067931951,-1.091201960994));
#13211 = VECTOR('',#13212,1.);
#13212 = DIRECTION('',(-0.865992423168,0.500057119753));
#13213 = ( GEOMETRIC_REPRESENTATION_CONTEXT(2) 
PARAMETRIC_REPRESENTATION_CONTEXT() REPRESENTATION_CONTEXT('2D SPACE',''
  ) );
#13214 = PCURVE('',#13215,#13220);
#13215 = PLANE('',#13216);
#13216 = AXIS2_PLACEMENT_3D('',#13217,#13218,#13219);
#13217 = CARTESIAN_POINT('',(42.308968192733,10.511898655466,
    16.46135236384));
#13218 = DIRECTION('',(0.,-0.5,0.866025403784));
#13219 = DIRECTION('',(0.999847695156,-1.511422733186E-02,
    -8.726203218642E-03));
#13220 = DEFINITIONAL_REPRESENTATION('',(#13221),#13225);
#13221 = LINE('',#13222,#13223);
#13222 = CARTESIAN_POINT('',(-1.142704035552E-02,-0.436547257473));
#13223 = VECTOR('',#13224,1.);
#13224 = DIRECTION('',(-8.725870900949E-03,0.999961928864));
#13225 = ( GEOMETRIC_REPRESENTATION_CONTEXT(2) 
PARAMETRIC_REPRESENTATION_CONTEXT() REPRESENTATION_CONTEXT('2D SPACE',''
  ) );
#13226 = ORIENTED_EDGE('',*,*,#13227,.T.);
#13227 = EDGE_CURVE('',#13200,#13228,#13230,.T.);
#13228 = VERTEX_POINT('',#13229);
#13229 = CARTESIAN_POINT('',(42.274063379858,8.853407765083,
    15.334552069248));
#13230 = SURFACE_CURVE('',#13231,(#13235,#13242),.PCURVE_S1.);
#13231 = LINE('',#13232,#13233);
#13232 = CARTESIAN_POINT('',(42.220047371315,10.641150220005,
    12.239977012347));
#13233 = VECTOR('',#13234,1.);
#13234 = DIRECTION('',(-1.511250058046E-02,0.500171330986,
    -0.865794578399));
#13235 = PCURVE('',#10402,#13236);
#13236 = DEFINITIONAL_REPRESENTATION('',(#13237),#13241);
#13237 = LINE('',#13238,#13239);
#13238 = CARTESIAN_POINT('',(-1.641150220005,-5.095046447467));
#13239 = VECTOR('',#13240,1.);
#13240 = DIRECTION('',(-0.500171330986,-0.865926463194));
#13241 = ( GEOMETRIC_REPRESENTATION_CONTEXT(2) 
PARAMETRIC_REPRESENTATION_CONTEXT() REPRESENTATION_CONTEXT('2D SPACE',''
  ) );
#13242 = PCURVE('',#13243,#13248);
#13243 = PLANE('',#13244);
#13244 = AXIS2_PLACEMENT_3D('',#13245,#13246,#13247);
#13245 = CARTESIAN_POINT('',(45.273606465327,13.234768965628,
    7.641097424968));
#13246 = DIRECTION('',(1.745240643728E-02,0.865893503921,0.499923847578)
  );
#13247 = DIRECTION('',(0.999847695156,-1.511422733186E-02,
    -8.726203218642E-03));
#13248 = DEFINITIONAL_REPRESENTATION('',(#13249),#13253);
#13249 = LINE('',#13250,#13251);
#13250 = CARTESIAN_POINT('',(-3.054024236696,-5.279555924427));
#13251 = VECTOR('',#13252,1.);
#13252 = DIRECTION('',(-1.511480263811E-02,0.999885764846));
#13253 = ( GEOMETRIC_REPRESENTATION_CONTEXT(2) 
PARAMETRIC_REPRESENTATION_CONTEXT() REPRESENTATION_CONTEXT('2D SPACE',''
  ) );
#13254 = ORIENTED_EDGE('',*,*,#13255,.T.);
#13255 = EDGE_CURVE('',#13228,#12544,#13256,.T.);
#13256 = SURFACE_CURVE('',#13257,(#13261,#13268),.PCURVE_S1.);
#13257 = LINE('',#13258,#13259);
#13258 = CARTESIAN_POINT('',(42.274063379858,9.,15.334552069248));
#13259 = VECTOR('',#13260,1.);
#13260 = DIRECTION('',(0.,-1.,0.));
#13261 = PCURVE('',#10402,#13262);
#13262 = DEFINITIONAL_REPRESENTATION('',(#13263),#13267);
#13263 = LINE('',#13264,#13265);
#13264 = CARTESIAN_POINT('',(-0.,-2.));
#13265 = VECTOR('',#13266,1.);
#13266 = DIRECTION('',(1.,0.));
#13267 = ( GEOMETRIC_REPRESENTATION_CONTEXT(2) 
PARAMETRIC_REPRESENTATION_CONTEXT() REPRESENTATION_CONTEXT('2D SPACE',''
  ) );
#13268 = PCURVE('',#13269,#13274);
#13269 = PLANE('',#13270);
#13270 = AXIS2_PLACEMENT_3D('',#13271,#13272,#13273);
#13271 = CARTESIAN_POINT('',(45.273606465327,1.480297366167E-16,
    15.282194849936));
#13272 = DIRECTION('',(1.745240643728E-02,0.,0.999847695156));
#13273 = DIRECTION('',(0.999847695156,0.,-1.745240643728E-02));
#13274 = DEFINITIONAL_REPRESENTATION('',(#13275),#13279);
#13275 = LINE('',#13276,#13277);
#13276 = CARTESIAN_POINT('',(-3.,9.));
#13277 = VECTOR('',#13278,1.);
#13278 = DIRECTION('',(0.,-1.));
#13279 = ( GEOMETRIC_REPRESENTATION_CONTEXT(2) 
PARAMETRIC_REPRESENTATION_CONTEXT() REPRESENTATION_CONTEXT('2D SPACE',''
  ) );
#13280 = ORIENTED_EDGE('',*,*,#13281,.T.);
#13281 = EDGE_CURVE('',#12544,#13282,#13284,.T.);
#13282 = VERTEX_POINT('',#13283);
#13283 = CARTESIAN_POINT('',(42.276279008196,-8.780078155013,
    15.461485331716));
#13284 = SURFACE_CURVE('',#13285,(#13289,#13296),.PCURVE_S1.);
#13285 = LINE('',#13286,#13287);
#13286 = CARTESIAN_POINT('',(42.288076927083,-8.389607976942,
    16.137387652093));
#13287 = VECTOR('',#13288,1.);
#13288 = DIRECTION('',(1.511250058046E-02,0.500171330986,0.865794578399)
  );
#13289 = PCURVE('',#10402,#13290);
#13290 = DEFINITIONAL_REPRESENTATION('',(#13291),#13295);
#13291 = LINE('',#13292,#13293);
#13292 = CARTESIAN_POINT('',(17.389607976942,-1.197042122781));
#13293 = VECTOR('',#13294,1.);
#13294 = DIRECTION('',(-0.500171330986,0.865926463194));
#13295 = ( GEOMETRIC_REPRESENTATION_CONTEXT(2) 
PARAMETRIC_REPRESENTATION_CONTEXT() REPRESENTATION_CONTEXT('2D SPACE',''
  ) );
#13296 = PCURVE('',#13297,#13302);
#13297 = PLANE('',#13298);
#13298 = AXIS2_PLACEMENT_3D('',#13299,#13300,#13301);
#13299 = CARTESIAN_POINT('',(45.273606465327,-13.23476896562,
    7.641097424968));
#13300 = DIRECTION('',(1.745240643728E-02,-0.865893503921,0.499923847578
    ));
#13301 = DIRECTION('',(0.999847695156,1.511422733186E-02,
    -8.726203218642E-03));
#13302 = DEFINITIONAL_REPRESENTATION('',(#13303),#13307);
#13303 = LINE('',#13304,#13305);
#13304 = CARTESIAN_POINT('',(-2.985984318119,9.780583668959));
#13305 = VECTOR('',#13306,1.);
#13306 = DIRECTION('',(1.511480263811E-02,0.999885764846));
#13307 = ( GEOMETRIC_REPRESENTATION_CONTEXT(2) 
PARAMETRIC_REPRESENTATION_CONTEXT() REPRESENTATION_CONTEXT('2D SPACE',''
  ) );
#13308 = ORIENTED_EDGE('',*,*,#13309,.F.);
#13309 = EDGE_CURVE('',#12493,#13282,#13310,.T.);
#13310 = SURFACE_CURVE('',#13311,(#13315,#13322),.PCURVE_S1.);
#13311 = LINE('',#13312,#13313);
#13312 = CARTESIAN_POINT('',(42.221676432914,-3.361912424839,
    12.333305888886));
#13313 = VECTOR('',#13314,1.);
#13314 = DIRECTION('',(-8.727200095795E-03,0.865992423168,
    -0.499980958632));
#13315 = PCURVE('',#10402,#13316);
#13316 = DEFINITIONAL_REPRESENTATION('',(#13317),#13321);
#13317 = LINE('',#13318,#13319);
#13318 = CARTESIAN_POINT('',(12.361912424839,-5.001703354322));
#13319 = VECTOR('',#13320,1.);
#13320 = DIRECTION('',(-0.865992423168,-0.500057119753));
#13321 = ( GEOMETRIC_REPRESENTATION_CONTEXT(2) 
PARAMETRIC_REPRESENTATION_CONTEXT() REPRESENTATION_CONTEXT('2D SPACE',''
  ) );
#13322 = PCURVE('',#13323,#13328);
#13323 = PLANE('',#13324);
#13324 = AXIS2_PLACEMENT_3D('',#13325,#13326,#13327);
#13325 = CARTESIAN_POINT('',(48.308054363671,-10.42121329147,
    16.408995144529));
#13326 = DIRECTION('',(0.,0.5,0.866025403784));
#13327 = DIRECTION('',(-0.999847695156,-1.511422733186E-02,
    8.726203218642E-03));
#13328 = DEFINITIONAL_REPRESENTATION('',(#13329),#13333);
#13329 = LINE('',#13330,#13331);
#13330 = CARTESIAN_POINT('',(5.943189775115,-8.256358958234));
#13331 = VECTOR('',#13332,1.);
#13332 = DIRECTION('',(-8.725870900949E-03,-0.999961928864));
#13333 = ( GEOMETRIC_REPRESENTATION_CONTEXT(2) 
PARAMETRIC_REPRESENTATION_CONTEXT() REPRESENTATION_CONTEXT('2D SPACE',''
  ) );
#13334 = ORIENTED_EDGE('',*,*,#13335,.F.);
#13335 = EDGE_CURVE('',#10387,#12493,#13336,.T.);
#13336 = SURFACE_CURVE('',#13337,(#13341,#13348),.PCURVE_S1.);
#13337 = LINE('',#13338,#13339);
#13338 = CARTESIAN_POINT('',(42.308968192733,-9.,17.334247459561));
#13339 = VECTOR('',#13340,1.);
#13340 = DIRECTION('',(-1.745240643728E-02,-0.,-0.999847695156));
#13341 = PCURVE('',#10402,#13342);
#13342 = DEFINITIONAL_REPRESENTATION('',(#13343),#13347);
#13343 = LINE('',#13344,#13345);
#13344 = CARTESIAN_POINT('',(18.,0.));
#13345 = VECTOR('',#13346,1.);
#13346 = DIRECTION('',(0.,-1.));
#13347 = ( GEOMETRIC_REPRESENTATION_CONTEXT(2) 
PARAMETRIC_REPRESENTATION_CONTEXT() REPRESENTATION_CONTEXT('2D SPACE',''
  ) );
#13348 = PCURVE('',#10486,#13349);
#13349 = DEFINITIONAL_REPRESENTATION('',(#13350),#13354);
#13350 = LINE('',#13351,#13352);
#13351 = CARTESIAN_POINT('',(0.,0.));
#13352 = VECTOR('',#13353,1.);
#13353 = DIRECTION('',(0.,-1.));
#13354 = ( GEOMETRIC_REPRESENTATION_CONTEXT(2) 
PARAMETRIC_REPRESENTATION_CONTEXT() REPRESENTATION_CONTEXT('2D SPACE',''
  ) );
#13355 = ADVANCED_FACE('',(#13356),#10486,.F.);
#13356 = FACE_BOUND('',#13357,.F.);
#13357 = EDGE_LOOP('',(#13358,#13359,#13360,#13361));
#13358 = ORIENTED_EDGE('',*,*,#10471,.F.);
#13359 = ORIENTED_EDGE('',*,*,#13335,.T.);
#13360 = ORIENTED_EDGE('',*,*,#12825,.F.);
#13361 = ORIENTED_EDGE('',*,*,#13362,.F.);
#13362 = EDGE_CURVE('',#10444,#12777,#13363,.T.);
#13363 = SURFACE_CURVE('',#13364,(#13368,#13375),.PCURVE_S1.);
#13364 = LINE('',#13365,#13366);
#13365 = CARTESIAN_POINT('',(48.308054363671,-9.,17.229533020937));
#13366 = VECTOR('',#13367,1.);
#13367 = DIRECTION('',(-1.745240643728E-02,-0.,-0.999847695156));
#13368 = PCURVE('',#10486,#13369);
#13369 = DEFINITIONAL_REPRESENTATION('',(#13370),#13374);
#13370 = LINE('',#13371,#13372);
#13371 = CARTESIAN_POINT('',(6.,1.471045507628E-15));
#13372 = VECTOR('',#13373,1.);
#13373 = DIRECTION('',(0.,-1.));
#13374 = ( GEOMETRIC_REPRESENTATION_CONTEXT(2) 
PARAMETRIC_REPRESENTATION_CONTEXT() REPRESENTATION_CONTEXT('2D SPACE',''
  ) );
#13375 = PCURVE('',#10459,#13376);
#13376 = DEFINITIONAL_REPRESENTATION('',(#13377),#13381);
#13377 = LINE('',#13378,#13379);
#13378 = CARTESIAN_POINT('',(0.,0.));
#13379 = VECTOR('',#13380,1.);
#13380 = DIRECTION('',(-0.,-1.));
#13381 = ( GEOMETRIC_REPRESENTATION_CONTEXT(2) 
PARAMETRIC_REPRESENTATION_CONTEXT() REPRESENTATION_CONTEXT('2D SPACE',''
  ) );
#13382 = ADVANCED_FACE('',(#13383),#10459,.F.);
#13383 = FACE_BOUND('',#13384,.F.);
#13384 = EDGE_LOOP('',(#13385,#13386,#13387,#13388,#13411,#13434));
#13385 = ORIENTED_EDGE('',*,*,#10443,.F.);
#13386 = ORIENTED_EDGE('',*,*,#13362,.T.);
#13387 = ORIENTED_EDGE('',*,*,#12776,.F.);
#13388 = ORIENTED_EDGE('',*,*,#13389,.T.);
#13389 = EDGE_CURVE('',#12754,#13390,#13392,.T.);
#13390 = VERTEX_POINT('',#13391);
#13391 = CARTESIAN_POINT('',(48.273149550796,8.792950855755,
    15.229837630624));
#13392 = SURFACE_CURVE('',#13393,(#13397,#13404),.PCURVE_S1.);
#13393 = LINE('',#13394,#13395);
#13394 = CARTESIAN_POINT('',(48.273149550796,-9.,15.229837630624));
#13395 = VECTOR('',#13396,1.);
#13396 = DIRECTION('',(0.,1.,0.));
#13397 = PCURVE('',#10459,#13398);
#13398 = DEFINITIONAL_REPRESENTATION('',(#13399),#13403);
#13399 = LINE('',#13400,#13401);
#13400 = CARTESIAN_POINT('',(0.,-2.));
#13401 = VECTOR('',#13402,1.);
#13402 = DIRECTION('',(1.,0.));
#13403 = ( GEOMETRIC_REPRESENTATION_CONTEXT(2) 
PARAMETRIC_REPRESENTATION_CONTEXT() REPRESENTATION_CONTEXT('2D SPACE',''
  ) );
#13404 = PCURVE('',#13269,#13405);
#13405 = DEFINITIONAL_REPRESENTATION('',(#13406),#13410);
#13406 = LINE('',#13407,#13408);
#13407 = CARTESIAN_POINT('',(3.,-9.));
#13408 = VECTOR('',#13409,1.);
#13409 = DIRECTION('',(0.,1.));
#13410 = ( GEOMETRIC_REPRESENTATION_CONTEXT(2) 
PARAMETRIC_REPRESENTATION_CONTEXT() REPRESENTATION_CONTEXT('2D SPACE',''
  ) );
#13411 = ORIENTED_EDGE('',*,*,#13412,.F.);
#13412 = EDGE_CURVE('',#13413,#13390,#13415,.T.);
#13413 = VERTEX_POINT('',#13414);
#13414 = CARTESIAN_POINT('',(48.279409279853,9.,15.58845726812));
#13415 = SURFACE_CURVE('',#13416,(#13420,#13427),.PCURVE_S1.);
#13416 = LINE('',#13417,#13418);
#13417 = CARTESIAN_POINT('',(48.232885885989,7.461174789,12.923133818696
    ));
#13418 = VECTOR('',#13419,1.);
#13419 = DIRECTION('',(-1.511480281341E-02,-0.499942882422,
    -0.865926473237));
#13420 = PCURVE('',#10459,#13421);
#13421 = DEFINITIONAL_REPRESENTATION('',(#13422),#13426);
#13422 = LINE('',#13423,#13424);
#13423 = CARTESIAN_POINT('',(16.461174789,-4.307055187608));
#13424 = VECTOR('',#13425,1.);
#13425 = DIRECTION('',(-0.499942882422,-0.866058378122));
#13426 = ( GEOMETRIC_REPRESENTATION_CONTEXT(2) 
PARAMETRIC_REPRESENTATION_CONTEXT() REPRESENTATION_CONTEXT('2D SPACE',''
  ) );
#13427 = PCURVE('',#10837,#13428);
#13428 = DEFINITIONAL_REPRESENTATION('',(#13429),#13433);
#13429 = LINE('',#13430,#13431);
#13430 = CARTESIAN_POINT('',(1.538825211004,-4.307055187606));
#13431 = VECTOR('',#13432,1.);
#13432 = DIRECTION('',(0.499942882422,-0.866058378122));
#13433 = ( GEOMETRIC_REPRESENTATION_CONTEXT(2) 
PARAMETRIC_REPRESENTATION_CONTEXT() REPRESENTATION_CONTEXT('2D SPACE',''
  ) );
#13434 = ORIENTED_EDGE('',*,*,#13435,.F.);
#13435 = EDGE_CURVE('',#10415,#13413,#13436,.T.);
#13436 = SURFACE_CURVE('',#13437,(#13441,#13448),.PCURVE_S1.);
#13437 = LINE('',#13438,#13439);
#13438 = CARTESIAN_POINT('',(48.308054363671,9.,17.229533020937));
#13439 = VECTOR('',#13440,1.);
#13440 = DIRECTION('',(-1.745240643728E-02,-0.,-0.999847695156));
#13441 = PCURVE('',#10459,#13442);
#13442 = DEFINITIONAL_REPRESENTATION('',(#13443),#13447);
#13443 = LINE('',#13444,#13445);
#13444 = CARTESIAN_POINT('',(18.,0.));
#13445 = VECTOR('',#13446,1.);
#13446 = DIRECTION('',(-0.,-1.));
#13447 = ( GEOMETRIC_REPRESENTATION_CONTEXT(2) 
PARAMETRIC_REPRESENTATION_CONTEXT() REPRESENTATION_CONTEXT('2D SPACE',''
  ) );
#13448 = PCURVE('',#10431,#13449);
#13449 = DEFINITIONAL_REPRESENTATION('',(#13450),#13454);
#13450 = LINE('',#13451,#13452);
#13451 = CARTESIAN_POINT('',(0.,0.));
#13452 = VECTOR('',#13453,1.);
#13453 = DIRECTION('',(0.,-1.));
#13454 = ( GEOMETRIC_REPRESENTATION_CONTEXT(2) 
PARAMETRIC_REPRESENTATION_CONTEXT() REPRESENTATION_CONTEXT('2D SPACE',''
  ) );
#13455 = ADVANCED_FACE('',(#13456),#10431,.F.);
#13456 = FACE_BOUND('',#13457,.F.);
#13457 = EDGE_LOOP('',(#13458,#13459,#13460,#13481));
#13458 = ORIENTED_EDGE('',*,*,#10414,.F.);
#13459 = ORIENTED_EDGE('',*,*,#13435,.T.);
#13460 = ORIENTED_EDGE('',*,*,#13461,.F.);
#13461 = EDGE_CURVE('',#13177,#13413,#13462,.T.);
#13462 = SURFACE_CURVE('',#13463,(#13467,#13474),.PCURVE_S1.);
#13463 = LINE('',#13464,#13465);
#13464 = CARTESIAN_POINT('',(45.308511278202,9.,15.58845726812));
#13465 = VECTOR('',#13466,1.);
#13466 = DIRECTION('',(1.,0.,0.));
#13467 = PCURVE('',#10431,#13468);
#13468 = DEFINITIONAL_REPRESENTATION('',(#13469),#13473);
#13469 = LINE('',#13470,#13471);
#13470 = CARTESIAN_POINT('',(2.970445519496,-1.693175054085));
#13471 = VECTOR('',#13472,1.);
#13472 = DIRECTION('',(-0.999847695156,1.745240643728E-02));
#13473 = ( GEOMETRIC_REPRESENTATION_CONTEXT(2) 
PARAMETRIC_REPRESENTATION_CONTEXT() REPRESENTATION_CONTEXT('2D SPACE',''
  ) );
#13474 = PCURVE('',#10864,#13475);
#13475 = DEFINITIONAL_REPRESENTATION('',(#13476),#13480);
#13476 = LINE('',#13477,#13478);
#13477 = CARTESIAN_POINT('',(3.029554480504,-1.693175054085));
#13478 = VECTOR('',#13479,1.);
#13479 = DIRECTION('',(0.999847695156,1.745240643728E-02));
#13480 = ( GEOMETRIC_REPRESENTATION_CONTEXT(2) 
PARAMETRIC_REPRESENTATION_CONTEXT() REPRESENTATION_CONTEXT('2D SPACE',''
  ) );
#13481 = ORIENTED_EDGE('',*,*,#13176,.F.);
#13482 = ADVANCED_FACE('',(#13483),#10559,.F.);
#13483 = FACE_BOUND('',#13484,.T.);
#13484 = EDGE_LOOP('',(#13485,#13486,#13487,#13488));
#13485 = ORIENTED_EDGE('',*,*,#11800,.T.);
#13486 = ORIENTED_EDGE('',*,*,#10546,.T.);
#13487 = ORIENTED_EDGE('',*,*,#11989,.T.);
#13488 = ORIENTED_EDGE('',*,*,#11847,.T.);
#13489 = ADVANCED_FACE('',(#13490),#10591,.F.);
#13490 = FACE_BOUND('',#13491,.F.);
#13491 = EDGE_LOOP('',(#13492,#13493,#13514,#13542,#13568,#13596,#13624,
    #13652));
#13492 = ORIENTED_EDGE('',*,*,#10573,.F.);
#13493 = ORIENTED_EDGE('',*,*,#13494,.T.);
#13494 = EDGE_CURVE('',#10574,#12990,#13495,.T.);
#13495 = SURFACE_CURVE('',#13496,(#13500,#13507),.PCURVE_S1.);
#13496 = LINE('',#13497,#13498);
#13497 = CARTESIAN_POINT('',(42.308968192733,-9.,-17.33424745956));
#13498 = VECTOR('',#13499,1.);
#13499 = DIRECTION('',(-1.745240643728E-02,1.224460279508E-16,
    0.999847695156));
#13500 = PCURVE('',#10591,#13501);
#13501 = DEFINITIONAL_REPRESENTATION('',(#13502),#13506);
#13502 = LINE('',#13503,#13504);
#13503 = CARTESIAN_POINT('',(0.,0.));
#13504 = VECTOR('',#13505,1.);
#13505 = DIRECTION('',(0.,-1.));
#13506 = ( GEOMETRIC_REPRESENTATION_CONTEXT(2) 
PARAMETRIC_REPRESENTATION_CONTEXT() REPRESENTATION_CONTEXT('2D SPACE',''
  ) );
#13507 = PCURVE('',#10620,#13508);
#13508 = DEFINITIONAL_REPRESENTATION('',(#13509),#13513);
#13509 = LINE('',#13510,#13511);
#13510 = CARTESIAN_POINT('',(6.,-1.471045507628E-15));
#13511 = VECTOR('',#13512,1.);
#13512 = DIRECTION('',(0.,-1.));
#13513 = ( GEOMETRIC_REPRESENTATION_CONTEXT(2) 
PARAMETRIC_REPRESENTATION_CONTEXT() REPRESENTATION_CONTEXT('2D SPACE',''
  ) );
#13514 = ORIENTED_EDGE('',*,*,#13515,.T.);
#13515 = EDGE_CURVE('',#12990,#13516,#13518,.T.);
#13516 = VERTEX_POINT('',#13517);
#13517 = CARTESIAN_POINT('',(42.276279008196,-8.780078155013,
    -15.46148533171));
#13518 = SURFACE_CURVE('',#13519,(#13523,#13530),.PCURVE_S1.);
#13519 = LINE('',#13520,#13521);
#13520 = CARTESIAN_POINT('',(42.289924092604,-10.13406793195,
    -16.24321169391));
#13521 = VECTOR('',#13522,1.);
#13522 = DIRECTION('',(-8.727200095795E-03,0.865992423168,0.499980958632
    ));
#13523 = PCURVE('',#10591,#13524);
#13524 = DEFINITIONAL_REPRESENTATION('',(#13525),#13529);
#13525 = LINE('',#13526,#13527);
#13526 = CARTESIAN_POINT('',(-1.134067931951,-1.091201960994));
#13527 = VECTOR('',#13528,1.);
#13528 = DIRECTION('',(0.865992423168,-0.500057119753));
#13529 = ( GEOMETRIC_REPRESENTATION_CONTEXT(2) 
PARAMETRIC_REPRESENTATION_CONTEXT() REPRESENTATION_CONTEXT('2D SPACE',''
  ) );
#13530 = PCURVE('',#13531,#13536);
#13531 = PLANE('',#13532);
#13532 = AXIS2_PLACEMENT_3D('',#13533,#13534,#13535);
#13533 = CARTESIAN_POINT('',(42.308968192733,-10.51189865546,
    -16.46135236384));
#13534 = DIRECTION('',(0.,0.5,-0.866025403784));
#13535 = DIRECTION('',(0.999847695156,1.511422733186E-02,
    8.726203218642E-03));
#13536 = DEFINITIONAL_REPRESENTATION('',(#13537),#13541);
#13537 = LINE('',#13538,#13539);
#13538 = CARTESIAN_POINT('',(-1.142704035552E-02,-0.436547257473));
#13539 = VECTOR('',#13540,1.);
#13540 = DIRECTION('',(8.725870900949E-03,-0.999961928864));
#13541 = ( GEOMETRIC_REPRESENTATION_CONTEXT(2) 
PARAMETRIC_REPRESENTATION_CONTEXT() REPRESENTATION_CONTEXT('2D SPACE',''
  ) );
#13542 = ORIENTED_EDGE('',*,*,#13543,.F.);
#13543 = EDGE_CURVE('',#12934,#13516,#13544,.T.);
#13544 = SURFACE_CURVE('',#13545,(#13549,#13556),.PCURVE_S1.);
#13545 = LINE('',#13546,#13547);
#13546 = CARTESIAN_POINT('',(42.220047371315,-10.64115022,
    -12.23997701234));
#13547 = VECTOR('',#13548,1.);
#13548 = DIRECTION('',(1.511250058046E-02,0.500171330986,-0.865794578399
    ));
#13549 = PCURVE('',#10591,#13550);
#13550 = DEFINITIONAL_REPRESENTATION('',(#13551),#13555);
#13551 = LINE('',#13552,#13553);
#13552 = CARTESIAN_POINT('',(-1.641150220005,-5.095046447467));
#13553 = VECTOR('',#13554,1.);
#13554 = DIRECTION('',(0.500171330986,0.865926463194));
#13555 = ( GEOMETRIC_REPRESENTATION_CONTEXT(2) 
PARAMETRIC_REPRESENTATION_CONTEXT() REPRESENTATION_CONTEXT('2D SPACE',''
  ) );
#13556 = PCURVE('',#13557,#13562);
#13557 = PLANE('',#13558);
#13558 = AXIS2_PLACEMENT_3D('',#13559,#13560,#13561);
#13559 = CARTESIAN_POINT('',(45.273606465327,-13.23476896562,
    -7.641097424968));
#13560 = DIRECTION('',(1.745240643728E-02,-0.865893503921,
    -0.499923847578));
#13561 = DIRECTION('',(0.999847695156,1.511422733186E-02,
    8.726203218642E-03));
#13562 = DEFINITIONAL_REPRESENTATION('',(#13563),#13567);
#13563 = LINE('',#13564,#13565);
#13564 = CARTESIAN_POINT('',(-3.054024236696,-5.279555924427));
#13565 = VECTOR('',#13566,1.);
#13566 = DIRECTION('',(1.511480263811E-02,-0.999885764846));
#13567 = ( GEOMETRIC_REPRESENTATION_CONTEXT(2) 
PARAMETRIC_REPRESENTATION_CONTEXT() REPRESENTATION_CONTEXT('2D SPACE',''
  ) );
#13568 = ORIENTED_EDGE('',*,*,#13569,.T.);
#13569 = EDGE_CURVE('',#12934,#13570,#13572,.T.);
#13570 = VERTEX_POINT('',#13571);
#13571 = CARTESIAN_POINT('',(42.274063379858,8.853407765083,
    -15.33455206924));
#13572 = SURFACE_CURVE('',#13573,(#13577,#13584),.PCURVE_S1.);
#13573 = LINE('',#13574,#13575);
#13574 = CARTESIAN_POINT('',(42.274063379858,-9.,-15.33455206924));
#13575 = VECTOR('',#13576,1.);
#13576 = DIRECTION('',(0.,1.,-1.224646799147E-16));
#13577 = PCURVE('',#10591,#13578);
#13578 = DEFINITIONAL_REPRESENTATION('',(#13579),#13583);
#13579 = LINE('',#13580,#13581);
#13580 = CARTESIAN_POINT('',(-0.,-2.));
#13581 = VECTOR('',#13582,1.);
#13582 = DIRECTION('',(1.,0.));
#13583 = ( GEOMETRIC_REPRESENTATION_CONTEXT(2) 
PARAMETRIC_REPRESENTATION_CONTEXT() REPRESENTATION_CONTEXT('2D SPACE',''
  ) );
#13584 = PCURVE('',#13585,#13590);
#13585 = PLANE('',#13586);
#13586 = AXIS2_PLACEMENT_3D('',#13587,#13588,#13589);
#13587 = CARTESIAN_POINT('',(45.273606465327,-2.019558837309E-15,
    -15.28219484993));
#13588 = DIRECTION('',(1.745240643728E-02,-1.224460279508E-16,
    -0.999847695156));
#13589 = DIRECTION('',(0.999847695156,2.137303368084E-18,
    1.745240643728E-02));
#13590 = DEFINITIONAL_REPRESENTATION('',(#13591),#13595);
#13591 = LINE('',#13592,#13593);
#13592 = CARTESIAN_POINT('',(-3.,9.));
#13593 = VECTOR('',#13594,1.);
#13594 = DIRECTION('',(0.,-1.));
#13595 = ( GEOMETRIC_REPRESENTATION_CONTEXT(2) 
PARAMETRIC_REPRESENTATION_CONTEXT() REPRESENTATION_CONTEXT('2D SPACE',''
  ) );
#13596 = ORIENTED_EDGE('',*,*,#13597,.T.);
#13597 = EDGE_CURVE('',#13570,#13598,#13600,.T.);
#13598 = VERTEX_POINT('',#13599);
#13599 = CARTESIAN_POINT('',(42.276279008196,8.780078155013,
    -15.46148533171));
#13600 = SURFACE_CURVE('',#13601,(#13605,#13612),.PCURVE_S1.);
#13601 = LINE('',#13602,#13603);
#13602 = CARTESIAN_POINT('',(42.288076927083,8.389607976942,
    -16.13738765209));
#13603 = VECTOR('',#13604,1.);
#13604 = DIRECTION('',(1.511250058046E-02,-0.500171330986,
    -0.865794578399));
#13605 = PCURVE('',#10591,#13606);
#13606 = DEFINITIONAL_REPRESENTATION('',(#13607),#13611);
#13607 = LINE('',#13608,#13609);
#13608 = CARTESIAN_POINT('',(17.389607976942,-1.197042122781));
#13609 = VECTOR('',#13610,1.);
#13610 = DIRECTION('',(-0.500171330986,0.865926463194));
#13611 = ( GEOMETRIC_REPRESENTATION_CONTEXT(2) 
PARAMETRIC_REPRESENTATION_CONTEXT() REPRESENTATION_CONTEXT('2D SPACE',''
  ) );
#13612 = PCURVE('',#13613,#13618);
#13613 = PLANE('',#13614);
#13614 = AXIS2_PLACEMENT_3D('',#13615,#13616,#13617);
#13615 = CARTESIAN_POINT('',(45.273606465327,13.234768965628,
    -7.641097424968));
#13616 = DIRECTION('',(1.745240643728E-02,0.865893503921,-0.499923847578
    ));
#13617 = DIRECTION('',(0.999847695156,-1.511422733186E-02,
    8.726203218642E-03));
#13618 = DEFINITIONAL_REPRESENTATION('',(#13619),#13623);
#13619 = LINE('',#13620,#13621);
#13620 = CARTESIAN_POINT('',(-2.985984318119,9.780583668959));
#13621 = VECTOR('',#13622,1.);
#13622 = DIRECTION('',(1.511480263811E-02,0.999885764846));
#13623 = ( GEOMETRIC_REPRESENTATION_CONTEXT(2) 
PARAMETRIC_REPRESENTATION_CONTEXT() REPRESENTATION_CONTEXT('2D SPACE',''
  ) );
#13624 = ORIENTED_EDGE('',*,*,#13625,.F.);
#13625 = EDGE_CURVE('',#13626,#13598,#13628,.T.);
#13626 = VERTEX_POINT('',#13627);
#13627 = CARTESIAN_POINT('',(42.27849531159,9.,-15.58845726812));
#13628 = SURFACE_CURVE('',#13629,(#13633,#13640),.PCURVE_S1.);
#13629 = LINE('',#13630,#13631);
#13630 = CARTESIAN_POINT('',(42.221676432914,3.361912424839,
    -12.33330588888));
#13631 = VECTOR('',#13632,1.);
#13632 = DIRECTION('',(-8.727200095795E-03,-0.865992423168,
    0.499980958632));
#13633 = PCURVE('',#10591,#13634);
#13634 = DEFINITIONAL_REPRESENTATION('',(#13635),#13639);
#13635 = LINE('',#13636,#13637);
#13636 = CARTESIAN_POINT('',(12.361912424839,-5.001703354322));
#13637 = VECTOR('',#13638,1.);
#13638 = DIRECTION('',(-0.865992423168,-0.500057119753));
#13639 = ( GEOMETRIC_REPRESENTATION_CONTEXT(2) 
PARAMETRIC_REPRESENTATION_CONTEXT() REPRESENTATION_CONTEXT('2D SPACE',''
  ) );
#13640 = PCURVE('',#13641,#13646);
#13641 = PLANE('',#13642);
#13642 = AXIS2_PLACEMENT_3D('',#13643,#13644,#13645);
#13643 = CARTESIAN_POINT('',(48.308054363671,10.421213291474,
    -16.40899514452));
#13644 = DIRECTION('',(0.,-0.5,-0.866025403784));
#13645 = DIRECTION('',(-0.999847695156,1.511422733186E-02,
    -8.726203218642E-03));
#13646 = DEFINITIONAL_REPRESENTATION('',(#13647),#13651);
#13647 = LINE('',#13648,#13649);
#13648 = CARTESIAN_POINT('',(5.943189775115,-8.256358958234));
#13649 = VECTOR('',#13650,1.);
#13650 = DIRECTION('',(-8.725870900949E-03,-0.999961928864));
#13651 = ( GEOMETRIC_REPRESENTATION_CONTEXT(2) 
PARAMETRIC_REPRESENTATION_CONTEXT() REPRESENTATION_CONTEXT('2D SPACE',''
  ) );
#13652 = ORIENTED_EDGE('',*,*,#13653,.F.);
#13653 = EDGE_CURVE('',#10576,#13626,#13654,.T.);
#13654 = SURFACE_CURVE('',#13655,(#13659,#13666),.PCURVE_S1.);
#13655 = LINE('',#13656,#13657);
#13656 = CARTESIAN_POINT('',(42.308968192733,9.,-17.33424745956));
#13657 = VECTOR('',#13658,1.);
#13658 = DIRECTION('',(-1.745240643728E-02,1.224460279508E-16,
    0.999847695156));
#13659 = PCURVE('',#10591,#13660);
#13660 = DEFINITIONAL_REPRESENTATION('',(#13661),#13665);
#13661 = LINE('',#13662,#13663);
#13662 = CARTESIAN_POINT('',(18.,0.));
#13663 = VECTOR('',#13664,1.);
#13664 = DIRECTION('',(0.,-1.));
#13665 = ( GEOMETRIC_REPRESENTATION_CONTEXT(2) 
PARAMETRIC_REPRESENTATION_CONTEXT() REPRESENTATION_CONTEXT('2D SPACE',''
  ) );
#13666 = PCURVE('',#10675,#13667);
#13667 = DEFINITIONAL_REPRESENTATION('',(#13668),#13672);
#13668 = LINE('',#13669,#13670);
#13669 = CARTESIAN_POINT('',(0.,0.));
#13670 = VECTOR('',#13671,1.);
#13671 = DIRECTION('',(0.,-1.));
#13672 = ( GEOMETRIC_REPRESENTATION_CONTEXT(2) 
PARAMETRIC_REPRESENTATION_CONTEXT() REPRESENTATION_CONTEXT('2D SPACE',''
  ) );
#13673 = ADVANCED_FACE('',(#13674),#10675,.F.);
#13674 = FACE_BOUND('',#13675,.F.);
#13675 = EDGE_LOOP('',(#13676,#13677,#13678,#13701));
#13676 = ORIENTED_EDGE('',*,*,#10660,.F.);
#13677 = ORIENTED_EDGE('',*,*,#13653,.T.);
#13678 = ORIENTED_EDGE('',*,*,#13679,.F.);
#13679 = EDGE_CURVE('',#13680,#13626,#13682,.T.);
#13680 = VERTEX_POINT('',#13681);
#13681 = CARTESIAN_POINT('',(48.279409279853,9.,-15.58845726812));
#13682 = SURFACE_CURVE('',#13683,(#13687,#13694),.PCURVE_S1.);
#13683 = LINE('',#13684,#13685);
#13684 = CARTESIAN_POINT('',(45.308511278202,9.,-15.58845726812));
#13685 = VECTOR('',#13686,1.);
#13686 = DIRECTION('',(-1.,0.,0.));
#13687 = PCURVE('',#10675,#13688);
#13688 = DEFINITIONAL_REPRESENTATION('',(#13689),#13693);
#13689 = LINE('',#13690,#13691);
#13690 = CARTESIAN_POINT('',(3.029554480504,-1.693175054085));
#13691 = VECTOR('',#13692,1.);
#13692 = DIRECTION('',(-0.999847695156,-1.745240643728E-02));
#13693 = ( GEOMETRIC_REPRESENTATION_CONTEXT(2) 
PARAMETRIC_REPRESENTATION_CONTEXT() REPRESENTATION_CONTEXT('2D SPACE',''
  ) );
#13694 = PCURVE('',#10998,#13695);
#13695 = DEFINITIONAL_REPRESENTATION('',(#13696),#13700);
#13696 = LINE('',#13697,#13698);
#13697 = CARTESIAN_POINT('',(2.970445519496,-1.693175054085));
#13698 = VECTOR('',#13699,1.);
#13699 = DIRECTION('',(0.999847695156,-1.745240643728E-02));
#13700 = ( GEOMETRIC_REPRESENTATION_CONTEXT(2) 
PARAMETRIC_REPRESENTATION_CONTEXT() REPRESENTATION_CONTEXT('2D SPACE',''
  ) );
#13701 = ORIENTED_EDGE('',*,*,#13702,.F.);
#13702 = EDGE_CURVE('',#10633,#13680,#13703,.T.);
#13703 = SURFACE_CURVE('',#13704,(#13708,#13715),.PCURVE_S1.);
#13704 = LINE('',#13705,#13706);
#13705 = CARTESIAN_POINT('',(48.308054363671,9.,-17.22953302093));
#13706 = VECTOR('',#13707,1.);
#13707 = DIRECTION('',(-1.745240643728E-02,1.224460279508E-16,
    0.999847695156));
#13708 = PCURVE('',#10675,#13709);
#13709 = DEFINITIONAL_REPRESENTATION('',(#13710),#13714);
#13710 = LINE('',#13711,#13712);
#13711 = CARTESIAN_POINT('',(6.,1.471045507628E-15));
#13712 = VECTOR('',#13713,1.);
#13713 = DIRECTION('',(0.,-1.));
#13714 = ( GEOMETRIC_REPRESENTATION_CONTEXT(2) 
PARAMETRIC_REPRESENTATION_CONTEXT() REPRESENTATION_CONTEXT('2D SPACE',''
  ) );
#13715 = PCURVE('',#10648,#13716);
#13716 = DEFINITIONAL_REPRESENTATION('',(#13717),#13721);
#13717 = LINE('',#13718,#13719);
#13718 = CARTESIAN_POINT('',(0.,0.));
#13719 = VECTOR('',#13720,1.);
#13720 = DIRECTION('',(-0.,-1.));
#13721 = ( GEOMETRIC_REPRESENTATION_CONTEXT(2) 
PARAMETRIC_REPRESENTATION_CONTEXT() REPRESENTATION_CONTEXT('2D SPACE',''
  ) );
#13722 = ADVANCED_FACE('',(#13723),#10648,.F.);
#13723 = FACE_BOUND('',#13724,.F.);
#13724 = EDGE_LOOP('',(#13725,#13726,#13727,#13750,#13771,#13772));
#13725 = ORIENTED_EDGE('',*,*,#10632,.F.);
#13726 = ORIENTED_EDGE('',*,*,#13702,.T.);
#13727 = ORIENTED_EDGE('',*,*,#13728,.F.);
#13728 = EDGE_CURVE('',#13729,#13680,#13731,.T.);
#13729 = VERTEX_POINT('',#13730);
#13730 = CARTESIAN_POINT('',(48.273149550796,8.792950855755,
    -15.22983763062));
#13731 = SURFACE_CURVE('',#13732,(#13736,#13743),.PCURVE_S1.);
#13732 = LINE('',#13733,#13734);
#13733 = CARTESIAN_POINT('',(48.232885885989,7.461174788996,
    -12.92313381869));
#13734 = VECTOR('',#13735,1.);
#13735 = DIRECTION('',(1.511480281341E-02,0.499942882422,-0.865926473237
    ));
#13736 = PCURVE('',#10648,#13737);
#13737 = DEFINITIONAL_REPRESENTATION('',(#13738),#13742);
#13738 = LINE('',#13739,#13740);
#13739 = CARTESIAN_POINT('',(1.538825211004,-4.307055187606));
#13740 = VECTOR('',#13741,1.);
#13741 = DIRECTION('',(-0.499942882422,0.866058378122));
#13742 = ( GEOMETRIC_REPRESENTATION_CONTEXT(2) 
PARAMETRIC_REPRESENTATION_CONTEXT() REPRESENTATION_CONTEXT('2D SPACE',''
  ) );
#13743 = PCURVE('',#11026,#13744);
#13744 = DEFINITIONAL_REPRESENTATION('',(#13745),#13749);
#13745 = LINE('',#13746,#13747);
#13746 = CARTESIAN_POINT('',(16.461174789,-4.307055187608));
#13747 = VECTOR('',#13748,1.);
#13748 = DIRECTION('',(0.499942882422,0.866058378122));
#13749 = ( GEOMETRIC_REPRESENTATION_CONTEXT(2) 
PARAMETRIC_REPRESENTATION_CONTEXT() REPRESENTATION_CONTEXT('2D SPACE',''
  ) );
#13750 = ORIENTED_EDGE('',*,*,#13751,.T.);
#13751 = EDGE_CURVE('',#13729,#13093,#13752,.T.);
#13752 = SURFACE_CURVE('',#13753,(#13757,#13764),.PCURVE_S1.);
#13753 = LINE('',#13754,#13755);
#13754 = CARTESIAN_POINT('',(48.273149550796,9.,-15.22983763062));
#13755 = VECTOR('',#13756,1.);
#13756 = DIRECTION('',(0.,-1.,1.224646799147E-16));
#13757 = PCURVE('',#10648,#13758);
#13758 = DEFINITIONAL_REPRESENTATION('',(#13759),#13763);
#13759 = LINE('',#13760,#13761);
#13760 = CARTESIAN_POINT('',(0.,-2.));
#13761 = VECTOR('',#13762,1.);
#13762 = DIRECTION('',(1.,0.));
#13763 = ( GEOMETRIC_REPRESENTATION_CONTEXT(2) 
PARAMETRIC_REPRESENTATION_CONTEXT() REPRESENTATION_CONTEXT('2D SPACE',''
  ) );
#13764 = PCURVE('',#13585,#13765);
#13765 = DEFINITIONAL_REPRESENTATION('',(#13766),#13770);
#13766 = LINE('',#13767,#13768);
#13767 = CARTESIAN_POINT('',(3.,-9.));
#13768 = VECTOR('',#13769,1.);
#13769 = DIRECTION('',(0.,1.));
#13770 = ( GEOMETRIC_REPRESENTATION_CONTEXT(2) 
PARAMETRIC_REPRESENTATION_CONTEXT() REPRESENTATION_CONTEXT('2D SPACE',''
  ) );
#13771 = ORIENTED_EDGE('',*,*,#13092,.T.);
#13772 = ORIENTED_EDGE('',*,*,#13773,.F.);
#13773 = EDGE_CURVE('',#10604,#13044,#13774,.T.);
#13774 = SURFACE_CURVE('',#13775,(#13779,#13786),.PCURVE_S1.);
#13775 = LINE('',#13776,#13777);
#13776 = CARTESIAN_POINT('',(48.308054363671,-9.,-17.22953302093));
#13777 = VECTOR('',#13778,1.);
#13778 = DIRECTION('',(-1.745240643728E-02,1.224460279508E-16,
    0.999847695156));
#13779 = PCURVE('',#10648,#13780);
#13780 = DEFINITIONAL_REPRESENTATION('',(#13781),#13785);
#13781 = LINE('',#13782,#13783);
#13782 = CARTESIAN_POINT('',(18.,0.));
#13783 = VECTOR('',#13784,1.);
#13784 = DIRECTION('',(-0.,-1.));
#13785 = ( GEOMETRIC_REPRESENTATION_CONTEXT(2) 
PARAMETRIC_REPRESENTATION_CONTEXT() REPRESENTATION_CONTEXT('2D SPACE',''
  ) );
#13786 = PCURVE('',#10620,#13787);
#13787 = DEFINITIONAL_REPRESENTATION('',(#13788),#13792);
#13788 = LINE('',#13789,#13790);
#13789 = CARTESIAN_POINT('',(0.,0.));
#13790 = VECTOR('',#13791,1.);
#13791 = DIRECTION('',(0.,-1.));
#13792 = ( GEOMETRIC_REPRESENTATION_CONTEXT(2) 
PARAMETRIC_REPRESENTATION_CONTEXT() REPRESENTATION_CONTEXT('2D SPACE',''
  ) );
#13793 = ADVANCED_FACE('',(#13794),#10620,.F.);
#13794 = FACE_BOUND('',#13795,.F.);
#13795 = EDGE_LOOP('',(#13796,#13797,#13798,#13799));
#13796 = ORIENTED_EDGE('',*,*,#10603,.F.);
#13797 = ORIENTED_EDGE('',*,*,#13773,.T.);
#13798 = ORIENTED_EDGE('',*,*,#13043,.T.);
#13799 = ORIENTED_EDGE('',*,*,#13494,.F.);
#13800 = ADVANCED_FACE('',(#13801),#10748,.F.);
#13801 = FACE_BOUND('',#13802,.T.);
#13802 = EDGE_LOOP('',(#13803,#13804,#13805,#13806));
#13803 = ORIENTED_EDGE('',*,*,#11328,.T.);
#13804 = ORIENTED_EDGE('',*,*,#10735,.T.);
#13805 = ORIENTED_EDGE('',*,*,#11517,.T.);
#13806 = ORIENTED_EDGE('',*,*,#11375,.T.);
#13807 = ADVANCED_FACE('',(#13808),#10780,.F.);
#13808 = FACE_BOUND('',#13809,.F.);
#13809 = EDGE_LOOP('',(#13810,#13811,#13834,#13862,#13890,#13916,#13944,
    #13970));
#13810 = ORIENTED_EDGE('',*,*,#10762,.F.);
#13811 = ORIENTED_EDGE('',*,*,#13812,.T.);
#13812 = EDGE_CURVE('',#10763,#13813,#13815,.T.);
#13813 = VERTEX_POINT('',#13814);
#13814 = CARTESIAN_POINT('',(42.27849531159,18.,-1.271205363196E-14));
#13815 = SURFACE_CURVE('',#13816,(#13820,#13827),.PCURVE_S1.);
#13816 = LINE('',#13817,#13818);
#13817 = CARTESIAN_POINT('',(42.308968192733,19.511898655466,
    0.87289509572));
#13818 = VECTOR('',#13819,1.);
#13819 = DIRECTION('',(-1.745240643728E-02,-0.865893503921,
    -0.499923847578));
#13820 = PCURVE('',#10780,#13821);
#13821 = DEFINITIONAL_REPRESENTATION('',(#13822),#13826);
#13822 = LINE('',#13823,#13824);
#13823 = CARTESIAN_POINT('',(0.,0.));
#13824 = VECTOR('',#13825,1.);
#13825 = DIRECTION('',(0.,-1.));
#13826 = ( GEOMETRIC_REPRESENTATION_CONTEXT(2) 
PARAMETRIC_REPRESENTATION_CONTEXT() REPRESENTATION_CONTEXT('2D SPACE',''
  ) );
#13827 = PCURVE('',#10809,#13828);
#13828 = DEFINITIONAL_REPRESENTATION('',(#13829),#13833);
#13829 = LINE('',#13830,#13831);
#13830 = CARTESIAN_POINT('',(6.,-1.471045507628E-15));
#13831 = VECTOR('',#13832,1.);
#13832 = DIRECTION('',(0.,-1.));
#13833 = ( GEOMETRIC_REPRESENTATION_CONTEXT(2) 
PARAMETRIC_REPRESENTATION_CONTEXT() REPRESENTATION_CONTEXT('2D SPACE',''
  ) );
#13834 = ORIENTED_EDGE('',*,*,#13835,.T.);
#13835 = EDGE_CURVE('',#13813,#13836,#13838,.T.);
#13836 = VERTEX_POINT('',#13837);
#13837 = CARTESIAN_POINT('',(42.276279008196,17.780078155013,
    0.126971936404));
#13838 = SURFACE_CURVE('',#13839,(#13843,#13850),.PCURVE_S1.);
#13839 = LINE('',#13840,#13841);
#13840 = CARTESIAN_POINT('',(42.289924092604,19.134067931951,
    -0.654754425791));
#13841 = VECTOR('',#13842,1.);
#13842 = DIRECTION('',(-8.727200095795E-03,-0.865992423168,
    0.499980958632));
#13843 = PCURVE('',#10780,#13844);
#13844 = DEFINITIONAL_REPRESENTATION('',(#13845),#13849);
#13845 = LINE('',#13846,#13847);
#13846 = CARTESIAN_POINT('',(-1.134067931951,-1.091201960994));
#13847 = VECTOR('',#13848,1.);
#13848 = DIRECTION('',(0.865992423168,-0.500057119753));
#13849 = ( GEOMETRIC_REPRESENTATION_CONTEXT(2) 
PARAMETRIC_REPRESENTATION_CONTEXT() REPRESENTATION_CONTEXT('2D SPACE',''
  ) );
#13850 = PCURVE('',#13851,#13856);
#13851 = PLANE('',#13852);
#13852 = AXIS2_PLACEMENT_3D('',#13853,#13854,#13855);
#13853 = CARTESIAN_POINT('',(42.308968192733,19.511898655466,
    -0.87289509572));
#13854 = DIRECTION('',(0.,0.5,0.866025403784));
#13855 = DIRECTION('',(0.999847695156,-1.511422733186E-02,
    8.726203218642E-03));
#13856 = DEFINITIONAL_REPRESENTATION('',(#13857),#13861);
#13857 = LINE('',#13858,#13859);
#13858 = CARTESIAN_POINT('',(-1.142704035552E-02,-0.436547257473));
#13859 = VECTOR('',#13860,1.);
#13860 = DIRECTION('',(8.725870900949E-03,-0.999961928864));
#13861 = ( GEOMETRIC_REPRESENTATION_CONTEXT(2) 
PARAMETRIC_REPRESENTATION_CONTEXT() REPRESENTATION_CONTEXT('2D SPACE',''
  ) );
#13862 = ORIENTED_EDGE('',*,*,#13863,.F.);
#13863 = EDGE_CURVE('',#13864,#13836,#13866,.T.);
#13864 = VERTEX_POINT('',#13865);
#13865 = CARTESIAN_POINT('',(42.274063379858,17.706815530165,
    -1.244837566361E-14));
#13866 = SURFACE_CURVE('',#13867,(#13871,#13878),.PCURVE_S1.);
#13867 = LINE('',#13868,#13869);
#13868 = CARTESIAN_POINT('',(42.220047371315,15.920706144432,
    -3.095517909838));
#13869 = VECTOR('',#13870,1.);
#13870 = DIRECTION('',(1.511250058046E-02,0.49971443386,0.866058368078)
  );
#13871 = PCURVE('',#10780,#13872);
#13872 = DEFINITIONAL_REPRESENTATION('',(#13873),#13877);
#13873 = LINE('',#13874,#13875);
#13874 = CARTESIAN_POINT('',(-1.641150220005,-5.095046447467));
#13875 = VECTOR('',#13876,1.);
#13876 = DIRECTION('',(0.500171330986,0.865926463194));
#13877 = ( GEOMETRIC_REPRESENTATION_CONTEXT(2) 
PARAMETRIC_REPRESENTATION_CONTEXT() REPRESENTATION_CONTEXT('2D SPACE',''
  ) );
#13878 = PCURVE('',#13879,#13884);
#13879 = PLANE('',#13880);
#13880 = AXIS2_PLACEMENT_3D('',#13881,#13882,#13883);
#13881 = CARTESIAN_POINT('',(45.273606465327,13.234768965628,
    -7.641097424968));
#13882 = DIRECTION('',(1.745240643728E-02,0.865893503921,-0.499923847578
    ));
#13883 = DIRECTION('',(0.999847695156,-1.511422733186E-02,
    8.726203218642E-03));
#13884 = DEFINITIONAL_REPRESENTATION('',(#13885),#13889);
#13885 = LINE('',#13886,#13887);
#13886 = CARTESIAN_POINT('',(-3.054024236696,-5.279555924427));
#13887 = VECTOR('',#13888,1.);
#13888 = DIRECTION('',(1.511480263811E-02,-0.999885764846));
#13889 = ( GEOMETRIC_REPRESENTATION_CONTEXT(2) 
PARAMETRIC_REPRESENTATION_CONTEXT() REPRESENTATION_CONTEXT('2D SPACE',''
  ) );
#13890 = ORIENTED_EDGE('',*,*,#13891,.T.);
#13891 = EDGE_CURVE('',#13864,#13228,#13892,.T.);
#13892 = SURFACE_CURVE('',#13893,(#13897,#13904),.PCURVE_S1.);
#13893 = LINE('',#13894,#13895);
#13894 = CARTESIAN_POINT('',(42.274063379858,17.780111647624,
    -0.126952599436));
#13895 = VECTOR('',#13896,1.);
#13896 = DIRECTION('',(-9.688031730894E-19,-0.5,0.866025403784));
#13897 = PCURVE('',#10780,#13898);
#13898 = DEFINITIONAL_REPRESENTATION('',(#13899),#13903);
#13899 = LINE('',#13900,#13901);
#13900 = CARTESIAN_POINT('',(-0.,-2.));
#13901 = VECTOR('',#13902,1.);
#13902 = DIRECTION('',(1.,-5.551115123126E-17));
#13903 = ( GEOMETRIC_REPRESENTATION_CONTEXT(2) 
PARAMETRIC_REPRESENTATION_CONTEXT() REPRESENTATION_CONTEXT('2D SPACE',''
  ) );
#13904 = PCURVE('',#13905,#13910);
#13905 = PLANE('',#13906);
#13906 = AXIS2_PLACEMENT_3D('',#13907,#13908,#13909);
#13907 = CARTESIAN_POINT('',(45.273606465327,13.234768965628,
    7.641097424968));
#13908 = DIRECTION('',(1.745240643728E-02,0.865893503921,0.499923847578)
  );
#13909 = DIRECTION('',(0.999847695156,-1.511422733186E-02,
    -8.726203218642E-03));
#13910 = DEFINITIONAL_REPRESENTATION('',(#13911),#13915);
#13911 = LINE('',#13912,#13913);
#13912 = CARTESIAN_POINT('',(-3.,9.));
#13913 = VECTOR('',#13914,1.);
#13914 = DIRECTION('',(-1.386458363468E-32,-1.));
#13915 = ( GEOMETRIC_REPRESENTATION_CONTEXT(2) 
PARAMETRIC_REPRESENTATION_CONTEXT() REPRESENTATION_CONTEXT('2D SPACE',''
  ) );
#13916 = ORIENTED_EDGE('',*,*,#13917,.F.);
#13917 = EDGE_CURVE('',#13918,#13228,#13920,.T.);
#13918 = VERTEX_POINT('',#13919);
#13919 = CARTESIAN_POINT('',(42.276279008196,9.,15.334513395312));
#13920 = SURFACE_CURVE('',#13921,(#13925,#13932),.PCURVE_S1.);
#13921 = LINE('',#13922,#13923);
#13922 = CARTESIAN_POINT('',(42.288076927083,9.780583668959,
    15.334307461871));
#13923 = VECTOR('',#13924,1.);
#13924 = DIRECTION('',(-1.511250058046E-02,-0.999885764846,
    2.637896788597E-04));
#13925 = PCURVE('',#10780,#13926);
#13926 = DEFINITIONAL_REPRESENTATION('',(#13927),#13931);
#13927 = LINE('',#13928,#13929);
#13928 = CARTESIAN_POINT('',(17.389607976942,-1.197042122781));
#13929 = VECTOR('',#13930,1.);
#13930 = DIRECTION('',(0.500171330986,-0.865926463194));
#13931 = ( GEOMETRIC_REPRESENTATION_CONTEXT(2) 
PARAMETRIC_REPRESENTATION_CONTEXT() REPRESENTATION_CONTEXT('2D SPACE',''
  ) );
#13932 = PCURVE('',#13933,#13938);
#13933 = PLANE('',#13934);
#13934 = AXIS2_PLACEMENT_3D('',#13935,#13936,#13937);
#13935 = CARTESIAN_POINT('',(45.273606465327,1.480297366167E-16,
    15.282194849936));
#13936 = DIRECTION('',(1.745240643728E-02,0.,0.999847695156));
#13937 = DIRECTION('',(0.999847695156,0.,-1.745240643728E-02));
#13938 = DEFINITIONAL_REPRESENTATION('',(#13939),#13943);
#13939 = LINE('',#13940,#13941);
#13940 = CARTESIAN_POINT('',(-2.985984318119,9.780583668959));
#13941 = VECTOR('',#13942,1.);
#13942 = DIRECTION('',(-1.511480263811E-02,-0.999885764846));
#13943 = ( GEOMETRIC_REPRESENTATION_CONTEXT(2) 
PARAMETRIC_REPRESENTATION_CONTEXT() REPRESENTATION_CONTEXT('2D SPACE',''
  ) );
#13944 = ORIENTED_EDGE('',*,*,#13945,.T.);
#13945 = EDGE_CURVE('',#13918,#13177,#13946,.T.);
#13946 = SURFACE_CURVE('',#13947,(#13951,#13958),.PCURVE_S1.);
#13947 = LINE('',#13948,#13949);
#13948 = CARTESIAN_POINT('',(42.221676432914,9.,9.078154509652));
#13949 = VECTOR('',#13950,1.);
#13950 = DIRECTION('',(8.727200095795E-03,0.,0.999961917264));
#13951 = PCURVE('',#10780,#13952);
#13952 = DEFINITIONAL_REPRESENTATION('',(#13953),#13957);
#13953 = LINE('',#13954,#13955);
#13954 = CARTESIAN_POINT('',(12.361912424839,-5.001703354322));
#13955 = VECTOR('',#13956,1.);
#13956 = DIRECTION('',(0.865992423168,0.500057119753));
#13957 = ( GEOMETRIC_REPRESENTATION_CONTEXT(2) 
PARAMETRIC_REPRESENTATION_CONTEXT() REPRESENTATION_CONTEXT('2D SPACE',''
  ) );
#13958 = PCURVE('',#13959,#13964);
#13959 = PLANE('',#13960);
#13960 = AXIS2_PLACEMENT_3D('',#13961,#13962,#13963);
#13961 = CARTESIAN_POINT('',(48.308054363671,9.,17.229533020937));
#13962 = DIRECTION('',(0.,1.,0.));
#13963 = DIRECTION('',(-0.999847695156,0.,1.745240643728E-02));
#13964 = DEFINITIONAL_REPRESENTATION('',(#13965),#13969);
#13965 = LINE('',#13966,#13967);
#13966 = CARTESIAN_POINT('',(5.943189775115,-8.256358958234));
#13967 = VECTOR('',#13968,1.);
#13968 = DIRECTION('',(8.725870900949E-03,0.999961928864));
#13969 = ( GEOMETRIC_REPRESENTATION_CONTEXT(2) 
PARAMETRIC_REPRESENTATION_CONTEXT() REPRESENTATION_CONTEXT('2D SPACE',''
  ) );
#13970 = ORIENTED_EDGE('',*,*,#13971,.F.);
#13971 = EDGE_CURVE('',#10765,#13177,#13972,.T.);
#13972 = SURFACE_CURVE('',#13973,(#13977,#13984),.PCURVE_S1.);
#13973 = LINE('',#13974,#13975);
#13974 = CARTESIAN_POINT('',(42.308968192733,10.511898655466,
    16.46135236384));
#13975 = VECTOR('',#13976,1.);
#13976 = DIRECTION('',(-1.745240643728E-02,-0.865893503921,
    -0.499923847578));
#13977 = PCURVE('',#10780,#13978);
#13978 = DEFINITIONAL_REPRESENTATION('',(#13979),#13983);
#13979 = LINE('',#13980,#13981);
#13980 = CARTESIAN_POINT('',(18.,0.));
#13981 = VECTOR('',#13982,1.);
#13982 = DIRECTION('',(0.,-1.));
#13983 = ( GEOMETRIC_REPRESENTATION_CONTEXT(2) 
PARAMETRIC_REPRESENTATION_CONTEXT() REPRESENTATION_CONTEXT('2D SPACE',''
  ) );
#13984 = PCURVE('',#10864,#13985);
#13985 = DEFINITIONAL_REPRESENTATION('',(#13986),#13990);
#13986 = LINE('',#13987,#13988);
#13987 = CARTESIAN_POINT('',(0.,0.));
#13988 = VECTOR('',#13989,1.);
#13989 = DIRECTION('',(0.,-1.));
#13990 = ( GEOMETRIC_REPRESENTATION_CONTEXT(2) 
PARAMETRIC_REPRESENTATION_CONTEXT() REPRESENTATION_CONTEXT('2D SPACE',''
  ) );
#13991 = ADVANCED_FACE('',(#13992),#10864,.F.);
#13992 = FACE_BOUND('',#13993,.F.);
#13993 = EDGE_LOOP('',(#13994,#13995,#13996,#13997));
#13994 = ORIENTED_EDGE('',*,*,#10849,.F.);
#13995 = ORIENTED_EDGE('',*,*,#13971,.T.);
#13996 = ORIENTED_EDGE('',*,*,#13461,.T.);
#13997 = ORIENTED_EDGE('',*,*,#13998,.F.);
#13998 = EDGE_CURVE('',#10822,#13413,#13999,.T.);
#13999 = SURFACE_CURVE('',#14000,(#14004,#14011),.PCURVE_S1.);
#14000 = LINE('',#14001,#14002);
#14001 = CARTESIAN_POINT('',(48.308054363671,10.421213291474,
    16.408995144529));
#14002 = VECTOR('',#14003,1.);
#14003 = DIRECTION('',(-1.745240643728E-02,-0.865893503921,
    -0.499923847578));
#14004 = PCURVE('',#10864,#14005);
#14005 = DEFINITIONAL_REPRESENTATION('',(#14006),#14010);
#14006 = LINE('',#14007,#14008);
#14007 = CARTESIAN_POINT('',(6.,1.471045507628E-15));
#14008 = VECTOR('',#14009,1.);
#14009 = DIRECTION('',(0.,-1.));
#14010 = ( GEOMETRIC_REPRESENTATION_CONTEXT(2) 
PARAMETRIC_REPRESENTATION_CONTEXT() REPRESENTATION_CONTEXT('2D SPACE',''
  ) );
#14011 = PCURVE('',#10837,#14012);
#14012 = DEFINITIONAL_REPRESENTATION('',(#14013),#14017);
#14013 = LINE('',#14014,#14015);
#14014 = CARTESIAN_POINT('',(0.,0.));
#14015 = VECTOR('',#14016,1.);
#14016 = DIRECTION('',(-0.,-1.));
#14017 = ( GEOMETRIC_REPRESENTATION_CONTEXT(2) 
PARAMETRIC_REPRESENTATION_CONTEXT() REPRESENTATION_CONTEXT('2D SPACE',''
  ) );
#14018 = ADVANCED_FACE('',(#14019),#10837,.F.);
#14019 = FACE_BOUND('',#14020,.F.);
#14020 = EDGE_LOOP('',(#14021,#14022,#14023,#14024,#14047,#14070));
#14021 = ORIENTED_EDGE('',*,*,#10821,.F.);
#14022 = ORIENTED_EDGE('',*,*,#13998,.T.);
#14023 = ORIENTED_EDGE('',*,*,#13412,.T.);
#14024 = ORIENTED_EDGE('',*,*,#14025,.T.);
#14025 = EDGE_CURVE('',#13390,#14026,#14028,.T.);
#14026 = VERTEX_POINT('',#14027);
#14027 = CARTESIAN_POINT('',(48.273149550796,17.585901711511,
    -7.951972413878E-15));
#14028 = SURFACE_CURVE('',#14029,(#14033,#14040),.PCURVE_S1.);
#14029 = LINE('',#14030,#14031);
#14030 = CARTESIAN_POINT('',(48.273149550796,8.689426283633,
    15.409147449372));
#14031 = VECTOR('',#14032,1.);
#14032 = DIRECTION('',(9.688031730894E-19,0.5,-0.866025403784));
#14033 = PCURVE('',#10837,#14034);
#14034 = DEFINITIONAL_REPRESENTATION('',(#14035),#14039);
#14035 = LINE('',#14036,#14037);
#14036 = CARTESIAN_POINT('',(0.,-2.));
#14037 = VECTOR('',#14038,1.);
#14038 = DIRECTION('',(1.,5.551115123126E-17));
#14039 = ( GEOMETRIC_REPRESENTATION_CONTEXT(2) 
PARAMETRIC_REPRESENTATION_CONTEXT() REPRESENTATION_CONTEXT('2D SPACE',''
  ) );
#14040 = PCURVE('',#13905,#14041);
#14041 = DEFINITIONAL_REPRESENTATION('',(#14042),#14046);
#14042 = LINE('',#14043,#14044);
#14043 = CARTESIAN_POINT('',(3.,-9.));
#14044 = VECTOR('',#14045,1.);
#14045 = DIRECTION('',(1.386458363468E-32,1.));
#14046 = ( GEOMETRIC_REPRESENTATION_CONTEXT(2) 
PARAMETRIC_REPRESENTATION_CONTEXT() REPRESENTATION_CONTEXT('2D SPACE',''
  ) );
#14047 = ORIENTED_EDGE('',*,*,#14048,.T.);
#14048 = EDGE_CURVE('',#14026,#14049,#14051,.T.);
#14049 = VERTEX_POINT('',#14050);
#14050 = CARTESIAN_POINT('',(48.279409279853,18.,-1.088018564133E-14));
#14051 = SURFACE_CURVE('',#14052,(#14056,#14063),.PCURVE_S1.);
#14052 = LINE('',#14053,#14054);
#14053 = CARTESIAN_POINT('',(48.232885885989,14.922349577996,
    -1.725786180629E-12));
#14054 = VECTOR('',#14055,1.);
#14055 = DIRECTION('',(1.511480281341E-02,0.999885764843,
    -6.958081527926E-16));
#14056 = PCURVE('',#10837,#14057);
#14057 = DEFINITIONAL_REPRESENTATION('',(#14058),#14062);
#14058 = LINE('',#14059,#14060);
#14059 = CARTESIAN_POINT('',(16.461174789,-4.307055187608));
#14060 = VECTOR('',#14061,1.);
#14061 = DIRECTION('',(0.499942882422,0.866058378122));
#14062 = ( GEOMETRIC_REPRESENTATION_CONTEXT(2) 
PARAMETRIC_REPRESENTATION_CONTEXT() REPRESENTATION_CONTEXT('2D SPACE',''
  ) );
#14063 = PCURVE('',#11026,#14064);
#14064 = DEFINITIONAL_REPRESENTATION('',(#14065),#14069);
#14065 = LINE('',#14066,#14067);
#14066 = CARTESIAN_POINT('',(1.538825211003,-4.307055187606));
#14067 = VECTOR('',#14068,1.);
#14068 = DIRECTION('',(-0.499942882422,0.866058378122));
#14069 = ( GEOMETRIC_REPRESENTATION_CONTEXT(2) 
PARAMETRIC_REPRESENTATION_CONTEXT() REPRESENTATION_CONTEXT('2D SPACE',''
  ) );
#14070 = ORIENTED_EDGE('',*,*,#14071,.F.);
#14071 = EDGE_CURVE('',#10793,#14049,#14072,.T.);
#14072 = SURFACE_CURVE('',#14073,(#14077,#14084),.PCURVE_S1.);
#14073 = LINE('',#14074,#14075);
#14074 = CARTESIAN_POINT('',(48.308054363671,19.421213291474,
    0.820537876409));
#14075 = VECTOR('',#14076,1.);
#14076 = DIRECTION('',(-1.745240643728E-02,-0.865893503921,
    -0.499923847578));
#14077 = PCURVE('',#10837,#14078);
#14078 = DEFINITIONAL_REPRESENTATION('',(#14079),#14083);
#14079 = LINE('',#14080,#14081);
#14080 = CARTESIAN_POINT('',(18.,0.));
#14081 = VECTOR('',#14082,1.);
#14082 = DIRECTION('',(-0.,-1.));
#14083 = ( GEOMETRIC_REPRESENTATION_CONTEXT(2) 
PARAMETRIC_REPRESENTATION_CONTEXT() REPRESENTATION_CONTEXT('2D SPACE',''
  ) );
#14084 = PCURVE('',#10809,#14085);
#14085 = DEFINITIONAL_REPRESENTATION('',(#14086),#14090);
#14086 = LINE('',#14087,#14088);
#14087 = CARTESIAN_POINT('',(0.,0.));
#14088 = VECTOR('',#14089,1.);
#14089 = DIRECTION('',(0.,-1.));
#14090 = ( GEOMETRIC_REPRESENTATION_CONTEXT(2) 
PARAMETRIC_REPRESENTATION_CONTEXT() REPRESENTATION_CONTEXT('2D SPACE',''
  ) );
#14091 = ADVANCED_FACE('',(#14092),#10809,.F.);
#14092 = FACE_BOUND('',#14093,.F.);
#14093 = EDGE_LOOP('',(#14094,#14095,#14096,#14117));
#14094 = ORIENTED_EDGE('',*,*,#10792,.F.);
#14095 = ORIENTED_EDGE('',*,*,#14071,.T.);
#14096 = ORIENTED_EDGE('',*,*,#14097,.T.);
#14097 = EDGE_CURVE('',#14049,#13813,#14098,.T.);
#14098 = SURFACE_CURVE('',#14099,(#14103,#14110),.PCURVE_S1.);
#14099 = LINE('',#14100,#14101);
#14100 = CARTESIAN_POINT('',(45.308511278202,18.,-1.121325254871E-14));
#14101 = VECTOR('',#14102,1.);
#14102 = DIRECTION('',(-1.,0.,0.));
#14103 = PCURVE('',#10809,#14104);
#14104 = DEFINITIONAL_REPRESENTATION('',(#14105),#14109);
#14105 = LINE('',#14106,#14107);
#14106 = CARTESIAN_POINT('',(2.970445519496,-1.693175054085));
#14107 = VECTOR('',#14108,1.);
#14108 = DIRECTION('',(0.999847695156,-1.745240643728E-02));
#14109 = ( GEOMETRIC_REPRESENTATION_CONTEXT(2) 
PARAMETRIC_REPRESENTATION_CONTEXT() REPRESENTATION_CONTEXT('2D SPACE',''
  ) );
#14110 = PCURVE('',#11053,#14111);
#14111 = DEFINITIONAL_REPRESENTATION('',(#14112),#14116);
#14112 = LINE('',#14113,#14114);
#14113 = CARTESIAN_POINT('',(3.029554480504,-1.693175054085));
#14114 = VECTOR('',#14115,1.);
#14115 = DIRECTION('',(-0.999847695156,-1.745240643728E-02));
#14116 = ( GEOMETRIC_REPRESENTATION_CONTEXT(2) 
PARAMETRIC_REPRESENTATION_CONTEXT() REPRESENTATION_CONTEXT('2D SPACE',''
  ) );
#14117 = ORIENTED_EDGE('',*,*,#13812,.F.);
#14118 = ADVANCED_FACE('',(#14119),#10937,.F.);
#14119 = FACE_BOUND('',#14120,.T.);
#14120 = EDGE_LOOP('',(#14121,#14122,#14123,#14124));
#14121 = ORIENTED_EDGE('',*,*,#11564,.T.);
#14122 = ORIENTED_EDGE('',*,*,#10924,.T.);
#14123 = ORIENTED_EDGE('',*,*,#11753,.T.);
#14124 = ORIENTED_EDGE('',*,*,#11611,.T.);
#14125 = ADVANCED_FACE('',(#14126),#10969,.F.);
#14126 = FACE_BOUND('',#14127,.F.);
#14127 = EDGE_LOOP('',(#14128,#14129,#14150,#14178,#14204,#14230,#14258,
    #14284));
#14128 = ORIENTED_EDGE('',*,*,#10951,.F.);
#14129 = ORIENTED_EDGE('',*,*,#14130,.T.);
#14130 = EDGE_CURVE('',#10952,#13626,#14131,.T.);
#14131 = SURFACE_CURVE('',#14132,(#14136,#14143),.PCURVE_S1.);
#14132 = LINE('',#14133,#14134);
#14133 = CARTESIAN_POINT('',(42.308968192733,10.511898655466,
    -16.46135236384));
#14134 = VECTOR('',#14135,1.);
#14135 = DIRECTION('',(-1.745240643728E-02,-0.865893503921,
    0.499923847578));
#14136 = PCURVE('',#10969,#14137);
#14137 = DEFINITIONAL_REPRESENTATION('',(#14138),#14142);
#14138 = LINE('',#14139,#14140);
#14139 = CARTESIAN_POINT('',(0.,0.));
#14140 = VECTOR('',#14141,1.);
#14141 = DIRECTION('',(0.,-1.));
#14142 = ( GEOMETRIC_REPRESENTATION_CONTEXT(2) 
PARAMETRIC_REPRESENTATION_CONTEXT() REPRESENTATION_CONTEXT('2D SPACE',''
  ) );
#14143 = PCURVE('',#10998,#14144);
#14144 = DEFINITIONAL_REPRESENTATION('',(#14145),#14149);
#14145 = LINE('',#14146,#14147);
#14146 = CARTESIAN_POINT('',(6.,-1.471045507628E-15));
#14147 = VECTOR('',#14148,1.);
#14148 = DIRECTION('',(0.,-1.));
#14149 = ( GEOMETRIC_REPRESENTATION_CONTEXT(2) 
PARAMETRIC_REPRESENTATION_CONTEXT() REPRESENTATION_CONTEXT('2D SPACE',''
  ) );
#14150 = ORIENTED_EDGE('',*,*,#14151,.T.);
#14151 = EDGE_CURVE('',#13626,#14152,#14154,.T.);
#14152 = VERTEX_POINT('',#14153);
#14153 = CARTESIAN_POINT('',(42.276279008196,9.,-15.33451339531));
#14154 = SURFACE_CURVE('',#14155,(#14159,#14166),.PCURVE_S1.);
#14155 = LINE('',#14156,#14157);
#14156 = CARTESIAN_POINT('',(42.289924092604,9.,-16.8979661197));
#14157 = VECTOR('',#14158,1.);
#14158 = DIRECTION('',(-8.727200095795E-03,1.224600161247E-16,
    0.999961917264));
#14159 = PCURVE('',#10969,#14160);
#14160 = DEFINITIONAL_REPRESENTATION('',(#14161),#14165);
#14161 = LINE('',#14162,#14163);
#14162 = CARTESIAN_POINT('',(-1.134067931951,-1.091201960994));
#14163 = VECTOR('',#14164,1.);
#14164 = DIRECTION('',(0.865992423168,-0.500057119753));
#14165 = ( GEOMETRIC_REPRESENTATION_CONTEXT(2) 
PARAMETRIC_REPRESENTATION_CONTEXT() REPRESENTATION_CONTEXT('2D SPACE',''
  ) );
#14166 = PCURVE('',#14167,#14172);
#14167 = PLANE('',#14168);
#14168 = AXIS2_PLACEMENT_3D('',#14169,#14170,#14171);
#14169 = CARTESIAN_POINT('',(42.308968192733,9.,-17.33424745956));
#14170 = DIRECTION('',(0.,1.,-1.224646799147E-16));
#14171 = DIRECTION('',(0.999847695156,2.137303368084E-18,
    1.745240643728E-02));
#14172 = DEFINITIONAL_REPRESENTATION('',(#14173),#14177);
#14173 = LINE('',#14174,#14175);
#14174 = CARTESIAN_POINT('',(-1.142704035552E-02,-0.436547257473));
#14175 = VECTOR('',#14176,1.);
#14176 = DIRECTION('',(8.725870900949E-03,-0.999961928864));
#14177 = ( GEOMETRIC_REPRESENTATION_CONTEXT(2) 
PARAMETRIC_REPRESENTATION_CONTEXT() REPRESENTATION_CONTEXT('2D SPACE',''
  ) );
#14178 = ORIENTED_EDGE('',*,*,#14179,.F.);
#14179 = EDGE_CURVE('',#13570,#14152,#14180,.T.);
#14180 = SURFACE_CURVE('',#14181,(#14185,#14192),.PCURVE_S1.);
#14181 = LINE('',#14182,#14183);
#14182 = CARTESIAN_POINT('',(42.220047371315,5.279555924427,
    -15.33549492218));
#14183 = VECTOR('',#14184,1.);
#14184 = DIRECTION('',(1.511250058046E-02,0.999885764846,
    2.637896788595E-04));
#14185 = PCURVE('',#10969,#14186);
#14186 = DEFINITIONAL_REPRESENTATION('',(#14187),#14191);
#14187 = LINE('',#14188,#14189);
#14188 = CARTESIAN_POINT('',(-1.641150220005,-5.095046447467));
#14189 = VECTOR('',#14190,1.);
#14190 = DIRECTION('',(0.500171330986,0.865926463194));
#14191 = ( GEOMETRIC_REPRESENTATION_CONTEXT(2) 
PARAMETRIC_REPRESENTATION_CONTEXT() REPRESENTATION_CONTEXT('2D SPACE',''
  ) );
#14192 = PCURVE('',#14193,#14198);
#14193 = PLANE('',#14194);
#14194 = AXIS2_PLACEMENT_3D('',#14195,#14196,#14197);
#14195 = CARTESIAN_POINT('',(45.273606465327,-2.019558837309E-15,
    -15.28219484993));
#14196 = DIRECTION('',(1.745240643728E-02,-1.224460279508E-16,
    -0.999847695156));
#14197 = DIRECTION('',(0.999847695156,2.137303368084E-18,
    1.745240643728E-02));
#14198 = DEFINITIONAL_REPRESENTATION('',(#14199),#14203);
#14199 = LINE('',#14200,#14201);
#14200 = CARTESIAN_POINT('',(-3.054024236696,-5.279555924427));
#14201 = VECTOR('',#14202,1.);
#14202 = DIRECTION('',(1.511480263811E-02,-0.999885764846));
#14203 = ( GEOMETRIC_REPRESENTATION_CONTEXT(2) 
PARAMETRIC_REPRESENTATION_CONTEXT() REPRESENTATION_CONTEXT('2D SPACE',''
  ) );
#14204 = ORIENTED_EDGE('',*,*,#14205,.T.);
#14205 = EDGE_CURVE('',#13570,#13864,#14206,.T.);
#14206 = SURFACE_CURVE('',#14207,(#14211,#14218),.PCURVE_S1.);
#14207 = LINE('',#14208,#14209);
#14208 = CARTESIAN_POINT('',(42.274063379858,8.780111647624,
    -15.46150466868));
#14209 = VECTOR('',#14210,1.);
#14210 = DIRECTION('',(-8.672296345945E-19,0.5,0.866025403784));
#14211 = PCURVE('',#10969,#14212);
#14212 = DEFINITIONAL_REPRESENTATION('',(#14213),#14217);
#14213 = LINE('',#14214,#14215);
#14214 = CARTESIAN_POINT('',(-0.,-2.));
#14215 = VECTOR('',#14216,1.);
#14216 = DIRECTION('',(1.,0.));
#14217 = ( GEOMETRIC_REPRESENTATION_CONTEXT(2) 
PARAMETRIC_REPRESENTATION_CONTEXT() REPRESENTATION_CONTEXT('2D SPACE',''
  ) );
#14218 = PCURVE('',#14219,#14224);
#14219 = PLANE('',#14220);
#14220 = AXIS2_PLACEMENT_3D('',#14221,#14222,#14223);
#14221 = CARTESIAN_POINT('',(45.273606465327,13.234768965628,
    -7.641097424968));
#14222 = DIRECTION('',(1.745240643728E-02,0.865893503921,-0.499923847578
    ));
#14223 = DIRECTION('',(0.999847695156,-1.511422733186E-02,
    8.726203218642E-03));
#14224 = DEFINITIONAL_REPRESENTATION('',(#14225),#14229);
#14225 = LINE('',#14226,#14227);
#14226 = CARTESIAN_POINT('',(-3.,9.));
#14227 = VECTOR('',#14228,1.);
#14228 = DIRECTION('',(-8.673617379884E-19,-1.));
#14229 = ( GEOMETRIC_REPRESENTATION_CONTEXT(2) 
PARAMETRIC_REPRESENTATION_CONTEXT() REPRESENTATION_CONTEXT('2D SPACE',''
  ) );
#14230 = ORIENTED_EDGE('',*,*,#14231,.T.);
#14231 = EDGE_CURVE('',#13864,#14232,#14234,.T.);
#14232 = VERTEX_POINT('',#14233);
#14233 = CARTESIAN_POINT('',(42.276279008196,17.780078155013,
    -0.126971936404));
#14234 = SURFACE_CURVE('',#14235,(#14239,#14246),.PCURVE_S1.);
#14235 = LINE('',#14236,#14237);
#14236 = CARTESIAN_POINT('',(42.288076927083,18.170191645901,
    -0.803080190222));
#14237 = VECTOR('',#14238,1.);
#14238 = DIRECTION('',(1.511250058046E-02,0.49971443386,-0.866058368078)
  );
#14239 = PCURVE('',#10969,#14240);
#14240 = DEFINITIONAL_REPRESENTATION('',(#14241),#14245);
#14241 = LINE('',#14242,#14243);
#14242 = CARTESIAN_POINT('',(17.389607976942,-1.197042122781));
#14243 = VECTOR('',#14244,1.);
#14244 = DIRECTION('',(-0.500171330986,0.865926463194));
#14245 = ( GEOMETRIC_REPRESENTATION_CONTEXT(2) 
PARAMETRIC_REPRESENTATION_CONTEXT() REPRESENTATION_CONTEXT('2D SPACE',''
  ) );
#14246 = PCURVE('',#14247,#14252);
#14247 = PLANE('',#14248);
#14248 = AXIS2_PLACEMENT_3D('',#14249,#14250,#14251);
#14249 = CARTESIAN_POINT('',(45.273606465327,13.234768965628,
    7.641097424968));
#14250 = DIRECTION('',(1.745240643728E-02,0.865893503921,0.499923847578)
  );
#14251 = DIRECTION('',(0.999847695156,-1.511422733186E-02,
    -8.726203218642E-03));
#14252 = DEFINITIONAL_REPRESENTATION('',(#14253),#14257);
#14253 = LINE('',#14254,#14255);
#14254 = CARTESIAN_POINT('',(-2.985984318119,9.780583668959));
#14255 = VECTOR('',#14256,1.);
#14256 = DIRECTION('',(1.511480263811E-02,0.999885764846));
#14257 = ( GEOMETRIC_REPRESENTATION_CONTEXT(2) 
PARAMETRIC_REPRESENTATION_CONTEXT() REPRESENTATION_CONTEXT('2D SPACE',''
  ) );
#14258 = ORIENTED_EDGE('',*,*,#14259,.F.);
#14259 = EDGE_CURVE('',#13813,#14232,#14260,.T.);
#14260 = SURFACE_CURVE('',#14261,(#14265,#14272),.PCURVE_S1.);
#14261 = LINE('',#14262,#14263);
#14262 = CARTESIAN_POINT('',(42.221676432914,12.361912424839,
    -3.255151379234));
#14263 = VECTOR('',#14264,1.);
#14264 = DIRECTION('',(-8.727200095795E-03,-0.865992423168,
    -0.499980958632));
#14265 = PCURVE('',#10969,#14266);
#14266 = DEFINITIONAL_REPRESENTATION('',(#14267),#14271);
#14267 = LINE('',#14268,#14269);
#14268 = CARTESIAN_POINT('',(12.361912424839,-5.001703354322));
#14269 = VECTOR('',#14270,1.);
#14270 = DIRECTION('',(-0.865992423168,-0.500057119753));
#14271 = ( GEOMETRIC_REPRESENTATION_CONTEXT(2) 
PARAMETRIC_REPRESENTATION_CONTEXT() REPRESENTATION_CONTEXT('2D SPACE',''
  ) );
#14272 = PCURVE('',#14273,#14278);
#14273 = PLANE('',#14274);
#14274 = AXIS2_PLACEMENT_3D('',#14275,#14276,#14277);
#14275 = CARTESIAN_POINT('',(48.308054363671,19.421213291474,
    0.820537876409));
#14276 = DIRECTION('',(0.,0.5,-0.866025403784));
#14277 = DIRECTION('',(-0.999847695156,1.511422733186E-02,
    8.726203218642E-03));
#14278 = DEFINITIONAL_REPRESENTATION('',(#14279),#14283);
#14279 = LINE('',#14280,#14281);
#14280 = CARTESIAN_POINT('',(5.943189775115,-8.256358958234));
#14281 = VECTOR('',#14282,1.);
#14282 = DIRECTION('',(-8.725870900949E-03,-0.999961928864));
#14283 = ( GEOMETRIC_REPRESENTATION_CONTEXT(2) 
PARAMETRIC_REPRESENTATION_CONTEXT() REPRESENTATION_CONTEXT('2D SPACE',''
  ) );
#14284 = ORIENTED_EDGE('',*,*,#14285,.F.);
#14285 = EDGE_CURVE('',#10954,#13813,#14286,.T.);
#14286 = SURFACE_CURVE('',#14287,(#14291,#14298),.PCURVE_S1.);
#14287 = LINE('',#14288,#14289);
#14288 = CARTESIAN_POINT('',(42.308968192733,19.511898655466,
    -0.87289509572));
#14289 = VECTOR('',#14290,1.);
#14290 = DIRECTION('',(-1.745240643728E-02,-0.865893503921,
    0.499923847578));
#14291 = PCURVE('',#10969,#14292);
#14292 = DEFINITIONAL_REPRESENTATION('',(#14293),#14297);
#14293 = LINE('',#14294,#14295);
#14294 = CARTESIAN_POINT('',(18.,0.));
#14295 = VECTOR('',#14296,1.);
#14296 = DIRECTION('',(0.,-1.));
#14297 = ( GEOMETRIC_REPRESENTATION_CONTEXT(2) 
PARAMETRIC_REPRESENTATION_CONTEXT() REPRESENTATION_CONTEXT('2D SPACE',''
  ) );
#14298 = PCURVE('',#11053,#14299);
#14299 = DEFINITIONAL_REPRESENTATION('',(#14300),#14304);
#14300 = LINE('',#14301,#14302);
#14301 = CARTESIAN_POINT('',(0.,0.));
#14302 = VECTOR('',#14303,1.);
#14303 = DIRECTION('',(0.,-1.));
#14304 = ( GEOMETRIC_REPRESENTATION_CONTEXT(2) 
PARAMETRIC_REPRESENTATION_CONTEXT() REPRESENTATION_CONTEXT('2D SPACE',''
  ) );
#14305 = ADVANCED_FACE('',(#14306),#11053,.F.);
#14306 = FACE_BOUND('',#14307,.F.);
#14307 = EDGE_LOOP('',(#14308,#14309,#14310,#14311));
#14308 = ORIENTED_EDGE('',*,*,#11038,.F.);
#14309 = ORIENTED_EDGE('',*,*,#14285,.T.);
#14310 = ORIENTED_EDGE('',*,*,#14097,.F.);
#14311 = ORIENTED_EDGE('',*,*,#14312,.F.);
#14312 = EDGE_CURVE('',#11011,#14049,#14313,.T.);
#14313 = SURFACE_CURVE('',#14314,(#14318,#14325),.PCURVE_S1.);
#14314 = LINE('',#14315,#14316);
#14315 = CARTESIAN_POINT('',(48.308054363671,19.421213291474,
    -0.820537876409));
#14316 = VECTOR('',#14317,1.);
#14317 = DIRECTION('',(-1.745240643728E-02,-0.865893503921,
    0.499923847578));
#14318 = PCURVE('',#11053,#14319);
#14319 = DEFINITIONAL_REPRESENTATION('',(#14320),#14324);
#14320 = LINE('',#14321,#14322);
#14321 = CARTESIAN_POINT('',(6.,1.471045507628E-15));
#14322 = VECTOR('',#14323,1.);
#14323 = DIRECTION('',(0.,-1.));
#14324 = ( GEOMETRIC_REPRESENTATION_CONTEXT(2) 
PARAMETRIC_REPRESENTATION_CONTEXT() REPRESENTATION_CONTEXT('2D SPACE',''
  ) );
#14325 = PCURVE('',#11026,#14326);
#14326 = DEFINITIONAL_REPRESENTATION('',(#14327),#14331);
#14327 = LINE('',#14328,#14329);
#14328 = CARTESIAN_POINT('',(0.,0.));
#14329 = VECTOR('',#14330,1.);
#14330 = DIRECTION('',(-0.,-1.));
#14331 = ( GEOMETRIC_REPRESENTATION_CONTEXT(2) 
PARAMETRIC_REPRESENTATION_CONTEXT() REPRESENTATION_CONTEXT('2D SPACE',''
  ) );
#14332 = ADVANCED_FACE('',(#14333),#11026,.F.);
#14333 = FACE_BOUND('',#14334,.F.);
#14334 = EDGE_LOOP('',(#14335,#14336,#14337,#14338,#14359,#14360));
#14335 = ORIENTED_EDGE('',*,*,#11010,.F.);
#14336 = ORIENTED_EDGE('',*,*,#14312,.T.);
#14337 = ORIENTED_EDGE('',*,*,#14048,.F.);
#14338 = ORIENTED_EDGE('',*,*,#14339,.T.);
#14339 = EDGE_CURVE('',#14026,#13729,#14340,.T.);
#14340 = SURFACE_CURVE('',#14341,(#14345,#14352),.PCURVE_S1.);
#14341 = LINE('',#14342,#14343);
#14342 = CARTESIAN_POINT('',(48.273149550796,17.689426283633,
    0.179309818748));
#14343 = VECTOR('',#14344,1.);
#14344 = DIRECTION('',(8.672296345945E-19,-0.5,-0.866025403784));
#14345 = PCURVE('',#11026,#14346);
#14346 = DEFINITIONAL_REPRESENTATION('',(#14347),#14351);
#14347 = LINE('',#14348,#14349);
#14348 = CARTESIAN_POINT('',(0.,-2.));
#14349 = VECTOR('',#14350,1.);
#14350 = DIRECTION('',(1.,0.));
#14351 = ( GEOMETRIC_REPRESENTATION_CONTEXT(2) 
PARAMETRIC_REPRESENTATION_CONTEXT() REPRESENTATION_CONTEXT('2D SPACE',''
  ) );
#14352 = PCURVE('',#14219,#14353);
#14353 = DEFINITIONAL_REPRESENTATION('',(#14354),#14358);
#14354 = LINE('',#14355,#14356);
#14355 = CARTESIAN_POINT('',(3.,-9.));
#14356 = VECTOR('',#14357,1.);
#14357 = DIRECTION('',(8.673617379884E-19,1.));
#14358 = ( GEOMETRIC_REPRESENTATION_CONTEXT(2) 
PARAMETRIC_REPRESENTATION_CONTEXT() REPRESENTATION_CONTEXT('2D SPACE',''
  ) );
#14359 = ORIENTED_EDGE('',*,*,#13728,.T.);
#14360 = ORIENTED_EDGE('',*,*,#14361,.F.);
#14361 = EDGE_CURVE('',#10982,#13680,#14362,.T.);
#14362 = SURFACE_CURVE('',#14363,(#14367,#14374),.PCURVE_S1.);
#14363 = LINE('',#14364,#14365);
#14364 = CARTESIAN_POINT('',(48.308054363671,10.421213291474,
    -16.40899514452));
#14365 = VECTOR('',#14366,1.);
#14366 = DIRECTION('',(-1.745240643728E-02,-0.865893503921,
    0.499923847578));
#14367 = PCURVE('',#11026,#14368);
#14368 = DEFINITIONAL_REPRESENTATION('',(#14369),#14373);
#14369 = LINE('',#14370,#14371);
#14370 = CARTESIAN_POINT('',(18.,0.));
#14371 = VECTOR('',#14372,1.);
#14372 = DIRECTION('',(-0.,-1.));
#14373 = ( GEOMETRIC_REPRESENTATION_CONTEXT(2) 
PARAMETRIC_REPRESENTATION_CONTEXT() REPRESENTATION_CONTEXT('2D SPACE',''
  ) );
#14374 = PCURVE('',#10998,#14375);
#14375 = DEFINITIONAL_REPRESENTATION('',(#14376),#14380);
#14376 = LINE('',#14377,#14378);
#14377 = CARTESIAN_POINT('',(0.,0.));
#14378 = VECTOR('',#14379,1.);
#14379 = DIRECTION('',(0.,-1.));
#14380 = ( GEOMETRIC_REPRESENTATION_CONTEXT(2) 
PARAMETRIC_REPRESENTATION_CONTEXT() REPRESENTATION_CONTEXT('2D SPACE',''
  ) );
#14381 = ADVANCED_FACE('',(#14382),#10998,.F.);
#14382 = FACE_BOUND('',#14383,.F.);
#14383 = EDGE_LOOP('',(#14384,#14385,#14386,#14387));
#14384 = ORIENTED_EDGE('',*,*,#10981,.F.);
#14385 = ORIENTED_EDGE('',*,*,#14361,.T.);
#14386 = ORIENTED_EDGE('',*,*,#13679,.T.);
#14387 = ORIENTED_EDGE('',*,*,#14130,.F.);
#14388 = ADVANCED_FACE('',(#14389),#11179,.F.);
#14389 = FACE_BOUND('',#14390,.F.);
#14390 = EDGE_LOOP('',(#14391,#14414,#14442,#14463));
#14391 = ORIENTED_EDGE('',*,*,#14392,.T.);
#14392 = EDGE_CURVE('',#11162,#14393,#14395,.T.);
#14393 = VERTEX_POINT('',#14394);
#14394 = CARTESIAN_POINT('',(42.037607847013,-9.,26.861320584074));
#14395 = SURFACE_CURVE('',#14396,(#14400,#14407),.PCURVE_S1.);
#14396 = LINE('',#14397,#14398);
#14397 = CARTESIAN_POINT('',(42.072512659888,-9.,24.861625193761));
#14398 = VECTOR('',#14399,1.);
#14399 = DIRECTION('',(-1.745240643728E-02,0.,0.999847695156));
#14400 = PCURVE('',#11179,#14401);
#14401 = DEFINITIONAL_REPRESENTATION('',(#14402),#14406);
#14402 = LINE('',#14403,#14404);
#14403 = CARTESIAN_POINT('',(0.,0.));
#14404 = VECTOR('',#14405,1.);
#14405 = DIRECTION('',(0.,-1.));
#14406 = ( GEOMETRIC_REPRESENTATION_CONTEXT(2) 
PARAMETRIC_REPRESENTATION_CONTEXT() REPRESENTATION_CONTEXT('2D SPACE',''
  ) );
#14407 = PCURVE('',#11208,#14408);
#14408 = DEFINITIONAL_REPRESENTATION('',(#14409),#14413);
#14409 = LINE('',#14410,#14411);
#14410 = CARTESIAN_POINT('',(6.,-5.96744875736E-16));
#14411 = VECTOR('',#14412,1.);
#14412 = DIRECTION('',(0.,-1.));
#14413 = ( GEOMETRIC_REPRESENTATION_CONTEXT(2) 
PARAMETRIC_REPRESENTATION_CONTEXT() REPRESENTATION_CONTEXT('2D SPACE',''
  ) );
#14414 = ORIENTED_EDGE('',*,*,#14415,.T.);
#14415 = EDGE_CURVE('',#14393,#14416,#14418,.T.);
#14416 = VERTEX_POINT('',#14417);
#14417 = CARTESIAN_POINT('',(42.037607847013,9.,26.861320584074));
#14418 = SURFACE_CURVE('',#14419,(#14423,#14430),.PCURVE_S1.);
#14419 = LINE('',#14420,#14421);
#14420 = CARTESIAN_POINT('',(42.037607847013,-9.,26.861320584074));
#14421 = VECTOR('',#14422,1.);
#14422 = DIRECTION('',(0.,1.,0.));
#14423 = PCURVE('',#11179,#14424);
#14424 = DEFINITIONAL_REPRESENTATION('',(#14425),#14429);
#14425 = LINE('',#14426,#14427);
#14426 = CARTESIAN_POINT('',(0.,-2.));
#14427 = VECTOR('',#14428,1.);
#14428 = DIRECTION('',(1.,0.));
#14429 = ( GEOMETRIC_REPRESENTATION_CONTEXT(2) 
PARAMETRIC_REPRESENTATION_CONTEXT() REPRESENTATION_CONTEXT('2D SPACE',''
  ) );
#14430 = PCURVE('',#14431,#14436);
#14431 = PLANE('',#14432);
#14432 = AXIS2_PLACEMENT_3D('',#14433,#14434,#14435);
#14433 = CARTESIAN_POINT('',(45.037150932483,-1.480297366167E-16,
    26.913677803385));
#14434 = DIRECTION('',(-1.745240643728E-02,0.,0.999847695156));
#14435 = DIRECTION('',(0.999847695156,0.,1.745240643728E-02));
#14436 = DEFINITIONAL_REPRESENTATION('',(#14437),#14441);
#14437 = LINE('',#14438,#14439);
#14438 = CARTESIAN_POINT('',(-3.,-9.));
#14439 = VECTOR('',#14440,1.);
#14440 = DIRECTION('',(0.,1.));
#14441 = ( GEOMETRIC_REPRESENTATION_CONTEXT(2) 
PARAMETRIC_REPRESENTATION_CONTEXT() REPRESENTATION_CONTEXT('2D SPACE',''
  ) );
#14442 = ORIENTED_EDGE('',*,*,#14443,.F.);
#14443 = EDGE_CURVE('',#11164,#14416,#14444,.T.);
#14444 = SURFACE_CURVE('',#14445,(#14449,#14456),.PCURVE_S1.);
#14445 = LINE('',#14446,#14447);
#14446 = CARTESIAN_POINT('',(42.072512659888,9.,24.861625193761));
#14447 = VECTOR('',#14448,1.);
#14448 = DIRECTION('',(-1.745240643728E-02,0.,0.999847695156));
#14449 = PCURVE('',#11179,#14450);
#14450 = DEFINITIONAL_REPRESENTATION('',(#14451),#14455);
#14451 = LINE('',#14452,#14453);
#14452 = CARTESIAN_POINT('',(18.,0.));
#14453 = VECTOR('',#14454,1.);
#14454 = DIRECTION('',(0.,-1.));
#14455 = ( GEOMETRIC_REPRESENTATION_CONTEXT(2) 
PARAMETRIC_REPRESENTATION_CONTEXT() REPRESENTATION_CONTEXT('2D SPACE',''
  ) );
#14456 = PCURVE('',#11263,#14457);
#14457 = DEFINITIONAL_REPRESENTATION('',(#14458),#14462);
#14458 = LINE('',#14459,#14460);
#14459 = CARTESIAN_POINT('',(0.,0.));
#14460 = VECTOR('',#14461,1.);
#14461 = DIRECTION('',(0.,-1.));
#14462 = ( GEOMETRIC_REPRESENTATION_CONTEXT(2) 
PARAMETRIC_REPRESENTATION_CONTEXT() REPRESENTATION_CONTEXT('2D SPACE',''
  ) );
#14463 = ORIENTED_EDGE('',*,*,#11161,.F.);
#14464 = ADVANCED_FACE('',(#14465),#11263,.F.);
#14465 = FACE_BOUND('',#14466,.F.);
#14466 = EDGE_LOOP('',(#14467,#14468,#14491,#14512));
#14467 = ORIENTED_EDGE('',*,*,#14443,.T.);
#14468 = ORIENTED_EDGE('',*,*,#14469,.T.);
#14469 = EDGE_CURVE('',#14416,#14470,#14472,.T.);
#14470 = VERTEX_POINT('',#14471);
#14471 = CARTESIAN_POINT('',(48.036694017952,9.,26.966035022697));
#14472 = SURFACE_CURVE('',#14473,(#14477,#14484),.PCURVE_S1.);
#14473 = LINE('',#14474,#14475);
#14474 = CARTESIAN_POINT('',(42.037607847013,9.,26.861320584074));
#14475 = VECTOR('',#14476,1.);
#14476 = DIRECTION('',(0.999847695156,0.,1.745240643728E-02));
#14477 = PCURVE('',#11263,#14478);
#14478 = DEFINITIONAL_REPRESENTATION('',(#14479),#14483);
#14479 = LINE('',#14480,#14481);
#14480 = CARTESIAN_POINT('',(1.408595462493E-15,-2.));
#14481 = VECTOR('',#14482,1.);
#14482 = DIRECTION('',(1.,0.));
#14483 = ( GEOMETRIC_REPRESENTATION_CONTEXT(2) 
PARAMETRIC_REPRESENTATION_CONTEXT() REPRESENTATION_CONTEXT('2D SPACE',''
  ) );
#14484 = PCURVE('',#14431,#14485);
#14485 = DEFINITIONAL_REPRESENTATION('',(#14486),#14490);
#14486 = LINE('',#14487,#14488);
#14487 = CARTESIAN_POINT('',(-3.,9.));
#14488 = VECTOR('',#14489,1.);
#14489 = DIRECTION('',(1.,0.));
#14490 = ( GEOMETRIC_REPRESENTATION_CONTEXT(2) 
PARAMETRIC_REPRESENTATION_CONTEXT() REPRESENTATION_CONTEXT('2D SPACE',''
  ) );
#14491 = ORIENTED_EDGE('',*,*,#14492,.F.);
#14492 = EDGE_CURVE('',#11221,#14470,#14493,.T.);
#14493 = SURFACE_CURVE('',#14494,(#14498,#14505),.PCURVE_S1.);
#14494 = LINE('',#14495,#14496);
#14495 = CARTESIAN_POINT('',(48.071598830826,9.,24.966339632384));
#14496 = VECTOR('',#14497,1.);
#14497 = DIRECTION('',(-1.745240643728E-02,0.,0.999847695156));
#14498 = PCURVE('',#11263,#14499);
#14499 = DEFINITIONAL_REPRESENTATION('',(#14500),#14504);
#14500 = LINE('',#14501,#14502);
#14501 = CARTESIAN_POINT('',(6.,5.96744875736E-16));
#14502 = VECTOR('',#14503,1.);
#14503 = DIRECTION('',(0.,-1.));
#14504 = ( GEOMETRIC_REPRESENTATION_CONTEXT(2) 
PARAMETRIC_REPRESENTATION_CONTEXT() REPRESENTATION_CONTEXT('2D SPACE',''
  ) );
#14505 = PCURVE('',#11236,#14506);
#14506 = DEFINITIONAL_REPRESENTATION('',(#14507),#14511);
#14507 = LINE('',#14508,#14509);
#14508 = CARTESIAN_POINT('',(0.,0.));
#14509 = VECTOR('',#14510,1.);
#14510 = DIRECTION('',(0.,-1.));
#14511 = ( GEOMETRIC_REPRESENTATION_CONTEXT(2) 
PARAMETRIC_REPRESENTATION_CONTEXT() REPRESENTATION_CONTEXT('2D SPACE',''
  ) );
#14512 = ORIENTED_EDGE('',*,*,#11248,.F.);
#14513 = ADVANCED_FACE('',(#14514),#11236,.F.);
#14514 = FACE_BOUND('',#14515,.F.);
#14515 = EDGE_LOOP('',(#14516,#14517,#14540,#14561));
#14516 = ORIENTED_EDGE('',*,*,#14492,.T.);
#14517 = ORIENTED_EDGE('',*,*,#14518,.T.);
#14518 = EDGE_CURVE('',#14470,#14519,#14521,.T.);
#14519 = VERTEX_POINT('',#14520);
#14520 = CARTESIAN_POINT('',(48.036694017952,-9.,26.966035022697));
#14521 = SURFACE_CURVE('',#14522,(#14526,#14533),.PCURVE_S1.);
#14522 = LINE('',#14523,#14524);
#14523 = CARTESIAN_POINT('',(48.036694017952,9.,26.966035022697));
#14524 = VECTOR('',#14525,1.);
#14525 = DIRECTION('',(0.,-1.,0.));
#14526 = PCURVE('',#11236,#14527);
#14527 = DEFINITIONAL_REPRESENTATION('',(#14528),#14532);
#14528 = LINE('',#14529,#14530);
#14529 = CARTESIAN_POINT('',(0.,-2.));
#14530 = VECTOR('',#14531,1.);
#14531 = DIRECTION('',(1.,0.));
#14532 = ( GEOMETRIC_REPRESENTATION_CONTEXT(2) 
PARAMETRIC_REPRESENTATION_CONTEXT() REPRESENTATION_CONTEXT('2D SPACE',''
  ) );
#14533 = PCURVE('',#14431,#14534);
#14534 = DEFINITIONAL_REPRESENTATION('',(#14535),#14539);
#14535 = LINE('',#14536,#14537);
#14536 = CARTESIAN_POINT('',(3.,9.));
#14537 = VECTOR('',#14538,1.);
#14538 = DIRECTION('',(0.,-1.));
#14539 = ( GEOMETRIC_REPRESENTATION_CONTEXT(2) 
PARAMETRIC_REPRESENTATION_CONTEXT() REPRESENTATION_CONTEXT('2D SPACE',''
  ) );
#14540 = ORIENTED_EDGE('',*,*,#14541,.F.);
#14541 = EDGE_CURVE('',#11192,#14519,#14542,.T.);
#14542 = SURFACE_CURVE('',#14543,(#14547,#14554),.PCURVE_S1.);
#14543 = LINE('',#14544,#14545);
#14544 = CARTESIAN_POINT('',(48.071598830826,-9.,24.966339632384));
#14545 = VECTOR('',#14546,1.);
#14546 = DIRECTION('',(-1.745240643728E-02,0.,0.999847695156));
#14547 = PCURVE('',#11236,#14548);
#14548 = DEFINITIONAL_REPRESENTATION('',(#14549),#14553);
#14549 = LINE('',#14550,#14551);
#14550 = CARTESIAN_POINT('',(18.,0.));
#14551 = VECTOR('',#14552,1.);
#14552 = DIRECTION('',(0.,-1.));
#14553 = ( GEOMETRIC_REPRESENTATION_CONTEXT(2) 
PARAMETRIC_REPRESENTATION_CONTEXT() REPRESENTATION_CONTEXT('2D SPACE',''
  ) );
#14554 = PCURVE('',#11208,#14555);
#14555 = DEFINITIONAL_REPRESENTATION('',(#14556),#14560);
#14556 = LINE('',#14557,#14558);
#14557 = CARTESIAN_POINT('',(0.,0.));
#14558 = VECTOR('',#14559,1.);
#14559 = DIRECTION('',(0.,-1.));
#14560 = ( GEOMETRIC_REPRESENTATION_CONTEXT(2) 
PARAMETRIC_REPRESENTATION_CONTEXT() REPRESENTATION_CONTEXT('2D SPACE',''
  ) );
#14561 = ORIENTED_EDGE('',*,*,#11220,.F.);
#14562 = ADVANCED_FACE('',(#14563),#11208,.F.);
#14563 = FACE_BOUND('',#14564,.F.);
#14564 = EDGE_LOOP('',(#14565,#14566,#14587,#14588));
#14565 = ORIENTED_EDGE('',*,*,#14541,.T.);
#14566 = ORIENTED_EDGE('',*,*,#14567,.T.);
#14567 = EDGE_CURVE('',#14519,#14393,#14568,.T.);
#14568 = SURFACE_CURVE('',#14569,(#14573,#14580),.PCURVE_S1.);
#14569 = LINE('',#14570,#14571);
#14570 = CARTESIAN_POINT('',(48.036694017952,-9.,26.966035022697));
#14571 = VECTOR('',#14572,1.);
#14572 = DIRECTION('',(-0.999847695156,0.,-1.745240643728E-02));
#14573 = PCURVE('',#11208,#14574);
#14574 = DEFINITIONAL_REPRESENTATION('',(#14575),#14579);
#14575 = LINE('',#14576,#14577);
#14576 = CARTESIAN_POINT('',(-1.408595462493E-15,-2.));
#14577 = VECTOR('',#14578,1.);
#14578 = DIRECTION('',(1.,0.));
#14579 = ( GEOMETRIC_REPRESENTATION_CONTEXT(2) 
PARAMETRIC_REPRESENTATION_CONTEXT() REPRESENTATION_CONTEXT('2D SPACE',''
  ) );
#14580 = PCURVE('',#14431,#14581);
#14581 = DEFINITIONAL_REPRESENTATION('',(#14582),#14586);
#14582 = LINE('',#14583,#14584);
#14583 = CARTESIAN_POINT('',(3.,-9.));
#14584 = VECTOR('',#14585,1.);
#14585 = DIRECTION('',(-1.,0.));
#14586 = ( GEOMETRIC_REPRESENTATION_CONTEXT(2) 
PARAMETRIC_REPRESENTATION_CONTEXT() REPRESENTATION_CONTEXT('2D SPACE',''
  ) );
#14587 = ORIENTED_EDGE('',*,*,#14392,.F.);
#14588 = ORIENTED_EDGE('',*,*,#11191,.F.);
#14589 = ADVANCED_FACE('',(#14590),#11415,.F.);
#14590 = FACE_BOUND('',#14591,.F.);
#14591 = EDGE_LOOP('',(#14592,#14615,#14643,#14664));
#14592 = ORIENTED_EDGE('',*,*,#14593,.T.);
#14593 = EDGE_CURVE('',#11398,#14594,#14596,.T.);
#14594 = VERTEX_POINT('',#14595);
#14595 = CARTESIAN_POINT('',(42.037607847013,18.762586005006,
    21.224888926097));
#14596 = SURFACE_CURVE('',#14597,(#14601,#14608),.PCURVE_S1.);
#14597 = LINE('',#14598,#14599);
#14598 = CARTESIAN_POINT('',(42.072512659888,17.030798997164,
    20.22504123094));
#14599 = VECTOR('',#14600,1.);
#14600 = DIRECTION('',(-1.745240643728E-02,0.865893503921,0.499923847578
    ));
#14601 = PCURVE('',#11415,#14602);
#14602 = DEFINITIONAL_REPRESENTATION('',(#14603),#14607);
#14603 = LINE('',#14604,#14605);
#14604 = CARTESIAN_POINT('',(0.,0.));
#14605 = VECTOR('',#14606,1.);
#14606 = DIRECTION('',(0.,-1.));
#14607 = ( GEOMETRIC_REPRESENTATION_CONTEXT(2) 
PARAMETRIC_REPRESENTATION_CONTEXT() REPRESENTATION_CONTEXT('2D SPACE',''
  ) );
#14608 = PCURVE('',#11444,#14609);
#14609 = DEFINITIONAL_REPRESENTATION('',(#14610),#14614);
#14610 = LINE('',#14611,#14612);
#14611 = CARTESIAN_POINT('',(6.,-5.96744875736E-16));
#14612 = VECTOR('',#14613,1.);
#14613 = DIRECTION('',(0.,-1.));
#14614 = ( GEOMETRIC_REPRESENTATION_CONTEXT(2) 
PARAMETRIC_REPRESENTATION_CONTEXT() REPRESENTATION_CONTEXT('2D SPACE',''
  ) );
#14615 = ORIENTED_EDGE('',*,*,#14616,.T.);
#14616 = EDGE_CURVE('',#14594,#14617,#14619,.T.);
#14617 = VERTEX_POINT('',#14618);
#14618 = CARTESIAN_POINT('',(42.037607847013,27.762586005006,
    5.636431657977));
#14619 = SURFACE_CURVE('',#14620,(#14624,#14631),.PCURVE_S1.);
#14620 = LINE('',#14621,#14622);
#14621 = CARTESIAN_POINT('',(42.037607847013,18.762586005006,
    21.224888926097));
#14622 = VECTOR('',#14623,1.);
#14623 = DIRECTION('',(-9.688031730894E-19,0.5,-0.866025403784));
#14624 = PCURVE('',#11415,#14625);
#14625 = DEFINITIONAL_REPRESENTATION('',(#14626),#14630);
#14626 = LINE('',#14627,#14628);
#14627 = CARTESIAN_POINT('',(0.,-2.));
#14628 = VECTOR('',#14629,1.);
#14629 = DIRECTION('',(1.,-5.551115123126E-17));
#14630 = ( GEOMETRIC_REPRESENTATION_CONTEXT(2) 
PARAMETRIC_REPRESENTATION_CONTEXT() REPRESENTATION_CONTEXT('2D SPACE',''
  ) );
#14631 = PCURVE('',#14632,#14637);
#14632 = PLANE('',#14633);
#14633 = AXIS2_PLACEMENT_3D('',#14634,#14635,#14636);
#14634 = CARTESIAN_POINT('',(45.037150932483,23.307928687001,
    13.456838901693));
#14635 = DIRECTION('',(-1.745240643728E-02,0.865893503921,0.499923847578
    ));
#14636 = DIRECTION('',(0.999847695156,1.511422733186E-02,
    8.726203218642E-03));
#14637 = DEFINITIONAL_REPRESENTATION('',(#14638),#14642);
#14638 = LINE('',#14639,#14640);
#14639 = CARTESIAN_POINT('',(-3.,-9.));
#14640 = VECTOR('',#14641,1.);
#14641 = DIRECTION('',(-5.584346186192E-33,1.));
#14642 = ( GEOMETRIC_REPRESENTATION_CONTEXT(2) 
PARAMETRIC_REPRESENTATION_CONTEXT() REPRESENTATION_CONTEXT('2D SPACE',''
  ) );
#14643 = ORIENTED_EDGE('',*,*,#14644,.F.);
#14644 = EDGE_CURVE('',#11400,#14617,#14645,.T.);
#14645 = SURFACE_CURVE('',#14646,(#14650,#14657),.PCURVE_S1.);
#14646 = LINE('',#14647,#14648);
#14647 = CARTESIAN_POINT('',(42.072512659888,26.030798997164,
    4.63658396282));
#14648 = VECTOR('',#14649,1.);
#14649 = DIRECTION('',(-1.745240643728E-02,0.865893503921,0.499923847578
    ));
#14650 = PCURVE('',#11415,#14651);
#14651 = DEFINITIONAL_REPRESENTATION('',(#14652),#14656);
#14652 = LINE('',#14653,#14654);
#14653 = CARTESIAN_POINT('',(18.,0.));
#14654 = VECTOR('',#14655,1.);
#14655 = DIRECTION('',(0.,-1.));
#14656 = ( GEOMETRIC_REPRESENTATION_CONTEXT(2) 
PARAMETRIC_REPRESENTATION_CONTEXT() REPRESENTATION_CONTEXT('2D SPACE',''
  ) );
#14657 = PCURVE('',#11499,#14658);
#14658 = DEFINITIONAL_REPRESENTATION('',(#14659),#14663);
#14659 = LINE('',#14660,#14661);
#14660 = CARTESIAN_POINT('',(0.,0.));
#14661 = VECTOR('',#14662,1.);
#14662 = DIRECTION('',(0.,-1.));
#14663 = ( GEOMETRIC_REPRESENTATION_CONTEXT(2) 
PARAMETRIC_REPRESENTATION_CONTEXT() REPRESENTATION_CONTEXT('2D SPACE',''
  ) );
#14664 = ORIENTED_EDGE('',*,*,#11397,.F.);
#14665 = ADVANCED_FACE('',(#14666),#11499,.F.);
#14666 = FACE_BOUND('',#14667,.F.);
#14667 = EDGE_LOOP('',(#14668,#14669,#14692,#14713));
#14668 = ORIENTED_EDGE('',*,*,#14644,.T.);
#14669 = ORIENTED_EDGE('',*,*,#14670,.T.);
#14670 = EDGE_CURVE('',#14617,#14671,#14673,.T.);
#14671 = VERTEX_POINT('',#14672);
#14672 = CARTESIAN_POINT('',(48.036694017952,27.853271368997,
    5.688788877289));
#14673 = SURFACE_CURVE('',#14674,(#14678,#14685),.PCURVE_S1.);
#14674 = LINE('',#14675,#14676);
#14675 = CARTESIAN_POINT('',(42.037607847013,27.762586005006,
    5.636431657977));
#14676 = VECTOR('',#14677,1.);
#14677 = DIRECTION('',(0.999847695156,1.511422733186E-02,
    8.726203218642E-03));
#14678 = PCURVE('',#11499,#14679);
#14679 = DEFINITIONAL_REPRESENTATION('',(#14680),#14684);
#14680 = LINE('',#14681,#14682);
#14681 = CARTESIAN_POINT('',(1.408595462493E-15,-2.));
#14682 = VECTOR('',#14683,1.);
#14683 = DIRECTION('',(1.,0.));
#14684 = ( GEOMETRIC_REPRESENTATION_CONTEXT(2) 
PARAMETRIC_REPRESENTATION_CONTEXT() REPRESENTATION_CONTEXT('2D SPACE',''
  ) );
#14685 = PCURVE('',#14632,#14686);
#14686 = DEFINITIONAL_REPRESENTATION('',(#14687),#14691);
#14687 = LINE('',#14688,#14689);
#14688 = CARTESIAN_POINT('',(-3.,9.));
#14689 = VECTOR('',#14690,1.);
#14690 = DIRECTION('',(1.,0.));
#14691 = ( GEOMETRIC_REPRESENTATION_CONTEXT(2) 
PARAMETRIC_REPRESENTATION_CONTEXT() REPRESENTATION_CONTEXT('2D SPACE',''
  ) );
#14692 = ORIENTED_EDGE('',*,*,#14693,.F.);
#14693 = EDGE_CURVE('',#11457,#14671,#14694,.T.);
#14694 = SURFACE_CURVE('',#14695,(#14699,#14706),.PCURVE_S1.);
#14695 = LINE('',#14696,#14697);
#14696 = CARTESIAN_POINT('',(48.071598830826,26.121484361155,
    4.688941182132));
#14697 = VECTOR('',#14698,1.);
#14698 = DIRECTION('',(-1.745240643728E-02,0.865893503921,0.499923847578
    ));
#14699 = PCURVE('',#11499,#14700);
#14700 = DEFINITIONAL_REPRESENTATION('',(#14701),#14705);
#14701 = LINE('',#14702,#14703);
#14702 = CARTESIAN_POINT('',(6.,5.96744875736E-16));
#14703 = VECTOR('',#14704,1.);
#14704 = DIRECTION('',(0.,-1.));
#14705 = ( GEOMETRIC_REPRESENTATION_CONTEXT(2) 
PARAMETRIC_REPRESENTATION_CONTEXT() REPRESENTATION_CONTEXT('2D SPACE',''
  ) );
#14706 = PCURVE('',#11472,#14707);
#14707 = DEFINITIONAL_REPRESENTATION('',(#14708),#14712);
#14708 = LINE('',#14709,#14710);
#14709 = CARTESIAN_POINT('',(0.,0.));
#14710 = VECTOR('',#14711,1.);
#14711 = DIRECTION('',(0.,-1.));
#14712 = ( GEOMETRIC_REPRESENTATION_CONTEXT(2) 
PARAMETRIC_REPRESENTATION_CONTEXT() REPRESENTATION_CONTEXT('2D SPACE',''
  ) );
#14713 = ORIENTED_EDGE('',*,*,#11484,.F.);
#14714 = ADVANCED_FACE('',(#14715),#11472,.F.);
#14715 = FACE_BOUND('',#14716,.F.);
#14716 = EDGE_LOOP('',(#14717,#14718,#14741,#14762));
#14717 = ORIENTED_EDGE('',*,*,#14693,.T.);
#14718 = ORIENTED_EDGE('',*,*,#14719,.T.);
#14719 = EDGE_CURVE('',#14671,#14720,#14722,.T.);
#14720 = VERTEX_POINT('',#14721);
#14721 = CARTESIAN_POINT('',(48.036694017952,18.853271368997,
    21.277246145409));
#14722 = SURFACE_CURVE('',#14723,(#14727,#14734),.PCURVE_S1.);
#14723 = LINE('',#14724,#14725);
#14724 = CARTESIAN_POINT('',(48.036694017952,27.853271368997,
    5.688788877289));
#14725 = VECTOR('',#14726,1.);
#14726 = DIRECTION('',(9.688031730894E-19,-0.5,0.866025403784));
#14727 = PCURVE('',#11472,#14728);
#14728 = DEFINITIONAL_REPRESENTATION('',(#14729),#14733);
#14729 = LINE('',#14730,#14731);
#14730 = CARTESIAN_POINT('',(0.,-2.));
#14731 = VECTOR('',#14732,1.);
#14732 = DIRECTION('',(1.,5.551115123126E-17));
#14733 = ( GEOMETRIC_REPRESENTATION_CONTEXT(2) 
PARAMETRIC_REPRESENTATION_CONTEXT() REPRESENTATION_CONTEXT('2D SPACE',''
  ) );
#14734 = PCURVE('',#14632,#14735);
#14735 = DEFINITIONAL_REPRESENTATION('',(#14736),#14740);
#14736 = LINE('',#14737,#14738);
#14737 = CARTESIAN_POINT('',(3.,9.));
#14738 = VECTOR('',#14739,1.);
#14739 = DIRECTION('',(5.584346186192E-33,-1.));
#14740 = ( GEOMETRIC_REPRESENTATION_CONTEXT(2) 
PARAMETRIC_REPRESENTATION_CONTEXT() REPRESENTATION_CONTEXT('2D SPACE',''
  ) );
#14741 = ORIENTED_EDGE('',*,*,#14742,.F.);
#14742 = EDGE_CURVE('',#11428,#14720,#14743,.T.);
#14743 = SURFACE_CURVE('',#14744,(#14748,#14755),.PCURVE_S1.);
#14744 = LINE('',#14745,#14746);
#14745 = CARTESIAN_POINT('',(48.071598830826,17.121484361155,
    20.277398450252));
#14746 = VECTOR('',#14747,1.);
#14747 = DIRECTION('',(-1.745240643728E-02,0.865893503921,0.499923847578
    ));
#14748 = PCURVE('',#11472,#14749);
#14749 = DEFINITIONAL_REPRESENTATION('',(#14750),#14754);
#14750 = LINE('',#14751,#14752);
#14751 = CARTESIAN_POINT('',(18.,0.));
#14752 = VECTOR('',#14753,1.);
#14753 = DIRECTION('',(0.,-1.));
#14754 = ( GEOMETRIC_REPRESENTATION_CONTEXT(2) 
PARAMETRIC_REPRESENTATION_CONTEXT() REPRESENTATION_CONTEXT('2D SPACE',''
  ) );
#14755 = PCURVE('',#11444,#14756);
#14756 = DEFINITIONAL_REPRESENTATION('',(#14757),#14761);
#14757 = LINE('',#14758,#14759);
#14758 = CARTESIAN_POINT('',(0.,0.));
#14759 = VECTOR('',#14760,1.);
#14760 = DIRECTION('',(0.,-1.));
#14761 = ( GEOMETRIC_REPRESENTATION_CONTEXT(2) 
PARAMETRIC_REPRESENTATION_CONTEXT() REPRESENTATION_CONTEXT('2D SPACE',''
  ) );
#14762 = ORIENTED_EDGE('',*,*,#11456,.F.);
#14763 = ADVANCED_FACE('',(#14764),#11444,.F.);
#14764 = FACE_BOUND('',#14765,.F.);
#14765 = EDGE_LOOP('',(#14766,#14767,#14788,#14789));
#14766 = ORIENTED_EDGE('',*,*,#14742,.T.);
#14767 = ORIENTED_EDGE('',*,*,#14768,.T.);
#14768 = EDGE_CURVE('',#14720,#14594,#14769,.T.);
#14769 = SURFACE_CURVE('',#14770,(#14774,#14781),.PCURVE_S1.);
#14770 = LINE('',#14771,#14772);
#14771 = CARTESIAN_POINT('',(48.036694017952,18.853271368997,
    21.277246145409));
#14772 = VECTOR('',#14773,1.);
#14773 = DIRECTION('',(-0.999847695156,-1.511422733186E-02,
    -8.726203218642E-03));
#14774 = PCURVE('',#11444,#14775);
#14775 = DEFINITIONAL_REPRESENTATION('',(#14776),#14780);
#14776 = LINE('',#14777,#14778);
#14777 = CARTESIAN_POINT('',(-1.408595462493E-15,-2.));
#14778 = VECTOR('',#14779,1.);
#14779 = DIRECTION('',(1.,0.));
#14780 = ( GEOMETRIC_REPRESENTATION_CONTEXT(2) 
PARAMETRIC_REPRESENTATION_CONTEXT() REPRESENTATION_CONTEXT('2D SPACE',''
  ) );
#14781 = PCURVE('',#14632,#14782);
#14782 = DEFINITIONAL_REPRESENTATION('',(#14783),#14787);
#14783 = LINE('',#14784,#14785);
#14784 = CARTESIAN_POINT('',(3.,-9.));
#14785 = VECTOR('',#14786,1.);
#14786 = DIRECTION('',(-1.,0.));
#14787 = ( GEOMETRIC_REPRESENTATION_CONTEXT(2) 
PARAMETRIC_REPRESENTATION_CONTEXT() REPRESENTATION_CONTEXT('2D SPACE',''
  ) );
#14788 = ORIENTED_EDGE('',*,*,#14593,.F.);
#14789 = ORIENTED_EDGE('',*,*,#11427,.F.);
#14790 = ADVANCED_FACE('',(#14791),#11651,.F.);
#14791 = FACE_BOUND('',#14792,.F.);
#14792 = EDGE_LOOP('',(#14793,#14816,#14844,#14865));
#14793 = ORIENTED_EDGE('',*,*,#14794,.T.);
#14794 = EDGE_CURVE('',#11634,#14795,#14797,.T.);
#14795 = VERTEX_POINT('',#14796);
#14796 = CARTESIAN_POINT('',(42.037607847013,27.762586005006,
    -5.636431657977));
#14797 = SURFACE_CURVE('',#14798,(#14802,#14809),.PCURVE_S1.);
#14798 = LINE('',#14799,#14800);
#14799 = CARTESIAN_POINT('',(42.072512659888,26.030798997164,
    -4.63658396282));
#14800 = VECTOR('',#14801,1.);
#14801 = DIRECTION('',(-1.745240643728E-02,0.865893503921,
    -0.499923847578));
#14802 = PCURVE('',#11651,#14803);
#14803 = DEFINITIONAL_REPRESENTATION('',(#14804),#14808);
#14804 = LINE('',#14805,#14806);
#14805 = CARTESIAN_POINT('',(0.,0.));
#14806 = VECTOR('',#14807,1.);
#14807 = DIRECTION('',(0.,-1.));
#14808 = ( GEOMETRIC_REPRESENTATION_CONTEXT(2) 
PARAMETRIC_REPRESENTATION_CONTEXT() REPRESENTATION_CONTEXT('2D SPACE',''
  ) );
#14809 = PCURVE('',#11680,#14810);
#14810 = DEFINITIONAL_REPRESENTATION('',(#14811),#14815);
#14811 = LINE('',#14812,#14813);
#14812 = CARTESIAN_POINT('',(6.,-5.96744875736E-16));
#14813 = VECTOR('',#14814,1.);
#14814 = DIRECTION('',(0.,-1.));
#14815 = ( GEOMETRIC_REPRESENTATION_CONTEXT(2) 
PARAMETRIC_REPRESENTATION_CONTEXT() REPRESENTATION_CONTEXT('2D SPACE',''
  ) );
#14816 = ORIENTED_EDGE('',*,*,#14817,.T.);
#14817 = EDGE_CURVE('',#14795,#14818,#14820,.T.);
#14818 = VERTEX_POINT('',#14819);
#14819 = CARTESIAN_POINT('',(42.037607847013,18.762586005006,
    -21.22488892609));
#14820 = SURFACE_CURVE('',#14821,(#14825,#14832),.PCURVE_S1.);
#14821 = LINE('',#14822,#14823);
#14822 = CARTESIAN_POINT('',(42.037607847013,27.762586005006,
    -5.636431657977));
#14823 = VECTOR('',#14824,1.);
#14824 = DIRECTION('',(-8.672296345945E-19,-0.5,-0.866025403784));
#14825 = PCURVE('',#11651,#14826);
#14826 = DEFINITIONAL_REPRESENTATION('',(#14827),#14831);
#14827 = LINE('',#14828,#14829);
#14828 = CARTESIAN_POINT('',(0.,-2.));
#14829 = VECTOR('',#14830,1.);
#14830 = DIRECTION('',(1.,0.));
#14831 = ( GEOMETRIC_REPRESENTATION_CONTEXT(2) 
PARAMETRIC_REPRESENTATION_CONTEXT() REPRESENTATION_CONTEXT('2D SPACE',''
  ) );
#14832 = PCURVE('',#14833,#14838);
#14833 = PLANE('',#14834);
#14834 = AXIS2_PLACEMENT_3D('',#14835,#14836,#14837);
#14835 = CARTESIAN_POINT('',(45.037150932483,23.307928687001,
    -13.45683890169));
#14836 = DIRECTION('',(-1.745240643728E-02,0.865893503921,
    -0.499923847578));
#14837 = DIRECTION('',(0.999847695156,1.511422733186E-02,
    -8.726203218642E-03));
#14838 = DEFINITIONAL_REPRESENTATION('',(#14839),#14843);
#14839 = LINE('',#14840,#14841);
#14840 = CARTESIAN_POINT('',(-3.,-9.));
#14841 = VECTOR('',#14842,1.);
#14842 = DIRECTION('',(-8.673617379884E-19,1.));
#14843 = ( GEOMETRIC_REPRESENTATION_CONTEXT(2) 
PARAMETRIC_REPRESENTATION_CONTEXT() REPRESENTATION_CONTEXT('2D SPACE',''
  ) );
#14844 = ORIENTED_EDGE('',*,*,#14845,.F.);
#14845 = EDGE_CURVE('',#11636,#14818,#14846,.T.);
#14846 = SURFACE_CURVE('',#14847,(#14851,#14858),.PCURVE_S1.);
#14847 = LINE('',#14848,#14849);
#14848 = CARTESIAN_POINT('',(42.072512659888,17.030798997164,
    -20.22504123094));
#14849 = VECTOR('',#14850,1.);
#14850 = DIRECTION('',(-1.745240643728E-02,0.865893503921,
    -0.499923847578));
#14851 = PCURVE('',#11651,#14852);
#14852 = DEFINITIONAL_REPRESENTATION('',(#14853),#14857);
#14853 = LINE('',#14854,#14855);
#14854 = CARTESIAN_POINT('',(18.,0.));
#14855 = VECTOR('',#14856,1.);
#14856 = DIRECTION('',(0.,-1.));
#14857 = ( GEOMETRIC_REPRESENTATION_CONTEXT(2) 
PARAMETRIC_REPRESENTATION_CONTEXT() REPRESENTATION_CONTEXT('2D SPACE',''
  ) );
#14858 = PCURVE('',#11735,#14859);
#14859 = DEFINITIONAL_REPRESENTATION('',(#14860),#14864);
#14860 = LINE('',#14861,#14862);
#14861 = CARTESIAN_POINT('',(0.,0.));
#14862 = VECTOR('',#14863,1.);
#14863 = DIRECTION('',(0.,-1.));
#14864 = ( GEOMETRIC_REPRESENTATION_CONTEXT(2) 
PARAMETRIC_REPRESENTATION_CONTEXT() REPRESENTATION_CONTEXT('2D SPACE',''
  ) );
#14865 = ORIENTED_EDGE('',*,*,#11633,.F.);
#14866 = ADVANCED_FACE('',(#14867),#11735,.F.);
#14867 = FACE_BOUND('',#14868,.F.);
#14868 = EDGE_LOOP('',(#14869,#14870,#14893,#14914));
#14869 = ORIENTED_EDGE('',*,*,#14845,.T.);
#14870 = ORIENTED_EDGE('',*,*,#14871,.T.);
#14871 = EDGE_CURVE('',#14818,#14872,#14874,.T.);
#14872 = VERTEX_POINT('',#14873);
#14873 = CARTESIAN_POINT('',(48.036694017952,18.853271368997,
    -21.2772461454));
#14874 = SURFACE_CURVE('',#14875,(#14879,#14886),.PCURVE_S1.);
#14875 = LINE('',#14876,#14877);
#14876 = CARTESIAN_POINT('',(42.037607847013,18.762586005006,
    -21.22488892609));
#14877 = VECTOR('',#14878,1.);
#14878 = DIRECTION('',(0.999847695156,1.511422733186E-02,
    -8.726203218642E-03));
#14879 = PCURVE('',#11735,#14880);
#14880 = DEFINITIONAL_REPRESENTATION('',(#14881),#14885);
#14881 = LINE('',#14882,#14883);
#14882 = CARTESIAN_POINT('',(1.408595462493E-15,-2.));
#14883 = VECTOR('',#14884,1.);
#14884 = DIRECTION('',(1.,0.));
#14885 = ( GEOMETRIC_REPRESENTATION_CONTEXT(2) 
PARAMETRIC_REPRESENTATION_CONTEXT() REPRESENTATION_CONTEXT('2D SPACE',''
  ) );
#14886 = PCURVE('',#14833,#14887);
#14887 = DEFINITIONAL_REPRESENTATION('',(#14888),#14892);
#14888 = LINE('',#14889,#14890);
#14889 = CARTESIAN_POINT('',(-3.,9.));
#14890 = VECTOR('',#14891,1.);
#14891 = DIRECTION('',(1.,-8.673617379884E-19));
#14892 = ( GEOMETRIC_REPRESENTATION_CONTEXT(2) 
PARAMETRIC_REPRESENTATION_CONTEXT() REPRESENTATION_CONTEXT('2D SPACE',''
  ) );
#14893 = ORIENTED_EDGE('',*,*,#14894,.F.);
#14894 = EDGE_CURVE('',#11693,#14872,#14895,.T.);
#14895 = SURFACE_CURVE('',#14896,(#14900,#14907),.PCURVE_S1.);
#14896 = LINE('',#14897,#14898);
#14897 = CARTESIAN_POINT('',(48.071598830826,17.121484361155,
    -20.27739845025));
#14898 = VECTOR('',#14899,1.);
#14899 = DIRECTION('',(-1.745240643728E-02,0.865893503921,
    -0.499923847578));
#14900 = PCURVE('',#11735,#14901);
#14901 = DEFINITIONAL_REPRESENTATION('',(#14902),#14906);
#14902 = LINE('',#14903,#14904);
#14903 = CARTESIAN_POINT('',(6.,5.96744875736E-16));
#14904 = VECTOR('',#14905,1.);
#14905 = DIRECTION('',(0.,-1.));
#14906 = ( GEOMETRIC_REPRESENTATION_CONTEXT(2) 
PARAMETRIC_REPRESENTATION_CONTEXT() REPRESENTATION_CONTEXT('2D SPACE',''
  ) );
#14907 = PCURVE('',#11708,#14908);
#14908 = DEFINITIONAL_REPRESENTATION('',(#14909),#14913);
#14909 = LINE('',#14910,#14911);
#14910 = CARTESIAN_POINT('',(0.,0.));
#14911 = VECTOR('',#14912,1.);
#14912 = DIRECTION('',(0.,-1.));
#14913 = ( GEOMETRIC_REPRESENTATION_CONTEXT(2) 
PARAMETRIC_REPRESENTATION_CONTEXT() REPRESENTATION_CONTEXT('2D SPACE',''
  ) );
#14914 = ORIENTED_EDGE('',*,*,#11720,.F.);
#14915 = ADVANCED_FACE('',(#14916),#11708,.F.);
#14916 = FACE_BOUND('',#14917,.F.);
#14917 = EDGE_LOOP('',(#14918,#14919,#14942,#14963));
#14918 = ORIENTED_EDGE('',*,*,#14894,.T.);
#14919 = ORIENTED_EDGE('',*,*,#14920,.T.);
#14920 = EDGE_CURVE('',#14872,#14921,#14923,.T.);
#14921 = VERTEX_POINT('',#14922);
#14922 = CARTESIAN_POINT('',(48.036694017952,27.853271368997,
    -5.688788877289));
#14923 = SURFACE_CURVE('',#14924,(#14928,#14935),.PCURVE_S1.);
#14924 = LINE('',#14925,#14926);
#14925 = CARTESIAN_POINT('',(48.036694017952,18.853271368997,
    -21.2772461454));
#14926 = VECTOR('',#14927,1.);
#14927 = DIRECTION('',(8.672296345945E-19,0.5,0.866025403784));
#14928 = PCURVE('',#11708,#14929);
#14929 = DEFINITIONAL_REPRESENTATION('',(#14930),#14934);
#14930 = LINE('',#14931,#14932);
#14931 = CARTESIAN_POINT('',(0.,-2.));
#14932 = VECTOR('',#14933,1.);
#14933 = DIRECTION('',(1.,0.));
#14934 = ( GEOMETRIC_REPRESENTATION_CONTEXT(2) 
PARAMETRIC_REPRESENTATION_CONTEXT() REPRESENTATION_CONTEXT('2D SPACE',''
  ) );
#14935 = PCURVE('',#14833,#14936);
#14936 = DEFINITIONAL_REPRESENTATION('',(#14937),#14941);
#14937 = LINE('',#14938,#14939);
#14938 = CARTESIAN_POINT('',(3.,9.));
#14939 = VECTOR('',#14940,1.);
#14940 = DIRECTION('',(8.673617379884E-19,-1.));
#14941 = ( GEOMETRIC_REPRESENTATION_CONTEXT(2) 
PARAMETRIC_REPRESENTATION_CONTEXT() REPRESENTATION_CONTEXT('2D SPACE',''
  ) );
#14942 = ORIENTED_EDGE('',*,*,#14943,.F.);
#14943 = EDGE_CURVE('',#11664,#14921,#14944,.T.);
#14944 = SURFACE_CURVE('',#14945,(#14949,#14956),.PCURVE_S1.);
#14945 = LINE('',#14946,#14947);
#14946 = CARTESIAN_POINT('',(48.071598830826,26.121484361155,
    -4.688941182132));
#14947 = VECTOR('',#14948,1.);
#14948 = DIRECTION('',(-1.745240643728E-02,0.865893503921,
    -0.499923847578));
#14949 = PCURVE('',#11708,#14950);
#14950 = DEFINITIONAL_REPRESENTATION('',(#14951),#14955);
#14951 = LINE('',#14952,#14953);
#14952 = CARTESIAN_POINT('',(18.,0.));
#14953 = VECTOR('',#14954,1.);
#14954 = DIRECTION('',(0.,-1.));
#14955 = ( GEOMETRIC_REPRESENTATION_CONTEXT(2) 
PARAMETRIC_REPRESENTATION_CONTEXT() REPRESENTATION_CONTEXT('2D SPACE',''
  ) );
#14956 = PCURVE('',#11680,#14957);
#14957 = DEFINITIONAL_REPRESENTATION('',(#14958),#14962);
#14958 = LINE('',#14959,#14960);
#14959 = CARTESIAN_POINT('',(0.,0.));
#14960 = VECTOR('',#14961,1.);
#14961 = DIRECTION('',(0.,-1.));
#14962 = ( GEOMETRIC_REPRESENTATION_CONTEXT(2) 
PARAMETRIC_REPRESENTATION_CONTEXT() REPRESENTATION_CONTEXT('2D SPACE',''
  ) );
#14963 = ORIENTED_EDGE('',*,*,#11692,.F.);
#14964 = ADVANCED_FACE('',(#14965),#11680,.F.);
#14965 = FACE_BOUND('',#14966,.F.);
#14966 = EDGE_LOOP('',(#14967,#14968,#14989,#14990));
#14967 = ORIENTED_EDGE('',*,*,#14943,.T.);
#14968 = ORIENTED_EDGE('',*,*,#14969,.T.);
#14969 = EDGE_CURVE('',#14921,#14795,#14970,.T.);
#14970 = SURFACE_CURVE('',#14971,(#14975,#14982),.PCURVE_S1.);
#14971 = LINE('',#14972,#14973);
#14972 = CARTESIAN_POINT('',(48.036694017952,27.853271368997,
    -5.688788877289));
#14973 = VECTOR('',#14974,1.);
#14974 = DIRECTION('',(-0.999847695156,-1.511422733186E-02,
    8.726203218642E-03));
#14975 = PCURVE('',#11680,#14976);
#14976 = DEFINITIONAL_REPRESENTATION('',(#14977),#14981);
#14977 = LINE('',#14978,#14979);
#14978 = CARTESIAN_POINT('',(-1.408595462493E-15,-2.));
#14979 = VECTOR('',#14980,1.);
#14980 = DIRECTION('',(1.,0.));
#14981 = ( GEOMETRIC_REPRESENTATION_CONTEXT(2) 
PARAMETRIC_REPRESENTATION_CONTEXT() REPRESENTATION_CONTEXT('2D SPACE',''
  ) );
#14982 = PCURVE('',#14833,#14983);
#14983 = DEFINITIONAL_REPRESENTATION('',(#14984),#14988);
#14984 = LINE('',#14985,#14986);
#14985 = CARTESIAN_POINT('',(3.,-9.));
#14986 = VECTOR('',#14987,1.);
#14987 = DIRECTION('',(-1.,8.673617379884E-19));
#14988 = ( GEOMETRIC_REPRESENTATION_CONTEXT(2) 
PARAMETRIC_REPRESENTATION_CONTEXT() REPRESENTATION_CONTEXT('2D SPACE',''
  ) );
#14989 = ORIENTED_EDGE('',*,*,#14794,.F.);
#14990 = ORIENTED_EDGE('',*,*,#11663,.F.);
#14991 = ADVANCED_FACE('',(#14992),#11887,.F.);
#14992 = FACE_BOUND('',#14993,.F.);
#14993 = EDGE_LOOP('',(#14994,#15017,#15045,#15066));
#14994 = ORIENTED_EDGE('',*,*,#14995,.T.);
#14995 = EDGE_CURVE('',#11870,#14996,#14998,.T.);
#14996 = VERTEX_POINT('',#14997);
#14997 = CARTESIAN_POINT('',(42.037607847013,9.,-26.86132058407));
#14998 = SURFACE_CURVE('',#14999,(#15003,#15010),.PCURVE_S1.);
#14999 = LINE('',#15000,#15001);
#15000 = CARTESIAN_POINT('',(42.072512659888,9.,-24.86162519376));
#15001 = VECTOR('',#15002,1.);
#15002 = DIRECTION('',(-1.745240643728E-02,-1.224460279508E-16,
    -0.999847695156));
#15003 = PCURVE('',#11887,#15004);
#15004 = DEFINITIONAL_REPRESENTATION('',(#15005),#15009);
#15005 = LINE('',#15006,#15007);
#15006 = CARTESIAN_POINT('',(0.,0.));
#15007 = VECTOR('',#15008,1.);
#15008 = DIRECTION('',(0.,-1.));
#15009 = ( GEOMETRIC_REPRESENTATION_CONTEXT(2) 
PARAMETRIC_REPRESENTATION_CONTEXT() REPRESENTATION_CONTEXT('2D SPACE',''
  ) );
#15010 = PCURVE('',#11916,#15011);
#15011 = DEFINITIONAL_REPRESENTATION('',(#15012),#15016);
#15012 = LINE('',#15013,#15014);
#15013 = CARTESIAN_POINT('',(6.,-5.96744875736E-16));
#15014 = VECTOR('',#15015,1.);
#15015 = DIRECTION('',(0.,-1.));
#15016 = ( GEOMETRIC_REPRESENTATION_CONTEXT(2) 
PARAMETRIC_REPRESENTATION_CONTEXT() REPRESENTATION_CONTEXT('2D SPACE',''
  ) );
#15017 = ORIENTED_EDGE('',*,*,#15018,.T.);
#15018 = EDGE_CURVE('',#14996,#15019,#15021,.T.);
#15019 = VERTEX_POINT('',#15020);
#15020 = CARTESIAN_POINT('',(42.037607847013,-9.,-26.86132058407));
#15021 = SURFACE_CURVE('',#15022,(#15026,#15033),.PCURVE_S1.);
#15022 = LINE('',#15023,#15024);
#15023 = CARTESIAN_POINT('',(42.037607847013,9.,-26.86132058407));
#15024 = VECTOR('',#15025,1.);
#15025 = DIRECTION('',(0.,-1.,1.224646799147E-16));
#15026 = PCURVE('',#11887,#15027);
#15027 = DEFINITIONAL_REPRESENTATION('',(#15028),#15032);
#15028 = LINE('',#15029,#15030);
#15029 = CARTESIAN_POINT('',(0.,-2.));
#15030 = VECTOR('',#15031,1.);
#15031 = DIRECTION('',(1.,0.));
#15032 = ( GEOMETRIC_REPRESENTATION_CONTEXT(2) 
PARAMETRIC_REPRESENTATION_CONTEXT() REPRESENTATION_CONTEXT('2D SPACE',''
  ) );
#15033 = PCURVE('',#15034,#15039);
#15034 = PLANE('',#15035);
#15035 = AXIS2_PLACEMENT_3D('',#15036,#15037,#15038);
#15036 = CARTESIAN_POINT('',(45.037150932483,-3.147945200903E-15,
    -26.91367780338));
#15037 = DIRECTION('',(-1.745240643728E-02,-1.224460279508E-16,
    -0.999847695156));
#15038 = DIRECTION('',(0.999847695156,-2.137303368084E-18,
    -1.745240643728E-02));
#15039 = DEFINITIONAL_REPRESENTATION('',(#15040),#15044);
#15040 = LINE('',#15041,#15042);
#15041 = CARTESIAN_POINT('',(-3.,-9.));
#15042 = VECTOR('',#15043,1.);
#15043 = DIRECTION('',(0.,1.));
#15044 = ( GEOMETRIC_REPRESENTATION_CONTEXT(2) 
PARAMETRIC_REPRESENTATION_CONTEXT() REPRESENTATION_CONTEXT('2D SPACE',''
  ) );
#15045 = ORIENTED_EDGE('',*,*,#15046,.F.);
#15046 = EDGE_CURVE('',#11872,#15019,#15047,.T.);
#15047 = SURFACE_CURVE('',#15048,(#15052,#15059),.PCURVE_S1.);
#15048 = LINE('',#15049,#15050);
#15049 = CARTESIAN_POINT('',(42.072512659888,-9.,-24.86162519376));
#15050 = VECTOR('',#15051,1.);
#15051 = DIRECTION('',(-1.745240643728E-02,-1.224460279508E-16,
    -0.999847695156));
#15052 = PCURVE('',#11887,#15053);
#15053 = DEFINITIONAL_REPRESENTATION('',(#15054),#15058);
#15054 = LINE('',#15055,#15056);
#15055 = CARTESIAN_POINT('',(18.,0.));
#15056 = VECTOR('',#15057,1.);
#15057 = DIRECTION('',(0.,-1.));
#15058 = ( GEOMETRIC_REPRESENTATION_CONTEXT(2) 
PARAMETRIC_REPRESENTATION_CONTEXT() REPRESENTATION_CONTEXT('2D SPACE',''
  ) );
#15059 = PCURVE('',#11971,#15060);
#15060 = DEFINITIONAL_REPRESENTATION('',(#15061),#15065);
#15061 = LINE('',#15062,#15063);
#15062 = CARTESIAN_POINT('',(0.,0.));
#15063 = VECTOR('',#15064,1.);
#15064 = DIRECTION('',(0.,-1.));
#15065 = ( GEOMETRIC_REPRESENTATION_CONTEXT(2) 
PARAMETRIC_REPRESENTATION_CONTEXT() REPRESENTATION_CONTEXT('2D SPACE',''
  ) );
#15066 = ORIENTED_EDGE('',*,*,#11869,.F.);
#15067 = ADVANCED_FACE('',(#15068),#11971,.F.);
#15068 = FACE_BOUND('',#15069,.F.);
#15069 = EDGE_LOOP('',(#15070,#15071,#15094,#15115));
#15070 = ORIENTED_EDGE('',*,*,#15046,.T.);
#15071 = ORIENTED_EDGE('',*,*,#15072,.T.);
#15072 = EDGE_CURVE('',#15019,#15073,#15075,.T.);
#15073 = VERTEX_POINT('',#15074);
#15074 = CARTESIAN_POINT('',(48.036694017952,-9.,-26.96603502269));
#15075 = SURFACE_CURVE('',#15076,(#15080,#15087),.PCURVE_S1.);
#15076 = LINE('',#15077,#15078);
#15077 = CARTESIAN_POINT('',(42.037607847013,-9.,-26.86132058407));
#15078 = VECTOR('',#15079,1.);
#15079 = DIRECTION('',(0.999847695156,-2.137303368084E-18,
    -1.745240643728E-02));
#15080 = PCURVE('',#11971,#15081);
#15081 = DEFINITIONAL_REPRESENTATION('',(#15082),#15086);
#15082 = LINE('',#15083,#15084);
#15083 = CARTESIAN_POINT('',(1.408595462493E-15,-2.));
#15084 = VECTOR('',#15085,1.);
#15085 = DIRECTION('',(1.,0.));
#15086 = ( GEOMETRIC_REPRESENTATION_CONTEXT(2) 
PARAMETRIC_REPRESENTATION_CONTEXT() REPRESENTATION_CONTEXT('2D SPACE',''
  ) );
#15087 = PCURVE('',#15034,#15088);
#15088 = DEFINITIONAL_REPRESENTATION('',(#15089),#15093);
#15089 = LINE('',#15090,#15091);
#15090 = CARTESIAN_POINT('',(-3.,9.));
#15091 = VECTOR('',#15092,1.);
#15092 = DIRECTION('',(1.,0.));
#15093 = ( GEOMETRIC_REPRESENTATION_CONTEXT(2) 
PARAMETRIC_REPRESENTATION_CONTEXT() REPRESENTATION_CONTEXT('2D SPACE',''
  ) );
#15094 = ORIENTED_EDGE('',*,*,#15095,.F.);
#15095 = EDGE_CURVE('',#11929,#15073,#15096,.T.);
#15096 = SURFACE_CURVE('',#15097,(#15101,#15108),.PCURVE_S1.);
#15097 = LINE('',#15098,#15099);
#15098 = CARTESIAN_POINT('',(48.071598830826,-9.,-24.96633963238));
#15099 = VECTOR('',#15100,1.);
#15100 = DIRECTION('',(-1.745240643728E-02,-1.224460279508E-16,
    -0.999847695156));
#15101 = PCURVE('',#11971,#15102);
#15102 = DEFINITIONAL_REPRESENTATION('',(#15103),#15107);
#15103 = LINE('',#15104,#15105);
#15104 = CARTESIAN_POINT('',(6.,5.96744875736E-16));
#15105 = VECTOR('',#15106,1.);
#15106 = DIRECTION('',(0.,-1.));
#15107 = ( GEOMETRIC_REPRESENTATION_CONTEXT(2) 
PARAMETRIC_REPRESENTATION_CONTEXT() REPRESENTATION_CONTEXT('2D SPACE',''
  ) );
#15108 = PCURVE('',#11944,#15109);
#15109 = DEFINITIONAL_REPRESENTATION('',(#15110),#15114);
#15110 = LINE('',#15111,#15112);
#15111 = CARTESIAN_POINT('',(0.,0.));
#15112 = VECTOR('',#15113,1.);
#15113 = DIRECTION('',(0.,-1.));
#15114 = ( GEOMETRIC_REPRESENTATION_CONTEXT(2) 
PARAMETRIC_REPRESENTATION_CONTEXT() REPRESENTATION_CONTEXT('2D SPACE',''
  ) );
#15115 = ORIENTED_EDGE('',*,*,#11956,.F.);
#15116 = ADVANCED_FACE('',(#15117),#11944,.F.);
#15117 = FACE_BOUND('',#15118,.F.);
#15118 = EDGE_LOOP('',(#15119,#15120,#15143,#15164));
#15119 = ORIENTED_EDGE('',*,*,#15095,.T.);
#15120 = ORIENTED_EDGE('',*,*,#15121,.T.);
#15121 = EDGE_CURVE('',#15073,#15122,#15124,.T.);
#15122 = VERTEX_POINT('',#15123);
#15123 = CARTESIAN_POINT('',(48.036694017952,9.,-26.96603502269));
#15124 = SURFACE_CURVE('',#15125,(#15129,#15136),.PCURVE_S1.);
#15125 = LINE('',#15126,#15127);
#15126 = CARTESIAN_POINT('',(48.036694017952,-9.,-26.96603502269));
#15127 = VECTOR('',#15128,1.);
#15128 = DIRECTION('',(0.,1.,-1.224646799147E-16));
#15129 = PCURVE('',#11944,#15130);
#15130 = DEFINITIONAL_REPRESENTATION('',(#15131),#15135);
#15131 = LINE('',#15132,#15133);
#15132 = CARTESIAN_POINT('',(0.,-2.));
#15133 = VECTOR('',#15134,1.);
#15134 = DIRECTION('',(1.,0.));
#15135 = ( GEOMETRIC_REPRESENTATION_CONTEXT(2) 
PARAMETRIC_REPRESENTATION_CONTEXT() REPRESENTATION_CONTEXT('2D SPACE',''
  ) );
#15136 = PCURVE('',#15034,#15137);
#15137 = DEFINITIONAL_REPRESENTATION('',(#15138),#15142);
#15138 = LINE('',#15139,#15140);
#15139 = CARTESIAN_POINT('',(3.,9.));
#15140 = VECTOR('',#15141,1.);
#15141 = DIRECTION('',(0.,-1.));
#15142 = ( GEOMETRIC_REPRESENTATION_CONTEXT(2) 
PARAMETRIC_REPRESENTATION_CONTEXT() REPRESENTATION_CONTEXT('2D SPACE',''
  ) );
#15143 = ORIENTED_EDGE('',*,*,#15144,.F.);
#15144 = EDGE_CURVE('',#11900,#15122,#15145,.T.);
#15145 = SURFACE_CURVE('',#15146,(#15150,#15157),.PCURVE_S1.);
#15146 = LINE('',#15147,#15148);
#15147 = CARTESIAN_POINT('',(48.071598830826,9.,-24.96633963238));
#15148 = VECTOR('',#15149,1.);
#15149 = DIRECTION('',(-1.745240643728E-02,-1.224460279508E-16,
    -0.999847695156));
#15150 = PCURVE('',#11944,#15151);
#15151 = DEFINITIONAL_REPRESENTATION('',(#15152),#15156);
#15152 = LINE('',#15153,#15154);
#15153 = CARTESIAN_POINT('',(18.,0.));
#15154 = VECTOR('',#15155,1.);
#15155 = DIRECTION('',(0.,-1.));
#15156 = ( GEOMETRIC_REPRESENTATION_CONTEXT(2) 
PARAMETRIC_REPRESENTATION_CONTEXT() REPRESENTATION_CONTEXT('2D SPACE',''
  ) );
#15157 = PCURVE('',#11916,#15158);
#15158 = DEFINITIONAL_REPRESENTATION('',(#15159),#15163);
#15159 = LINE('',#15160,#15161);
#15160 = CARTESIAN_POINT('',(0.,0.));
#15161 = VECTOR('',#15162,1.);
#15162 = DIRECTION('',(0.,-1.));
#15163 = ( GEOMETRIC_REPRESENTATION_CONTEXT(2) 
PARAMETRIC_REPRESENTATION_CONTEXT() REPRESENTATION_CONTEXT('2D SPACE',''
  ) );
#15164 = ORIENTED_EDGE('',*,*,#11928,.F.);
#15165 = ADVANCED_FACE('',(#15166),#11916,.F.);
#15166 = FACE_BOUND('',#15167,.F.);
#15167 = EDGE_LOOP('',(#15168,#15169,#15190,#15191));
#15168 = ORIENTED_EDGE('',*,*,#15144,.T.);
#15169 = ORIENTED_EDGE('',*,*,#15170,.T.);
#15170 = EDGE_CURVE('',#15122,#14996,#15171,.T.);
#15171 = SURFACE_CURVE('',#15172,(#15176,#15183),.PCURVE_S1.);
#15172 = LINE('',#15173,#15174);
#15173 = CARTESIAN_POINT('',(48.036694017952,9.,-26.96603502269));
#15174 = VECTOR('',#15175,1.);
#15175 = DIRECTION('',(-0.999847695156,2.137303368084E-18,
    1.745240643728E-02));
#15176 = PCURVE('',#11916,#15177);
#15177 = DEFINITIONAL_REPRESENTATION('',(#15178),#15182);
#15178 = LINE('',#15179,#15180);
#15179 = CARTESIAN_POINT('',(-1.408595462493E-15,-2.));
#15180 = VECTOR('',#15181,1.);
#15181 = DIRECTION('',(1.,0.));
#15182 = ( GEOMETRIC_REPRESENTATION_CONTEXT(2) 
PARAMETRIC_REPRESENTATION_CONTEXT() REPRESENTATION_CONTEXT('2D SPACE',''
  ) );
#15183 = PCURVE('',#15034,#15184);
#15184 = DEFINITIONAL_REPRESENTATION('',(#15185),#15189);
#15185 = LINE('',#15186,#15187);
#15186 = CARTESIAN_POINT('',(3.,-9.));
#15187 = VECTOR('',#15188,1.);
#15188 = DIRECTION('',(-1.,0.));
#15189 = ( GEOMETRIC_REPRESENTATION_CONTEXT(2) 
PARAMETRIC_REPRESENTATION_CONTEXT() REPRESENTATION_CONTEXT('2D SPACE',''
  ) );
#15190 = ORIENTED_EDGE('',*,*,#14995,.F.);
#15191 = ORIENTED_EDGE('',*,*,#11899,.F.);
#15192 = ADVANCED_FACE('',(#15193),#12123,.F.);
#15193 = FACE_BOUND('',#15194,.F.);
#15194 = EDGE_LOOP('',(#15195,#15218,#15246,#15267));
#15195 = ORIENTED_EDGE('',*,*,#15196,.T.);
#15196 = EDGE_CURVE('',#12106,#15197,#15199,.T.);
#15197 = VERTEX_POINT('',#15198);
#15198 = CARTESIAN_POINT('',(42.037607847013,-18.762586005,
    -21.22488892609));
#15199 = SURFACE_CURVE('',#15200,(#15204,#15211),.PCURVE_S1.);
#15200 = LINE('',#15201,#15202);
#15201 = CARTESIAN_POINT('',(42.072512659888,-17.03079899716,
    -20.22504123094));
#15202 = VECTOR('',#15203,1.);
#15203 = DIRECTION('',(-1.745240643728E-02,-0.865893503921,
    -0.499923847578));
#15204 = PCURVE('',#12123,#15205);
#15205 = DEFINITIONAL_REPRESENTATION('',(#15206),#15210);
#15206 = LINE('',#15207,#15208);
#15207 = CARTESIAN_POINT('',(0.,0.));
#15208 = VECTOR('',#15209,1.);
#15209 = DIRECTION('',(0.,-1.));
#15210 = ( GEOMETRIC_REPRESENTATION_CONTEXT(2) 
PARAMETRIC_REPRESENTATION_CONTEXT() REPRESENTATION_CONTEXT('2D SPACE',''
  ) );
#15211 = PCURVE('',#12152,#15212);
#15212 = DEFINITIONAL_REPRESENTATION('',(#15213),#15217);
#15213 = LINE('',#15214,#15215);
#15214 = CARTESIAN_POINT('',(6.,-6.106226635438E-16));
#15215 = VECTOR('',#15216,1.);
#15216 = DIRECTION('',(6.938893903907E-18,-1.));
#15217 = ( GEOMETRIC_REPRESENTATION_CONTEXT(2) 
PARAMETRIC_REPRESENTATION_CONTEXT() REPRESENTATION_CONTEXT('2D SPACE',''
  ) );
#15218 = ORIENTED_EDGE('',*,*,#15219,.T.);
#15219 = EDGE_CURVE('',#15197,#15220,#15222,.T.);
#15220 = VERTEX_POINT('',#15221);
#15221 = CARTESIAN_POINT('',(42.037607847013,-27.762586005,
    -5.636431657977));
#15222 = SURFACE_CURVE('',#15223,(#15227,#15234),.PCURVE_S1.);
#15223 = LINE('',#15224,#15225);
#15224 = CARTESIAN_POINT('',(42.037607847013,-18.762586005,
    -21.22488892609));
#15225 = VECTOR('',#15226,1.);
#15226 = DIRECTION('',(-9.688031730894E-19,-0.5,0.866025403784));
#15227 = PCURVE('',#12123,#15228);
#15228 = DEFINITIONAL_REPRESENTATION('',(#15229),#15233);
#15229 = LINE('',#15230,#15231);
#15230 = CARTESIAN_POINT('',(0.,-2.));
#15231 = VECTOR('',#15232,1.);
#15232 = DIRECTION('',(1.,-5.551115123126E-17));
#15233 = ( GEOMETRIC_REPRESENTATION_CONTEXT(2) 
PARAMETRIC_REPRESENTATION_CONTEXT() REPRESENTATION_CONTEXT('2D SPACE',''
  ) );
#15234 = PCURVE('',#15235,#15240);
#15235 = PLANE('',#15236);
#15236 = AXIS2_PLACEMENT_3D('',#15237,#15238,#15239);
#15237 = CARTESIAN_POINT('',(45.037150932483,-23.307928687,
    -13.45683890169));
#15238 = DIRECTION('',(-1.745240643728E-02,-0.865893503921,
    -0.499923847578));
#15239 = DIRECTION('',(0.999847695156,-1.511422733186E-02,
    -8.726203218642E-03));
#15240 = DEFINITIONAL_REPRESENTATION('',(#15241),#15245);
#15241 = LINE('',#15242,#15243);
#15242 = CARTESIAN_POINT('',(-3.,-9.));
#15243 = VECTOR('',#15244,1.);
#15244 = DIRECTION('',(-5.391782524599E-33,1.));
#15245 = ( GEOMETRIC_REPRESENTATION_CONTEXT(2) 
PARAMETRIC_REPRESENTATION_CONTEXT() REPRESENTATION_CONTEXT('2D SPACE',''
  ) );
#15246 = ORIENTED_EDGE('',*,*,#15247,.F.);
#15247 = EDGE_CURVE('',#12108,#15220,#15248,.T.);
#15248 = SURFACE_CURVE('',#15249,(#15253,#15260),.PCURVE_S1.);
#15249 = LINE('',#15250,#15251);
#15250 = CARTESIAN_POINT('',(42.072512659888,-26.03079899716,
    -4.63658396282));
#15251 = VECTOR('',#15252,1.);
#15252 = DIRECTION('',(-1.745240643728E-02,-0.865893503921,
    -0.499923847578));
#15253 = PCURVE('',#12123,#15254);
#15254 = DEFINITIONAL_REPRESENTATION('',(#15255),#15259);
#15255 = LINE('',#15256,#15257);
#15256 = CARTESIAN_POINT('',(18.,0.));
#15257 = VECTOR('',#15258,1.);
#15258 = DIRECTION('',(0.,-1.));
#15259 = ( GEOMETRIC_REPRESENTATION_CONTEXT(2) 
PARAMETRIC_REPRESENTATION_CONTEXT() REPRESENTATION_CONTEXT('2D SPACE',''
  ) );
#15260 = PCURVE('',#12207,#15261);
#15261 = DEFINITIONAL_REPRESENTATION('',(#15262),#15266);
#15262 = LINE('',#15263,#15264);
#15263 = CARTESIAN_POINT('',(0.,0.));
#15264 = VECTOR('',#15265,1.);
#15265 = DIRECTION('',(-6.938893903907E-18,-1.));
#15266 = ( GEOMETRIC_REPRESENTATION_CONTEXT(2) 
PARAMETRIC_REPRESENTATION_CONTEXT() REPRESENTATION_CONTEXT('2D SPACE',''
  ) );
#15267 = ORIENTED_EDGE('',*,*,#12105,.F.);
#15268 = ADVANCED_FACE('',(#15269),#12207,.F.);
#15269 = FACE_BOUND('',#15270,.F.);
#15270 = EDGE_LOOP('',(#15271,#15272,#15295,#15316));
#15271 = ORIENTED_EDGE('',*,*,#15247,.T.);
#15272 = ORIENTED_EDGE('',*,*,#15273,.T.);
#15273 = EDGE_CURVE('',#15220,#15274,#15276,.T.);
#15274 = VERTEX_POINT('',#15275);
#15275 = CARTESIAN_POINT('',(48.036694017952,-27.85327136899,
    -5.688788877289));
#15276 = SURFACE_CURVE('',#15277,(#15281,#15288),.PCURVE_S1.);
#15277 = LINE('',#15278,#15279);
#15278 = CARTESIAN_POINT('',(42.037607847013,-27.762586005,
    -5.636431657977));
#15279 = VECTOR('',#15280,1.);
#15280 = DIRECTION('',(0.999847695156,-1.511422733186E-02,
    -8.726203218642E-03));
#15281 = PCURVE('',#12207,#15282);
#15282 = DEFINITIONAL_REPRESENTATION('',(#15283),#15287);
#15283 = LINE('',#15284,#15285);
#15284 = CARTESIAN_POINT('',(1.457167719821E-15,-2.));
#15285 = VECTOR('',#15286,1.);
#15286 = DIRECTION('',(1.,3.469446951954E-18));
#15287 = ( GEOMETRIC_REPRESENTATION_CONTEXT(2) 
PARAMETRIC_REPRESENTATION_CONTEXT() REPRESENTATION_CONTEXT('2D SPACE',''
  ) );
#15288 = PCURVE('',#15235,#15289);
#15289 = DEFINITIONAL_REPRESENTATION('',(#15290),#15294);
#15290 = LINE('',#15291,#15292);
#15291 = CARTESIAN_POINT('',(-3.,9.));
#15292 = VECTOR('',#15293,1.);
#15293 = DIRECTION('',(1.,0.));
#15294 = ( GEOMETRIC_REPRESENTATION_CONTEXT(2) 
PARAMETRIC_REPRESENTATION_CONTEXT() REPRESENTATION_CONTEXT('2D SPACE',''
  ) );
#15295 = ORIENTED_EDGE('',*,*,#15296,.F.);
#15296 = EDGE_CURVE('',#12165,#15274,#15297,.T.);
#15297 = SURFACE_CURVE('',#15298,(#15302,#15309),.PCURVE_S1.);
#15298 = LINE('',#15299,#15300);
#15299 = CARTESIAN_POINT('',(48.071598830826,-26.12148436115,
    -4.688941182132));
#15300 = VECTOR('',#15301,1.);
#15301 = DIRECTION('',(-1.745240643728E-02,-0.865893503921,
    -0.499923847578));
#15302 = PCURVE('',#12207,#15303);
#15303 = DEFINITIONAL_REPRESENTATION('',(#15304),#15308);
#15304 = LINE('',#15305,#15306);
#15305 = CARTESIAN_POINT('',(6.,6.106226635438E-16));
#15306 = VECTOR('',#15307,1.);
#15307 = DIRECTION('',(-6.938893903907E-18,-1.));
#15308 = ( GEOMETRIC_REPRESENTATION_CONTEXT(2) 
PARAMETRIC_REPRESENTATION_CONTEXT() REPRESENTATION_CONTEXT('2D SPACE',''
  ) );
#15309 = PCURVE('',#12180,#15310);
#15310 = DEFINITIONAL_REPRESENTATION('',(#15311),#15315);
#15311 = LINE('',#15312,#15313);
#15312 = CARTESIAN_POINT('',(0.,0.));
#15313 = VECTOR('',#15314,1.);
#15314 = DIRECTION('',(0.,-1.));
#15315 = ( GEOMETRIC_REPRESENTATION_CONTEXT(2) 
PARAMETRIC_REPRESENTATION_CONTEXT() REPRESENTATION_CONTEXT('2D SPACE',''
  ) );
#15316 = ORIENTED_EDGE('',*,*,#12192,.F.);
#15317 = ADVANCED_FACE('',(#15318),#12180,.F.);
#15318 = FACE_BOUND('',#15319,.F.);
#15319 = EDGE_LOOP('',(#15320,#15321,#15344,#15365));
#15320 = ORIENTED_EDGE('',*,*,#15296,.T.);
#15321 = ORIENTED_EDGE('',*,*,#15322,.T.);
#15322 = EDGE_CURVE('',#15274,#15323,#15325,.T.);
#15323 = VERTEX_POINT('',#15324);
#15324 = CARTESIAN_POINT('',(48.036694017952,-18.85327136899,
    -21.2772461454));
#15325 = SURFACE_CURVE('',#15326,(#15330,#15337),.PCURVE_S1.);
#15326 = LINE('',#15327,#15328);
#15327 = CARTESIAN_POINT('',(48.036694017952,-27.85327136899,
    -5.688788877289));
#15328 = VECTOR('',#15329,1.);
#15329 = DIRECTION('',(9.688031730894E-19,0.5,-0.866025403784));
#15330 = PCURVE('',#12180,#15331);
#15331 = DEFINITIONAL_REPRESENTATION('',(#15332),#15336);
#15332 = LINE('',#15333,#15334);
#15333 = CARTESIAN_POINT('',(0.,-2.));
#15334 = VECTOR('',#15335,1.);
#15335 = DIRECTION('',(1.,5.551115123126E-17));
#15336 = ( GEOMETRIC_REPRESENTATION_CONTEXT(2) 
PARAMETRIC_REPRESENTATION_CONTEXT() REPRESENTATION_CONTEXT('2D SPACE',''
  ) );
#15337 = PCURVE('',#15235,#15338);
#15338 = DEFINITIONAL_REPRESENTATION('',(#15339),#15343);
#15339 = LINE('',#15340,#15341);
#15340 = CARTESIAN_POINT('',(3.,9.));
#15341 = VECTOR('',#15342,1.);
#15342 = DIRECTION('',(5.391782524599E-33,-1.));
#15343 = ( GEOMETRIC_REPRESENTATION_CONTEXT(2) 
PARAMETRIC_REPRESENTATION_CONTEXT() REPRESENTATION_CONTEXT('2D SPACE',''
  ) );
#15344 = ORIENTED_EDGE('',*,*,#15345,.F.);
#15345 = EDGE_CURVE('',#12136,#15323,#15346,.T.);
#15346 = SURFACE_CURVE('',#15347,(#15351,#15358),.PCURVE_S1.);
#15347 = LINE('',#15348,#15349);
#15348 = CARTESIAN_POINT('',(48.071598830826,-17.12148436115,
    -20.27739845025));
#15349 = VECTOR('',#15350,1.);
#15350 = DIRECTION('',(-1.745240643728E-02,-0.865893503921,
    -0.499923847578));
#15351 = PCURVE('',#12180,#15352);
#15352 = DEFINITIONAL_REPRESENTATION('',(#15353),#15357);
#15353 = LINE('',#15354,#15355);
#15354 = CARTESIAN_POINT('',(18.,0.));
#15355 = VECTOR('',#15356,1.);
#15356 = DIRECTION('',(0.,-1.));
#15357 = ( GEOMETRIC_REPRESENTATION_CONTEXT(2) 
PARAMETRIC_REPRESENTATION_CONTEXT() REPRESENTATION_CONTEXT('2D SPACE',''
  ) );
#15358 = PCURVE('',#12152,#15359);
#15359 = DEFINITIONAL_REPRESENTATION('',(#15360),#15364);
#15360 = LINE('',#15361,#15362);
#15361 = CARTESIAN_POINT('',(0.,0.));
#15362 = VECTOR('',#15363,1.);
#15363 = DIRECTION('',(6.938893903907E-18,-1.));
#15364 = ( GEOMETRIC_REPRESENTATION_CONTEXT(2) 
PARAMETRIC_REPRESENTATION_CONTEXT() REPRESENTATION_CONTEXT('2D SPACE',''
  ) );
#15365 = ORIENTED_EDGE('',*,*,#12164,.F.);
#15366 = ADVANCED_FACE('',(#15367),#12152,.F.);
#15367 = FACE_BOUND('',#15368,.F.);
#15368 = EDGE_LOOP('',(#15369,#15370,#15391,#15392));
#15369 = ORIENTED_EDGE('',*,*,#15345,.T.);
#15370 = ORIENTED_EDGE('',*,*,#15371,.T.);
#15371 = EDGE_CURVE('',#15323,#15197,#15372,.T.);
#15372 = SURFACE_CURVE('',#15373,(#15377,#15384),.PCURVE_S1.);
#15373 = LINE('',#15374,#15375);
#15374 = CARTESIAN_POINT('',(48.036694017952,-18.85327136899,
    -21.2772461454));
#15375 = VECTOR('',#15376,1.);
#15376 = DIRECTION('',(-0.999847695156,1.511422733186E-02,
    8.726203218642E-03));
#15377 = PCURVE('',#12152,#15378);
#15378 = DEFINITIONAL_REPRESENTATION('',(#15379),#15383);
#15379 = LINE('',#15380,#15381);
#15380 = CARTESIAN_POINT('',(-1.457167719821E-15,-2.));
#15381 = VECTOR('',#15382,1.);
#15382 = DIRECTION('',(1.,-3.469446951954E-18));
#15383 = ( GEOMETRIC_REPRESENTATION_CONTEXT(2) 
PARAMETRIC_REPRESENTATION_CONTEXT() REPRESENTATION_CONTEXT('2D SPACE',''
  ) );
#15384 = PCURVE('',#15235,#15385);
#15385 = DEFINITIONAL_REPRESENTATION('',(#15386),#15390);
#15386 = LINE('',#15387,#15388);
#15387 = CARTESIAN_POINT('',(3.,-9.));
#15388 = VECTOR('',#15389,1.);
#15389 = DIRECTION('',(-1.,0.));
#15390 = ( GEOMETRIC_REPRESENTATION_CONTEXT(2) 
PARAMETRIC_REPRESENTATION_CONTEXT() REPRESENTATION_CONTEXT('2D SPACE',''
  ) );
#15391 = ORIENTED_EDGE('',*,*,#15196,.F.);
#15392 = ORIENTED_EDGE('',*,*,#12135,.F.);
#15393 = ADVANCED_FACE('',(#15394),#12359,.F.);
#15394 = FACE_BOUND('',#15395,.F.);
#15395 = EDGE_LOOP('',(#15396,#15419,#15447,#15468));
#15396 = ORIENTED_EDGE('',*,*,#15397,.T.);
#15397 = EDGE_CURVE('',#12342,#15398,#15400,.T.);
#15398 = VERTEX_POINT('',#15399);
#15399 = CARTESIAN_POINT('',(42.037607847013,-27.762586005,
    5.636431657977));
#15400 = SURFACE_CURVE('',#15401,(#15405,#15412),.PCURVE_S1.);
#15401 = LINE('',#15402,#15403);
#15402 = CARTESIAN_POINT('',(42.072512659888,-26.03079899716,
    4.63658396282));
#15403 = VECTOR('',#15404,1.);
#15404 = DIRECTION('',(-1.745240643728E-02,-0.865893503921,
    0.499923847578));
#15405 = PCURVE('',#12359,#15406);
#15406 = DEFINITIONAL_REPRESENTATION('',(#15407),#15411);
#15407 = LINE('',#15408,#15409);
#15408 = CARTESIAN_POINT('',(0.,0.));
#15409 = VECTOR('',#15410,1.);
#15410 = DIRECTION('',(0.,-1.));
#15411 = ( GEOMETRIC_REPRESENTATION_CONTEXT(2) 
PARAMETRIC_REPRESENTATION_CONTEXT() REPRESENTATION_CONTEXT('2D SPACE',''
  ) );
#15412 = PCURVE('',#12388,#15413);
#15413 = DEFINITIONAL_REPRESENTATION('',(#15414),#15418);
#15414 = LINE('',#15415,#15416);
#15415 = CARTESIAN_POINT('',(6.,-5.96744875736E-16));
#15416 = VECTOR('',#15417,1.);
#15417 = DIRECTION('',(0.,-1.));
#15418 = ( GEOMETRIC_REPRESENTATION_CONTEXT(2) 
PARAMETRIC_REPRESENTATION_CONTEXT() REPRESENTATION_CONTEXT('2D SPACE',''
  ) );
#15419 = ORIENTED_EDGE('',*,*,#15420,.T.);
#15420 = EDGE_CURVE('',#15398,#15421,#15423,.T.);
#15421 = VERTEX_POINT('',#15422);
#15422 = CARTESIAN_POINT('',(42.037607847013,-18.762586005,
    21.224888926097));
#15423 = SURFACE_CURVE('',#15424,(#15428,#15435),.PCURVE_S1.);
#15424 = LINE('',#15425,#15426);
#15425 = CARTESIAN_POINT('',(42.037607847013,-27.762586005,
    5.636431657977));
#15426 = VECTOR('',#15427,1.);
#15427 = DIRECTION('',(0.,0.5,0.866025403784));
#15428 = PCURVE('',#12359,#15429);
#15429 = DEFINITIONAL_REPRESENTATION('',(#15430),#15434);
#15430 = LINE('',#15431,#15432);
#15431 = CARTESIAN_POINT('',(0.,-2.));
#15432 = VECTOR('',#15433,1.);
#15433 = DIRECTION('',(1.,0.));
#15434 = ( GEOMETRIC_REPRESENTATION_CONTEXT(2) 
PARAMETRIC_REPRESENTATION_CONTEXT() REPRESENTATION_CONTEXT('2D SPACE',''
  ) );
#15435 = PCURVE('',#15436,#15441);
#15436 = PLANE('',#15437);
#15437 = AXIS2_PLACEMENT_3D('',#15438,#15439,#15440);
#15438 = CARTESIAN_POINT('',(45.037150932483,-23.307928687,
    13.456838901693));
#15439 = DIRECTION('',(-1.745240643728E-02,-0.865893503921,
    0.499923847578));
#15440 = DIRECTION('',(0.999847695156,-1.511422733186E-02,
    8.726203218642E-03));
#15441 = DEFINITIONAL_REPRESENTATION('',(#15442),#15446);
#15442 = LINE('',#15443,#15444);
#15443 = CARTESIAN_POINT('',(-3.,-9.));
#15444 = VECTOR('',#15445,1.);
#15445 = DIRECTION('',(0.,1.));
#15446 = ( GEOMETRIC_REPRESENTATION_CONTEXT(2) 
PARAMETRIC_REPRESENTATION_CONTEXT() REPRESENTATION_CONTEXT('2D SPACE',''
  ) );
#15447 = ORIENTED_EDGE('',*,*,#15448,.F.);
#15448 = EDGE_CURVE('',#12344,#15421,#15449,.T.);
#15449 = SURFACE_CURVE('',#15450,(#15454,#15461),.PCURVE_S1.);
#15450 = LINE('',#15451,#15452);
#15451 = CARTESIAN_POINT('',(42.072512659888,-17.03079899716,
    20.22504123094));
#15452 = VECTOR('',#15453,1.);
#15453 = DIRECTION('',(-1.745240643728E-02,-0.865893503921,
    0.499923847578));
#15454 = PCURVE('',#12359,#15455);
#15455 = DEFINITIONAL_REPRESENTATION('',(#15456),#15460);
#15456 = LINE('',#15457,#15458);
#15457 = CARTESIAN_POINT('',(18.,0.));
#15458 = VECTOR('',#15459,1.);
#15459 = DIRECTION('',(0.,-1.));
#15460 = ( GEOMETRIC_REPRESENTATION_CONTEXT(2) 
PARAMETRIC_REPRESENTATION_CONTEXT() REPRESENTATION_CONTEXT('2D SPACE',''
  ) );
#15461 = PCURVE('',#12443,#15462);
#15462 = DEFINITIONAL_REPRESENTATION('',(#15463),#15467);
#15463 = LINE('',#15464,#15465);
#15464 = CARTESIAN_POINT('',(0.,0.));
#15465 = VECTOR('',#15466,1.);
#15466 = DIRECTION('',(0.,-1.));
#15467 = ( GEOMETRIC_REPRESENTATION_CONTEXT(2) 
PARAMETRIC_REPRESENTATION_CONTEXT() REPRESENTATION_CONTEXT('2D SPACE',''
  ) );
#15468 = ORIENTED_EDGE('',*,*,#12341,.F.);
#15469 = ADVANCED_FACE('',(#15470),#12443,.F.);
#15470 = FACE_BOUND('',#15471,.F.);
#15471 = EDGE_LOOP('',(#15472,#15473,#15496,#15517));
#15472 = ORIENTED_EDGE('',*,*,#15448,.T.);
#15473 = ORIENTED_EDGE('',*,*,#15474,.T.);
#15474 = EDGE_CURVE('',#15421,#15475,#15477,.T.);
#15475 = VERTEX_POINT('',#15476);
#15476 = CARTESIAN_POINT('',(48.036694017952,-18.85327136899,
    21.277246145409));
#15477 = SURFACE_CURVE('',#15478,(#15482,#15489),.PCURVE_S1.);
#15478 = LINE('',#15479,#15480);
#15479 = CARTESIAN_POINT('',(42.037607847013,-18.762586005,
    21.224888926097));
#15480 = VECTOR('',#15481,1.);
#15481 = DIRECTION('',(0.999847695156,-1.511422733186E-02,
    8.726203218642E-03));
#15482 = PCURVE('',#12443,#15483);
#15483 = DEFINITIONAL_REPRESENTATION('',(#15484),#15488);
#15484 = LINE('',#15485,#15486);
#15485 = CARTESIAN_POINT('',(1.408595462493E-15,-2.));
#15486 = VECTOR('',#15487,1.);
#15487 = DIRECTION('',(1.,0.));
#15488 = ( GEOMETRIC_REPRESENTATION_CONTEXT(2) 
PARAMETRIC_REPRESENTATION_CONTEXT() REPRESENTATION_CONTEXT('2D SPACE',''
  ) );
#15489 = PCURVE('',#15436,#15490);
#15490 = DEFINITIONAL_REPRESENTATION('',(#15491),#15495);
#15491 = LINE('',#15492,#15493);
#15492 = CARTESIAN_POINT('',(-3.,9.));
#15493 = VECTOR('',#15494,1.);
#15494 = DIRECTION('',(1.,0.));
#15495 = ( GEOMETRIC_REPRESENTATION_CONTEXT(2) 
PARAMETRIC_REPRESENTATION_CONTEXT() REPRESENTATION_CONTEXT('2D SPACE',''
  ) );
#15496 = ORIENTED_EDGE('',*,*,#15497,.F.);
#15497 = EDGE_CURVE('',#12401,#15475,#15498,.T.);
#15498 = SURFACE_CURVE('',#15499,(#15503,#15510),.PCURVE_S1.);
#15499 = LINE('',#15500,#15501);
#15500 = CARTESIAN_POINT('',(48.071598830826,-17.12148436115,
    20.277398450252));
#15501 = VECTOR('',#15502,1.);
#15502 = DIRECTION('',(-1.745240643728E-02,-0.865893503921,
    0.499923847578));
#15503 = PCURVE('',#12443,#15504);
#15504 = DEFINITIONAL_REPRESENTATION('',(#15505),#15509);
#15505 = LINE('',#15506,#15507);
#15506 = CARTESIAN_POINT('',(6.,5.96744875736E-16));
#15507 = VECTOR('',#15508,1.);
#15508 = DIRECTION('',(0.,-1.));
#15509 = ( GEOMETRIC_REPRESENTATION_CONTEXT(2) 
PARAMETRIC_REPRESENTATION_CONTEXT() REPRESENTATION_CONTEXT('2D SPACE',''
  ) );
#15510 = PCURVE('',#12416,#15511);
#15511 = DEFINITIONAL_REPRESENTATION('',(#15512),#15516);
#15512 = LINE('',#15513,#15514);
#15513 = CARTESIAN_POINT('',(0.,0.));
#15514 = VECTOR('',#15515,1.);
#15515 = DIRECTION('',(0.,-1.));
#15516 = ( GEOMETRIC_REPRESENTATION_CONTEXT(2) 
PARAMETRIC_REPRESENTATION_CONTEXT() REPRESENTATION_CONTEXT('2D SPACE',''
  ) );
#15517 = ORIENTED_EDGE('',*,*,#12428,.F.);
#15518 = ADVANCED_FACE('',(#15519),#12416,.F.);
#15519 = FACE_BOUND('',#15520,.F.);
#15520 = EDGE_LOOP('',(#15521,#15522,#15545,#15566));
#15521 = ORIENTED_EDGE('',*,*,#15497,.T.);
#15522 = ORIENTED_EDGE('',*,*,#15523,.T.);
#15523 = EDGE_CURVE('',#15475,#15524,#15526,.T.);
#15524 = VERTEX_POINT('',#15525);
#15525 = CARTESIAN_POINT('',(48.036694017952,-27.85327136899,
    5.688788877289));
#15526 = SURFACE_CURVE('',#15527,(#15531,#15538),.PCURVE_S1.);
#15527 = LINE('',#15528,#15529);
#15528 = CARTESIAN_POINT('',(48.036694017952,-18.85327136899,
    21.277246145409));
#15529 = VECTOR('',#15530,1.);
#15530 = DIRECTION('',(0.,-0.5,-0.866025403784));
#15531 = PCURVE('',#12416,#15532);
#15532 = DEFINITIONAL_REPRESENTATION('',(#15533),#15537);
#15533 = LINE('',#15534,#15535);
#15534 = CARTESIAN_POINT('',(0.,-2.));
#15535 = VECTOR('',#15536,1.);
#15536 = DIRECTION('',(1.,0.));
#15537 = ( GEOMETRIC_REPRESENTATION_CONTEXT(2) 
PARAMETRIC_REPRESENTATION_CONTEXT() REPRESENTATION_CONTEXT('2D SPACE',''
  ) );
#15538 = PCURVE('',#15436,#15539);
#15539 = DEFINITIONAL_REPRESENTATION('',(#15540),#15544);
#15540 = LINE('',#15541,#15542);
#15541 = CARTESIAN_POINT('',(3.,9.));
#15542 = VECTOR('',#15543,1.);
#15543 = DIRECTION('',(0.,-1.));
#15544 = ( GEOMETRIC_REPRESENTATION_CONTEXT(2) 
PARAMETRIC_REPRESENTATION_CONTEXT() REPRESENTATION_CONTEXT('2D SPACE',''
  ) );
#15545 = ORIENTED_EDGE('',*,*,#15546,.F.);
#15546 = EDGE_CURVE('',#12372,#15524,#15547,.T.);
#15547 = SURFACE_CURVE('',#15548,(#15552,#15559),.PCURVE_S1.);
#15548 = LINE('',#15549,#15550);
#15549 = CARTESIAN_POINT('',(48.071598830826,-26.12148436115,
    4.688941182132));
#15550 = VECTOR('',#15551,1.);
#15551 = DIRECTION('',(-1.745240643728E-02,-0.865893503921,
    0.499923847578));
#15552 = PCURVE('',#12416,#15553);
#15553 = DEFINITIONAL_REPRESENTATION('',(#15554),#15558);
#15554 = LINE('',#15555,#15556);
#15555 = CARTESIAN_POINT('',(18.,0.));
#15556 = VECTOR('',#15557,1.);
#15557 = DIRECTION('',(0.,-1.));
#15558 = ( GEOMETRIC_REPRESENTATION_CONTEXT(2) 
PARAMETRIC_REPRESENTATION_CONTEXT() REPRESENTATION_CONTEXT('2D SPACE',''
  ) );
#15559 = PCURVE('',#12388,#15560);
#15560 = DEFINITIONAL_REPRESENTATION('',(#15561),#15565);
#15561 = LINE('',#15562,#15563);
#15562 = CARTESIAN_POINT('',(0.,0.));
#15563 = VECTOR('',#15564,1.);
#15564 = DIRECTION('',(0.,-1.));
#15565 = ( GEOMETRIC_REPRESENTATION_CONTEXT(2) 
PARAMETRIC_REPRESENTATION_CONTEXT() REPRESENTATION_CONTEXT('2D SPACE',''
  ) );
#15566 = ORIENTED_EDGE('',*,*,#12400,.F.);
#15567 = ADVANCED_FACE('',(#15568),#12388,.F.);
#15568 = FACE_BOUND('',#15569,.F.);
#15569 = EDGE_LOOP('',(#15570,#15571,#15592,#15593));
#15570 = ORIENTED_EDGE('',*,*,#15546,.T.);
#15571 = ORIENTED_EDGE('',*,*,#15572,.T.);
#15572 = EDGE_CURVE('',#15524,#15398,#15573,.T.);
#15573 = SURFACE_CURVE('',#15574,(#15578,#15585),.PCURVE_S1.);
#15574 = LINE('',#15575,#15576);
#15575 = CARTESIAN_POINT('',(48.036694017952,-27.85327136899,
    5.688788877289));
#15576 = VECTOR('',#15577,1.);
#15577 = DIRECTION('',(-0.999847695156,1.511422733186E-02,
    -8.726203218642E-03));
#15578 = PCURVE('',#12388,#15579);
#15579 = DEFINITIONAL_REPRESENTATION('',(#15580),#15584);
#15580 = LINE('',#15581,#15582);
#15581 = CARTESIAN_POINT('',(-1.408595462493E-15,-2.));
#15582 = VECTOR('',#15583,1.);
#15583 = DIRECTION('',(1.,0.));
#15584 = ( GEOMETRIC_REPRESENTATION_CONTEXT(2) 
PARAMETRIC_REPRESENTATION_CONTEXT() REPRESENTATION_CONTEXT('2D SPACE',''
  ) );
#15585 = PCURVE('',#15436,#15586);
#15586 = DEFINITIONAL_REPRESENTATION('',(#15587),#15591);
#15587 = LINE('',#15588,#15589);
#15588 = CARTESIAN_POINT('',(3.,-9.));
#15589 = VECTOR('',#15590,1.);
#15590 = DIRECTION('',(-1.,0.));
#15591 = ( GEOMETRIC_REPRESENTATION_CONTEXT(2) 
PARAMETRIC_REPRESENTATION_CONTEXT() REPRESENTATION_CONTEXT('2D SPACE',''
  ) );
#15592 = ORIENTED_EDGE('',*,*,#15397,.F.);
#15593 = ORIENTED_EDGE('',*,*,#12371,.F.);
#15594 = ADVANCED_FACE('',(#15595),#12643,.F.);
#15595 = FACE_BOUND('',#15596,.F.);
#15596 = EDGE_LOOP('',(#15597,#15625,#15626));
#15597 = ORIENTED_EDGE('',*,*,#15598,.F.);
#15598 = EDGE_CURVE('',#12628,#15599,#15601,.T.);
#15599 = VERTEX_POINT('',#15600);
#15600 = CARTESIAN_POINT('',(42.274063379858,-17.78011164762,
    0.126952599436));
#15601 = SURFACE_CURVE('',#15602,(#15606,#15613),.PCURVE_S1.);
#15602 = LINE('',#15603,#15604);
#15603 = CARTESIAN_POINT('',(42.308968192733,-19.51189865546,
    -0.87289509572));
#15604 = VECTOR('',#15605,1.);
#15605 = DIRECTION('',(-1.745240643728E-02,0.865893503921,0.499923847578
    ));
#15606 = PCURVE('',#12643,#15607);
#15607 = DEFINITIONAL_REPRESENTATION('',(#15608),#15612);
#15608 = LINE('',#15609,#15610);
#15609 = CARTESIAN_POINT('',(6.,-1.484923295436E-15));
#15610 = VECTOR('',#15611,1.);
#15611 = DIRECTION('',(6.938893903907E-18,-1.));
#15612 = ( GEOMETRIC_REPRESENTATION_CONTEXT(2) 
PARAMETRIC_REPRESENTATION_CONTEXT() REPRESENTATION_CONTEXT('2D SPACE',''
  ) );
#15613 = PCURVE('',#15614,#15619);
#15614 = PLANE('',#15615);
#15615 = AXIS2_PLACEMENT_3D('',#15616,#15617,#15618);
#15616 = CARTESIAN_POINT('',(42.308968192733,-19.51189865546,
    -0.87289509572));
#15617 = DIRECTION('',(-0.999847695156,-1.511422733186E-02,
    -8.726203218642E-03));
#15618 = DIRECTION('',(0.,0.5,-0.866025403784));
#15619 = DEFINITIONAL_REPRESENTATION('',(#15620),#15624);
#15620 = LINE('',#15621,#15622);
#15621 = CARTESIAN_POINT('',(0.,0.));
#15622 = VECTOR('',#15623,1.);
#15623 = DIRECTION('',(0.,-1.));
#15624 = ( GEOMETRIC_REPRESENTATION_CONTEXT(2) 
PARAMETRIC_REPRESENTATION_CONTEXT() REPRESENTATION_CONTEXT('2D SPACE',''
  ) );
#15625 = ORIENTED_EDGE('',*,*,#12627,.T.);
#15626 = ORIENTED_EDGE('',*,*,#15627,.T.);
#15627 = EDGE_CURVE('',#12600,#15599,#15628,.T.);
#15628 = SURFACE_CURVE('',#15629,(#15633,#15640),.PCURVE_S1.);
#15629 = LINE('',#15630,#15631);
#15630 = CARTESIAN_POINT('',(48.273149550796,-17.68942628363,
    0.179309818748));
#15631 = VECTOR('',#15632,1.);
#15632 = DIRECTION('',(-0.999847695156,-1.511422733186E-02,
    -8.726203218642E-03));
#15633 = PCURVE('',#12643,#15634);
#15634 = DEFINITIONAL_REPRESENTATION('',(#15635),#15639);
#15635 = LINE('',#15636,#15637);
#15636 = CARTESIAN_POINT('',(-1.630640067418E-15,-2.));
#15637 = VECTOR('',#15638,1.);
#15638 = DIRECTION('',(1.,-3.469446951954E-18));
#15639 = ( GEOMETRIC_REPRESENTATION_CONTEXT(2) 
PARAMETRIC_REPRESENTATION_CONTEXT() REPRESENTATION_CONTEXT('2D SPACE',''
  ) );
#15640 = PCURVE('',#12615,#15641);
#15641 = DEFINITIONAL_REPRESENTATION('',(#15642),#15646);
#15642 = LINE('',#15643,#15644);
#15643 = CARTESIAN_POINT('',(3.,9.));
#15644 = VECTOR('',#15645,1.);
#15645 = DIRECTION('',(-1.,-8.673617379884E-19));
#15646 = ( GEOMETRIC_REPRESENTATION_CONTEXT(2) 
PARAMETRIC_REPRESENTATION_CONTEXT() REPRESENTATION_CONTEXT('2D SPACE',''
  ) );
#15647 = ADVANCED_FACE('',(#15648),#12615,.T.);
#15648 = FACE_BOUND('',#15649,.T.);
#15649 = EDGE_LOOP('',(#15650,#15651,#15672));
#15650 = ORIENTED_EDGE('',*,*,#15627,.T.);
#15651 = ORIENTED_EDGE('',*,*,#15652,.T.);
#15652 = EDGE_CURVE('',#15599,#12572,#15653,.T.);
#15653 = SURFACE_CURVE('',#15654,(#15658,#15665),.PCURVE_S1.);
#15654 = LINE('',#15655,#15656);
#15655 = CARTESIAN_POINT('',(42.274063379858,-17.78011164762,
    0.126952599436));
#15656 = VECTOR('',#15657,1.);
#15657 = DIRECTION('',(-1.836032807684E-18,0.5,-0.866025403784));
#15658 = PCURVE('',#12615,#15659);
#15659 = DEFINITIONAL_REPRESENTATION('',(#15660),#15664);
#15660 = LINE('',#15661,#15662);
#15661 = CARTESIAN_POINT('',(-3.,9.));
#15662 = VECTOR('',#15663,1.);
#15663 = DIRECTION('',(-8.673617379884E-19,-1.));
#15664 = ( GEOMETRIC_REPRESENTATION_CONTEXT(2) 
PARAMETRIC_REPRESENTATION_CONTEXT() REPRESENTATION_CONTEXT('2D SPACE',''
  ) );
#15665 = PCURVE('',#15614,#15666);
#15666 = DEFINITIONAL_REPRESENTATION('',(#15667),#15671);
#15667 = LINE('',#15668,#15669);
#15668 = CARTESIAN_POINT('',(-0.,-2.));
#15669 = VECTOR('',#15670,1.);
#15670 = DIRECTION('',(1.,-5.551115123126E-17));
#15671 = ( GEOMETRIC_REPRESENTATION_CONTEXT(2) 
PARAMETRIC_REPRESENTATION_CONTEXT() REPRESENTATION_CONTEXT('2D SPACE',''
  ) );
#15672 = ORIENTED_EDGE('',*,*,#12599,.T.);
#15673 = ADVANCED_FACE('',(#15674),#12587,.T.);
#15674 = FACE_BOUND('',#15675,.T.);
#15675 = EDGE_LOOP('',(#15676,#15697,#15698,#15719));
#15676 = ORIENTED_EDGE('',*,*,#15677,.F.);
#15677 = EDGE_CURVE('',#12544,#12754,#15678,.T.);
#15678 = SURFACE_CURVE('',#15679,(#15683,#15690),.PCURVE_S1.);
#15679 = LINE('',#15680,#15681);
#15680 = CARTESIAN_POINT('',(45.362487592792,-8.822283594286,
    15.280643424085));
#15681 = VECTOR('',#15682,1.);
#15682 = DIRECTION('',(0.999796942338,1.007564008358E-02,
    -1.745152054354E-02));
#15683 = PCURVE('',#12587,#15684);
#15684 = DEFINITIONAL_REPRESENTATION('',(#15685),#15689);
#15685 = LINE('',#15686,#15687);
#15686 = CARTESIAN_POINT('',(8.889466655344E-02,8.822283594286));
#15687 = VECTOR('',#15688,1.);
#15688 = DIRECTION('',(0.99994923945,-1.007564008358E-02));
#15689 = ( GEOMETRIC_REPRESENTATION_CONTEXT(2) 
PARAMETRIC_REPRESENTATION_CONTEXT() REPRESENTATION_CONTEXT('2D SPACE',''
  ) );
#15690 = PCURVE('',#13269,#15691);
#15691 = DEFINITIONAL_REPRESENTATION('',(#15692),#15696);
#15692 = LINE('',#15693,#15694);
#15693 = CARTESIAN_POINT('',(8.889466655344E-02,-8.822283594286));
#15694 = VECTOR('',#15695,1.);
#15695 = DIRECTION('',(0.99994923945,1.007564008358E-02));
#15696 = ( GEOMETRIC_REPRESENTATION_CONTEXT(2) 
PARAMETRIC_REPRESENTATION_CONTEXT() REPRESENTATION_CONTEXT('2D SPACE',''
  ) );
#15697 = ORIENTED_EDGE('',*,*,#12571,.T.);
#15698 = ORIENTED_EDGE('',*,*,#15699,.T.);
#15699 = EDGE_CURVE('',#12572,#12731,#15700,.T.);
#15700 = SURFACE_CURVE('',#15701,(#15705,#15712),.PCURVE_S1.);
#15701 = LINE('',#15702,#15703);
#15702 = CARTESIAN_POINT('',(45.362487592792,-17.64456718857,
    2.22044604925E-15));
#15703 = VECTOR('',#15704,1.);
#15704 = DIRECTION('',(0.999796942338,2.015128016716E-02,
    -2.0032895646E-18));
#15705 = PCURVE('',#12587,#15706);
#15706 = DEFINITIONAL_REPRESENTATION('',(#15707),#15711);
#15707 = LINE('',#15708,#15709);
#15708 = CARTESIAN_POINT('',(8.889466655344E-02,-8.822283594286));
#15709 = VECTOR('',#15710,1.);
#15710 = DIRECTION('',(0.99994923945,1.007564008358E-02));
#15711 = ( GEOMETRIC_REPRESENTATION_CONTEXT(2) 
PARAMETRIC_REPRESENTATION_CONTEXT() REPRESENTATION_CONTEXT('2D SPACE',''
  ) );
#15712 = PCURVE('',#12949,#15713);
#15713 = DEFINITIONAL_REPRESENTATION('',(#15714),#15718);
#15714 = LINE('',#15715,#15716);
#15715 = CARTESIAN_POINT('',(8.889466655344E-02,8.822283594286));
#15716 = VECTOR('',#15717,1.);
#15717 = DIRECTION('',(0.99994923945,-1.007564008358E-02));
#15718 = ( GEOMETRIC_REPRESENTATION_CONTEXT(2) 
PARAMETRIC_REPRESENTATION_CONTEXT() REPRESENTATION_CONTEXT('2D SPACE',''
  ) );
#15719 = ORIENTED_EDGE('',*,*,#12753,.T.);
#15720 = ADVANCED_FACE('',(#15721),#12559,.T.);
#15721 = FACE_BOUND('',#15722,.T.);
#15722 = EDGE_LOOP('',(#15723,#15724,#15752));
#15723 = ORIENTED_EDGE('',*,*,#12543,.F.);
#15724 = ORIENTED_EDGE('',*,*,#15725,.T.);
#15725 = EDGE_CURVE('',#12544,#15726,#15728,.T.);
#15726 = VERTEX_POINT('',#15727);
#15727 = CARTESIAN_POINT('',(42.274063379858,-9.,15.334552069248));
#15728 = SURFACE_CURVE('',#15729,(#15733,#15740),.PCURVE_S1.);
#15729 = LINE('',#15730,#15731);
#15730 = CARTESIAN_POINT('',(42.274063379858,9.,15.334552069248));
#15731 = VECTOR('',#15732,1.);
#15732 = DIRECTION('',(0.,-1.,0.));
#15733 = PCURVE('',#12559,#15734);
#15734 = DEFINITIONAL_REPRESENTATION('',(#15735),#15739);
#15735 = LINE('',#15736,#15737);
#15736 = CARTESIAN_POINT('',(-3.,9.));
#15737 = VECTOR('',#15738,1.);
#15738 = DIRECTION('',(0.,-1.));
#15739 = ( GEOMETRIC_REPRESENTATION_CONTEXT(2) 
PARAMETRIC_REPRESENTATION_CONTEXT() REPRESENTATION_CONTEXT('2D SPACE',''
  ) );
#15740 = PCURVE('',#15741,#15746);
#15741 = PLANE('',#15742);
#15742 = AXIS2_PLACEMENT_3D('',#15743,#15744,#15745);
#15743 = CARTESIAN_POINT('',(42.308968192733,9.,17.334247459561));
#15744 = DIRECTION('',(-0.999847695156,0.,1.745240643728E-02));
#15745 = DIRECTION('',(0.,-1.,0.));
#15746 = DEFINITIONAL_REPRESENTATION('',(#15747),#15751);
#15747 = LINE('',#15748,#15749);
#15748 = CARTESIAN_POINT('',(-0.,-2.));
#15749 = VECTOR('',#15750,1.);
#15750 = DIRECTION('',(1.,0.));
#15751 = ( GEOMETRIC_REPRESENTATION_CONTEXT(2) 
PARAMETRIC_REPRESENTATION_CONTEXT() REPRESENTATION_CONTEXT('2D SPACE',''
  ) );
#15752 = ORIENTED_EDGE('',*,*,#15753,.T.);
#15753 = EDGE_CURVE('',#15726,#12516,#15754,.T.);
#15754 = SURFACE_CURVE('',#15755,(#15759,#15766),.PCURVE_S1.);
#15755 = LINE('',#15756,#15757);
#15756 = CARTESIAN_POINT('',(42.274063379858,-9.,15.334552069248));
#15757 = VECTOR('',#15758,1.);
#15758 = DIRECTION('',(0.999847695156,0.,-1.745240643728E-02));
#15759 = PCURVE('',#12559,#15760);
#15760 = DEFINITIONAL_REPRESENTATION('',(#15761),#15765);
#15761 = LINE('',#15762,#15763);
#15762 = CARTESIAN_POINT('',(-3.,-9.));
#15763 = VECTOR('',#15764,1.);
#15764 = DIRECTION('',(1.,0.));
#15765 = ( GEOMETRIC_REPRESENTATION_CONTEXT(2) 
PARAMETRIC_REPRESENTATION_CONTEXT() REPRESENTATION_CONTEXT('2D SPACE',''
  ) );
#15766 = PCURVE('',#12531,#15767);
#15767 = DEFINITIONAL_REPRESENTATION('',(#15768),#15772);
#15768 = LINE('',#15769,#15770);
#15769 = CARTESIAN_POINT('',(1.700029006457E-15,-2.));
#15770 = VECTOR('',#15771,1.);
#15771 = DIRECTION('',(1.,0.));
#15772 = ( GEOMETRIC_REPRESENTATION_CONTEXT(2) 
PARAMETRIC_REPRESENTATION_CONTEXT() REPRESENTATION_CONTEXT('2D SPACE',''
  ) );
#15773 = ADVANCED_FACE('',(#15774),#12531,.F.);
#15774 = FACE_BOUND('',#15775,.F.);
#15775 = EDGE_LOOP('',(#15776,#15777,#15798));
#15776 = ORIENTED_EDGE('',*,*,#12515,.F.);
#15777 = ORIENTED_EDGE('',*,*,#15778,.T.);
#15778 = EDGE_CURVE('',#12493,#15726,#15779,.T.);
#15779 = SURFACE_CURVE('',#15780,(#15784,#15791),.PCURVE_S1.);
#15780 = LINE('',#15781,#15782);
#15781 = CARTESIAN_POINT('',(42.308968192733,-9.,17.334247459561));
#15782 = VECTOR('',#15783,1.);
#15783 = DIRECTION('',(-1.745240643728E-02,-0.,-0.999847695156));
#15784 = PCURVE('',#12531,#15785);
#15785 = DEFINITIONAL_REPRESENTATION('',(#15786),#15790);
#15786 = LINE('',#15787,#15788);
#15787 = CARTESIAN_POINT('',(0.,0.));
#15788 = VECTOR('',#15789,1.);
#15789 = DIRECTION('',(0.,-1.));
#15790 = ( GEOMETRIC_REPRESENTATION_CONTEXT(2) 
PARAMETRIC_REPRESENTATION_CONTEXT() REPRESENTATION_CONTEXT('2D SPACE',''
  ) );
#15791 = PCURVE('',#15741,#15792);
#15792 = DEFINITIONAL_REPRESENTATION('',(#15793),#15797);
#15793 = LINE('',#15794,#15795);
#15794 = CARTESIAN_POINT('',(18.,0.));
#15795 = VECTOR('',#15796,1.);
#15796 = DIRECTION('',(0.,-1.));
#15797 = ( GEOMETRIC_REPRESENTATION_CONTEXT(2) 
PARAMETRIC_REPRESENTATION_CONTEXT() REPRESENTATION_CONTEXT('2D SPACE',''
  ) );
#15798 = ORIENTED_EDGE('',*,*,#15753,.T.);
#15799 = ADVANCED_FACE('',(#15800),#13005,.F.);
#15800 = FACE_BOUND('',#15801,.F.);
#15801 = EDGE_LOOP('',(#15802,#15830,#15831));
#15802 = ORIENTED_EDGE('',*,*,#15803,.F.);
#15803 = EDGE_CURVE('',#12990,#15804,#15806,.T.);
#15804 = VERTEX_POINT('',#15805);
#15805 = CARTESIAN_POINT('',(42.274063379858,-9.,-15.33455206924));
#15806 = SURFACE_CURVE('',#15807,(#15811,#15818),.PCURVE_S1.);
#15807 = LINE('',#15808,#15809);
#15808 = CARTESIAN_POINT('',(42.308968192733,-9.,-17.33424745956));
#15809 = VECTOR('',#15810,1.);
#15810 = DIRECTION('',(-1.745240643728E-02,1.224460279508E-16,
    0.999847695156));
#15811 = PCURVE('',#13005,#15812);
#15812 = DEFINITIONAL_REPRESENTATION('',(#15813),#15817);
#15813 = LINE('',#15814,#15815);
#15814 = CARTESIAN_POINT('',(6.,-1.471045507628E-15));
#15815 = VECTOR('',#15816,1.);
#15816 = DIRECTION('',(0.,-1.));
#15817 = ( GEOMETRIC_REPRESENTATION_CONTEXT(2) 
PARAMETRIC_REPRESENTATION_CONTEXT() REPRESENTATION_CONTEXT('2D SPACE',''
  ) );
#15818 = PCURVE('',#15819,#15824);
#15819 = PLANE('',#15820);
#15820 = AXIS2_PLACEMENT_3D('',#15821,#15822,#15823);
#15821 = CARTESIAN_POINT('',(42.308968192733,-9.,-17.33424745956));
#15822 = DIRECTION('',(-0.999847695156,-2.137303368084E-18,
    -1.745240643728E-02));
#15823 = DIRECTION('',(0.,1.,-1.224646799147E-16));
#15824 = DEFINITIONAL_REPRESENTATION('',(#15825),#15829);
#15825 = LINE('',#15826,#15827);
#15826 = CARTESIAN_POINT('',(0.,0.));
#15827 = VECTOR('',#15828,1.);
#15828 = DIRECTION('',(0.,-1.));
#15829 = ( GEOMETRIC_REPRESENTATION_CONTEXT(2) 
PARAMETRIC_REPRESENTATION_CONTEXT() REPRESENTATION_CONTEXT('2D SPACE',''
  ) );
#15830 = ORIENTED_EDGE('',*,*,#12989,.T.);
#15831 = ORIENTED_EDGE('',*,*,#15832,.T.);
#15832 = EDGE_CURVE('',#12962,#15804,#15833,.T.);
#15833 = SURFACE_CURVE('',#15834,(#15838,#15845),.PCURVE_S1.);
#15834 = LINE('',#15835,#15836);
#15835 = CARTESIAN_POINT('',(48.273149550796,-9.,-15.22983763062));
#15836 = VECTOR('',#15837,1.);
#15837 = DIRECTION('',(-0.999847695156,-2.137303368084E-18,
    -1.745240643728E-02));
#15838 = PCURVE('',#13005,#15839);
#15839 = DEFINITIONAL_REPRESENTATION('',(#15840),#15844);
#15840 = LINE('',#15841,#15842);
#15841 = CARTESIAN_POINT('',(-1.727784582073E-15,-2.));
#15842 = VECTOR('',#15843,1.);
#15843 = DIRECTION('',(1.,0.));
#15844 = ( GEOMETRIC_REPRESENTATION_CONTEXT(2) 
PARAMETRIC_REPRESENTATION_CONTEXT() REPRESENTATION_CONTEXT('2D SPACE',''
  ) );
#15845 = PCURVE('',#12977,#15846);
#15846 = DEFINITIONAL_REPRESENTATION('',(#15847),#15851);
#15847 = LINE('',#15848,#15849);
#15848 = CARTESIAN_POINT('',(3.,9.));
#15849 = VECTOR('',#15850,1.);
#15850 = DIRECTION('',(-1.,0.));
#15851 = ( GEOMETRIC_REPRESENTATION_CONTEXT(2) 
PARAMETRIC_REPRESENTATION_CONTEXT() REPRESENTATION_CONTEXT('2D SPACE',''
  ) );
#15852 = ADVANCED_FACE('',(#15853),#12977,.T.);
#15853 = FACE_BOUND('',#15854,.T.);
#15854 = EDGE_LOOP('',(#15855,#15856,#15877));
#15855 = ORIENTED_EDGE('',*,*,#15832,.T.);
#15856 = ORIENTED_EDGE('',*,*,#15857,.T.);
#15857 = EDGE_CURVE('',#15804,#12934,#15858,.T.);
#15858 = SURFACE_CURVE('',#15859,(#15863,#15870),.PCURVE_S1.);
#15859 = LINE('',#15860,#15861);
#15860 = CARTESIAN_POINT('',(42.274063379858,-9.,-15.33455206924));
#15861 = VECTOR('',#15862,1.);
#15862 = DIRECTION('',(0.,1.,-1.224646799147E-16));
#15863 = PCURVE('',#12977,#15864);
#15864 = DEFINITIONAL_REPRESENTATION('',(#15865),#15869);
#15865 = LINE('',#15866,#15867);
#15866 = CARTESIAN_POINT('',(-3.,9.));
#15867 = VECTOR('',#15868,1.);
#15868 = DIRECTION('',(0.,-1.));
#15869 = ( GEOMETRIC_REPRESENTATION_CONTEXT(2) 
PARAMETRIC_REPRESENTATION_CONTEXT() REPRESENTATION_CONTEXT('2D SPACE',''
  ) );
#15870 = PCURVE('',#15819,#15871);
#15871 = DEFINITIONAL_REPRESENTATION('',(#15872),#15876);
#15872 = LINE('',#15873,#15874);
#15873 = CARTESIAN_POINT('',(-0.,-2.));
#15874 = VECTOR('',#15875,1.);
#15875 = DIRECTION('',(1.,0.));
#15876 = ( GEOMETRIC_REPRESENTATION_CONTEXT(2) 
PARAMETRIC_REPRESENTATION_CONTEXT() REPRESENTATION_CONTEXT('2D SPACE',''
  ) );
#15877 = ORIENTED_EDGE('',*,*,#12961,.T.);
#15878 = ADVANCED_FACE('',(#15879),#12949,.T.);
#15879 = FACE_BOUND('',#15880,.T.);
#15880 = EDGE_LOOP('',(#15881,#15882,#15883,#15904));
#15881 = ORIENTED_EDGE('',*,*,#15699,.F.);
#15882 = ORIENTED_EDGE('',*,*,#12933,.T.);
#15883 = ORIENTED_EDGE('',*,*,#15884,.T.);
#15884 = EDGE_CURVE('',#12934,#13093,#15885,.T.);
#15885 = SURFACE_CURVE('',#15886,(#15890,#15897),.PCURVE_S1.);
#15886 = LINE('',#15887,#15888);
#15887 = CARTESIAN_POINT('',(45.362487592792,-8.822283594286,
    -15.28064342408));
#15888 = VECTOR('',#15889,1.);
#15889 = DIRECTION('',(0.999796942338,1.007564008358E-02,
    1.745152054354E-02));
#15890 = PCURVE('',#12949,#15891);
#15891 = DEFINITIONAL_REPRESENTATION('',(#15892),#15896);
#15892 = LINE('',#15893,#15894);
#15893 = CARTESIAN_POINT('',(8.889466655344E-02,-8.822283594286));
#15894 = VECTOR('',#15895,1.);
#15895 = DIRECTION('',(0.99994923945,1.007564008358E-02));
#15896 = ( GEOMETRIC_REPRESENTATION_CONTEXT(2) 
PARAMETRIC_REPRESENTATION_CONTEXT() REPRESENTATION_CONTEXT('2D SPACE',''
  ) );
#15897 = PCURVE('',#13585,#15898);
#15898 = DEFINITIONAL_REPRESENTATION('',(#15899),#15903);
#15899 = LINE('',#15900,#15901);
#15900 = CARTESIAN_POINT('',(8.889466655344E-02,8.822283594286));
#15901 = VECTOR('',#15902,1.);
#15902 = DIRECTION('',(0.99994923945,-1.007564008358E-02));
#15903 = ( GEOMETRIC_REPRESENTATION_CONTEXT(2) 
PARAMETRIC_REPRESENTATION_CONTEXT() REPRESENTATION_CONTEXT('2D SPACE',''
  ) );
#15904 = ORIENTED_EDGE('',*,*,#13115,.T.);
#15905 = ADVANCED_FACE('',(#15906),#12921,.T.);
#15906 = FACE_BOUND('',#15907,.T.);
#15907 = EDGE_LOOP('',(#15908,#15909,#15937));
#15908 = ORIENTED_EDGE('',*,*,#12907,.F.);
#15909 = ORIENTED_EDGE('',*,*,#15910,.T.);
#15910 = EDGE_CURVE('',#12572,#15911,#15913,.T.);
#15911 = VERTEX_POINT('',#15912);
#15912 = CARTESIAN_POINT('',(42.274063379858,-17.78011164762,
    -0.126952599436));
#15913 = SURFACE_CURVE('',#15914,(#15918,#15925),.PCURVE_S1.);
#15914 = LINE('',#15915,#15916);
#15915 = CARTESIAN_POINT('',(42.274063379858,-8.780111647624,
    15.461504668684));
#15916 = VECTOR('',#15917,1.);
#15917 = DIRECTION('',(0.,-0.5,-0.866025403784));
#15918 = PCURVE('',#12921,#15919);
#15919 = DEFINITIONAL_REPRESENTATION('',(#15920),#15924);
#15920 = LINE('',#15921,#15922);
#15921 = CARTESIAN_POINT('',(-3.,9.));
#15922 = VECTOR('',#15923,1.);
#15923 = DIRECTION('',(0.,-1.));
#15924 = ( GEOMETRIC_REPRESENTATION_CONTEXT(2) 
PARAMETRIC_REPRESENTATION_CONTEXT() REPRESENTATION_CONTEXT('2D SPACE',''
  ) );
#15925 = PCURVE('',#15926,#15931);
#15926 = PLANE('',#15927);
#15927 = AXIS2_PLACEMENT_3D('',#15928,#15929,#15930);
#15928 = CARTESIAN_POINT('',(42.308968192733,-10.51189865546,
    16.46135236384));
#15929 = DIRECTION('',(-0.999847695156,-1.511422733186E-02,
    8.726203218642E-03));
#15930 = DIRECTION('',(0.,-0.5,-0.866025403784));
#15931 = DEFINITIONAL_REPRESENTATION('',(#15932),#15936);
#15932 = LINE('',#15933,#15934);
#15933 = CARTESIAN_POINT('',(-0.,-2.));
#15934 = VECTOR('',#15935,1.);
#15935 = DIRECTION('',(1.,0.));
#15936 = ( GEOMETRIC_REPRESENTATION_CONTEXT(2) 
PARAMETRIC_REPRESENTATION_CONTEXT() REPRESENTATION_CONTEXT('2D SPACE',''
  ) );
#15937 = ORIENTED_EDGE('',*,*,#15938,.T.);
#15938 = EDGE_CURVE('',#15911,#12880,#15939,.T.);
#15939 = SURFACE_CURVE('',#15940,(#15944,#15951),.PCURVE_S1.);
#15940 = LINE('',#15941,#15942);
#15941 = CARTESIAN_POINT('',(42.274063379858,-17.78011164762,
    -0.126952599436));
#15942 = VECTOR('',#15943,1.);
#15943 = DIRECTION('',(0.999847695156,1.511422733186E-02,
    -8.726203218642E-03));
#15944 = PCURVE('',#12921,#15945);
#15945 = DEFINITIONAL_REPRESENTATION('',(#15946),#15950);
#15946 = LINE('',#15947,#15948);
#15947 = CARTESIAN_POINT('',(-3.,-9.));
#15948 = VECTOR('',#15949,1.);
#15949 = DIRECTION('',(1.,0.));
#15950 = ( GEOMETRIC_REPRESENTATION_CONTEXT(2) 
PARAMETRIC_REPRESENTATION_CONTEXT() REPRESENTATION_CONTEXT('2D SPACE',''
  ) );
#15951 = PCURVE('',#12895,#15952);
#15952 = DEFINITIONAL_REPRESENTATION('',(#15953),#15957);
#15953 = LINE('',#15954,#15955);
#15954 = CARTESIAN_POINT('',(1.700029006457E-15,-2.));
#15955 = VECTOR('',#15956,1.);
#15956 = DIRECTION('',(1.,0.));
#15957 = ( GEOMETRIC_REPRESENTATION_CONTEXT(2) 
PARAMETRIC_REPRESENTATION_CONTEXT() REPRESENTATION_CONTEXT('2D SPACE',''
  ) );
#15958 = ADVANCED_FACE('',(#15959),#12895,.F.);
#15959 = FACE_BOUND('',#15960,.F.);
#15960 = EDGE_LOOP('',(#15961,#15962,#15983));
#15961 = ORIENTED_EDGE('',*,*,#12879,.F.);
#15962 = ORIENTED_EDGE('',*,*,#15963,.T.);
#15963 = EDGE_CURVE('',#12628,#15911,#15964,.T.);
#15964 = SURFACE_CURVE('',#15965,(#15969,#15976),.PCURVE_S1.);
#15965 = LINE('',#15966,#15967);
#15966 = CARTESIAN_POINT('',(42.308968192733,-19.51189865546,
    0.87289509572));
#15967 = VECTOR('',#15968,1.);
#15968 = DIRECTION('',(-1.745240643728E-02,0.865893503921,
    -0.499923847578));
#15969 = PCURVE('',#12895,#15970);
#15970 = DEFINITIONAL_REPRESENTATION('',(#15971),#15975);
#15971 = LINE('',#15972,#15973);
#15972 = CARTESIAN_POINT('',(0.,0.));
#15973 = VECTOR('',#15974,1.);
#15974 = DIRECTION('',(0.,-1.));
#15975 = ( GEOMETRIC_REPRESENTATION_CONTEXT(2) 
PARAMETRIC_REPRESENTATION_CONTEXT() REPRESENTATION_CONTEXT('2D SPACE',''
  ) );
#15976 = PCURVE('',#15926,#15977);
#15977 = DEFINITIONAL_REPRESENTATION('',(#15978),#15982);
#15978 = LINE('',#15979,#15980);
#15979 = CARTESIAN_POINT('',(18.,0.));
#15980 = VECTOR('',#15981,1.);
#15981 = DIRECTION('',(0.,-1.));
#15982 = ( GEOMETRIC_REPRESENTATION_CONTEXT(2) 
PARAMETRIC_REPRESENTATION_CONTEXT() REPRESENTATION_CONTEXT('2D SPACE',''
  ) );
#15983 = ORIENTED_EDGE('',*,*,#15938,.T.);
#15984 = ADVANCED_FACE('',(#15985),#13323,.F.);
#15985 = FACE_BOUND('',#15986,.F.);
#15986 = EDGE_LOOP('',(#15987,#16015,#16016));
#15987 = ORIENTED_EDGE('',*,*,#15988,.F.);
#15988 = EDGE_CURVE('',#12493,#15989,#15991,.T.);
#15989 = VERTEX_POINT('',#15990);
#15990 = CARTESIAN_POINT('',(42.274063379858,-8.780111647624,
    15.461504668684));
#15991 = SURFACE_CURVE('',#15992,(#15996,#16003),.PCURVE_S1.);
#15992 = LINE('',#15993,#15994);
#15993 = CARTESIAN_POINT('',(42.308968192733,-10.51189865546,
    16.46135236384));
#15994 = VECTOR('',#15995,1.);
#15995 = DIRECTION('',(-1.745240643728E-02,0.865893503921,
    -0.499923847578));
#15996 = PCURVE('',#13323,#15997);
#15997 = DEFINITIONAL_REPRESENTATION('',(#15998),#16002);
#15998 = LINE('',#15999,#16000);
#15999 = CARTESIAN_POINT('',(6.,-1.471045507628E-15));
#16000 = VECTOR('',#16001,1.);
#16001 = DIRECTION('',(0.,-1.));
#16002 = ( GEOMETRIC_REPRESENTATION_CONTEXT(2) 
PARAMETRIC_REPRESENTATION_CONTEXT() REPRESENTATION_CONTEXT('2D SPACE',''
  ) );
#16003 = PCURVE('',#16004,#16009);
#16004 = PLANE('',#16005);
#16005 = AXIS2_PLACEMENT_3D('',#16006,#16007,#16008);
#16006 = CARTESIAN_POINT('',(42.308968192733,-10.51189865546,
    16.46135236384));
#16007 = DIRECTION('',(-0.999847695156,-1.511422733186E-02,
    8.726203218642E-03));
#16008 = DIRECTION('',(0.,-0.5,-0.866025403784));
#16009 = DEFINITIONAL_REPRESENTATION('',(#16010),#16014);
#16010 = LINE('',#16011,#16012);
#16011 = CARTESIAN_POINT('',(0.,0.));
#16012 = VECTOR('',#16013,1.);
#16013 = DIRECTION('',(0.,-1.));
#16014 = ( GEOMETRIC_REPRESENTATION_CONTEXT(2) 
PARAMETRIC_REPRESENTATION_CONTEXT() REPRESENTATION_CONTEXT('2D SPACE',''
  ) );
#16015 = ORIENTED_EDGE('',*,*,#13309,.T.);
#16016 = ORIENTED_EDGE('',*,*,#16017,.T.);
#16017 = EDGE_CURVE('',#13282,#15989,#16018,.T.);
#16018 = SURFACE_CURVE('',#16019,(#16023,#16030),.PCURVE_S1.);
#16019 = LINE('',#16020,#16021);
#16020 = CARTESIAN_POINT('',(48.273149550796,-8.689426283633,
    15.409147449372));
#16021 = VECTOR('',#16022,1.);
#16022 = DIRECTION('',(-0.999847695156,-1.511422733186E-02,
    8.726203218642E-03));
#16023 = PCURVE('',#13323,#16024);
#16024 = DEFINITIONAL_REPRESENTATION('',(#16025),#16029);
#16025 = LINE('',#16026,#16027);
#16026 = CARTESIAN_POINT('',(-1.727784582073E-15,-2.));
#16027 = VECTOR('',#16028,1.);
#16028 = DIRECTION('',(1.,0.));
#16029 = ( GEOMETRIC_REPRESENTATION_CONTEXT(2) 
PARAMETRIC_REPRESENTATION_CONTEXT() REPRESENTATION_CONTEXT('2D SPACE',''
  ) );
#16030 = PCURVE('',#13297,#16031);
#16031 = DEFINITIONAL_REPRESENTATION('',(#16032),#16036);
#16032 = LINE('',#16033,#16034);
#16033 = CARTESIAN_POINT('',(3.,9.));
#16034 = VECTOR('',#16035,1.);
#16035 = DIRECTION('',(-1.,0.));
#16036 = ( GEOMETRIC_REPRESENTATION_CONTEXT(2) 
PARAMETRIC_REPRESENTATION_CONTEXT() REPRESENTATION_CONTEXT('2D SPACE',''
  ) );
#16037 = ADVANCED_FACE('',(#16038),#13297,.T.);
#16038 = FACE_BOUND('',#16039,.T.);
#16039 = EDGE_LOOP('',(#16040,#16041,#16062));
#16040 = ORIENTED_EDGE('',*,*,#16017,.T.);
#16041 = ORIENTED_EDGE('',*,*,#16042,.T.);
#16042 = EDGE_CURVE('',#15989,#12544,#16043,.T.);
#16043 = SURFACE_CURVE('',#16044,(#16048,#16055),.PCURVE_S1.);
#16044 = LINE('',#16045,#16046);
#16045 = CARTESIAN_POINT('',(42.274063379858,-8.780111647624,
    15.461504668684));
#16046 = VECTOR('',#16047,1.);
#16047 = DIRECTION('',(0.,-0.5,-0.866025403784));
#16048 = PCURVE('',#13297,#16049);
#16049 = DEFINITIONAL_REPRESENTATION('',(#16050),#16054);
#16050 = LINE('',#16051,#16052);
#16051 = CARTESIAN_POINT('',(-3.,9.));
#16052 = VECTOR('',#16053,1.);
#16053 = DIRECTION('',(0.,-1.));
#16054 = ( GEOMETRIC_REPRESENTATION_CONTEXT(2) 
PARAMETRIC_REPRESENTATION_CONTEXT() REPRESENTATION_CONTEXT('2D SPACE',''
  ) );
#16055 = PCURVE('',#16004,#16056);
#16056 = DEFINITIONAL_REPRESENTATION('',(#16057),#16061);
#16057 = LINE('',#16058,#16059);
#16058 = CARTESIAN_POINT('',(-0.,-2.));
#16059 = VECTOR('',#16060,1.);
#16060 = DIRECTION('',(1.,0.));
#16061 = ( GEOMETRIC_REPRESENTATION_CONTEXT(2) 
PARAMETRIC_REPRESENTATION_CONTEXT() REPRESENTATION_CONTEXT('2D SPACE',''
  ) );
#16062 = ORIENTED_EDGE('',*,*,#13281,.T.);
#16063 = ADVANCED_FACE('',(#16064),#13269,.T.);
#16064 = FACE_BOUND('',#16065,.T.);
#16065 = EDGE_LOOP('',(#16066,#16087,#16088,#16089));
#16066 = ORIENTED_EDGE('',*,*,#16067,.T.);
#16067 = EDGE_CURVE('',#13390,#13228,#16068,.T.);
#16068 = SURFACE_CURVE('',#16069,(#16073,#16080),.PCURVE_S1.);
#16069 = LINE('',#16070,#16071);
#16070 = CARTESIAN_POINT('',(45.362487592792,8.822283594286,
    15.280643424085));
#16071 = VECTOR('',#16072,1.);
#16072 = DIRECTION('',(-0.999796942338,1.007564008358E-02,
    1.745152054354E-02));
#16073 = PCURVE('',#13269,#16074);
#16074 = DEFINITIONAL_REPRESENTATION('',(#16075),#16079);
#16075 = LINE('',#16076,#16077);
#16076 = CARTESIAN_POINT('',(8.889466655344E-02,8.822283594286));
#16077 = VECTOR('',#16078,1.);
#16078 = DIRECTION('',(-0.99994923945,1.007564008358E-02));
#16079 = ( GEOMETRIC_REPRESENTATION_CONTEXT(2) 
PARAMETRIC_REPRESENTATION_CONTEXT() REPRESENTATION_CONTEXT('2D SPACE',''
  ) );
#16080 = PCURVE('',#13905,#16081);
#16081 = DEFINITIONAL_REPRESENTATION('',(#16082),#16086);
#16082 = LINE('',#16083,#16084);
#16083 = CARTESIAN_POINT('',(8.889466655344E-02,-8.822283594286));
#16084 = VECTOR('',#16085,1.);
#16085 = DIRECTION('',(-0.99994923945,-1.007564008358E-02));
#16086 = ( GEOMETRIC_REPRESENTATION_CONTEXT(2) 
PARAMETRIC_REPRESENTATION_CONTEXT() REPRESENTATION_CONTEXT('2D SPACE',''
  ) );
#16087 = ORIENTED_EDGE('',*,*,#13255,.T.);
#16088 = ORIENTED_EDGE('',*,*,#15677,.T.);
#16089 = ORIENTED_EDGE('',*,*,#13389,.T.);
#16090 = ADVANCED_FACE('',(#16091),#13243,.T.);
#16091 = FACE_BOUND('',#16092,.T.);
#16092 = EDGE_LOOP('',(#16093,#16094,#16122));
#16093 = ORIENTED_EDGE('',*,*,#13227,.T.);
#16094 = ORIENTED_EDGE('',*,*,#16095,.T.);
#16095 = EDGE_CURVE('',#13228,#16096,#16098,.T.);
#16096 = VERTEX_POINT('',#16097);
#16097 = CARTESIAN_POINT('',(42.274063379858,8.780111647624,
    15.461504668684));
#16098 = SURFACE_CURVE('',#16099,(#16103,#16110),.PCURVE_S1.);
#16099 = LINE('',#16100,#16101);
#16100 = CARTESIAN_POINT('',(42.274063379858,17.780111647624,
    -0.126952599436));
#16101 = VECTOR('',#16102,1.);
#16102 = DIRECTION('',(-9.688031730894E-19,-0.5,0.866025403784));
#16103 = PCURVE('',#13243,#16104);
#16104 = DEFINITIONAL_REPRESENTATION('',(#16105),#16109);
#16105 = LINE('',#16106,#16107);
#16106 = CARTESIAN_POINT('',(-3.,9.));
#16107 = VECTOR('',#16108,1.);
#16108 = DIRECTION('',(-1.386458363468E-32,-1.));
#16109 = ( GEOMETRIC_REPRESENTATION_CONTEXT(2) 
PARAMETRIC_REPRESENTATION_CONTEXT() REPRESENTATION_CONTEXT('2D SPACE',''
  ) );
#16110 = PCURVE('',#16111,#16116);
#16111 = PLANE('',#16112);
#16112 = AXIS2_PLACEMENT_3D('',#16113,#16114,#16115);
#16113 = CARTESIAN_POINT('',(42.308968192733,19.511898655466,
    0.87289509572));
#16114 = DIRECTION('',(-0.999847695156,1.511422733186E-02,
    8.726203218642E-03));
#16115 = DIRECTION('',(0.,-0.5,0.866025403784));
#16116 = DEFINITIONAL_REPRESENTATION('',(#16117),#16121);
#16117 = LINE('',#16118,#16119);
#16118 = CARTESIAN_POINT('',(-0.,-2.));
#16119 = VECTOR('',#16120,1.);
#16120 = DIRECTION('',(1.,-5.551115123126E-17));
#16121 = ( GEOMETRIC_REPRESENTATION_CONTEXT(2) 
PARAMETRIC_REPRESENTATION_CONTEXT() REPRESENTATION_CONTEXT('2D SPACE',''
  ) );
#16122 = ORIENTED_EDGE('',*,*,#16123,.T.);
#16123 = EDGE_CURVE('',#16096,#13200,#16124,.T.);
#16124 = SURFACE_CURVE('',#16125,(#16129,#16136),.PCURVE_S1.);
#16125 = LINE('',#16126,#16127);
#16126 = CARTESIAN_POINT('',(42.274063379858,8.780111647624,
    15.461504668684));
#16127 = VECTOR('',#16128,1.);
#16128 = DIRECTION('',(0.999847695156,-1.511422733186E-02,
    -8.726203218642E-03));
#16129 = PCURVE('',#13243,#16130);
#16130 = DEFINITIONAL_REPRESENTATION('',(#16131),#16135);
#16131 = LINE('',#16132,#16133);
#16132 = CARTESIAN_POINT('',(-3.,-9.));
#16133 = VECTOR('',#16134,1.);
#16134 = DIRECTION('',(1.,0.));
#16135 = ( GEOMETRIC_REPRESENTATION_CONTEXT(2) 
PARAMETRIC_REPRESENTATION_CONTEXT() REPRESENTATION_CONTEXT('2D SPACE',''
  ) );
#16136 = PCURVE('',#13215,#16137);
#16137 = DEFINITIONAL_REPRESENTATION('',(#16138),#16142);
#16138 = LINE('',#16139,#16140);
#16139 = CARTESIAN_POINT('',(1.700029006457E-15,-2.));
#16140 = VECTOR('',#16141,1.);
#16141 = DIRECTION('',(1.,0.));
#16142 = ( GEOMETRIC_REPRESENTATION_CONTEXT(2) 
PARAMETRIC_REPRESENTATION_CONTEXT() REPRESENTATION_CONTEXT('2D SPACE',''
  ) );
#16143 = ADVANCED_FACE('',(#16144),#13215,.F.);
#16144 = FACE_BOUND('',#16145,.F.);
#16145 = EDGE_LOOP('',(#16146,#16147,#16168));
#16146 = ORIENTED_EDGE('',*,*,#13199,.T.);
#16147 = ORIENTED_EDGE('',*,*,#16148,.T.);
#16148 = EDGE_CURVE('',#13177,#16096,#16149,.T.);
#16149 = SURFACE_CURVE('',#16150,(#16154,#16161),.PCURVE_S1.);
#16150 = LINE('',#16151,#16152);
#16151 = CARTESIAN_POINT('',(42.308968192733,10.511898655466,
    16.46135236384));
#16152 = VECTOR('',#16153,1.);
#16153 = DIRECTION('',(-1.745240643728E-02,-0.865893503921,
    -0.499923847578));
#16154 = PCURVE('',#13215,#16155);
#16155 = DEFINITIONAL_REPRESENTATION('',(#16156),#16160);
#16156 = LINE('',#16157,#16158);
#16157 = CARTESIAN_POINT('',(0.,0.));
#16158 = VECTOR('',#16159,1.);
#16159 = DIRECTION('',(0.,-1.));
#16160 = ( GEOMETRIC_REPRESENTATION_CONTEXT(2) 
PARAMETRIC_REPRESENTATION_CONTEXT() REPRESENTATION_CONTEXT('2D SPACE',''
  ) );
#16161 = PCURVE('',#16111,#16162);
#16162 = DEFINITIONAL_REPRESENTATION('',(#16163),#16167);
#16163 = LINE('',#16164,#16165);
#16164 = CARTESIAN_POINT('',(18.,0.));
#16165 = VECTOR('',#16166,1.);
#16166 = DIRECTION('',(0.,-1.));
#16167 = ( GEOMETRIC_REPRESENTATION_CONTEXT(2) 
PARAMETRIC_REPRESENTATION_CONTEXT() REPRESENTATION_CONTEXT('2D SPACE',''
  ) );
#16168 = ORIENTED_EDGE('',*,*,#16123,.T.);
#16169 = ADVANCED_FACE('',(#16170),#13641,.F.);
#16170 = FACE_BOUND('',#16171,.F.);
#16171 = EDGE_LOOP('',(#16172,#16200,#16201));
#16172 = ORIENTED_EDGE('',*,*,#16173,.F.);
#16173 = EDGE_CURVE('',#13626,#16174,#16176,.T.);
#16174 = VERTEX_POINT('',#16175);
#16175 = CARTESIAN_POINT('',(42.274063379858,8.780111647624,
    -15.46150466868));
#16176 = SURFACE_CURVE('',#16177,(#16181,#16188),.PCURVE_S1.);
#16177 = LINE('',#16178,#16179);
#16178 = CARTESIAN_POINT('',(42.308968192733,10.511898655466,
    -16.46135236384));
#16179 = VECTOR('',#16180,1.);
#16180 = DIRECTION('',(-1.745240643728E-02,-0.865893503921,
    0.499923847578));
#16181 = PCURVE('',#13641,#16182);
#16182 = DEFINITIONAL_REPRESENTATION('',(#16183),#16187);
#16183 = LINE('',#16184,#16185);
#16184 = CARTESIAN_POINT('',(6.,-1.471045507628E-15));
#16185 = VECTOR('',#16186,1.);
#16186 = DIRECTION('',(0.,-1.));
#16187 = ( GEOMETRIC_REPRESENTATION_CONTEXT(2) 
PARAMETRIC_REPRESENTATION_CONTEXT() REPRESENTATION_CONTEXT('2D SPACE',''
  ) );
#16188 = PCURVE('',#16189,#16194);
#16189 = PLANE('',#16190);
#16190 = AXIS2_PLACEMENT_3D('',#16191,#16192,#16193);
#16191 = CARTESIAN_POINT('',(42.308968192733,10.511898655466,
    -16.46135236384));
#16192 = DIRECTION('',(-0.999847695156,1.511422733186E-02,
    -8.726203218642E-03));
#16193 = DIRECTION('',(0.,0.5,0.866025403784));
#16194 = DEFINITIONAL_REPRESENTATION('',(#16195),#16199);
#16195 = LINE('',#16196,#16197);
#16196 = CARTESIAN_POINT('',(0.,0.));
#16197 = VECTOR('',#16198,1.);
#16198 = DIRECTION('',(0.,-1.));
#16199 = ( GEOMETRIC_REPRESENTATION_CONTEXT(2) 
PARAMETRIC_REPRESENTATION_CONTEXT() REPRESENTATION_CONTEXT('2D SPACE',''
  ) );
#16200 = ORIENTED_EDGE('',*,*,#13625,.T.);
#16201 = ORIENTED_EDGE('',*,*,#16202,.T.);
#16202 = EDGE_CURVE('',#13598,#16174,#16203,.T.);
#16203 = SURFACE_CURVE('',#16204,(#16208,#16215),.PCURVE_S1.);
#16204 = LINE('',#16205,#16206);
#16205 = CARTESIAN_POINT('',(48.273149550796,8.689426283633,
    -15.40914744937));
#16206 = VECTOR('',#16207,1.);
#16207 = DIRECTION('',(-0.999847695156,1.511422733186E-02,
    -8.726203218642E-03));
#16208 = PCURVE('',#13641,#16209);
#16209 = DEFINITIONAL_REPRESENTATION('',(#16210),#16214);
#16210 = LINE('',#16211,#16212);
#16211 = CARTESIAN_POINT('',(-1.727784582073E-15,-2.));
#16212 = VECTOR('',#16213,1.);
#16213 = DIRECTION('',(1.,0.));
#16214 = ( GEOMETRIC_REPRESENTATION_CONTEXT(2) 
PARAMETRIC_REPRESENTATION_CONTEXT() REPRESENTATION_CONTEXT('2D SPACE',''
  ) );
#16215 = PCURVE('',#13613,#16216);
#16216 = DEFINITIONAL_REPRESENTATION('',(#16217),#16221);
#16217 = LINE('',#16218,#16219);
#16218 = CARTESIAN_POINT('',(3.,9.));
#16219 = VECTOR('',#16220,1.);
#16220 = DIRECTION('',(-1.,-8.673617379884E-19));
#16221 = ( GEOMETRIC_REPRESENTATION_CONTEXT(2) 
PARAMETRIC_REPRESENTATION_CONTEXT() REPRESENTATION_CONTEXT('2D SPACE',''
  ) );
#16222 = ADVANCED_FACE('',(#16223),#13613,.T.);
#16223 = FACE_BOUND('',#16224,.T.);
#16224 = EDGE_LOOP('',(#16225,#16226,#16247));
#16225 = ORIENTED_EDGE('',*,*,#16202,.T.);
#16226 = ORIENTED_EDGE('',*,*,#16227,.T.);
#16227 = EDGE_CURVE('',#16174,#13570,#16228,.T.);
#16228 = SURFACE_CURVE('',#16229,(#16233,#16240),.PCURVE_S1.);
#16229 = LINE('',#16230,#16231);
#16230 = CARTESIAN_POINT('',(42.274063379858,8.780111647624,
    -15.46150466868));
#16231 = VECTOR('',#16232,1.);
#16232 = DIRECTION('',(-8.672296345945E-19,0.5,0.866025403784));
#16233 = PCURVE('',#13613,#16234);
#16234 = DEFINITIONAL_REPRESENTATION('',(#16235),#16239);
#16235 = LINE('',#16236,#16237);
#16236 = CARTESIAN_POINT('',(-3.,9.));
#16237 = VECTOR('',#16238,1.);
#16238 = DIRECTION('',(-8.673617379884E-19,-1.));
#16239 = ( GEOMETRIC_REPRESENTATION_CONTEXT(2) 
PARAMETRIC_REPRESENTATION_CONTEXT() REPRESENTATION_CONTEXT('2D SPACE',''
  ) );
#16240 = PCURVE('',#16189,#16241);
#16241 = DEFINITIONAL_REPRESENTATION('',(#16242),#16246);
#16242 = LINE('',#16243,#16244);
#16243 = CARTESIAN_POINT('',(-0.,-2.));
#16244 = VECTOR('',#16245,1.);
#16245 = DIRECTION('',(1.,0.));
#16246 = ( GEOMETRIC_REPRESENTATION_CONTEXT(2) 
PARAMETRIC_REPRESENTATION_CONTEXT() REPRESENTATION_CONTEXT('2D SPACE',''
  ) );
#16247 = ORIENTED_EDGE('',*,*,#13597,.T.);
#16248 = ADVANCED_FACE('',(#16249),#13585,.T.);
#16249 = FACE_BOUND('',#16250,.T.);
#16250 = EDGE_LOOP('',(#16251,#16252,#16253,#16274));
#16251 = ORIENTED_EDGE('',*,*,#15884,.F.);
#16252 = ORIENTED_EDGE('',*,*,#13569,.T.);
#16253 = ORIENTED_EDGE('',*,*,#16254,.T.);
#16254 = EDGE_CURVE('',#13570,#13729,#16255,.T.);
#16255 = SURFACE_CURVE('',#16256,(#16260,#16267),.PCURVE_S1.);
#16256 = LINE('',#16257,#16258);
#16257 = CARTESIAN_POINT('',(45.362487592792,8.822283594286,
    -15.28064342408));
#16258 = VECTOR('',#16259,1.);
#16259 = DIRECTION('',(0.999796942338,-1.007564008358E-02,
    1.745152054354E-02));
#16260 = PCURVE('',#13585,#16261);
#16261 = DEFINITIONAL_REPRESENTATION('',(#16262),#16266);
#16262 = LINE('',#16263,#16264);
#16263 = CARTESIAN_POINT('',(8.889466655344E-02,-8.822283594286));
#16264 = VECTOR('',#16265,1.);
#16265 = DIRECTION('',(0.99994923945,1.007564008358E-02));
#16266 = ( GEOMETRIC_REPRESENTATION_CONTEXT(2) 
PARAMETRIC_REPRESENTATION_CONTEXT() REPRESENTATION_CONTEXT('2D SPACE',''
  ) );
#16267 = PCURVE('',#14219,#16268);
#16268 = DEFINITIONAL_REPRESENTATION('',(#16269),#16273);
#16269 = LINE('',#16270,#16271);
#16270 = CARTESIAN_POINT('',(8.889466655344E-02,8.822283594286));
#16271 = VECTOR('',#16272,1.);
#16272 = DIRECTION('',(0.99994923945,-1.007564008358E-02));
#16273 = ( GEOMETRIC_REPRESENTATION_CONTEXT(2) 
PARAMETRIC_REPRESENTATION_CONTEXT() REPRESENTATION_CONTEXT('2D SPACE',''
  ) );
#16274 = ORIENTED_EDGE('',*,*,#13751,.T.);
#16275 = ADVANCED_FACE('',(#16276),#13557,.T.);
#16276 = FACE_BOUND('',#16277,.T.);
#16277 = EDGE_LOOP('',(#16278,#16279,#16307));
#16278 = ORIENTED_EDGE('',*,*,#13543,.F.);
#16279 = ORIENTED_EDGE('',*,*,#16280,.T.);
#16280 = EDGE_CURVE('',#12934,#16281,#16283,.T.);
#16281 = VERTEX_POINT('',#16282);
#16282 = CARTESIAN_POINT('',(42.274063379858,-8.780111647624,
    -15.46150466868));
#16283 = SURFACE_CURVE('',#16284,(#16288,#16295),.PCURVE_S1.);
#16284 = LINE('',#16285,#16286);
#16285 = CARTESIAN_POINT('',(42.274063379858,-17.78011164762,
    0.126952599436));
#16286 = VECTOR('',#16287,1.);
#16287 = DIRECTION('',(-1.836032807684E-18,0.5,-0.866025403784));
#16288 = PCURVE('',#13557,#16289);
#16289 = DEFINITIONAL_REPRESENTATION('',(#16290),#16294);
#16290 = LINE('',#16291,#16292);
#16291 = CARTESIAN_POINT('',(-3.,9.));
#16292 = VECTOR('',#16293,1.);
#16293 = DIRECTION('',(-8.673617379884E-19,-1.));
#16294 = ( GEOMETRIC_REPRESENTATION_CONTEXT(2) 
PARAMETRIC_REPRESENTATION_CONTEXT() REPRESENTATION_CONTEXT('2D SPACE',''
  ) );
#16295 = PCURVE('',#16296,#16301);
#16296 = PLANE('',#16297);
#16297 = AXIS2_PLACEMENT_3D('',#16298,#16299,#16300);
#16298 = CARTESIAN_POINT('',(42.308968192733,-19.51189865546,
    -0.87289509572));
#16299 = DIRECTION('',(-0.999847695156,-1.511422733186E-02,
    -8.726203218642E-03));
#16300 = DIRECTION('',(0.,0.5,-0.866025403784));
#16301 = DEFINITIONAL_REPRESENTATION('',(#16302),#16306);
#16302 = LINE('',#16303,#16304);
#16303 = CARTESIAN_POINT('',(-0.,-2.));
#16304 = VECTOR('',#16305,1.);
#16305 = DIRECTION('',(1.,-5.551115123126E-17));
#16306 = ( GEOMETRIC_REPRESENTATION_CONTEXT(2) 
PARAMETRIC_REPRESENTATION_CONTEXT() REPRESENTATION_CONTEXT('2D SPACE',''
  ) );
#16307 = ORIENTED_EDGE('',*,*,#16308,.T.);
#16308 = EDGE_CURVE('',#16281,#13516,#16309,.T.);
#16309 = SURFACE_CURVE('',#16310,(#16314,#16321),.PCURVE_S1.);
#16310 = LINE('',#16311,#16312);
#16311 = CARTESIAN_POINT('',(42.274063379858,-8.780111647624,
    -15.46150466868));
#16312 = VECTOR('',#16313,1.);
#16313 = DIRECTION('',(0.999847695156,1.511422733186E-02,
    8.726203218642E-03));
#16314 = PCURVE('',#13557,#16315);
#16315 = DEFINITIONAL_REPRESENTATION('',(#16316),#16320);
#16316 = LINE('',#16317,#16318);
#16317 = CARTESIAN_POINT('',(-3.,-9.));
#16318 = VECTOR('',#16319,1.);
#16319 = DIRECTION('',(1.,8.673617379884E-19));
#16320 = ( GEOMETRIC_REPRESENTATION_CONTEXT(2) 
PARAMETRIC_REPRESENTATION_CONTEXT() REPRESENTATION_CONTEXT('2D SPACE',''
  ) );
#16321 = PCURVE('',#13531,#16322);
#16322 = DEFINITIONAL_REPRESENTATION('',(#16323),#16327);
#16323 = LINE('',#16324,#16325);
#16324 = CARTESIAN_POINT('',(1.630640067418E-15,-2.));
#16325 = VECTOR('',#16326,1.);
#16326 = DIRECTION('',(1.,3.469446951954E-18));
#16327 = ( GEOMETRIC_REPRESENTATION_CONTEXT(2) 
PARAMETRIC_REPRESENTATION_CONTEXT() REPRESENTATION_CONTEXT('2D SPACE',''
  ) );
#16328 = ADVANCED_FACE('',(#16329),#13531,.F.);
#16329 = FACE_BOUND('',#16330,.F.);
#16330 = EDGE_LOOP('',(#16331,#16332,#16353));
#16331 = ORIENTED_EDGE('',*,*,#13515,.F.);
#16332 = ORIENTED_EDGE('',*,*,#16333,.T.);
#16333 = EDGE_CURVE('',#12990,#16281,#16334,.T.);
#16334 = SURFACE_CURVE('',#16335,(#16339,#16346),.PCURVE_S1.);
#16335 = LINE('',#16336,#16337);
#16336 = CARTESIAN_POINT('',(42.308968192733,-10.51189865546,
    -16.46135236384));
#16337 = VECTOR('',#16338,1.);
#16338 = DIRECTION('',(-1.745240643728E-02,0.865893503921,0.499923847578
    ));
#16339 = PCURVE('',#13531,#16340);
#16340 = DEFINITIONAL_REPRESENTATION('',(#16341),#16345);
#16341 = LINE('',#16342,#16343);
#16342 = CARTESIAN_POINT('',(0.,0.));
#16343 = VECTOR('',#16344,1.);
#16344 = DIRECTION('',(-6.938893903907E-18,-1.));
#16345 = ( GEOMETRIC_REPRESENTATION_CONTEXT(2) 
PARAMETRIC_REPRESENTATION_CONTEXT() REPRESENTATION_CONTEXT('2D SPACE',''
  ) );
#16346 = PCURVE('',#16296,#16347);
#16347 = DEFINITIONAL_REPRESENTATION('',(#16348),#16352);
#16348 = LINE('',#16349,#16350);
#16349 = CARTESIAN_POINT('',(18.,0.));
#16350 = VECTOR('',#16351,1.);
#16351 = DIRECTION('',(0.,-1.));
#16352 = ( GEOMETRIC_REPRESENTATION_CONTEXT(2) 
PARAMETRIC_REPRESENTATION_CONTEXT() REPRESENTATION_CONTEXT('2D SPACE',''
  ) );
#16353 = ORIENTED_EDGE('',*,*,#16308,.T.);
#16354 = ADVANCED_FACE('',(#16355),#13959,.F.);
#16355 = FACE_BOUND('',#16356,.F.);
#16356 = EDGE_LOOP('',(#16357,#16385,#16386));
#16357 = ORIENTED_EDGE('',*,*,#16358,.F.);
#16358 = EDGE_CURVE('',#13177,#16359,#16361,.T.);
#16359 = VERTEX_POINT('',#16360);
#16360 = CARTESIAN_POINT('',(42.274063379858,9.,15.334552069248));
#16361 = SURFACE_CURVE('',#16362,(#16366,#16373),.PCURVE_S1.);
#16362 = LINE('',#16363,#16364);
#16363 = CARTESIAN_POINT('',(42.308968192733,9.,17.334247459561));
#16364 = VECTOR('',#16365,1.);
#16365 = DIRECTION('',(-1.745240643728E-02,-0.,-0.999847695156));
#16366 = PCURVE('',#13959,#16367);
#16367 = DEFINITIONAL_REPRESENTATION('',(#16368),#16372);
#16368 = LINE('',#16369,#16370);
#16369 = CARTESIAN_POINT('',(6.,-1.471045507628E-15));
#16370 = VECTOR('',#16371,1.);
#16371 = DIRECTION('',(0.,-1.));
#16372 = ( GEOMETRIC_REPRESENTATION_CONTEXT(2) 
PARAMETRIC_REPRESENTATION_CONTEXT() REPRESENTATION_CONTEXT('2D SPACE',''
  ) );
#16373 = PCURVE('',#16374,#16379);
#16374 = PLANE('',#16375);
#16375 = AXIS2_PLACEMENT_3D('',#16376,#16377,#16378);
#16376 = CARTESIAN_POINT('',(42.308968192733,9.,17.334247459561));
#16377 = DIRECTION('',(-0.999847695156,0.,1.745240643728E-02));
#16378 = DIRECTION('',(0.,-1.,0.));
#16379 = DEFINITIONAL_REPRESENTATION('',(#16380),#16384);
#16380 = LINE('',#16381,#16382);
#16381 = CARTESIAN_POINT('',(0.,0.));
#16382 = VECTOR('',#16383,1.);
#16383 = DIRECTION('',(0.,-1.));
#16384 = ( GEOMETRIC_REPRESENTATION_CONTEXT(2) 
PARAMETRIC_REPRESENTATION_CONTEXT() REPRESENTATION_CONTEXT('2D SPACE',''
  ) );
#16385 = ORIENTED_EDGE('',*,*,#13945,.F.);
#16386 = ORIENTED_EDGE('',*,*,#16387,.T.);
#16387 = EDGE_CURVE('',#13918,#16359,#16388,.T.);
#16388 = SURFACE_CURVE('',#16389,(#16393,#16400),.PCURVE_S1.);
#16389 = LINE('',#16390,#16391);
#16390 = CARTESIAN_POINT('',(48.273149550796,9.,15.229837630624));
#16391 = VECTOR('',#16392,1.);
#16392 = DIRECTION('',(-0.999847695156,0.,1.745240643728E-02));
#16393 = PCURVE('',#13959,#16394);
#16394 = DEFINITIONAL_REPRESENTATION('',(#16395),#16399);
#16395 = LINE('',#16396,#16397);
#16396 = CARTESIAN_POINT('',(-1.727784582073E-15,-2.));
#16397 = VECTOR('',#16398,1.);
#16398 = DIRECTION('',(1.,0.));
#16399 = ( GEOMETRIC_REPRESENTATION_CONTEXT(2) 
PARAMETRIC_REPRESENTATION_CONTEXT() REPRESENTATION_CONTEXT('2D SPACE',''
  ) );
#16400 = PCURVE('',#13933,#16401);
#16401 = DEFINITIONAL_REPRESENTATION('',(#16402),#16406);
#16402 = LINE('',#16403,#16404);
#16403 = CARTESIAN_POINT('',(3.,9.));
#16404 = VECTOR('',#16405,1.);
#16405 = DIRECTION('',(-1.,0.));
#16406 = ( GEOMETRIC_REPRESENTATION_CONTEXT(2) 
PARAMETRIC_REPRESENTATION_CONTEXT() REPRESENTATION_CONTEXT('2D SPACE',''
  ) );
#16407 = ADVANCED_FACE('',(#16408),#13933,.T.);
#16408 = FACE_BOUND('',#16409,.T.);
#16409 = EDGE_LOOP('',(#16410,#16411,#16432));
#16410 = ORIENTED_EDGE('',*,*,#16387,.T.);
#16411 = ORIENTED_EDGE('',*,*,#16412,.T.);
#16412 = EDGE_CURVE('',#16359,#13228,#16413,.T.);
#16413 = SURFACE_CURVE('',#16414,(#16418,#16425),.PCURVE_S1.);
#16414 = LINE('',#16415,#16416);
#16415 = CARTESIAN_POINT('',(42.274063379858,9.,15.334552069248));
#16416 = VECTOR('',#16417,1.);
#16417 = DIRECTION('',(0.,-1.,0.));
#16418 = PCURVE('',#13933,#16419);
#16419 = DEFINITIONAL_REPRESENTATION('',(#16420),#16424);
#16420 = LINE('',#16421,#16422);
#16421 = CARTESIAN_POINT('',(-3.,9.));
#16422 = VECTOR('',#16423,1.);
#16423 = DIRECTION('',(0.,-1.));
#16424 = ( GEOMETRIC_REPRESENTATION_CONTEXT(2) 
PARAMETRIC_REPRESENTATION_CONTEXT() REPRESENTATION_CONTEXT('2D SPACE',''
  ) );
#16425 = PCURVE('',#16374,#16426);
#16426 = DEFINITIONAL_REPRESENTATION('',(#16427),#16431);
#16427 = LINE('',#16428,#16429);
#16428 = CARTESIAN_POINT('',(-0.,-2.));
#16429 = VECTOR('',#16430,1.);
#16430 = DIRECTION('',(1.,0.));
#16431 = ( GEOMETRIC_REPRESENTATION_CONTEXT(2) 
PARAMETRIC_REPRESENTATION_CONTEXT() REPRESENTATION_CONTEXT('2D SPACE',''
  ) );
#16432 = ORIENTED_EDGE('',*,*,#13917,.F.);
#16433 = ADVANCED_FACE('',(#16434),#13905,.T.);
#16434 = FACE_BOUND('',#16435,.T.);
#16435 = EDGE_LOOP('',(#16436,#16457,#16458,#16459));
#16436 = ORIENTED_EDGE('',*,*,#16437,.F.);
#16437 = EDGE_CURVE('',#13864,#14026,#16438,.T.);
#16438 = SURFACE_CURVE('',#16439,(#16443,#16450),.PCURVE_S1.);
#16439 = LINE('',#16440,#16441);
#16440 = CARTESIAN_POINT('',(45.362487592792,17.644567188573,
    -1.287858708565E-14));
#16441 = VECTOR('',#16442,1.);
#16442 = DIRECTION('',(0.999796942338,-2.015128016716E-02,
    1.40230269522E-17));
#16443 = PCURVE('',#13905,#16444);
#16444 = DEFINITIONAL_REPRESENTATION('',(#16445),#16449);
#16445 = LINE('',#16446,#16447);
#16446 = CARTESIAN_POINT('',(8.889466655344E-02,8.822283594286));
#16447 = VECTOR('',#16448,1.);
#16448 = DIRECTION('',(0.99994923945,-1.007564008358E-02));
#16449 = ( GEOMETRIC_REPRESENTATION_CONTEXT(2) 
PARAMETRIC_REPRESENTATION_CONTEXT() REPRESENTATION_CONTEXT('2D SPACE',''
  ) );
#16450 = PCURVE('',#14219,#16451);
#16451 = DEFINITIONAL_REPRESENTATION('',(#16452),#16456);
#16452 = LINE('',#16453,#16454);
#16453 = CARTESIAN_POINT('',(8.889466655344E-02,-8.822283594286));
#16454 = VECTOR('',#16455,1.);
#16455 = DIRECTION('',(0.99994923945,1.007564008358E-02));
#16456 = ( GEOMETRIC_REPRESENTATION_CONTEXT(2) 
PARAMETRIC_REPRESENTATION_CONTEXT() REPRESENTATION_CONTEXT('2D SPACE',''
  ) );
#16457 = ORIENTED_EDGE('',*,*,#13891,.T.);
#16458 = ORIENTED_EDGE('',*,*,#16067,.F.);
#16459 = ORIENTED_EDGE('',*,*,#14025,.T.);
#16460 = ADVANCED_FACE('',(#16461),#13879,.T.);
#16461 = FACE_BOUND('',#16462,.T.);
#16462 = EDGE_LOOP('',(#16463,#16464,#16492));
#16463 = ORIENTED_EDGE('',*,*,#13863,.F.);
#16464 = ORIENTED_EDGE('',*,*,#16465,.T.);
#16465 = EDGE_CURVE('',#13864,#16466,#16468,.T.);
#16466 = VERTEX_POINT('',#16467);
#16467 = CARTESIAN_POINT('',(42.274063379858,17.780111647624,
    0.126952599436));
#16468 = SURFACE_CURVE('',#16469,(#16473,#16480),.PCURVE_S1.);
#16469 = LINE('',#16470,#16471);
#16470 = CARTESIAN_POINT('',(42.274063379858,8.780111647624,
    -15.46150466868));
#16471 = VECTOR('',#16472,1.);
#16472 = DIRECTION('',(-8.672296345945E-19,0.5,0.866025403784));
#16473 = PCURVE('',#13879,#16474);
#16474 = DEFINITIONAL_REPRESENTATION('',(#16475),#16479);
#16475 = LINE('',#16476,#16477);
#16476 = CARTESIAN_POINT('',(-3.,9.));
#16477 = VECTOR('',#16478,1.);
#16478 = DIRECTION('',(-8.673617379884E-19,-1.));
#16479 = ( GEOMETRIC_REPRESENTATION_CONTEXT(2) 
PARAMETRIC_REPRESENTATION_CONTEXT() REPRESENTATION_CONTEXT('2D SPACE',''
  ) );
#16480 = PCURVE('',#16481,#16486);
#16481 = PLANE('',#16482);
#16482 = AXIS2_PLACEMENT_3D('',#16483,#16484,#16485);
#16483 = CARTESIAN_POINT('',(42.308968192733,10.511898655466,
    -16.46135236384));
#16484 = DIRECTION('',(-0.999847695156,1.511422733186E-02,
    -8.726203218642E-03));
#16485 = DIRECTION('',(0.,0.5,0.866025403784));
#16486 = DEFINITIONAL_REPRESENTATION('',(#16487),#16491);
#16487 = LINE('',#16488,#16489);
#16488 = CARTESIAN_POINT('',(-0.,-2.));
#16489 = VECTOR('',#16490,1.);
#16490 = DIRECTION('',(1.,0.));
#16491 = ( GEOMETRIC_REPRESENTATION_CONTEXT(2) 
PARAMETRIC_REPRESENTATION_CONTEXT() REPRESENTATION_CONTEXT('2D SPACE',''
  ) );
#16492 = ORIENTED_EDGE('',*,*,#16493,.T.);
#16493 = EDGE_CURVE('',#16466,#13836,#16494,.T.);
#16494 = SURFACE_CURVE('',#16495,(#16499,#16506),.PCURVE_S1.);
#16495 = LINE('',#16496,#16497);
#16496 = CARTESIAN_POINT('',(42.274063379858,17.780111647624,
    0.126952599436));
#16497 = VECTOR('',#16498,1.);
#16498 = DIRECTION('',(0.999847695156,-1.511422733186E-02,
    8.726203218642E-03));
#16499 = PCURVE('',#13879,#16500);
#16500 = DEFINITIONAL_REPRESENTATION('',(#16501),#16505);
#16501 = LINE('',#16502,#16503);
#16502 = CARTESIAN_POINT('',(-3.,-9.));
#16503 = VECTOR('',#16504,1.);
#16504 = DIRECTION('',(1.,8.673617379884E-19));
#16505 = ( GEOMETRIC_REPRESENTATION_CONTEXT(2) 
PARAMETRIC_REPRESENTATION_CONTEXT() REPRESENTATION_CONTEXT('2D SPACE',''
  ) );
#16506 = PCURVE('',#13851,#16507);
#16507 = DEFINITIONAL_REPRESENTATION('',(#16508),#16512);
#16508 = LINE('',#16509,#16510);
#16509 = CARTESIAN_POINT('',(1.700029006457E-15,-2.));
#16510 = VECTOR('',#16511,1.);
#16511 = DIRECTION('',(1.,0.));
#16512 = ( GEOMETRIC_REPRESENTATION_CONTEXT(2) 
PARAMETRIC_REPRESENTATION_CONTEXT() REPRESENTATION_CONTEXT('2D SPACE',''
  ) );
#16513 = ADVANCED_FACE('',(#16514),#13851,.F.);
#16514 = FACE_BOUND('',#16515,.F.);
#16515 = EDGE_LOOP('',(#16516,#16517,#16538));
#16516 = ORIENTED_EDGE('',*,*,#13835,.F.);
#16517 = ORIENTED_EDGE('',*,*,#16518,.T.);
#16518 = EDGE_CURVE('',#13813,#16466,#16519,.T.);
#16519 = SURFACE_CURVE('',#16520,(#16524,#16531),.PCURVE_S1.);
#16520 = LINE('',#16521,#16522);
#16521 = CARTESIAN_POINT('',(42.308968192733,19.511898655466,
    -0.87289509572));
#16522 = VECTOR('',#16523,1.);
#16523 = DIRECTION('',(-1.745240643728E-02,-0.865893503921,
    0.499923847578));
#16524 = PCURVE('',#13851,#16525);
#16525 = DEFINITIONAL_REPRESENTATION('',(#16526),#16530);
#16526 = LINE('',#16527,#16528);
#16527 = CARTESIAN_POINT('',(0.,0.));
#16528 = VECTOR('',#16529,1.);
#16529 = DIRECTION('',(0.,-1.));
#16530 = ( GEOMETRIC_REPRESENTATION_CONTEXT(2) 
PARAMETRIC_REPRESENTATION_CONTEXT() REPRESENTATION_CONTEXT('2D SPACE',''
  ) );
#16531 = PCURVE('',#16481,#16532);
#16532 = DEFINITIONAL_REPRESENTATION('',(#16533),#16537);
#16533 = LINE('',#16534,#16535);
#16534 = CARTESIAN_POINT('',(18.,0.));
#16535 = VECTOR('',#16536,1.);
#16536 = DIRECTION('',(0.,-1.));
#16537 = ( GEOMETRIC_REPRESENTATION_CONTEXT(2) 
PARAMETRIC_REPRESENTATION_CONTEXT() REPRESENTATION_CONTEXT('2D SPACE',''
  ) );
#16538 = ORIENTED_EDGE('',*,*,#16493,.T.);
#16539 = ADVANCED_FACE('',(#16540),#14273,.F.);
#16540 = FACE_BOUND('',#16541,.F.);
#16541 = EDGE_LOOP('',(#16542,#16570,#16571));
#16542 = ORIENTED_EDGE('',*,*,#16543,.F.);
#16543 = EDGE_CURVE('',#13813,#16544,#16546,.T.);
#16544 = VERTEX_POINT('',#16545);
#16545 = CARTESIAN_POINT('',(42.274063379858,17.780111647624,
    -0.126952599436));
#16546 = SURFACE_CURVE('',#16547,(#16551,#16558),.PCURVE_S1.);
#16547 = LINE('',#16548,#16549);
#16548 = CARTESIAN_POINT('',(42.308968192733,19.511898655466,
    0.87289509572));
#16549 = VECTOR('',#16550,1.);
#16550 = DIRECTION('',(-1.745240643728E-02,-0.865893503921,
    -0.499923847578));
#16551 = PCURVE('',#14273,#16552);
#16552 = DEFINITIONAL_REPRESENTATION('',(#16553),#16557);
#16553 = LINE('',#16554,#16555);
#16554 = CARTESIAN_POINT('',(6.,-1.471045507628E-15));
#16555 = VECTOR('',#16556,1.);
#16556 = DIRECTION('',(0.,-1.));
#16557 = ( GEOMETRIC_REPRESENTATION_CONTEXT(2) 
PARAMETRIC_REPRESENTATION_CONTEXT() REPRESENTATION_CONTEXT('2D SPACE',''
  ) );
#16558 = PCURVE('',#16559,#16564);
#16559 = PLANE('',#16560);
#16560 = AXIS2_PLACEMENT_3D('',#16561,#16562,#16563);
#16561 = CARTESIAN_POINT('',(42.308968192733,19.511898655466,
    0.87289509572));
#16562 = DIRECTION('',(-0.999847695156,1.511422733186E-02,
    8.726203218642E-03));
#16563 = DIRECTION('',(0.,-0.5,0.866025403784));
#16564 = DEFINITIONAL_REPRESENTATION('',(#16565),#16569);
#16565 = LINE('',#16566,#16567);
#16566 = CARTESIAN_POINT('',(0.,0.));
#16567 = VECTOR('',#16568,1.);
#16568 = DIRECTION('',(0.,-1.));
#16569 = ( GEOMETRIC_REPRESENTATION_CONTEXT(2) 
PARAMETRIC_REPRESENTATION_CONTEXT() REPRESENTATION_CONTEXT('2D SPACE',''
  ) );
#16570 = ORIENTED_EDGE('',*,*,#14259,.T.);
#16571 = ORIENTED_EDGE('',*,*,#16572,.T.);
#16572 = EDGE_CURVE('',#14232,#16544,#16573,.T.);
#16573 = SURFACE_CURVE('',#16574,(#16578,#16585),.PCURVE_S1.);
#16574 = LINE('',#16575,#16576);
#16575 = CARTESIAN_POINT('',(48.273149550796,17.689426283633,
    -0.179309818748));
#16576 = VECTOR('',#16577,1.);
#16577 = DIRECTION('',(-0.999847695156,1.511422733186E-02,
    8.726203218642E-03));
#16578 = PCURVE('',#14273,#16579);
#16579 = DEFINITIONAL_REPRESENTATION('',(#16580),#16584);
#16580 = LINE('',#16581,#16582);
#16581 = CARTESIAN_POINT('',(-1.700029006457E-15,-2.));
#16582 = VECTOR('',#16583,1.);
#16583 = DIRECTION('',(1.,0.));
#16584 = ( GEOMETRIC_REPRESENTATION_CONTEXT(2) 
PARAMETRIC_REPRESENTATION_CONTEXT() REPRESENTATION_CONTEXT('2D SPACE',''
  ) );
#16585 = PCURVE('',#14247,#16586);
#16586 = DEFINITIONAL_REPRESENTATION('',(#16587),#16591);
#16587 = LINE('',#16588,#16589);
#16588 = CARTESIAN_POINT('',(3.,9.));
#16589 = VECTOR('',#16590,1.);
#16590 = DIRECTION('',(-1.,0.));
#16591 = ( GEOMETRIC_REPRESENTATION_CONTEXT(2) 
PARAMETRIC_REPRESENTATION_CONTEXT() REPRESENTATION_CONTEXT('2D SPACE',''
  ) );
#16592 = ADVANCED_FACE('',(#16593),#14247,.T.);
#16593 = FACE_BOUND('',#16594,.T.);
#16594 = EDGE_LOOP('',(#16595,#16596,#16617));
#16595 = ORIENTED_EDGE('',*,*,#16572,.T.);
#16596 = ORIENTED_EDGE('',*,*,#16597,.T.);
#16597 = EDGE_CURVE('',#16544,#13864,#16598,.T.);
#16598 = SURFACE_CURVE('',#16599,(#16603,#16610),.PCURVE_S1.);
#16599 = LINE('',#16600,#16601);
#16600 = CARTESIAN_POINT('',(42.274063379858,17.780111647624,
    -0.126952599436));
#16601 = VECTOR('',#16602,1.);
#16602 = DIRECTION('',(-9.688031730894E-19,-0.5,0.866025403784));
#16603 = PCURVE('',#14247,#16604);
#16604 = DEFINITIONAL_REPRESENTATION('',(#16605),#16609);
#16605 = LINE('',#16606,#16607);
#16606 = CARTESIAN_POINT('',(-3.,9.));
#16607 = VECTOR('',#16608,1.);
#16608 = DIRECTION('',(-1.386458363468E-32,-1.));
#16609 = ( GEOMETRIC_REPRESENTATION_CONTEXT(2) 
PARAMETRIC_REPRESENTATION_CONTEXT() REPRESENTATION_CONTEXT('2D SPACE',''
  ) );
#16610 = PCURVE('',#16559,#16611);
#16611 = DEFINITIONAL_REPRESENTATION('',(#16612),#16616);
#16612 = LINE('',#16613,#16614);
#16613 = CARTESIAN_POINT('',(-0.,-2.));
#16614 = VECTOR('',#16615,1.);
#16615 = DIRECTION('',(1.,-5.551115123126E-17));
#16616 = ( GEOMETRIC_REPRESENTATION_CONTEXT(2) 
PARAMETRIC_REPRESENTATION_CONTEXT() REPRESENTATION_CONTEXT('2D SPACE',''
  ) );
#16617 = ORIENTED_EDGE('',*,*,#14231,.T.);
#16618 = ADVANCED_FACE('',(#16619),#14219,.T.);
#16619 = FACE_BOUND('',#16620,.T.);
#16620 = EDGE_LOOP('',(#16621,#16622,#16623,#16624));
#16621 = ORIENTED_EDGE('',*,*,#16254,.F.);
#16622 = ORIENTED_EDGE('',*,*,#14205,.T.);
#16623 = ORIENTED_EDGE('',*,*,#16437,.T.);
#16624 = ORIENTED_EDGE('',*,*,#14339,.T.);
#16625 = ADVANCED_FACE('',(#16626),#14193,.T.);
#16626 = FACE_BOUND('',#16627,.T.);
#16627 = EDGE_LOOP('',(#16628,#16629,#16657));
#16628 = ORIENTED_EDGE('',*,*,#14179,.F.);
#16629 = ORIENTED_EDGE('',*,*,#16630,.T.);
#16630 = EDGE_CURVE('',#13570,#16631,#16633,.T.);
#16631 = VERTEX_POINT('',#16632);
#16632 = CARTESIAN_POINT('',(42.274063379858,9.,-15.33455206924));
#16633 = SURFACE_CURVE('',#16634,(#16638,#16645),.PCURVE_S1.);
#16634 = LINE('',#16635,#16636);
#16635 = CARTESIAN_POINT('',(42.274063379858,-9.,-15.33455206924));
#16636 = VECTOR('',#16637,1.);
#16637 = DIRECTION('',(0.,1.,-1.224646799147E-16));
#16638 = PCURVE('',#14193,#16639);
#16639 = DEFINITIONAL_REPRESENTATION('',(#16640),#16644);
#16640 = LINE('',#16641,#16642);
#16641 = CARTESIAN_POINT('',(-3.,9.));
#16642 = VECTOR('',#16643,1.);
#16643 = DIRECTION('',(0.,-1.));
#16644 = ( GEOMETRIC_REPRESENTATION_CONTEXT(2) 
PARAMETRIC_REPRESENTATION_CONTEXT() REPRESENTATION_CONTEXT('2D SPACE',''
  ) );
#16645 = PCURVE('',#16646,#16651);
#16646 = PLANE('',#16647);
#16647 = AXIS2_PLACEMENT_3D('',#16648,#16649,#16650);
#16648 = CARTESIAN_POINT('',(42.308968192733,-9.,-17.33424745956));
#16649 = DIRECTION('',(-0.999847695156,-2.137303368084E-18,
    -1.745240643728E-02));
#16650 = DIRECTION('',(0.,1.,-1.224646799147E-16));
#16651 = DEFINITIONAL_REPRESENTATION('',(#16652),#16656);
#16652 = LINE('',#16653,#16654);
#16653 = CARTESIAN_POINT('',(-0.,-2.));
#16654 = VECTOR('',#16655,1.);
#16655 = DIRECTION('',(1.,0.));
#16656 = ( GEOMETRIC_REPRESENTATION_CONTEXT(2) 
PARAMETRIC_REPRESENTATION_CONTEXT() REPRESENTATION_CONTEXT('2D SPACE',''
  ) );
#16657 = ORIENTED_EDGE('',*,*,#16658,.T.);
#16658 = EDGE_CURVE('',#16631,#14152,#16659,.T.);
#16659 = SURFACE_CURVE('',#16660,(#16664,#16671),.PCURVE_S1.);
#16660 = LINE('',#16661,#16662);
#16661 = CARTESIAN_POINT('',(42.274063379858,9.,-15.33455206924));
#16662 = VECTOR('',#16663,1.);
#16663 = DIRECTION('',(0.999847695156,2.137303368084E-18,
    1.745240643728E-02));
#16664 = PCURVE('',#14193,#16665);
#16665 = DEFINITIONAL_REPRESENTATION('',(#16666),#16670);
#16666 = LINE('',#16667,#16668);
#16667 = CARTESIAN_POINT('',(-3.,-9.));
#16668 = VECTOR('',#16669,1.);
#16669 = DIRECTION('',(1.,0.));
#16670 = ( GEOMETRIC_REPRESENTATION_CONTEXT(2) 
PARAMETRIC_REPRESENTATION_CONTEXT() REPRESENTATION_CONTEXT('2D SPACE',''
  ) );
#16671 = PCURVE('',#14167,#16672);
#16672 = DEFINITIONAL_REPRESENTATION('',(#16673),#16677);
#16673 = LINE('',#16674,#16675);
#16674 = CARTESIAN_POINT('',(1.700029006457E-15,-2.));
#16675 = VECTOR('',#16676,1.);
#16676 = DIRECTION('',(1.,0.));
#16677 = ( GEOMETRIC_REPRESENTATION_CONTEXT(2) 
PARAMETRIC_REPRESENTATION_CONTEXT() REPRESENTATION_CONTEXT('2D SPACE',''
  ) );
#16678 = ADVANCED_FACE('',(#16679),#14167,.F.);
#16679 = FACE_BOUND('',#16680,.F.);
#16680 = EDGE_LOOP('',(#16681,#16682,#16703));
#16681 = ORIENTED_EDGE('',*,*,#14151,.F.);
#16682 = ORIENTED_EDGE('',*,*,#16683,.T.);
#16683 = EDGE_CURVE('',#13626,#16631,#16684,.T.);
#16684 = SURFACE_CURVE('',#16685,(#16689,#16696),.PCURVE_S1.);
#16685 = LINE('',#16686,#16687);
#16686 = CARTESIAN_POINT('',(42.308968192733,9.,-17.33424745956));
#16687 = VECTOR('',#16688,1.);
#16688 = DIRECTION('',(-1.745240643728E-02,1.224460279508E-16,
    0.999847695156));
#16689 = PCURVE('',#14167,#16690);
#16690 = DEFINITIONAL_REPRESENTATION('',(#16691),#16695);
#16691 = LINE('',#16692,#16693);
#16692 = CARTESIAN_POINT('',(0.,0.));
#16693 = VECTOR('',#16694,1.);
#16694 = DIRECTION('',(0.,-1.));
#16695 = ( GEOMETRIC_REPRESENTATION_CONTEXT(2) 
PARAMETRIC_REPRESENTATION_CONTEXT() REPRESENTATION_CONTEXT('2D SPACE',''
  ) );
#16696 = PCURVE('',#16646,#16697);
#16697 = DEFINITIONAL_REPRESENTATION('',(#16698),#16702);
#16698 = LINE('',#16699,#16700);
#16699 = CARTESIAN_POINT('',(18.,0.));
#16700 = VECTOR('',#16701,1.);
#16701 = DIRECTION('',(0.,-1.));
#16702 = ( GEOMETRIC_REPRESENTATION_CONTEXT(2) 
PARAMETRIC_REPRESENTATION_CONTEXT() REPRESENTATION_CONTEXT('2D SPACE',''
  ) );
#16703 = ORIENTED_EDGE('',*,*,#16658,.T.);
#16704 = ADVANCED_FACE('',(#16705),#14431,.F.);
#16705 = FACE_BOUND('',#16706,.T.);
#16706 = EDGE_LOOP('',(#16707,#16708,#16709,#16710));
#16707 = ORIENTED_EDGE('',*,*,#14415,.T.);
#16708 = ORIENTED_EDGE('',*,*,#14469,.T.);
#16709 = ORIENTED_EDGE('',*,*,#14518,.T.);
#16710 = ORIENTED_EDGE('',*,*,#14567,.T.);
#16711 = ADVANCED_FACE('',(#16712),#14632,.F.);
#16712 = FACE_BOUND('',#16713,.T.);
#16713 = EDGE_LOOP('',(#16714,#16715,#16716,#16717));
#16714 = ORIENTED_EDGE('',*,*,#14616,.T.);
#16715 = ORIENTED_EDGE('',*,*,#14670,.T.);
#16716 = ORIENTED_EDGE('',*,*,#14719,.T.);
#16717 = ORIENTED_EDGE('',*,*,#14768,.T.);
#16718 = ADVANCED_FACE('',(#16719),#14833,.F.);
#16719 = FACE_BOUND('',#16720,.T.);
#16720 = EDGE_LOOP('',(#16721,#16722,#16723,#16724));
#16721 = ORIENTED_EDGE('',*,*,#14817,.T.);
#16722 = ORIENTED_EDGE('',*,*,#14871,.T.);
#16723 = ORIENTED_EDGE('',*,*,#14920,.T.);
#16724 = ORIENTED_EDGE('',*,*,#14969,.T.);
#16725 = ADVANCED_FACE('',(#16726),#15034,.F.);
#16726 = FACE_BOUND('',#16727,.T.);
#16727 = EDGE_LOOP('',(#16728,#16729,#16730,#16731));
#16728 = ORIENTED_EDGE('',*,*,#15018,.T.);
#16729 = ORIENTED_EDGE('',*,*,#15072,.T.);
#16730 = ORIENTED_EDGE('',*,*,#15121,.T.);
#16731 = ORIENTED_EDGE('',*,*,#15170,.T.);
#16732 = ADVANCED_FACE('',(#16733),#15235,.F.);
#16733 = FACE_BOUND('',#16734,.T.);
#16734 = EDGE_LOOP('',(#16735,#16736,#16737,#16738));
#16735 = ORIENTED_EDGE('',*,*,#15219,.T.);
#16736 = ORIENTED_EDGE('',*,*,#15273,.T.);
#16737 = ORIENTED_EDGE('',*,*,#15322,.T.);
#16738 = ORIENTED_EDGE('',*,*,#15371,.T.);
#16739 = ADVANCED_FACE('',(#16740),#15436,.F.);
#16740 = FACE_BOUND('',#16741,.T.);
#16741 = EDGE_LOOP('',(#16742,#16743,#16744,#16745));
#16742 = ORIENTED_EDGE('',*,*,#15420,.T.);
#16743 = ORIENTED_EDGE('',*,*,#15474,.T.);
#16744 = ORIENTED_EDGE('',*,*,#15523,.T.);
#16745 = ORIENTED_EDGE('',*,*,#15572,.T.);
#16746 = ADVANCED_FACE('',(#16747),#15614,.F.);
#16747 = FACE_BOUND('',#16748,.F.);
#16748 = EDGE_LOOP('',(#16749,#16770,#16771));
#16749 = ORIENTED_EDGE('',*,*,#16750,.T.);
#16750 = EDGE_CURVE('',#12572,#12628,#16751,.T.);
#16751 = SURFACE_CURVE('',#16752,(#16756,#16763),.PCURVE_S1.);
#16752 = LINE('',#16753,#16754);
#16753 = CARTESIAN_POINT('',(42.233342870113,-15.01304184789,
    -2.126632203669E-12));
#16754 = VECTOR('',#16755,1.);
#16755 = DIRECTION('',(1.511480281341E-02,-0.999885764843,
    9.940116468465E-17));
#16756 = PCURVE('',#15614,#16757);
#16757 = DEFINITIONAL_REPRESENTATION('',(#16758),#16762);
#16758 = LINE('',#16759,#16760);
#16759 = CARTESIAN_POINT('',(1.493479076053,-4.333231803394));
#16760 = VECTOR('',#16761,1.);
#16761 = DIRECTION('',(-0.499942882422,0.866058378122));
#16762 = ( GEOMETRIC_REPRESENTATION_CONTEXT(2) 
PARAMETRIC_REPRESENTATION_CONTEXT() REPRESENTATION_CONTEXT('2D SPACE',''
  ) );
#16763 = PCURVE('',#15926,#16764);
#16764 = DEFINITIONAL_REPRESENTATION('',(#16765),#16769);
#16765 = LINE('',#16766,#16767);
#16766 = CARTESIAN_POINT('',(16.506520923951,-4.333231803396));
#16767 = VECTOR('',#16768,1.);
#16768 = DIRECTION('',(0.499942882422,0.866058378122));
#16769 = ( GEOMETRIC_REPRESENTATION_CONTEXT(2) 
PARAMETRIC_REPRESENTATION_CONTEXT() REPRESENTATION_CONTEXT('2D SPACE',''
  ) );
#16770 = ORIENTED_EDGE('',*,*,#15598,.T.);
#16771 = ORIENTED_EDGE('',*,*,#15652,.T.);
#16772 = ADVANCED_FACE('',(#16773),#15741,.F.);
#16773 = FACE_BOUND('',#16774,.F.);
#16774 = EDGE_LOOP('',(#16775,#16776,#16797));
#16775 = ORIENTED_EDGE('',*,*,#15778,.F.);
#16776 = ORIENTED_EDGE('',*,*,#16777,.F.);
#16777 = EDGE_CURVE('',#12544,#12493,#16778,.T.);
#16778 = SURFACE_CURVE('',#16779,(#16783,#16790),.PCURVE_S1.);
#16779 = LINE('',#16780,#16781);
#16780 = CARTESIAN_POINT('',(42.233342870113,-7.506520923951,
    13.001675628357));
#16781 = VECTOR('',#16782,1.);
#16782 = DIRECTION('',(1.511480281341E-02,-0.499942882422,0.865926473237
    ));
#16783 = PCURVE('',#15741,#16784);
#16784 = DEFINITIONAL_REPRESENTATION('',(#16785),#16789);
#16785 = LINE('',#16786,#16787);
#16786 = CARTESIAN_POINT('',(16.506520923951,-4.333231803396));
#16787 = VECTOR('',#16788,1.);
#16788 = DIRECTION('',(0.499942882422,0.866058378122));
#16789 = ( GEOMETRIC_REPRESENTATION_CONTEXT(2) 
PARAMETRIC_REPRESENTATION_CONTEXT() REPRESENTATION_CONTEXT('2D SPACE',''
  ) );
#16790 = PCURVE('',#16004,#16791);
#16791 = DEFINITIONAL_REPRESENTATION('',(#16792),#16796);
#16792 = LINE('',#16793,#16794);
#16793 = CARTESIAN_POINT('',(1.493479076053,-4.333231803394));
#16794 = VECTOR('',#16795,1.);
#16795 = DIRECTION('',(-0.499942882422,0.866058378122));
#16796 = ( GEOMETRIC_REPRESENTATION_CONTEXT(2) 
PARAMETRIC_REPRESENTATION_CONTEXT() REPRESENTATION_CONTEXT('2D SPACE',''
  ) );
#16797 = ORIENTED_EDGE('',*,*,#15725,.T.);
#16798 = ADVANCED_FACE('',(#16799),#15819,.F.);
#16799 = FACE_BOUND('',#16800,.F.);
#16800 = EDGE_LOOP('',(#16801,#16822,#16823));
#16801 = ORIENTED_EDGE('',*,*,#16802,.T.);
#16802 = EDGE_CURVE('',#12934,#12990,#16803,.T.);
#16803 = SURFACE_CURVE('',#16804,(#16808,#16815),.PCURVE_S1.);
#16804 = LINE('',#16805,#16806);
#16805 = CARTESIAN_POINT('',(42.233342870113,-7.506520923947,
    -13.00167562835));
#16806 = VECTOR('',#16807,1.);
#16807 = DIRECTION('',(1.511480281341E-02,-0.499942882422,
    -0.865926473237));
#16808 = PCURVE('',#15819,#16809);
#16809 = DEFINITIONAL_REPRESENTATION('',(#16810),#16814);
#16810 = LINE('',#16811,#16812);
#16811 = CARTESIAN_POINT('',(1.493479076053,-4.333231803394));
#16812 = VECTOR('',#16813,1.);
#16813 = DIRECTION('',(-0.499942882422,0.866058378122));
#16814 = ( GEOMETRIC_REPRESENTATION_CONTEXT(2) 
PARAMETRIC_REPRESENTATION_CONTEXT() REPRESENTATION_CONTEXT('2D SPACE',''
  ) );
#16815 = PCURVE('',#16296,#16816);
#16816 = DEFINITIONAL_REPRESENTATION('',(#16817),#16821);
#16817 = LINE('',#16818,#16819);
#16818 = CARTESIAN_POINT('',(16.506520923951,-4.333231803396));
#16819 = VECTOR('',#16820,1.);
#16820 = DIRECTION('',(0.499942882422,0.866058378122));
#16821 = ( GEOMETRIC_REPRESENTATION_CONTEXT(2) 
PARAMETRIC_REPRESENTATION_CONTEXT() REPRESENTATION_CONTEXT('2D SPACE',''
  ) );
#16822 = ORIENTED_EDGE('',*,*,#15803,.T.);
#16823 = ORIENTED_EDGE('',*,*,#15857,.T.);
#16824 = ADVANCED_FACE('',(#16825),#15926,.F.);
#16825 = FACE_BOUND('',#16826,.F.);
#16826 = EDGE_LOOP('',(#16827,#16828,#16829));
#16827 = ORIENTED_EDGE('',*,*,#15963,.F.);
#16828 = ORIENTED_EDGE('',*,*,#16750,.F.);
#16829 = ORIENTED_EDGE('',*,*,#15910,.T.);
#16830 = ADVANCED_FACE('',(#16831),#16004,.F.);
#16831 = FACE_BOUND('',#16832,.F.);
#16832 = EDGE_LOOP('',(#16833,#16834,#16835));
#16833 = ORIENTED_EDGE('',*,*,#16777,.T.);
#16834 = ORIENTED_EDGE('',*,*,#15988,.T.);
#16835 = ORIENTED_EDGE('',*,*,#16042,.T.);
#16836 = ADVANCED_FACE('',(#16837),#16111,.F.);
#16837 = FACE_BOUND('',#16838,.F.);
#16838 = EDGE_LOOP('',(#16839,#16840,#16861));
#16839 = ORIENTED_EDGE('',*,*,#16148,.F.);
#16840 = ORIENTED_EDGE('',*,*,#16841,.T.);
#16841 = EDGE_CURVE('',#13177,#13228,#16842,.T.);
#16842 = SURFACE_CURVE('',#16843,(#16847,#16854),.PCURVE_S1.);
#16843 = LINE('',#16844,#16845);
#16844 = CARTESIAN_POINT('',(42.233342870113,7.506520923947,
    13.001675628359));
#16845 = VECTOR('',#16846,1.);
#16846 = DIRECTION('',(-1.511480281341E-02,-0.499942882422,
    -0.865926473237));
#16847 = PCURVE('',#16111,#16848);
#16848 = DEFINITIONAL_REPRESENTATION('',(#16849),#16853);
#16849 = LINE('',#16850,#16851);
#16850 = CARTESIAN_POINT('',(16.506520923951,-4.333231803396));
#16851 = VECTOR('',#16852,1.);
#16852 = DIRECTION('',(-0.499942882422,-0.866058378122));
#16853 = ( GEOMETRIC_REPRESENTATION_CONTEXT(2) 
PARAMETRIC_REPRESENTATION_CONTEXT() REPRESENTATION_CONTEXT('2D SPACE',''
  ) );
#16854 = PCURVE('',#16374,#16855);
#16855 = DEFINITIONAL_REPRESENTATION('',(#16856),#16860);
#16856 = LINE('',#16857,#16858);
#16857 = CARTESIAN_POINT('',(1.493479076053,-4.333231803394));
#16858 = VECTOR('',#16859,1.);
#16859 = DIRECTION('',(0.499942882422,-0.866058378122));
#16860 = ( GEOMETRIC_REPRESENTATION_CONTEXT(2) 
PARAMETRIC_REPRESENTATION_CONTEXT() REPRESENTATION_CONTEXT('2D SPACE',''
  ) );
#16861 = ORIENTED_EDGE('',*,*,#16095,.T.);
#16862 = ADVANCED_FACE('',(#16863),#16189,.F.);
#16863 = FACE_BOUND('',#16864,.F.);
#16864 = EDGE_LOOP('',(#16865,#16886,#16887));
#16865 = ORIENTED_EDGE('',*,*,#16866,.T.);
#16866 = EDGE_CURVE('',#13570,#13626,#16867,.T.);
#16867 = SURFACE_CURVE('',#16868,(#16872,#16879),.PCURVE_S1.);
#16868 = LINE('',#16869,#16870);
#16869 = CARTESIAN_POINT('',(42.233342870113,7.506520923951,
    -13.00167562835));
#16870 = VECTOR('',#16871,1.);
#16871 = DIRECTION('',(1.511480281341E-02,0.499942882422,-0.865926473237
    ));
#16872 = PCURVE('',#16189,#16873);
#16873 = DEFINITIONAL_REPRESENTATION('',(#16874),#16878);
#16874 = LINE('',#16875,#16876);
#16875 = CARTESIAN_POINT('',(1.493479076053,-4.333231803394));
#16876 = VECTOR('',#16877,1.);
#16877 = DIRECTION('',(-0.499942882422,0.866058378122));
#16878 = ( GEOMETRIC_REPRESENTATION_CONTEXT(2) 
PARAMETRIC_REPRESENTATION_CONTEXT() REPRESENTATION_CONTEXT('2D SPACE',''
  ) );
#16879 = PCURVE('',#16646,#16880);
#16880 = DEFINITIONAL_REPRESENTATION('',(#16881),#16885);
#16881 = LINE('',#16882,#16883);
#16882 = CARTESIAN_POINT('',(16.506520923951,-4.333231803396));
#16883 = VECTOR('',#16884,1.);
#16884 = DIRECTION('',(0.499942882422,0.866058378122));
#16885 = ( GEOMETRIC_REPRESENTATION_CONTEXT(2) 
PARAMETRIC_REPRESENTATION_CONTEXT() REPRESENTATION_CONTEXT('2D SPACE',''
  ) );
#16886 = ORIENTED_EDGE('',*,*,#16173,.T.);
#16887 = ORIENTED_EDGE('',*,*,#16227,.T.);
#16888 = ADVANCED_FACE('',(#16889),#16296,.F.);
#16889 = FACE_BOUND('',#16890,.F.);
#16890 = EDGE_LOOP('',(#16891,#16892,#16893));
#16891 = ORIENTED_EDGE('',*,*,#16333,.F.);
#16892 = ORIENTED_EDGE('',*,*,#16802,.F.);
#16893 = ORIENTED_EDGE('',*,*,#16280,.T.);
#16894 = ADVANCED_FACE('',(#16895),#16374,.F.);
#16895 = FACE_BOUND('',#16896,.F.);
#16896 = EDGE_LOOP('',(#16897,#16898,#16899));
#16897 = ORIENTED_EDGE('',*,*,#16841,.F.);
#16898 = ORIENTED_EDGE('',*,*,#16358,.T.);
#16899 = ORIENTED_EDGE('',*,*,#16412,.T.);
#16900 = ADVANCED_FACE('',(#16901),#16481,.F.);
#16901 = FACE_BOUND('',#16902,.F.);
#16902 = EDGE_LOOP('',(#16903,#16904,#16925));
#16903 = ORIENTED_EDGE('',*,*,#16518,.F.);
#16904 = ORIENTED_EDGE('',*,*,#16905,.F.);
#16905 = EDGE_CURVE('',#13864,#13813,#16906,.T.);
#16906 = SURFACE_CURVE('',#16907,(#16911,#16918),.PCURVE_S1.);
#16907 = LINE('',#16908,#16909);
#16908 = CARTESIAN_POINT('',(42.233342870113,15.013041847897,
    2.115252417667E-12));
#16909 = VECTOR('',#16910,1.);
#16910 = DIRECTION('',(1.511480281341E-02,0.999885764843,
    -6.958081527926E-16));
#16911 = PCURVE('',#16481,#16912);
#16912 = DEFINITIONAL_REPRESENTATION('',(#16913),#16917);
#16913 = LINE('',#16914,#16915);
#16914 = CARTESIAN_POINT('',(16.506520923951,-4.333231803396));
#16915 = VECTOR('',#16916,1.);
#16916 = DIRECTION('',(0.499942882422,0.866058378122));
#16917 = ( GEOMETRIC_REPRESENTATION_CONTEXT(2) 
PARAMETRIC_REPRESENTATION_CONTEXT() REPRESENTATION_CONTEXT('2D SPACE',''
  ) );
#16918 = PCURVE('',#16559,#16919);
#16919 = DEFINITIONAL_REPRESENTATION('',(#16920),#16924);
#16920 = LINE('',#16921,#16922);
#16921 = CARTESIAN_POINT('',(1.493479076053,-4.333231803394));
#16922 = VECTOR('',#16923,1.);
#16923 = DIRECTION('',(-0.499942882422,0.866058378122));
#16924 = ( GEOMETRIC_REPRESENTATION_CONTEXT(2) 
PARAMETRIC_REPRESENTATION_CONTEXT() REPRESENTATION_CONTEXT('2D SPACE',''
  ) );
#16925 = ORIENTED_EDGE('',*,*,#16465,.T.);
#16926 = ADVANCED_FACE('',(#16927),#16559,.F.);
#16927 = FACE_BOUND('',#16928,.F.);
#16928 = EDGE_LOOP('',(#16929,#16930,#16931));
#16929 = ORIENTED_EDGE('',*,*,#16905,.T.);
#16930 = ORIENTED_EDGE('',*,*,#16543,.T.);
#16931 = ORIENTED_EDGE('',*,*,#16597,.T.);
#16932 = ADVANCED_FACE('',(#16933),#16646,.F.);
#16933 = FACE_BOUND('',#16934,.F.);
#16934 = EDGE_LOOP('',(#16935,#16936,#16937));
#16935 = ORIENTED_EDGE('',*,*,#16683,.F.);
#16936 = ORIENTED_EDGE('',*,*,#16866,.F.);
#16937 = ORIENTED_EDGE('',*,*,#16630,.T.);
#16938 = ( GEOMETRIC_REPRESENTATION_CONTEXT(3) 
GLOBAL_UNCERTAINTY_ASSIGNED_CONTEXT((#16942)) 
GLOBAL_UNIT_ASSIGNED_CONTEXT((#16939,#16940,#16941)) 
REPRESENTATION_CONTEXT('Context #1',
  '3D Context with UNIT and UNCERTAINTY') );
#16939 = ( LENGTH_UNIT() NAMED_UNIT(*) SI_UNIT(.MILLI.,.METRE.) );
#16940 = ( NAMED_UNIT(*) PLANE_ANGLE_UNIT() SI_UNIT($,.RADIAN.) );
#16941 = ( NAMED_UNIT(*) SI_UNIT($,.STERADIAN.) SOLID_ANGLE_UNIT() );
#16942 = UNCERTAINTY_MEASURE_WITH_UNIT(LENGTH_MEASURE(1.E-05),#16939,
  'distance_accuracy_value','confusion accuracy');
#16943 = PRODUCT_RELATED_PRODUCT_CATEGORY('part',$,(#7));
#16944 = MECHANICAL_DESIGN_GEOMETRIC_PRESENTATION_REPRESENTATION('',(
    #16945),#16938);
#16945 = STYLED_ITEM('color',(#16946),#15);
#16946 = PRESENTATION_STYLE_ASSIGNMENT((#16947,#16953));
#16947 = SURFACE_STYLE_USAGE(.BOTH.,#16948);
#16948 = SURFACE_SIDE_STYLE('',(#16949));
#16949 = SURFACE_STYLE_FILL_AREA(#16950);
#16950 = FILL_AREA_STYLE('',(#16951));
#16951 = FILL_AREA_STYLE_COLOUR('',#16952);
#16952 = COLOUR_RGB('',0.447058818107,0.474509808674,0.501960817233);
#16953 = CURVE_STYLE('',#16954,POSITIVE_LENGTH_MEASURE(0.1),#16955);
#16954 = DRAUGHTING_PRE_DEFINED_CURVE_FONT('continuous');
#16955 = COLOUR_RGB('',9.803921802644E-02,9.803921802644E-02,
  9.803921802644E-02);
ENDSEC;
END-ISO-10303-21;
